bucket_ts,wallet,legs,perp_notional_usd,option_notional_usd,premium_bought_usd,premium_sold_usd,realized_pnl_usd,fees_usd
1790726400,0x001864F4859D68Ba61B05A11dF1C69456FA88cc4,1,0.0,2672.8,2.8,0.0,0.0,0.27
1790726400,0x04636B7828212276e89d3d53b95d7871C32e0EF1,2,0.0,1606757.84,64178.97,50890.56,515.12,241.51
1790726400,0x06fCE0901B4FD85dADf2a46f04634C500e859E2c,1,667.75,0.0,0.0,0.0,0.0,0.07
1790726400,0x15efc06FEa57Bda3ceA94A53D5426E78ed4651F3,6,45758.76,0.0,0.0,0.0,378.96,5.28
1790726400,0x1ae699Ac5B2f7b3cDe6424279c41Af76fe555Cc4,1,0.0,66819.95,1277.5,0.0,0.0,6.68
1790726400,0x2Fd96bd26E7a3c694DBD5ae5E2C29249a83b8a98,5,12993.75,0.0,0.0,0.0,6.97,0.3
1790726400,0x3aAa2bB57a0eFeA8F6f89423A923f7107c33471B,7,57152.23,0.0,0.0,0.0,-47.74,4.26
1790726400,0x3bf64B8c8ce86abDBcF44Fa5a559E27eb9F63Efb,4,0.0,1623485.81,50890.56,64366.98,-35885.65,0.0
1790726400,0x6Cf144eb80f885376Ce31c87521c2f34E0887431,4,117.78,0.0,0.0,0.0,-0.95,0.08
1790726400,0x7e9A08eE914f4EecbA2a3Fe60805B51b32E2170f,2,0.0,16727.96,188.01,0.0,0.0,3.01
1790726400,0x8E87D8308D439c88dDF48762AA5D3C99b8366a3a,16,106587.37,0.0,0.0,0.0,56.28,8.21
1790726400,0xE1DC5576b36c78C75e6Abf2E1B121Db20A6069b7,1,0.0,66819.95,0.0,1277.5,0.0,5.01
1790726400,0xEA2Eec3dc92E860ca7c00DDa51f1AfbCD1fC2E73,1,1.32,0.0,0.0,0.0,0.0,0.0
1790726400,0xEAc2374016613765cF31afDB4AEB6f5d13a63726,1,0.0,2672.8,0.0,2.8,0.0,0.2
1790727300,0x15efc06FEa57Bda3ceA94A53D5426E78ed4651F3,1,1001.5,0.0,0.0,0.0,0.0,0.2
1790727300,0x1f78Fb1234d2f9685fb35AcB1cf484eca83F8F63,2,1100.49,0.0,0.0,0.0,1.04,0.08
1790727300,0x21aa6DC573DA62abFD7E43C84bEF2DA4FE514053,1,85.94,0.0,0.0,0.0,-2.53,0.0
1790727300,0x2Fd96bd26E7a3c694DBD5ae5E2C29249a83b8a98,39,109844.94,0.0,0.0,0.0,70.79,0.18
1790727300,0x3aAa2bB57a0eFeA8F6f89423A923f7107c33471B,4,54765.41,0.0,0.0,0.0,-18.97,5.22
1790727300,0x3bf64B8c8ce86abDBcF44Fa5a559E27eb9F63Efb,1,0.0,4181.05,27.3,0.0,57.47,0.0
1790727300,0x57D20F8aF5875aD611dC836f78e4992DDA5E6073,1,0.0,10688.06,0.0,66.8,0.0,0.0
1790727300,0x71BD4A4A110BaA2bCa2571392f888f996E94169D,1,0.0,4181.05,0.0,27.3,-53.94,1.75
1790727300,0x8E87D8308D439c88dDF48762AA5D3C99b8366a3a,65,212899.27,0.0,0.0,0.0,1355.09,9.99
1790727300,0xB90134C652814890691671c849381A0B3cdD0247,85,264544.03,0.0,0.0,0.0,0.0,79.35
1790727300,0xD73467b55b9236f89619F426cC71dbB173F09e6B,1,149.5,0.0,0.0,0.0,0.0,0.05
1790727300,0xE1DC5576b36c78C75e6Abf2E1B121Db20A6069b7,1,0.0,10688.06,66.8,0.0,0.0,0.8
1790727300,0xF7957c8b20DbD3FcA93686B07679aee8e6755c43,24,93238.94,0.0,0.0,0.0,993.15,0.0
1790728200,0x15efc06FEa57Bda3ceA94A53D5426E78ed4651F3,8,37187.25,0.0,0.0,0.0,315.71,7.44
1790728200,0x1f78Fb1234d2f9685fb35AcB1cf484eca83F8F63,1,551.09,0.0,0.0,0.0,1.68,0.08
1790728200,0x21aa6DC573DA62abFD7E43C84bEF2DA4FE514053,3,425.61,0.0,0.0,0.0,-11.44,0.0
1790728200,0x2Cbc455cbE9Db2328373256BAE281D0d18777090,3,0.0,39656.46,956.8,0.0,0.0,3.97
1790728200,0x2Fd96bd26E7a3c694DBD5ae5E2C29249a83b8a98,20,72059.57,0.0,0.0,0.0,-3.94,0.0
1790728200,0x2f1AD479C495CCa0eF1E3eCA6981feea47eaFc3d,2,172.48,0.0,0.0,0.0,-0.08,0.02
1790728200,0x3aAa2bB57a0eFeA8F6f89423A923f7107c33471B,38,415178.62,0.0,0.0,0.0,-641.23,50.61
1790728200,0x3bf64B8c8ce86abDBcF44Fa5a559E27eb9F63Efb,3,0.0,51765.37,420.0,201.81,1440.49,0.0
1790728200,0x42974A167De3F098cEf1Ffbf5f250D33a9200520,5,0.0,48280.55,201.81,956.8,1.66,9.18
1790728200,0x8E87D8308D439c88dDF48762AA5D3C99b8366a3a,33,383351.39,0.0,0.0,0.0,155.08,11.95
1790728200,0xD9884e6f8a8Bc801E24bB19E371d71D626C22680,1,0.0,43141.28,0.0,420.0,0.0,6.47
1790728200,0xEA2Eec3dc92E860ca7c00DDa51f1AfbCD1fC2E73,1,551.09,0.0,0.0,0.0,13.39,0.0
1790728200,0xEAc2374016613765cF31afDB4AEB6f5d13a63726,1,0.0,83458.22,0.0,9.0,0.0,0.0
1790728200,0xe138ddC133a13F3eC9Ad0926016A7Ec0B20fbA6B,1,0.0,83458.22,9.0,0.0,0.0,1.62
1790729100,0x15efc06FEa57Bda3ceA94A53D5426E78ed4651F3,2,2000.08,0.0,0.0,0.0,20.78,0.4
1790729100,0x1f78Fb1234d2f9685fb35AcB1cf484eca83F8F63,4,2200.45,0.0,0.0,0.0,2.35,0.17
1790729100,0x2104654d6Da663961a86AC3Cf1751981C5dc62E8,6,8574.48,8357.55,0.0,0.0,2456.65,1.29
1790729100,0x2Fd96bd26E7a3c694DBD5ae5E2C29249a83b8a98,2,2529.1,0.0,0.0,0.0,0.34,0.38
1790729100,0x3aAa2bB57a0eFeA8F6f89423A923f7107c33471B,4,13875.66,860.9,0.0,25.1,-0.24,0.0
1790729100,0x3bf64B8c8ce86abDBcF44Fa5a559E27eb9F63Efb,1,0.0,8627.85,0.0,200.99,0.0,0.0
1790729100,0x42974A167De3F098cEf1Ffbf5f250D33a9200520,1,0.0,8627.85,200.99,0.0,2.94,2.78
1790729100,0x51efa467CC3B762063bfBE86Ee812E4D51193F68,1,1250.49,0.0,0.0,0.0,-6.04,0.39
1790729100,0x8E87D8308D439c88dDF48762AA5D3C99b8366a3a,21,41557.56,0.0,0.0,0.0,111.56,2.18
1790729100,0xB90134C652814890691671c849381A0B3cdD0247,6,12013.32,0.0,0.0,0.0,0.0,3.6
1790729100,0xC41077487FA95167e319E2d78EC36ca382E8DCAF,1,0.0,860.9,25.1,0.0,0.0,0.76
1790729100,0xd34bFc021AC39722490Db9a38D5e22c2A593e78a,1,0.0,8357.55,0.0,0.0,0.0,12.55
1790730000,0x15efc06FEa57Bda3ceA94A53D5426E78ed4651F3,8,52831.74,0.0,0.0,0.0,517.28,10.57
1790730000,0x1f78Fb1234d2f9685fb35AcB1cf484eca83F8F63,1,1093.07,0.0,0.0,0.0,2.08,0.16
1790730000,0x2104654d6Da663961a86AC3Cf1751981C5dc62E8,17,20842.11,20906.34,0.0,0.0,6022.72,3.13
1790730000,0x21aa6DC573DA62abFD7E43C84bEF2DA4FE514053,1,330.78,0.0,0.0,0.0,-8.07,0.0
1790730000,0x2Fd96bd26E7a3c694DBD5ae5E2C29249a83b8a98,22,59354.49,0.0,0.0,0.0,8.25,0.16
1790730000,0x3aAa2bB57a0eFeA8F6f89423A923f7107c33471B,7,107992.42,0.0,0.0,0.0,-88.92,0.0
1790730000,0x3bf64B8c8ce86abDBcF44Fa5a559E27eb9F63Efb,3,0.0,198886.45,0.0,933.42,0.0,0.0
1790730000,0x42974A167De3F098cEf1Ffbf5f250D33a9200520,2,0.0,18118.36,421.77,0.0,6.52,5.79
1790730000,0x8E87D8308D439c88dDF48762AA5D3C99b8366a3a,57,278570.44,0.0,0.0,0.0,686.58,20.46
1790730000,0x978e3eb7997a9575cdE1799176829073d2876Fb9,10,56167.44,0.0,0.0,0.0,192.88,4.33
1790730000,0xB80efabF261F1FA31b0afD96f55246A7e0825b93,1,0.0,180768.1,511.65,0.0,0.0,54.73
1790730000,0xB90134C652814890691671c849381A0B3cdD0247,35,96134.88,0.0,0.0,0.0,0.0,28.84
1790730000,0xBC8015FA779be6ac91e5616f37e1768b8DbC16df,1,0.0,19223.23,0.0,80.64,7.2,0.0
1790730000,0xE1DC5576b36c78C75e6Abf2E1B121Db20A6069b7,1,0.0,159179.02,0.0,649.86,77.7,0.0
1790730000,0xE914aA6412511694E2B08fA37D9823a85860974c,4,0.0,427182.87,1863.84,0.0,0.0,110.94
1790730000,0xEAc2374016613765cF31afDB4AEB6f5d13a63726,3,0.0,359662.98,0.0,1137.33,0.0,6.64
1790730000,0xF7957c8b20DbD3FcA93686B07679aee8e6755c43,1,1093.07,0.0,0.0,0.0,-34.46,0.0
1790730000,0xd34bFc021AC39722490Db9a38D5e22c2A593e78a,3,0.0,20906.34,0.0,0.0,0.0,31.39
1790730000,0xe138ddC133a13F3eC9Ad0926016A7Ec0B20fbA6B,1,0.0,110882.36,3.99,0.0,0.0,1.0
1790730900,0x15efc06FEa57Bda3ceA94A53D5426E78ed4651F3,2,1086.02,0.0,0.0,0.0,-0.02,0.22
1790730900,0x1f78Fb1234d2f9685fb35AcB1cf484eca83F8F63,2,979.66,0.0,0.0,0.0,0.0,0.0
1790730900,0x2104654d6Da663961a86AC3Cf1751981C5dc62E8,13,20800.38,20902.27,0.0,0.0,6018.19,3.12
1790730900,0x21aa6DC573DA62abFD7E43C84bEF2DA4FE514053,2,172.74,0.0,0.0,0.0,-4.2,0.0
1790730900,0x2Fd96bd26E7a3c694DBD5ae5E2C29249a83b8a98,15,41893.48,0.0,0.0,0.0,-10.85,0.6
1790730900,0x3aAa2bB57a0eFeA8F6f89423A923f7107c33471B,15,234563.49,0.0,0.0,0.0,-162.21,23.52
1790730900,0x8E87D8308D439c88dDF48762AA5D3C99b8366a3a,25,247687.33,0.0,0.0,0.0,129.72,13.06
1790730900,0x978e3eb7997a9575cdE1799176829073d2876Fb9,3,7844.17,0.0,0.0,0.0,-154.3,1.18
1790730900,0xD5B4a841C2Ea0cCDB6CaA59cf8567d3e3e2b7829,1,0.0,4168.36,0.2,0.0,15.53,0.03
1790730900,0xEAc2374016613765cF31afDB4AEB6f5d13a63726,1,0.0,4168.36,0.0,0.2,-31.57,0.03
1790730900,0xd34bFc021AC39722490Db9a38D5e22c2A593e78a,3,0.0,20902.27,0.0,0.0,0.0,31.38
1790731800,0x15efc06FEa57Bda3ceA94A53D5426E78ed4651F3,2,23415.65,0.0,0.0,0.0,251.86,4.68
1790731800,0x1ae699Ac5B2f7b3cDe6424279c41Af76fe555Cc4,5,0.0,467099.21,4276.38,0.0,0.0,142.63
1790731800,0x21aa6DC573DA62abFD7E43C84bEF2DA4FE514053,2,400.46,0.0,0.0,0.0,-2.14,0.05
1790731800,0x2Fd96bd26E7a3c694DBD5ae5E2C29249a83b8a98,2,5997.34,0.0,0.0,0.0,1.67,0.0
1790731800,0x3aAa2bB57a0eFeA8F6f89423A923f7107c33471B,7,60367.18,212222.14,0.0,1546.58,-33.33,0.0
1790731800,0x5F17e82bb3163CBA8EE136f5e906B44c4a3F9880,1,0.0,12098.61,265.2,0.0,0.0,4.13
1790731800,0x8E87D8308D439c88dDF48762AA5D3C99b8366a3a,10,90180.63,0.0,0.0,0.0,61.99,9.97
1790731800,0xEAc2374016613765cF31afDB4AEB6f5d13a63726,3,0.0,266975.68,0.0,2995.0,0.0,0.0
1790732700,0x1ae699Ac5B2f7b3cDe6424279c41Af76fe555Cc4,1,0.0,133534.45,860.44,0.0,0.0,40.56
1790732700,0x2Fd96bd26E7a3c694DBD5ae5E2C29249a83b8a98,6,20247.93,0.0,0.0,0.0,-2.25,0.19
1790732700,0x3aAa2bB57a0eFeA8F6f89423A923f7107c33471B,10,179337.45,133534.45,0.0,860.44,-22.19,23.91
1790732700,0x3bf64B8c8ce86abDBcF44Fa5a559E27eb9F63Efb,1,0.0,4560.44,0.0,221.76,45.19,0.0
1790732700,0x57D20F8aF5875aD611dC836f78e4992DDA5E6073,1,0.0,10695.44,0.0,36.0,0.0,0.0
1790732700,0x5F17e82bb3163CBA8EE136f5e906B44c4a3F9880,1,0.0,4560.44,221.76,0.0,0.0,1.87
1790732700,0x613F974d0d8a3c607977ff91eD4E49f2bA58eed8,2,0.0,5342.81,0.0,55.2,0.0,2.6
1790732700,0x8E87D8308D439c88dDF48762AA5D3C99b8366a3a,7,167608.62,0.0,0.0,0.0,50.1,3.45
1790732700,0xE1DC5576b36c78C75e6Abf2E1B121Db20A6069b7,3,0.0,16038.25,91.2,0.0,13.53,0.8
1790733600,0x0568a6e733fDacb4c28C2518409Dc0AAFedBF4B1,1,0.0,1417.79,0.0,80.0,0.0,0.14
1790733600,0x0ED2F5A37c29a605f47b12dBA90c46dee9c17580,1,94.06,0.0,0.0,0.0,0.0,0.01
1790733600,0x15efc06FEa57Bda3ceA94A53D5426E78ed4651F3,5,29489.6,0.0,0.0,0.0,-8.18,5.9
1790733600,0x1c847e46576ba210189381C0c512C58278121d42,8,0.0,9858.29,0.0,41.65,0.0,0.0
1790733600,0x2104654d6Da663961a86AC3Cf1751981C5dc62E8,14,20833.98,20938.8,0.0,0.0,6019.8,3.13
1790733600,0x21aa6DC573DA62abFD7E43C84bEF2DA4FE514053,1,86.33,0.0,0.0,0.0,-2.13,0.0
1790733600,0x2Fd96bd26E7a3c694DBD5ae5E2C29249a83b8a98,8,29054.74,0.0,0.0,0.0,-6.85,0.0
1790733600,0x3aAa2bB57a0eFeA8F6f89423A923f7107c33471B,17,206135.77,0.0,0.0,0.0,-468.85,21.94
1790733600,0x3bf64B8c8ce86abDBcF44Fa5a559E27eb9F63Efb,1,0.0,14195.53,0.0,697.0,145.22,0.0
1790733600,0x42974A167De3F098cEf1Ffbf5f250D33a9200520,1,0.0,1417.79,80.0,0.0,0.0,0.21
1790733600,0x5F17e82bb3163CBA8EE136f5e906B44c4a3F9880,9,0.0,24053.82,738.65,0.0,0.0,11.5
1790733600,0x793F59010D878848327aF4052790273D01215D62,3,0.0,10489.29,0.0,0.0,0.0,5.24
1790733600,0x8E87D8308D439c88dDF48762AA5D3C99b8366a3a,26,219630.63,0.0,0.0,0.0,60.52,7.98
1790733600,0x94e002669D90cf09f8Cb9F6A9846B0A6A0873Ff3,1,0.0,3840.43,0.0,0.0,0.0,3.46
1790733600,0x978e3eb7997a9575cdE1799176829073d2876Fb9,1,5839.21,0.0,0.0,0.0,0.0,0.88
1790733600,0xDe099Eb5aD575591eC3F34A79B0bb441ccfC5BB7,11,0.0,18456.83,0.0,0.0,6394.79,27.7
1790733600,0xF410a21c69dD8fACD85c8413217556A574Dbc296,1,0.0,3840.47,0.0,0.0,0.0,2.69
1790733600,0xd34bFc021AC39722490Db9a38D5e22c2A593e78a,3,0.0,20938.8,0.0,0.0,0.0,18.84
1790733600,0xda50a7E41BEb66B2a613bc22a206fb1cF34FFaE2,6,0.0,286.63,0.0,0.0,0.0,0.1
1790734500,0x15efc06FEa57Bda3ceA94A53D5426E78ed4651F3,2,3185.17,0.0,0.0,0.0,1.53,0.64
1790734500,0x2104654d6Da663961a86AC3Cf1751981C5dc62E8,48,85736.06,83635.61,0.0,0.0,24283.82,12.86
1790734500,0x21aa6DC573DA62abFD7E43C84bEF2DA4FE514053,3,841.0,0.0,0.0,0.0,-9.38,0.07
1790734500,0x2Fd96bd26E7a3c694DBD5ae5E2C29249a83b8a98,10,14657.91,0.0,0.0,0.0,1.8,0.0
1790734500,0x3aAa2bB57a0eFeA8F6f89423A923f7107c33471B,2,21250.34,0.0,0.0,0.0,-0.34,0.0
1790734500,0x3bf64B8c8ce86abDBcF44Fa5a559E27eb9F63Efb,2,0.0,9564.24,33.0,428.83,92.24,0.0
1790734500,0x4055541CBA4e1BE5D5BD9163b257eB896C6caA37,1,0.0,948.37,0.0,33.0,0.0,0.78
1790734500,0x5F17e82bb3163CBA8EE136f5e906B44c4a3F9880,1,0.0,8615.86,428.83,0.0,0.0,3.08
1790734500,0x8E87D8308D439c88dDF48762AA5D3C99b8366a3a,34,123356.83,0.0,0.0,0.0,20.96,3.03
1790734500,0x978e3eb7997a9575cdE1799176829073d2876Fb9,2,29888.26,0.0,0.0,0.0,0.0,4.48
1790734500,0xd34bFc021AC39722490Db9a38D5e22c2A593e78a,9,0.0,83635.61,0.0,0.0,0.0,75.27
1790735400,0x15efc06FEa57Bda3ceA94A53D5426E78ed4651F3,8,133862.8,0.0,0.0,0.0,-22.49,26.77
1790735400,0x1ae699Ac5B2f7b3cDe6424279c41Af76fe555Cc4,2,0.0,266977.33,2054.67,0.0,0.0,81.09
1790735400,0x2Fd96bd26E7a3c694DBD5ae5E2C29249a83b8a98,12,36967.65,0.0,0.0,0.0,15.44,0.0
1790735400,0x3aAa2bB57a0eFeA8F6f89423A923f7107c33471B,18,227164.35,140440.26,294.39,1123.14,-224.66,15.0
1790735400,0x4055541CBA4e1BE5D5BD9163b257eB896C6caA37,1,0.0,949.03,0.0,27.5,0.0,0.09
1790735400,0x714B4eE306418b1869eA4d851D0D98C08A609428,2,0.0,13536.18,419.19,0.0,0.0,2.84
1790735400,0x7e040FC3950CeccCf16055aeA756a7a39c394CDC,1,0.0,8620.89,0.0,267.0,0.0,0.65
1790735400,0x801209Bf04cfB7D37135CcDeA450C680dB26995C,3,0.0,2587.99,117.2,126.8,71.13,0.0
1790735400,0x87b8df4f8a95b719fda56ca067BE9F4C5687A694,1,0.0,949.03,27.5,0.0,0.0,0.78
1790735400,0x8E87D8308D439c88dDF48762AA5D3C99b8366a3a,22,304380.23,0.0,0.0,0.0,921.22,9.6
1790735400,0x9f6C362FDb36072f45685ef5e92837B13Fcb1822,1,70.35,0.0,0.0,0.0,3.07,0.03
1790735400,0xA48232D674F993126945B9158d8eD64320883567,1,0.0,4915.29,0.0,152.19,0.0,0.0
1790735400,0xDAE696cf0C78e1D009c99C99A030b99E4E06C03b,11,0.0,9484.95,385.27,411.59,0.0,2.92
1790735400,0xDe099Eb5aD575591eC3F34A79B0bb441ccfC5BB7,4,106660.13,0.0,0.0,0.0,-2822.98,32.0
1790735400,0xEAc2374016613765cF31afDB4AEB6f5d13a63726,1,0.0,133434.02,0.0,1190.0,0.0,0.0
1790736300,0x07238B65Ec9Efc3A093f6ebb2E2880378ee36D3e,2,0.0,26738.56,177.0,56.0,0.0,4.51
1790736300,0x15efc06FEa57Bda3ceA94A53D5426E78ed4651F3,7,88197.45,0.0,0.0,0.0,194.94,12.95
1790736300,0x1ae699Ac5B2f7b3cDe6424279c41Af76fe555Cc4,1,0.0,133746.5,1235.0,0.0,0.0,40.62
1790736300,0x1f78Fb1234d2f9685fb35AcB1cf484eca83F8F63,1,547.5,0.0,0.0,0.0,1.43,0.08
1790736300,0x2104654d6Da663961a86AC3Cf1751981C5dc62E8,49,82311.8,80228.85,0.0,0.0,23293.57,32.4
1790736300,0x21aa6DC573DA62abFD7E43C84bEF2DA4FE514053,1,294.7,0.0,0.0,0.0,0.0,0.04
1790736300,0x2Fd96bd26E7a3c694DBD5ae5E2C29249a83b8a98,25,56477.09,0.0,0.0,0.0,-6.04,0.0
1790736300,0x3aAa2bB57a0eFeA8F6f89423A923f7107c33471B,15,211678.76,0.0,0.0,0.0,-54.04,25.05
1790736300,0x3bf64B8c8ce86abDBcF44Fa5a559E27eb9F63Efb,2,0.0,6918.37,0.0,823.29,0.0,0.0
1790736300,0x5F17e82bb3163CBA8EE136f5e906B44c4a3F9880,2,0.0,6918.37,823.29,0.0,0.0,3.08
1790736300,0x6E80BBF80E4482572490f37F2AEaE9aE5A90543C,1,0.0,1703.25,45.0,0.0,0.0,0.17
1790736300,0x8E87D8308D439c88dDF48762AA5D3C99b8366a3a,31,290641.69,0.0,0.0,0.0,97.96,5.91
1790736300,0x944E8A506e5eA71Eb0CBb569c308281D839CB998,2,0.0,535.33,5.77,9.25,-3.09,0.58
1790736300,0xBB76f5d707C4671DaE28551Aa150e6b220d9441E,2,0.0,421325.97,0.0,3061.5,760.53,127.4
1790736300,0xBC8015FA779be6ac91e5616f37e1768b8DbC16df,5,0.0,29845.42,43.38,0.0,127.8,0.0
1790736300,0xC36717ADB70F7fB9bfFb37b1277ec4C0d00d60c6,1,0.0,267.39,0.27,0.0,-0.12,0.03
1790736300,0xC5Ba75e85b9f5a60A828B7F6F976fA15E6a10642,1,0.0,1703.25,0.0,45.0,0.0,1.01
1790736300,0xE1DC5576b36c78C75e6Abf2E1B121Db20A6069b7,1,0.0,417154.42,3045.0,0.0,4571.04,0.0
1790736300,0xEA2Eec3dc92E860ca7c00DDa51f1AfbCD1fC2E73,2,23982.5,0.0,0.0,0.0,-575.41,3.51
1790736300,0xEAc2374016613765cF31afDB4AEB6f5d13a63726,8,0.0,186426.32,56.0,1439.15,64.13,1.95
1790736300,0xF7957c8b20DbD3FcA93686B07679aee8e6755c43,1,1250.59,0.0,0.0,0.0,3.4,0.0
1790736300,0xd34bFc021AC39722490Db9a38D5e22c2A593e78a,8,0.0,80228.85,0.0,0.0,0.0,76.22
1790736300,0xebC11Ac4450E3eA74F5D65e5c0138A0C50a2DE4f,2,0.0,535.33,9.25,5.77,-0.22,0.0
1790737200,0x15efc06FEa57Bda3ceA94A53D5426E78ed4651F3,1,86.19,0.0,0.0,0.0,0.1,0.02
1790737200,0x201D9E8fe6d8F2b471dDD1fE76b6C1fB5a66AE82,2,0.0,1817.96,0.0,5.51,0.0,0.18
1790737200,0x2104654d6Da663961a86AC3Cf1751981C5dc62E8,25,41557.32,41745.75,0.0,0.0,11998.2,6.23
1790737200,0x21aa6DC573DA62abFD7E43C84bEF2DA4FE514053,2,281.03,0.0,0.0,0.0,-7.27,0.0
1790737200,0x2Fd96bd26E7a3c694DBD5ae5E2C29249a83b8a98,11,28470.45,0.0,0.0,0.0,3.69,0.0
1790737200,0x39a55e615Bb71334800D3F4E042E2136a9B0379e,1,0.0,29789.95,12.51,0.0,0.0,2.06
1790737200,0x3aAa2bB57a0eFeA8F6f89423A923f7107c33471B,1,19990.51,0.0,0.0,0.0,-24.62,0.0
1790737200,0x57D20F8aF5875aD611dC836f78e4992DDA5E6073,1,0.0,20827.0,0.0,36.0,0.0,0.0
1790737200,0x8E87D8308D439c88dDF48762AA5D3C99b8366a3a,22,71520.09,0.0,0.0,0.0,43.73,5.88
1790737200,0xE1DC5576b36c78C75e6Abf2E1B121Db20A6069b7,3,0.0,22644.96,41.51,0.0,0.0,1.7
1790737200,0xEAc2374016613765cF31afDB4AEB6f5d13a63726,1,0.0,29789.95,0.0,12.51,0.0,0.0
1790737200,0xd34bFc021AC39722490Db9a38D5e22c2A593e78a,5,0.0,41745.75,0.0,0.0,0.0,37.57
1790737200,0xeF38E57214328E064Fee790bA1db79e874D47FCD,1,267.27,0.0,0.0,0.0,-10.1,0.09
1790738100,0x07238B65Ec9Efc3A093f6ebb2E2880378ee36D3e,2,0.0,26706.25,239.0,79.0,0.0,4.51
1790738100,0x15efc06FEa57Bda3ceA94A53D5426E78ed4651F3,4,21431.39,0.0,0.0,0.0,197.3,4.29
1790738100,0x1f78Fb1234d2f9685fb35AcB1cf484eca83F8F63,4,1943.31,0.0,0.0,0.0,0.62,0.04
1790738100,0x2104654d6Da663961a86AC3Cf1751981C5dc62E8,23,39881.24,40042.19,0.0,0.0,11510.78,10.99
1790738100,0x21aa6DC573DA62abFD7E43C84bEF2DA4FE514053,4,1046.11,0.0,0.0,0.0,-4.81,0.13
1790738100,0x22c3fE4db58BC1D20C55DB99d6c776aA270f9EA0,2,0.0,74667.14,1558.58,564.14,0.0,11.7
1790738100,0x2Fd96bd26E7a3c694DBD5ae5E2C29249a83b8a98,7,19461.89,0.0,0.0,0.0,6.26,0.0
1790738100,0x3aAa2bB57a0eFeA8F6f89423A923f7107c33471B,6,49687.08,74667.14,564.14,1558.58,423.35,0.0
1790738100,0x3bf64B8c8ce86abDBcF44Fa5a559E27eb9F63Efb,2,0.0,44756.21,698.0,450.0,-299.1,0.0
1790738100,0x87b8df4f8a95b719fda56ca067BE9F4C5687A694,5,12874.76,57838.05,500.0,698.0,903.59,22.22
1790738100,0x8E87D8308D439c88dDF48762AA5D3C99b8366a3a,29,84365.36,0.0,0.0,0.0,25.06,6.0
1790738100,0xD9884e6f8a8Bc801E24bB19E371d71D626C22680,1,0.0,42931.46,0.0,500.0,0.0,0.0
1790738100,0xEAc2374016613765cF31afDB4AEB6f5d13a63726,6,0.0,37390.54,80.8,252.5,75.51,0.0
1790738100,0xd34bFc021AC39722490Db9a38D5e22c2A593e78a,4,0.0,40042.19,0.0,0.0,0.0,37.04
1790738100,0xe6c69C9a913a5Ae84aD6222cBf9152BEF748d388,1,0.0,29849.62,450.0,0.0,0.0,9.45
1790738100,0xeF38E57214328E064Fee790bA1db79e874D47FCD,4,0.0,10684.29,13.5,1.8,18.59,1.49
1790739000,0x15efc06FEa57Bda3ceA94A53D5426E78ed4651F3,7,16991.82,0.0,0.0,0.0,-12.94,3.4
1790739000,0x1c847e46576ba210189381C0c512C58278121d42,4,0.0,3431.19,0.0,4.4,0.0,0.0
1790739000,0x1f78Fb1234d2f9685fb35AcB1cf484eca83F8F63,1,832.38,0.0,0.0,0.0,0.27,0.12
1790739000,0x2104654d6Da663961a86AC3Cf1751981C5dc62E8,23,39854.03,40038.67,0.0,0.0,11498.17,20.99
1790739000,0x21aa6DC573DA62abFD7E43C84bEF2DA4FE514053,4,556.32,859.44,0.0,3.4,-18.72,0.03
1790739000,0x2Fd96bd26E7a3c694DBD5ae5E2C29249a83b8a98,16,39182.55,0.0,0.0,0.0,-3.5,0.14
1790739000,0x37Dbb43A23f958481d66c60E79a3750D2988a495,2,0.0,24715.88,9.24,7.39,-4.93,3.08
1790739000,0x3aAa2bB57a0eFeA8F6f89423A923f7107c33471B,3,31541.2,0.0,0.0,0.0,21.71,0.0
1790739000,0x3bf64B8c8ce86abDBcF44Fa5a559E27eb9F63Efb,1,0.0,3886.85,0.0,65.2,0.0,0.0
1790739000,0x8E87D8308D439c88dDF48762AA5D3C99b8366a3a,22,72947.96,0.0,0.0,0.0,87.98,7.18
1790739000,0xBC8015FA779be6ac91e5616f37e1768b8DbC16df,1,0.0,12357.94,0.0,9.24,0.0,0.0
1790739000,0xE1DC5576b36c78C75e6Abf2E1B121Db20A6069b7,1,0.0,12357.94,7.39,0.0,12.8,0.0
1790739000,0xF7957c8b20DbD3FcA93686B07679aee8e6755c43,4,11438.81,0.0,0.0,0.0,14.56,0.0
1790739000,0xd34bFc021AC39722490Db9a38D5e22c2A593e78a,5,0.0,40038.67,0.0,0.0,0.0,39.04
1790739000,0xdb22bA8f4C793835be33EFaF8A3691FBeF34BE36,1,0.0,859.44,3.4,0.0,0.0,0.76
1790739000,0xe6c69C9a913a5Ae84aD6222cBf9152BEF748d388,5,0.0,7318.04,69.6,0.0,0.0,4.22
1790739900,0x07238B65Ec9Efc3A093f6ebb2E2880378ee36D3e,2,0.0,9437.08,189.7,0.0,0.0,3.83
1790739900,0x09fB9509236f155D5E3e5bC3A02dAA1Bc20D7564,3,49957.2,0.0,0.0,0.0,0.0,0.0
1790739900,0x15efc06FEa57Bda3ceA94A53D5426E78ed4651F3,5,60648.63,0.0,0.0,0.0,198.57,11.99
1790739900,0x1f78Fb1234d2f9685fb35AcB1cf484eca83F8F63,2,1042.06,0.0,0.0,0.0,0.36,0.07
1790739900,0x2104654d6Da663961a86AC3Cf1751981C5dc62E8,43,79726.96,80126.57,0.0,0.0,22991.0,47.02
1790739900,0x21aa6DC573DA62abFD7E43C84bEF2DA4FE514053,4,688.76,0.0,0.0,0.0,-7.69,0.06
1790739900,0x2Fd96bd26E7a3c694DBD5ae5E2C29249a83b8a98,15,38072.61,0.0,0.0,0.0,0.96,0.0
1790739900,0x3aAa2bB57a0eFeA8F6f89423A923f7107c33471B,4,19646.62,9437.08,0.0,189.7,1.85,0.0
1790739900,0x6466f23281367531eAB977da1eCd2CF6a30b035D,2,0.0,53428.48,477.0,108.0,0.0,8.51
1790739900,0x801209Bf04cfB7D37135CcDeA450C680dB26995C,1,0.0,42902.33,500.0,0.0,0.0,3.22
1790739900,0x8E87D8308D439c88dDF48762AA5D3C99b8366a3a,32,180762.34,0.0,0.0,0.0,167.21,12.76
1790739900,0x978e3eb7997a9575cdE1799176829073d2876Fb9,4,14620.52,0.0,0.0,0.0,2.18,0.0
1790739900,0xD9884e6f8a8Bc801E24bB19E371d71D626C22680,1,0.0,42902.33,0.0,500.0,0.0,0.0
1790739900,0xF7957c8b20DbD3FcA93686B07679aee8e6755c43,2,6230.73,0.0,0.0,0.0,-5.84,0.0
1790739900,0xd34bFc021AC39722490Db9a38D5e22c2A593e78a,14,0.0,80126.57,0.0,0.0,0.0,79.13
1790739900,0xebC11Ac4450E3eA74F5D65e5c0138A0C50a2DE4f,2,0.0,53428.48,108.0,477.0,0.0,0.0
1790740800,0x021d21f43d6d8921eF876Ec72f59E45820883B8F,1,0.0,119.34,0.0,1.6,-5.0,0.0
1790740800,0x15efc06FEa57Bda3ceA94A53D5426E78ed4651F3,4,40153.23,0.0,0.0,0.0,15.36,8.03
1790740800,0x2104654d6Da663961a86AC3Cf1751981C5dc62E8,23,39907.13,40104.21,0.0,0.0,11513.93,11.0
1790740800,0x21aa6DC573DA62abFD7E43C84bEF2DA4FE514053,1,85.91,0.0,0.0,0.0,-2.47,0.0
1790740800,0x2Fd96bd26E7a3c694DBD5ae5E2C29249a83b8a98,17,45126.34,0.0,0.0,0.0,-15.29,0.0
1790740800,0x3aAa2bB57a0eFeA8F6f89423A923f7107c33471B,6,41424.19,0.0,0.0,0.0,-22.75,0.0
1790740800,0x3bf64B8c8ce86abDBcF44Fa5a559E27eb9F63Efb,1,0.0,9487.51,0.0,143.1,0.0,0.0
1790740800,0x513Dc0e3407CA3A6E073A2f2d43fd61498db5739,1,133.69,0.0,0.0,0.0,-15.41,0.02
1790740800,0x8E87D8308D439c88dDF48762AA5D3C99b8366a3a,28,137874.24,0.0,0.0,0.0,59.61,11.07
1790740800,0x978e3eb7997a9575cdE1799176829073d2876Fb9,1,1991.58,0.0,0.0,0.0,0.37,0.0
1790740800,0xF7957c8b20DbD3FcA93686B07679aee8e6755c43,1,1249.91,0.0,0.0,0.0,2.72,0.0
1790740800,0xd34bFc021AC39722490Db9a38D5e22c2A593e78a,4,0.0,40104.21,0.0,0.0,0.0,26.07
1790740800,0xe6c69C9a913a5Ae84aD6222cBf9152BEF748d388,2,0.0,9606.85,144.7,0.0,0.0,3.88
1790741700,0x15efc06FEa57Bda3ceA94A53D5426E78ed4651F3,4,662.6,0.0,0.0,0.0,-7.38,0.13
1790741700,0x1fD0876eEAaB1Af9BbF3EeB70064bc03bf111718,2,1197.6,0.0,0.0,0.0,0.0,0.09
1790741700,0x21aa6DC573DA62abFD7E43C84bEF2DA4FE514053,1,128.94,0.0,0.0,0.0,-3.63,0.0
1790741700,0x2Fd96bd26E7a3c694DBD5ae5E2C29249a83b8a98,5,14999.6,0.0,0.0,0.0,-8.45,0.0
1790741700,0x334F0CeaB0D8B3509f0304FC65ea8Ae99a76993c,1,0.0,33349.18,0.0,69.2,0.0,9.15
1790741700,0x3aAa2bB57a0eFeA8F6f89423A923f7107c33471B,11,179498.55,33349.18,69.2,0.0,4.22,0.0
1790741700,0x3bf64B8c8ce86abDBcF44Fa5a559E27eb9F63Efb,1,0.0,417.49,0.0,38.49,0.0,0.0
1790741700,0x87b8df4f8a95b719fda56ca067BE9F4C5687A694,1,0.0,597.85,0.0,9.5,0.0,0.68
1790741700,0x8E87D8308D439c88dDF48762AA5D3C99b8366a3a,20,234607.87,0.0,0.0,0.0,305.32,33.69
1790741700,0x978e3eb7997a9575cdE1799176829073d2876Fb9,2,39.8,0.0,0.0,0.0,-0.7,0.01
1790741700,0xBC8015FA779be6ac91e5616f37e1768b8DbC16df,1,0.0,19261.1,0.0,86.4,-245.52,0.0
1790741700,0xC41077487FA95167e319E2d78EC36ca382E8DCAF,1,0.0,597.85,9.5,0.0,0.0,0.06
1790741700,0xE1DC5576b36c78C75e6Abf2E1B121Db20A6069b7,1,0.0,19261.1,86.4,0.0,0.0,1.44
1790741700,0xEA2Eec3dc92E860ca7c00DDa51f1AfbCD1fC2E73,2,20604.68,0.0,0.0,0.0,-525.41,0.0
1790741700,0xEd36621aa98134b01d10005a912aA3Ff0E38ED3f,4,79.6,0.0,0.0,0.0,0.0,0.0
1790741700,0xcCE634832C6c2EA54A9e483D1E2fBF7DF50E5b83,1,0.0,417.49,38.49,0.0,0.0,0.63
1790742600,0x15efc06FEa57Bda3ceA94A53D5426E78ed4651F3,2,618.1,0.0,0.0,0.0,-6.81,0.12
1790742600,0x1fD0876eEAaB1Af9BbF3EeB70064bc03bf111718,2,1196.55,0.0,0.0,0.0,0.0,0.09
1790742600,0x21aa6DC573DA62abFD7E43C84bEF2DA4FE514053,1,239.47,0.0,0.0,0.0,0.0,0.04
1790742600,0x2Fd96bd26E7a3c694DBD5ae5E2C29249a83b8a98,2,3231.89,0.0,0.0,0.0,-2.17,0.0
1790742600,0x3aAa2bB57a0eFeA8F6f89423A923f7107c33471B,4,31910.94,1288.19,26.93,14.27,-46.22,0.0
1790742600,0x57D20F8aF5875aD611dC836f78e4992DDA5E6073,2,0.0,41660.18,0.0,87.25,0.0,0.0
1790742600,0x8E87D8308D439c88dDF48762AA5D3C99b8366a3a,5,38912.92,0.0,0.0,0.0,50.54,5.23
1790742600,0xB90134C652814890691671c849381A0B3cdD0247,2,4009.56,0.0,0.0,0.0,0.0,1.2
1790742600,0xE1DC5576b36c78C75e6Abf2E1B121Db20A6069b7,2,0.0,41660.18,87.25,0.0,0.0,3.12
1790742600,0xEA2Eec3dc92E860ca7c00DDa51f1AfbCD1fC2E73,1,598.34,0.0,0.0,0.0,-29.56,0.0
1790742600,0xEd36621aa98134b01d10005a912aA3Ff0E38ED3f,1,19.89,0.0,0.0,0.0,0.0,0.0
1790742600,0xdb22bA8f4C793835be33EFaF8A3691FBeF34BE36,2,0.0,1288.19,14.27,26.93,0.0,0.76
1790743500,0x15efc06FEa57Bda3ceA94A53D5426E78ed4651F3,1,1798.44,0.0,0.0,0.0,-2.09,0.36
1790743500,0x21aa6DC573DA62abFD7E43C84bEF2DA4FE514053,1,958.24,0.0,0.0,0.0,0.0,0.14
1790743500,0x2Fd96bd26E7a3c694DBD5ae5E2C29249a83b8a98,2,2971.49,0.0,0.0,0.0,0.0,0.45
1790743500,0x3aAa2bB57a0eFeA8F6f89423A923f7107c33471B,2,3345.94,0.0,0.0,0.0,0.0,0.0
1790743500,0x8E87D8308D439c88dDF48762AA5D3C99b8366a3a,1,1423.99,0.0,0.0,0.0,0.0,0.0
1790743500,0x978e3eb7997a9575cdE1799176829073d2876Fb9,1,958.24,0.0,0.0,0.0,-72.95,0.0
1790743500,0xD5B4a841C2Ea0cCDB6CaA59cf8567d3e3e2b7829,1,0.0,4991.27,0.0,18.84,0.0,0.5
1790743500,0xE1DC5576b36c78C75e6Abf2E1B121Db20A6069b7,1,0.0,4991.27,18.84,0.0,0.0,0.37
1790744400,0x15efc06FEa57Bda3ceA94A53D5426E78ed4651F3,8,10085.32,0.0,0.0,0.0,29.49,2.02
1790744400,0x1c847e46576ba210189381C0c512C58278121d42,1,832.4,0.0,0.0,0.0,8.11,0.0
1790744400,0x1f78Fb1234d2f9685fb35AcB1cf484eca83F8F63,1,550.13,0.0,0.0,0.0,0.0,0.0
1790744400,0x1fD0876eEAaB1Af9BbF3EeB70064bc03bf111718,4,1793.48,0.0,0.0,0.0,1.73,0.27
1790744400,0x21aa6DC573DA62abFD7E43C84bEF2DA4FE514053,5,585.99,0.0,0.0,0.0,-18.22,0.0
1790744400,0x2D8d2b27A4D1244519952600fa358009e8A9e59a,3,0.0,17991.93,404.28,0.0,0.0,6.9
1790744400,0x2Fd96bd26E7a3c694DBD5ae5E2C29249a83b8a98,3,5750.76,0.0,0.0,0.0,18.74,0.0
1790744400,0x3aAa2bB57a0eFeA8F6f89423A923f7107c33471B,7,52096.39,8565.45,0.0,196.98,25.37,0.0
1790744400,0x3bf64B8c8ce86abDBcF44Fa5a559E27eb9F63Efb,2,0.0,70062.39,0.0,473.14,0.0,0.0
1790744400,0x801209Bf04cfB7D37135CcDeA450C680dB26995C,2,0.0,9426.48,0.0,207.3,0.0,0.0
1790744400,0x8E87D8308D439c88dDF48762AA5D3C99b8366a3a,15,54427.46,0.0,0.0,0.0,3.52,7.72
1790744400,0xE1DC5576b36c78C75e6Abf2E1B121Db20A6069b7,1,0.0,2671.51,0.0,0.5,-25.46,0.06
1790744400,0xEA2Eec3dc92E860ca7c00DDa51f1AfbCD1fC2E73,1,493.1,0.0,0.0,0.0,0.0,0.0
1790744400,0xEE8173A6C17356Aa0f36A9Ac94E66a1e9Db154d2,1,0.0,2671.51,0.5,0.0,24.02,0.06
1790744400,0xe6c69C9a913a5Ae84aD6222cBf9152BEF748d388,2,0.0,70062.39,473.14,0.0,0.0,22.02
1790745300,0x15efc06FEa57Bda3ceA94A53D5426E78ed4651F3,4,25088.96,0.0,0.0,0.0,9.43,5.02
1790745300,0x1f78Fb1234d2f9685fb35AcB1cf484eca83F8F63,1,529.02,0.0,0.0,0.0,0.0,0.0
1790745300,0x1fD0876eEAaB1Af9BbF3EeB70064bc03bf111718,2,1197.09,0.0,0.0,0.0,-0.17,0.09
1790745300,0x21aa6DC573DA62abFD7E43C84bEF2DA4FE514053,2,171.35,0.0,0.0,0.0,-5.32,0.0
1790745300,0x2Fd96bd26E7a3c694DBD5ae5E2C29249a83b8a98,2,3571.63,0.0,0.0,0.0,0.8,0.0
1790745300,0x3aAa2bB57a0eFeA8F6f89423A923f7107c33471B,9,111095.55,8555.42,1195.0,0.0,-53.76,0.0
1790745300,0x87b8df4f8a95b719fda56ca067BE9F4C5687A694,1,0.0,8555.42,0.0,1195.0,0.0,3.07
1790745300,0x8E87D8308D439c88dDF48762AA5D3C99b8366a3a,12,138614.56,0.0,0.0,0.0,259.26,17.13
1790745300,0x978e3eb7997a9575cdE1799176829073d2876Fb9,3,1147.59,0.0,0.0,0.0,-10.73,0.17
1790745300,0xEA2Eec3dc92E860ca7c00DDa51f1AfbCD1fC2E73,1,598.43,0.0,0.0,0.0,0.0,0.0
1790745300,0xEd36621aa98134b01d10005a912aA3Ff0E38ED3f,1,19.91,0.0,0.0,0.0,-0.02,0.0
1790746200,0x15efc06FEa57Bda3ceA94A53D5426E78ed4651F3,1,601.22,0.0,0.0,0.0,-9.6,0.12
1790746200,0x1c847e46576ba210189381C0c512C58278121d42,3,834.21,2172.05,0.0,6.55,6.3,0.0
1790746200,0x1fD0876eEAaB1Af9BbF3EeB70064bc03bf111718,1,601.22,0.0,0.0,0.0,2.7,0.0
1790746200,0x21aa6DC573DA62abFD7E43C84bEF2DA4FE514053,3,328.13,0.0,0.0,0.0,-9.31,0.0
1790746200,0x2Fd96bd26E7a3c694DBD5ae5E2C29249a83b8a98,20,67238.06,0.0,0.0,0.0,-23.11,0.0
1790746200,0x2f1AD479C495CCa0eF1E3eCA6981feea47eaFc3d,1,85.81,0.0,0.0,0.0,-0.43,0.01
1790746200,0x3E9AEf7C6d2512f89549308254eaF455e388Fa3a,2,0.0,3740.52,5.45,17.49,-6.34,2.12
1790746200,0x3aAa2bB57a0eFeA8F6f89423A923f7107c33471B,32,238691.09,2906.28,17.49,0.0,74.05,29.14
1790746200,0x3bf64B8c8ce86abDBcF44Fa5a559E27eb9F63Efb,2,0.0,26773.28,222.72,351.13,-507.11,0.0
1790746200,0x8E87D8308D439c88dDF48762AA5D3C99b8366a3a,27,207253.41,0.0,0.0,0.0,150.52,9.14
1790746200,0xB90134C652814890691671c849381A0B3cdD0247,1,4017.75,0.0,0.0,0.0,0.0,1.2
1790746200,0xb7f0146EFd3eB8CBFbb754fbBf3133815c92B4E5,2,0.0,26773.28,351.13,222.72,0.0,4.52
1790746200,0xfaBD6df5806143603F25cf15fE987ec0a2F3140D,1,0.0,1337.81,1.1,0.0,0.0,0.64
1790747100,0x21aa6DC573DA62abFD7E43C84bEF2DA4FE514053,1,85.91,0.0,0.0,0.0,-2.43,0.0
1790747100,0x2Fd96bd26E7a3c694DBD5ae5E2C29249a83b8a98,24,74558.98,0.0,0.0,0.0,-3.75,0.52
1790747100,0x3aAa2bB57a0eFeA8F6f89423A923f7107c33471B,33,262223.99,0.0,0.0,0.0,-61.0,38.89
1790747100,0x3bf64B8c8ce86abDBcF44Fa5a559E27eb9F63Efb,1,0.0,85.83,0.49,0.0,0.0,0.0
1790747100,0x8E87D8308D439c88dDF48762AA5D3C99b8366a3a,32,219125.97,0.0,0.0,0.0,50.94,1.09
1790747100,0x96C751c2AEA186505635d100266228d35f08b209,1,0.0,85.83,0.0,0.49,0.0,0.53
1790747100,0xB3D11Ee445CA160384A0E84451fEA7E8137035e3,1,0.0,32123.1,33.6,0.0,0.0,4.7
1790747100,0xB90134C652814890691671c849381A0B3cdD0247,10,16037.8,0.0,0.0,0.0,0.0,4.81
1790747100,0xE1DC5576b36c78C75e6Abf2E1B121Db20A6069b7,1,0.0,23455.82,0.0,387.63,-7.6,1.76
1790747100,0xEAc2374016613765cF31afDB4AEB6f5d13a63726,1,0.0,32123.1,0.0,33.6,0.0,0.0
1790747100,0xaE7C9eB26A991D7C384D70B84517eC6fa47Ef7c1,1,0.0,23455.82,387.63,0.0,0.0,2.35
1790748000,0x15efc06FEa57Bda3ceA94A53D5426E78ed4651F3,8,8967.1,0.0,0.0,0.0,74.99,1.79
1790748000,0x1f78Fb1234d2f9685fb35AcB1cf484eca83F8F63,2,1093.98,0.0,0.0,0.0,3.16,0.0
1790748000,0x21aa6DC573DA62abFD7E43C84bEF2DA4FE514053,1,874.65,0.0,0.0,0.0,0.0,0.13
1790748000,0x2Fd96bd26E7a3c694DBD5ae5E2C29249a83b8a98,22,69258.66,0.0,0.0,0.0,11.08,0.15
1790748000,0x3aAa2bB57a0eFeA8F6f89423A923f7107c33471B,28,329113.52,0.0,0.0,0.0,-64.01,36.62
1790748000,0x53E202e4f11898686909953B1815D3216F7adD5E,1,0.0,13816.4,0.0,1131.83,51.93,4.64
1790748000,0x8E87D8308D439c88dDF48762AA5D3C99b8366a3a,32,282570.37,0.0,0.0,0.0,97.79,10.41
1790748000,0x978e3eb7997a9575cdE1799176829073d2876Fb9,3,29939.42,0.0,0.0,0.0,353.17,3.89
1790748000,0xB90134C652814890691671c849381A0B3cdD0247,13,20016.23,0.0,0.0,0.0,0.0,6.0
1790748000,0xE1DC5576b36c78C75e6Abf2E1B121Db20A6069b7,1,0.0,13816.4,1131.83,0.0,-395.22,0.0
1790748000,0xEA2Eec3dc92E860ca7c00DDa51f1AfbCD1fC2E73,2,1093.98,0.0,0.0,0.0,43.45,0.16
1790748000,0xEAc2374016613765cF31afDB4AEB6f5d13a63726,2,0.0,49904.0,0.0,237.3,20.7,0.0
1790748000,0xFfd4C80745B38813ef9bb84bc2ff1f469fB24496,2,0.0,49904.0,237.3,0.0,0.0,7.99
1790748000,0xb130601BC7cd33bDB909d5e6db6ee2Dc9E995c9e,1,48.11,0.0,0.0,0.0,0.0,0.02
1790748900,0x018256148426DB347FEFE1b87286c31DA5cd0338,1,0.0,532.65,86.0,0.0,0.0,0.05
1790748900,0x15efc06FEa57Bda3ceA94A53D5426E78ed4651F3,10,6103.08,0.0,0.0,0.0,67.24,1.22
1790748900,0x16cC92d12e0beC39D33f0F2c046b3a9121ef61F5,1,0.0,2666.53,5.1,0.0,0.0,1.14
1790748900,0x1c847e46576ba210189381C0c512C58278121d42,5,0.0,15782.19,0.0,56.9,0.0,0.0
1790748900,0x21aa6DC573DA62abFD7E43C84bEF2DA4FE514053,1,85.66,0.0,0.0,0.0,-2.65,0.0
1790748900,0x2Fd96bd26E7a3c694DBD5ae5E2C29249a83b8a98,4,9207.55,0.0,0.0,0.0,0.0,0.0
1790748900,0x31d08A6F3CAe30dDB208ec1CcDFe8672Dc4CEfc2,1,0.0,4820.12,0.0,338.47,29.25,0.48
1790748900,0x3aAa2bB57a0eFeA8F6f89423A923f7107c33471B,5,46969.27,2491.79,0.0,1.53,-2.03,0.0
1790748900,0x3bf64B8c8ce86abDBcF44Fa5a559E27eb9F63Efb,2,0.0,22519.07,280.54,974.64,-1579.66,0.0
1790748900,0x53E202e4f11898686909953B1815D3216F7adD5E,2,0.0,75203.58,0.0,4283.55,-49.97,23.56
1790748900,0x57D20F8aF5875aD611dC836f78e4992DDA5E6073,2,0.0,31424.96,0.0,89.35,0.0,0.0
1790748900,0x5D6385ED499438FA89E6116245E49180DCB7bC94,1,0.0,19947.36,974.64,0.0,0.0,6.48
1790748900,0x685314be6Fe66Cd5255350F8BA08242f681b6C7f,5,0.0,68139.12,29.48,0.0,0.0,5.19
1790748900,0x801209Bf04cfB7D37135CcDeA450C680dB26995C,1,0.0,856600.33,5500.0,0.0,0.0,64.25
1790748900,0x85867169D342D66b9ECe6B606cac626A8EDdCc57,1,0.0,2662.64,30.0,0.0,0.0,0.27
1790748900,0x8E87D8308D439c88dDF48762AA5D3C99b8366a3a,23,77759.65,0.0,0.0,0.0,208.07,8.4
1790748900,0xB90134C652814890691671c849381A0B3cdD0247,8,15991.8,0.0,0.0,0.0,0.0,4.8
1790748900,0xD9884e6f8a8Bc801E24bB19E371d71D626C22680,1,0.0,856600.33,0.0,5500.0,0.0,0.0
1790748900,0xE1DC5576b36c78C75e6Abf2E1B121Db20A6069b7,8,0.0,113781.57,4623.08,265.7,-671.29,0.6
1790748900,0xEAc2374016613765cF31afDB4AEB6f5d13a63726,2,0.0,44226.04,0.0,19.6,0.0,0.0
1790748900,0xcddb27068254Ec153730BA0c4a318Bb5Fab4F4a9,6,0.0,53388.63,282.5,0.0,0.0,19.02
1790748900,0xd355Cec36286200327db1Ef9DCb32aac2F13451c,1,0.0,2571.71,0.0,280.54,-72.31,1.27
1790748900,0xef698DFC8Be573EE20cA86842C15deC0A9C9c44D,1,0.0,293.27,0.0,1.07,-3.18,0.59
1790749800,0x0ED2F5A37c29a605f47b12dBA90c46dee9c17580,1,457.95,0.0,0.0,0.0,0.0,0.05
1790749800,0x15efc06FEa57Bda3ceA94A53D5426E78ed4651F3,11,29008.32,0.0,0.0,0.0,339.44,5.8
1790749800,0x1c847e46576ba210189381C0c512C58278121d42,4,2491.91,1660.65,0.0,0.84,0.0,0.0
1790749800,0x1f78Fb1234d2f9685fb35AcB1cf484eca83F8F63,1,518.78,0.0,0.0,0.0,0.0,0.0
1790749800,0x21aa6DC573DA62abFD7E43C84bEF2DA4FE514053,4,1207.68,0.0,0.0,0.0,-14.99,0.12
1790749800,0x2Fd96bd26E7a3c694DBD5ae5E2C29249a83b8a98,9,24335.49,0.0,0.0,0.0,34.95,0.0
1790749800,0x2b7568475cb3feC0b22177fe5751E0bC4289F7F9,1,0.0,4922.29,789.95,0.0,0.0,0.49
1790749800,0x57D20F8aF5875aD611dC836f78e4992DDA5E6073,1,0.0,19097.52,0.0,11.27,0.0,0.0
1790749800,0x685314be6Fe66Cd5255350F8BA08242f681b6C7f,2,0.0,20758.17,12.11,0.0,0.0,2.01
1790749800,0x80e93386C24B88609919Fbfd6D47124184afBE57,1,85.41,0.0,0.0,0.0,0.82,0.01
1790749800,0x8Bb3b8bd067bf069695316F52556B0fd7f8a2d0a,2,0.0,9735.56,13.18,11.35,-5.71,3.88
1790749800,0x8E87D8308D439c88dDF48762AA5D3C99b8366a3a,30,59087.0,0.0,0.0,0.0,87.37,4.26
1790749800,0xA0D678cb6F48CA52720232361BfB376C46c2c5B0,1,1397.56,0.0,0.0,0.0,-22.9,0.14
1790749800,0xBC8015FA779be6ac91e5616f37e1768b8DbC16df,1,0.0,4868.61,0.0,13.18,-61.49,0.0
1790749800,0xD73467b55b9236f89619F426cC71dbB173F09e6B,1,149.06,0.0,0.0,0.0,-0.55,0.05
1790749800,0xE1DC5576b36c78C75e6Abf2E1B121Db20A6069b7,3,0.0,11838.74,11.35,806.58,-1.74,0.52
1790749800,0xe52cC7980fEAb12d41AB4a97eD13e5638CdbbD02,2,2144.05,0.0,0.0,0.0,0.0,0.66
1790749800,0xef698DFC8Be573EE20cA86842C15deC0A9C9c44D,1,0.0,2049.5,16.63,0.0,0.0,0.2
1790750700,0x15efc06FEa57Bda3ceA94A53D5426E78ed4651F3,12,9205.56,0.0,0.0,0.0,117.12,1.84
1790750700,0x1f78Fb1234d2f9685fb35AcB1cf484eca83F8F63,2,1097.52,0.0,0.0,0.0,5.77,0.08
1790750700,0x2Fd96bd26E7a3c694DBD5ae5E2C29249a83b8a98,12,23733.29,0.0,0.0,0.0,40.21,0.14
1790750700,0x3aAa2bB57a0eFeA8F6f89423A923f7107c33471B,1,431.06,0.0,0.0,0.0,7.63,0.0
1790750700,0x3bf64B8c8ce86abDBcF44Fa5a559E27eb9F63Efb,4,0.0,1090.21,1.07,15.9,0.31,0.0
1790750700,0x51efa467CC3B762063bfBE86Ee812E4D51193F68,1,1327.21,0.0,0.0,0.0,-13.08,0.41
1790750700,0x53E202e4f11898686909953B1815D3216F7adD5E,2,0.0,100388.05,0.0,3215.98,-776.49,31.12
1790750700,0x86626A8482bE5ABD0Cb8409B45406279a176Db3a,3,0.0,354.8,10.07,1.07,0.0,1.07
1790750700,0x8E87D8308D439c88dDF48762AA5D3C99b8366a3a,24,81260.1,0.0,0.0,0.0,186.35,1.62
1790750700,0x978e3eb7997a9575cdE1799176829073d2876Fb9,7,61526.4,0.0,0.0,0.0,598.78,7.88
1790750700,0x9BdFb3433bC7a03BFD544d0aEadECd1ca2860Bfd,1,0.0,4148.45,130.5,0.0,0.0,0.41
1790750700,0xB90134C652814890691671c849381A0B3cdD0247,13,27901.88,0.0,0.0,0.0,0.0,8.37
1790750700,0xBC8015FA779be6ac91e5616f37e1768b8DbC16df,2,0.0,8625.51,23.2,26.29,-58.63,0.0
1790750700,0xE1DC5576b36c78C75e6Abf2E1B121Db20A6069b7,6,0.0,107713.9,3236.54,132.23,734.26,0.46
1790750700,0xEAc2374016613765cF31afDB4AEB6f5d13a63726,1,0.0,5314.18,0.0,28.0,0.0,0.4
1790750700,0xc2Bc5AA659e6944a8C6FB8da9322e6fF372dDc66,3,0.0,1865.3,7.56,5.01,-4.26,2.06
1790750700,0xef698DFC8Be573EE20cA86842C15deC0A9C9c44D,4,0.0,15987.21,54.29,38.75,-8.92,4.32
1790751600,0x15efc06FEa57Bda3ceA94A53D5426E78ed4651F3,5,3838.43,0.0,0.0,0.0,46.94,0.77
1790751600,0x18d2cD4EBdCEfbE5e4182Ba953657273188585C3,1,0.0,4147.85,765.0,0.0,0.0,0.41
1790751600,0x1f78Fb1234d2f9685fb35AcB1cf484eca83F8F63,3,1098.31,0.0,0.0,0.0,1.09,0.08
1790751600,0x21aa6DC573DA62abFD7E43C84bEF2DA4FE514053,1,0.0,6826.43,0.0,70.4,-1.09,0.0
1790751600,0x2Fd96bd26E7a3c694DBD5ae5E2C29249a83b8a98,6,8640.11,0.0,0.0,0.0,61.99,0.38
1790751600,0x3556b809156585Ae22561fE51372339bb81EdE45,1,1493.23,0.0,0.0,0.0,0.0,0.15
1790751600,0x3aAa2bB57a0eFeA8F6f89423A923f7107c33471B,4,60714.45,0.0,0.0,0.0,-144.82,0.0
1790751600,0x3bf64B8c8ce86abDBcF44Fa5a559E27eb9F63Efb,3,0.0,16091.29,860.99,206.39,-287.29,0.0
1790751600,0x53E202e4f11898686909953B1815D3216F7adD5E,1,0.0,36464.52,0.0,1268.62,-159.58,11.44
1790751600,0x56d30cb94f0A1e620bE78E2Ee275dD1E8A934F83,1,0.0,6826.43,70.4,0.0,-0.88,2.55
1790751600,0x87b8df4f8a95b719fda56ca067BE9F4C5687A694,1,0.0,14911.58,0.0,837.0,0.0,4.97
1790751600,0x8E87D8308D439c88dDF48762AA5D3C99b8366a3a,18,119807.32,0.0,0.0,0.0,506.34,9.97
1790751600,0x978e3eb7997a9575cdE1799176829073d2876Fb9,3,29889.73,0.0,0.0,0.0,2.74,4.48
1790751600,0xE1DC5576b36c78C75e6Abf2E1B121Db20A6069b7,3,0.0,44601.97,1281.99,765.0,423.21,0.31
1790751600,0xb132f26B105edd0C493080ba2dCC02037291A0fa,1,0.0,3989.6,0.0,13.37,0.0,1.7
1790751600,0xe52cC7980fEAb12d41AB4a97eD13e5638CdbbD02,7,1911.2,2359.85,411.89,32.99,0.0,1.96
1790751600,0xebC11Ac4450E3eA74F5D65e5c0138A0C50a2DE4f,2,0.0,1180.13,9.0,205.5,0.0,0.0
1790751600,0xfE6e3099dc514A63bd2Fe79BD3d9e8a653bBAF06,3,17061.24,0.0,0.0,0.0,1010.69,2.56
1790752500,0x021d21f43d6d8921eF876Ec72f59E45820883B8F,1,0.0,2263.31,71.55,0.0,0.0,0.0
1790752500,0x15efc06FEa57Bda3ceA94A53D5426E78ed4651F3,14,11156.13,0.0,0.0,0.0,120.13,2.23
1790752500,0x19e5008B1C8af6A6711e167ee94e167Bdb73A636,2,0.0,26654.64,865.0,210.0,0.0,4.5
1790752500,0x1f78Fb1234d2f9685fb35AcB1cf484eca83F8F63,1,456.99,0.0,0.0,0.0,4.42,0.07
1790752500,0x21aa6DC573DA62abFD7E43C84bEF2DA4FE514053,7,1788.44,13689.94,0.0,140.0,-14.22,0.21
1790752500,0x2Fd96bd26E7a3c694DBD5ae5E2C29249a83b8a98,15,50652.96,0.0,0.0,0.0,-33.85,0.15
1790752500,0x2f1AD479C495CCa0eF1E3eCA6981feea47eaFc3d,1,85.65,0.0,0.0,0.0,0.0,0.01
1790752500,0x37181EcfAB4242B587a33694f7ff6195aC7b3AbE,2,0.0,1367.48,60.11,0.0,0.0,1.41
1790752500,0x3aAa2bB57a0eFeA8F6f89423A923f7107c33471B,50,812158.19,17016.74,82.23,224.57,-2170.15,101.77
1790752500,0x3bf64B8c8ce86abDBcF44Fa5a559E27eb9F63Efb,1,0.0,14983.87,523.0,0.0,0.0,0.0
1790752500,0x3c8BDD93FE3b3115D74Fd61693921A4F133fE065,1,2669.29,0.0,0.0,0.0,0.0,0.81
1790752500,0x56d30cb94f0A1e620bE78E2Ee275dD1E8A934F83,2,0.0,13689.94,140.0,0.0,-0.96,5.11
1790752500,0x87b8df4f8a95b719fda56ca067BE9F4C5687A694,1,0.0,14983.87,0.0,523.0,0.0,5.0
1790752500,0x8E87D8308D439c88dDF48762AA5D3C99b8366a3a,31,450414.35,0.0,0.0,0.0,467.56,2.68
1790752500,0x9223ec2af1523d4A6b4230190960BF77D8BF5F72,3,0.0,10674.48,97.86,62.25,0.0,2.1
1790752500,0x978e3eb7997a9575cdE1799176829073d2876Fb9,3,13203.93,0.0,0.0,0.0,-12.05,1.24
1790752500,0xAAB98f1787EA33270626d44cEC3f184714643B91,1,0.0,2263.31,0.0,71.55,12.34,1.18
1790752500,0xE1DC5576b36c78C75e6Abf2E1B121Db20A6069b7,1,0.0,266.73,8.41,0.0,1.55,0.02
1790752500,0xEA2Eec3dc92E860ca7c00DDa51f1AfbCD1fC2E73,2,30457.21,0.0,0.0,0.0,-682.98,0.0
1790752500,0xEAc2374016613765cF31afDB4AEB6f5d13a63726,2,0.0,26654.64,210.0,865.0,0.0,0.0
1790752500,0xEE8173A6C17356Aa0f36A9Ac94E66a1e9Db154d2,1,0.0,2403.66,0.0,19.98,0.0,1.22
1790752500,0xF7957c8b20DbD3FcA93686B07679aee8e6755c43,2,69886.25,0.0,0.0,0.0,0.0,0.0
1790752500,0xa1a24073668Ba3D519D8F2221B3704D080625934,1,0.0,266.73,0.0,8.41,0.0,0.03
1790752500,0xaA59996B855758D6e7086fDf0D669b0790eeBeAB,1,0.0,2571.13,66.6,0.0,-5.24,1.27
1790753400,0x0ED2F5A37c29a605f47b12dBA90c46dee9c17580,7,823.27,0.0,0.0,0.0,-5.18,0.32
1790753400,0x15efc06FEa57Bda3ceA94A53D5426E78ed4651F3,1,35533.81,0.0,0.0,0.0,0.0,7.11
1790753400,0x1DfA762116D96b53e057aef20E94576d4ca2D6B4,1,0.0,83305.59,0.0,107.0,0.0,13.88
1790753400,0x1f78Fb1234d2f9685fb35AcB1cf484eca83F8F63,1,123.72,0.0,0.0,0.0,-0.89,0.0
1790753400,0x21aa6DC573DA62abFD7E43C84bEF2DA4FE514053,5,862.69,0.0,0.0,0.0,-9.3,0.08
1790753400,0x2Fd96bd26E7a3c694DBD5ae5E2C29249a83b8a98,10,24530.6,0.0,0.0,0.0,-6.15,0.3
1790753400,0x3aAa2bB57a0eFeA8F6f89423A923f7107c33471B,25,273171.22,1405.26,0.0,51.4,81.0,21.45
1790753400,0x51efa467CC3B762063bfBE86Ee812E4D51193F68,1,1267.01,0.0,0.0,0.0,0.0,0.39
1790753400,0x624e8b936b5DE0B425046ac1A60615F514d0bb50,1,0.0,42938.52,0.0,375.0,0.0,13.38
1790753400,0x801209Bf04cfB7D37135CcDeA450C680dB26995C,1,0.0,42938.52,375.0,0.0,0.0,0.0
1790753400,0x8E87D8308D439c88dDF48762AA5D3C99b8366a3a,23,228250.85,0.0,0.0,0.0,-1.55,14.87
1790753400,0xAF049F588AE503B9cfbA5d61baB5B128dc3B1016,1,0.0,1069.76,0.0,0.08,-11.33,0.51
1790753400,0xBC8015FA779be6ac91e5616f37e1768b8DbC16df,1,0.0,2673.68,0.0,6.0,0.0,0.0
1790753400,0xE1DC5576b36c78C75e6Abf2E1B121Db20A6069b7,3,0.0,125821.21,149.57,0.0,14.75,0.0
1790753400,0xdcDC2eB3b6fFedA40337B2b558A324bf1CCA8005,1,0.0,1405.26,51.4,0.0,0.0,0.92
1790753400,0xdfe996189dA1C72C98953F6E26e973cf57655A36,3,0.0,45189.3,6.0,42.57,-99.93,7.57
1790753400,0xebC11Ac4450E3eA74F5D65e5c0138A0C50a2DE4f,1,0.0,1069.76,0.08,0.0,0.0,0.0
1790754300,0x0ED2F5A37c29a605f47b12dBA90c46dee9c17580,7,834.85,0.0,0.0,0.0,-1.78,0.32
1790754300,0x15efc06FEa57Bda3ceA94A53D5426E78ed4651F3,4,25433.43,0.0,0.0,0.0,0.0,5.09
1790754300,0x1f78Fb1234d2f9685fb35AcB1cf484eca83F8F63,2,239.44,0.0,0.0,0.0,-2.3,0.0
1790754300,0x1fD0876eEAaB1Af9BbF3EeB70064bc03bf111718,2,1553.83,0.0,0.0,0.0,0.0,0.12
1790754300,0x21aa6DC573DA62abFD7E43C84bEF2DA4FE514053,5,364.59,862.46,0.0,9.0,-8.43,0.0
1790754300,0x2Fd96bd26E7a3c694DBD5ae5E2C29249a83b8a98,5,4500.81,0.0,0.0,0.0,0.0,0.68
1790754300,0x3556b809156585Ae22561fE51372339bb81EdE45,1,1500.8,0.0,0.0,0.0,-7.88,0.15
1790754300,0x3aAa2bB57a0eFeA8F6f89423A923f7107c33471B,5,40350.55,0.0,0.0,0.0,28.17,0.0
1790754300,0x56d30cb94f0A1e620bE78E2Ee275dD1E8A934F83,2,0.0,948.58,10.1,0.0,-0.03,1.28
1790754300,0x7e040FC3950CeccCf16055aeA756a7a39c394CDC,2,0.0,9476.67,0.0,135.3,55.93,0.71
1790754300,0x87b8df4f8a95b719fda56ca067BE9F4C5687A694,1,0.0,86.27,0.0,1.23,0.0,0.53
1790754300,0x8E87D8308D439c88dDF48762AA5D3C99b8366a3a,20,73589.5,0.0,0.0,0.0,45.75,6.4
1790754300,0x99f234842631aF24F8659CA6F1CFDB997534a301,1,0.0,86.11,0.0,1.1,0.0,0.0
1790754300,0xABC4303faBdFA3b68c9588c776D0e96B3F7d065E,3,0.0,9562.95,136.53,0.0,0.0,0.96
1790755200,0x021d21f43d6d8921eF876Ec72f59E45820883B8F,1,0.0,13338.56,200.0,0.0,-100.5,0.0
1790755200,0x15efc06FEa57Bda3ceA94A53D5426E78ed4651F3,5,48862.63,0.0,0.0,0.0,0.0,9.77
1790755200,0x1c847e46576ba210189381C0c512C58278121d42,1,831.88,0.0,0.0,0.0,0.0,0.0
1790755200,0x1fD0876eEAaB1Af9BbF3EeB70064bc03bf111718,1,776.99,0.0,0.0,0.0,-0.25,0.12
1790755200,0x21aa6DC573DA62abFD7E43C84bEF2DA4FE514053,3,854.89,0.0,0.0,0.0,-9.42,0.06
1790755200,0x2Fd96bd26E7a3c694DBD5ae5E2C29249a83b8a98,14,41602.09,0.0,0.0,0.0,-19.78,0.0
1790755200,0x3aAa2bB57a0eFeA8F6f89423A923f7107c33471B,7,87452.5,293448.02,2491.32,86.69,0.0,0.0
1790755200,0x54a07571CB9A7edd9a9F39f665797bbD2AA5de65,1,0.0,288552.69,0.0,2491.32,0.0,21.77
1790755200,0x57D20F8aF5875aD611dC836f78e4992DDA5E6073,2,0.0,41572.97,0.0,80.75,0.0,0.0
1790755200,0x8E87D8308D439c88dDF48762AA5D3C99b8366a3a,40,174047.04,0.0,0.0,0.0,308.18,12.94
1790755200,0x978e3eb7997a9575cdE1799176829073d2876Fb9,3,11026.46,0.0,0.0,0.0,84.82,0.0
1790755200,0x9C1E4365434dbf1D02dDeb4eEEB01d2a5F80BE25,1,0.0,20781.21,42.5,0.0,0.0,5.81
1790755200,0xA9B0d4303B7EB50AdA291EE57c6b7754c7E52D38,1,0.0,21.99,0.0,0.0,11.44,0.04
1790755200,0xB90134C652814890691671c849381A0B3cdD0247,31,92197.29,0.0,0.0,0.0,0.0,27.66
1790755200,0xBC8015FA779be6ac91e5616f37e1768b8DbC16df,2,0.0,8428.02,40.15,0.0,2.98,0.0
1790755200,0xBFc18bd7c77B20e9611F1526043153Baf6c19ceE,5,0.0,56964.58,47.56,44.38,-24.79,13.99
1790755200,0xC41077487FA95167e319E2d78EC36ca382E8DCAF,1,619.56,0.0,0.0,0.0,-4.52,0.2
1790755200,0xC62E3482639044b135bb820cA12933a78c1CF7b4,1,0.0,4895.33,86.69,0.0,0.0,1.97
1790755200,0xE1DC5576b36c78C75e6Abf2E1B121Db20A6069b7,4,0.0,46415.36,41.03,209.31,46.34,1.0
1790755200,0xEAc2374016613765cF31afDB4AEB6f5d13a63726,4,0.0,10669.77,9.7,5.3,9.27,0.0
1790755200,0xEE8173A6C17356Aa0f36A9Ac94E66a1e9Db154d2,1,0.0,5331.99,0.0,36.8,0.0,2.1
1790755200,0xda50a7E41BEb66B2a613bc22a206fb1cF34FFaE2,1,0.0,21.99,0.0,0.0,0.0,0.0
1790755200,0xeF38E57214328E064Fee790bA1db79e874D47FCD,4,0.0,10669.77,5.3,9.7,0.0,1.63
1790756100,0x15efc06FEa57Bda3ceA94A53D5426E78ed4651F3,4,2617.29,0.0,0.0,0.0,17.44,0.52
1790756100,0x1fD0876eEAaB1Af9BbF3EeB70064bc03bf111718,2,1371.71,0.0,0.0,0.0,3.52,0.12
1790756100,0x2Fd96bd26E7a3c694DBD5ae5E2C29249a83b8a98,9,22320.58,0.0,0.0,0.0,12.4,0.2
1790756100,0x3aAa2bB57a0eFeA8F6f89423A923f7107c33471B,15,193664.66,969271.95,11016.54,0.0,-15.69,15.0
1790756100,0x3bf64B8c8ce86abDBcF44Fa5a559E27eb9F63Efb,4,0.0,36190.06,895.2,2.78,71.49,0.0
1790756100,0x5AcdF21650925A7a2E7977b4A75406Ca1cD729BD,1,0.0,266.86,2.78,0.0,0.0,0.58
1790756100,0x7888B3a0c2Cc892670757440e8a78117fb0B9bbf,1,0.0,4155.95,49.35,0.0,0.0,0.42
1790756100,0x7e040FC3950CeccCf16055aeA756a7a39c394CDC,3,0.0,35923.19,0.0,895.2,0.0,2.69
1790756100,0x8B6458eC2E52f0281A413A2D7414ad7C6fc7eE8C,1,0.0,4005.17,36.6,0.0,0.0,1.7
1790756100,0x8E87D8308D439c88dDF48762AA5D3C99b8366a3a,17,115053.87,0.0,0.0,0.0,84.15,8.54
1790756100,0x978e3eb7997a9575cdE1799176829073d2876Fb9,1,325.55,0.0,0.0,0.0,3.0,0.0
1790756100,0xB90134C652814890691671c849381A0B3cdD0247,7,12008.99,0.0,0.0,0.0,0.0,3.6
1790756100,0xBC8015FA779be6ac91e5616f37e1768b8DbC16df,4,0.0,42443.86,197.76,36.6,-55.09,0.0
1790756100,0xE1DC5576b36c78C75e6Abf2E1B121Db20A6069b7,3,0.0,38438.69,0.0,197.76,0.0,2.88
1790756100,0xEAc2374016613765cF31afDB4AEB6f5d13a63726,4,0.0,972974.15,0.0,11060.35,0.0,72.97
1790756100,0xEE8173A6C17356Aa0f36A9Ac94E66a1e9Db154d2,1,0.0,453.75,0.0,5.54,0.0,0.64
1790756100,0xEd36621aa98134b01d10005a912aA3Ff0E38ED3f,1,19.88,0.0,0.0,0.0,0.01,0.0
1790757000,0x07238B65Ec9Efc3A093f6ebb2E2880378ee36D3e,2,0.0,10664.26,11.4,19.8,0.0,2.1
1790757000,0x15efc06FEa57Bda3ceA94A53D5426E78ed4651F3,9,74319.66,0.0,0.0,0.0,-11.79,14.86
1790757000,0x1c847e46576ba210189381C0c512C58278121d42,1,1000.2,0.0,0.0,0.0,-33.44,0.0
1790757000,0x1f78Fb1234d2f9685fb35AcB1cf484eca83F8F63,1,549.96,0.0,0.0,0.0,0.0,0.0
1790757000,0x1fD0876eEAaB1Af9BbF3EeB70064bc03bf111718,1,774.17,0.0,0.0,0.0,0.0,0.0
1790757000,0x21aa6DC573DA62abFD7E43C84bEF2DA4FE514053,4,530.22,0.0,0.0,0.0,-10.55,0.01
1790757000,0x2Fd96bd26E7a3c694DBD5ae5E2C29249a83b8a98,9,18038.68,0.0,0.0,0.0,20.74,0.18
1790757000,0x3aAa2bB57a0eFeA8F6f89423A923f7107c33471B,16,164580.71,130603.45,553.52,1.35,17.29,0.0
1790757000,0x3bf64B8c8ce86abDBcF44Fa5a559E27eb9F63Efb,3,0.0,43305.25,1437.3,0.0,48.73,0.0
1790757000,0x4950e702FDDf2caBf75910714B02642CbA06Bd48,1,0.0,17217.79,0.0,1008.0,0.0,5.67
1790757000,0x51efa467CC3B762063bfBE86Ee812E4D51193F68,1,1361.04,0.0,0.0,0.0,-10.84,0.42
1790757000,0x56d30cb94f0A1e620bE78E2Ee275dD1E8A934F83,5,0.0,530590.27,8772.57,553.52,-2417.0,161.68
1790757000,0x7888B3a0c2Cc892670757440e8a78117fb0B9bbf,2,0.0,6642.08,5.64,0.0,0.0,1.71
1790757000,0x7e040FC3950CeccCf16055aeA756a7a39c394CDC,2,0.0,28373.24,0.0,829.3,0.0,2.13
1790757000,0x801209Bf04cfB7D37135CcDeA450C680dB26995C,2,0.0,317761.43,1008.0,4305.0,0.0,0.0
1790757000,0x87b8df4f8a95b719fda56ca067BE9F4C5687A694,1,0.0,14932.01,0.0,608.0,0.0,4.98
1790757000,0x8E87D8308D439c88dDF48762AA5D3C99b8366a3a,30,155897.06,0.0,0.0,0.0,218.62,16.41
1790757000,0xA32eA067C8F96729f3940c03a6AA5095Cf40c03C,1,0.0,10673.21,7.6,0.0,0.0,1.45
1790757000,0xB90134C652814890691671c849381A0B3cdD0247,22,43996.17,0.0,0.0,0.0,0.0,13.19
1790757000,0xD73467b55b9236f89619F426cC71dbB173F09e6B,1,266.76,0.0,0.0,0.0,0.0,0.03
1790757000,0xEA2Eec3dc92E860ca7c00DDa51f1AfbCD1fC2E73,2,0.0,99443.18,0.0,4466.22,0.0,0.0
1790757000,0xEAc2374016613765cF31afDB4AEB6f5d13a63726,5,0.0,27979.55,19.8,24.64,10.67,0.0
1790757000,0xb919aCEDE6aD150683Fb4b081724a990198b8781,1,498.45,0.0,0.0,0.0,8.72,0.16
1790757900,0x15efc06FEa57Bda3ceA94A53D5426E78ed4651F3,4,1714.4,0.0,0.0,0.0,0.0,0.34
1790757900,0x2104654d6Da663961a86AC3Cf1751981C5dc62E8,23,39758.48,39922.95,0.0,0.0,11520.25,6.09
1790757900,0x21aa6DC573DA62abFD7E43C84bEF2DA4FE514053,2,370.83,0.0,0.0,0.0,-7.47,0.0
1790757900,0x2Fd96bd26E7a3c694DBD5ae5E2C29249a83b8a98,17,44617.13,0.0,0.0,0.0,-12.95,0.16
1790757900,0x3aAa2bB57a0eFeA8F6f89423A923f7107c33471B,10,128101.75,0.0,0.0,0.0,-17.94,0.0
1790757900,0x3bf64B8c8ce86abDBcF44Fa5a559E27eb9F63Efb,4,0.0,25285.38,337.4,111.11,-3.1,0.0
1790757900,0x4596190B85317e338bf590E99Eb2766883205047,1,0.0,418.94,3.86,0.0,0.0,0.63
1790757900,0x60b6b61D8E0F2ae6d1a389C2774915A1588eE4F0,1,0.0,830.82,0.0,2.18,-6.85,0.75
1790757900,0x7e040FC3950CeccCf16055aeA756a7a39c394CDC,1,0.0,14981.07,0.0,295.0,0.0,1.12
1790757900,0x87b8df4f8a95b719fda56ca067BE9F4C5687A694,1,0.0,1495.26,0.0,42.4,0.0,0.95
1790757900,0x8E87D8308D439c88dDF48762AA5D3C99b8366a3a,48,187428.44,0.0,0.0,0.0,84.49,20.76
1790757900,0x978e3eb7997a9575cdE1799176829073d2876Fb9,1,1887.99,0.0,0.0,0.0,0.0,0.28
1790757900,0xB3F0c367050192c764B5e69921487aE3f7F3df54,1,0.0,8390.11,107.25,0.0,0.0,3.02
1790757900,0xB90134C652814890691671c849381A0B3cdD0247,21,40079.0,0.0,0.0,0.0,0.0,12.02
1790757900,0xE1DC5576b36c78C75e6Abf2E1B121Db20A6069b7,1,0.0,830.82,2.18,0.0,9.75,0.0
1790757900,0xEA2Eec3dc92E860ca7c00DDa51f1AfbCD1fC2E73,1,1887.99,0.0,0.0,0.0,85.23,0.0
1790757900,0xd34bFc021AC39722490Db9a38D5e22c2A593e78a,5,0.0,39922.95,0.0,0.0,0.0,27.9
1790758800,0x15efc06FEa57Bda3ceA94A53D5426E78ed4651F3,16,8335.39,0.0,0.0,0.0,0.0,1.67
1790758800,0x1fD0876eEAaB1Af9BbF3EeB70064bc03bf111718,2,1554.01,0.0,0.0,0.0,-1.44,0.0
1790758800,0x2104654d6Da663961a86AC3Cf1751981C5dc62E8,21,39852.4,40024.04,0.0,0.0,11514.78,5.98
1790758800,0x21aa6DC573DA62abFD7E43C84bEF2DA4FE514053,3,610.21,0.0,0.0,0.0,-9.46,0.03
1790758800,0x2Fd96bd26E7a3c694DBD5ae5E2C29249a83b8a98,18,48100.99,0.0,0.0,0.0,-39.68,0.0
1790758800,0x3aAa2bB57a0eFeA8F6f89423A923f7107c33471B,9,144865.71,0.0,0.0,0.0,-99.2,0.0
1790758800,0x4596190B85317e338bf590E99Eb2766883205047,2,0.0,82.46,0.0,0.0,-2.0,0.13
1790758800,0x8E87D8308D439c88dDF48762AA5D3C99b8366a3a,80,269622.83,0.0,0.0,0.0,87.83,25.19
1790758800,0xA32eA067C8F96729f3940c03a6AA5095Cf40c03C,3,0.0,72753.46,109.12,0.0,0.0,11.78
1790758800,0xB90134C652814890691671c849381A0B3cdD0247,39,80308.28,0.0,0.0,0.0,0.0,24.08
1790758800,0xBC8015FA779be6ac91e5616f37e1768b8DbC16df,2,0.0,32097.99,0.0,78.72,0.0,0.0
1790758800,0xD7fc9AcBDf150423CEA5B3dd3a5A13578D4cb6e8,1,0.0,267.5,3.12,0.0,0.0,0.58
1790758800,0xE1DC5576b36c78C75e6Abf2E1B121Db20A6069b7,1,0.0,267.5,0.0,3.12,0.0,0.0
1790758800,0xEAc2374016613765cF31afDB4AEB6f5d13a63726,1,0.0,40655.47,0.0,30.4,0.0,3.05
1790758800,0xd34bFc021AC39722490Db9a38D5e22c2A593e78a,4,0.0,40024.04,0.0,0.0,0.0,20.01
1790758800,0xda50a7E41BEb66B2a613bc22a206fb1cF34FFaE2,2,0.0,82.46,0.0,0.0,0.0,0.0
1790759700,0x06fCE0901B4FD85dADf2a46f04634C500e859E2c,1,670.5,0.0,0.0,0.0,2.92,0.07
1790759700,0x15efc06FEa57Bda3ceA94A53D5426E78ed4651F3,7,5061.99,0.0,0.0,0.0,-29.4,1.01
1790759700,0x1f78Fb1234d2f9685fb35AcB1cf484eca83F8F63,2,1001.62,0.0,0.0,0.0,0.0,0.0
1790759700,0x1fD0876eEAaB1Af9BbF3EeB70064bc03bf111718,1,602.13,0.0,0.0,0.0,3.65,0.0
1790759700,0x2104654d6Da663961a86AC3Cf1751981C5dc62E8,21,39895.79,40065.73,0.0,0.0,11516.7,5.98
1790759700,0x21aa6DC573DA62abFD7E43C84bEF2DA4FE514053,1,359.94,0.0,0.0,0.0,-7.76,0.0
1790759700,0x2Fd96bd26E7a3c694DBD5ae5E2C29249a83b8a98,31,80704.06,0.0,0.0,0.0,-63.23,0.15
1790759700,0x3aAa2bB57a0eFeA8F6f89423A923f7107c33471B,49,1492277.52,0.0,0.0,0.0,-2255.12,155.68
1790759700,0x3bf64B8c8ce86abDBcF44Fa5a559E27eb9F63Efb,3,0.0,1734391.13,193153.0,514.5,5.59,0.0
1790759700,0x3c8BDD93FE3b3115D74Fd61693921A4F133fE065,4,5361.89,0.0,0.0,0.0,1.72,1.63
1790759700,0x51efa467CC3B762063bfBE86Ee812E4D51193F68,1,1308.95,0.0,0.0,0.0,0.0,0.4
1790759700,0x801209Bf04cfB7D37135CcDeA450C680dB26995C,2,0.0,1726352.8,0.0,193153.0,0.0,129.73
1790759700,0x8E87D8308D439c88dDF48762AA5D3C99b8366a3a,74,749291.81,0.0,0.0,0.0,-734.0,23.49
1790759700,0x978e3eb7997a9575cdE1799176829073d2876Fb9,1,451.65,0.0,0.0,0.0,-7.25,0.07
1790759700,0x99E06Da504EEd9F9eFb626db18D123eD79c868E9,1,0.0,8038.33,514.5,0.0,366.64,2.91
1790759700,0xA0D678cb6F48CA52720232361BfB376C46c2c5B0,3,1429.18,0.0,0.0,0.0,0.0,0.46
1790759700,0xB90134C652814890691671c849381A0B3cdD0247,28,56261.74,0.0,0.0,0.0,0.0,16.87
1790759700,0xBC8015FA779be6ac91e5616f37e1768b8DbC16df,2,0.0,32125.45,62.4,0.0,0.0,0.0
1790759700,0xD1277d5fc6f804b796CDCf5926E35117e454bF38,5,0.0,214142.05,0.0,535.08,0.0,57.48
1790759700,0xE1DC5576b36c78C75e6Abf2E1B121Db20A6069b7,5,0.0,184961.92,481.79,145.3,156.74,0.02
1790759700,0xF7957c8b20DbD3FcA93686B07679aee8e6755c43,4,176943.2,0.0,0.0,0.0,222.27,0.0
1790759700,0xa1a24073668Ba3D519D8F2221B3704D080625934,1,0.0,267.87,0.0,9.11,0.0,0.03
1790759700,0xcE305358A37F1d0C54b612B46e8324fdc9F120A4,1,0.0,2677.44,145.3,0.0,0.0,1.3
1790759700,0xd34bFc021AC39722490Db9a38D5e22c2A593e78a,4,0.0,40065.73,0.0,0.0,0.0,20.03
1790760600,0x06fCE0901B4FD85dADf2a46f04634C500e859E2c,1,673.0,0.0,0.0,0.0,5.42,0.07
1790760600,0x1432bc666deabbcaeD28511dF2E9299e6427c81D,50,133962.02,0.0,0.0,0.0,0.0,40.35
1790760600,0x15efc06FEa57Bda3ceA94A53D5426E78ed4651F3,23,126089.4,0.0,0.0,0.0,-2.57,25.21
1790760600,0x1f78Fb1234d2f9685fb35AcB1cf484eca83F8F63,4,2193.04,0.0,0.0,0.0,0.0,0.0
1790760600,0x1fD0876eEAaB1Af9BbF3EeB70064bc03bf111718,12,7926.63,0.0,0.0,0.0,-2.42,0.35
1790760600,0x2104654d6Da663961a86AC3Cf1751981C5dc62E8,22,40015.79,40202.46,0.0,0.0,11519.85,6.13
1790760600,0x21aa6DC573DA62abFD7E43C84bEF2DA4FE514053,5,838.71,0.0,0.0,0.0,-7.85,0.07
1790760600,0x2Fd96bd26E7a3c694DBD5ae5E2C29249a83b8a98,41,112915.55,0.0,0.0,0.0,-223.76,0.36
1790760600,0x3aAa2bB57a0eFeA8F6f89423A923f7107c33471B,54,682939.06,13343.52,0.0,138.81,-1020.05,71.48
1790760600,0x3bf64B8c8ce86abDBcF44Fa5a559E27eb9F63Efb,4,0.0,1731862.49,188439.0,27.75,-18.48,0.0
1790760600,0x3c8BDD93FE3b3115D74Fd61693921A4F133fE065,2,5381.58,0.0,0.0,0.0,13.59,1.63
1790760600,0x6404fd9f498973b68d6D2045eb3cbebe4fFc5a0a,32,417500.0,0.0,0.0,0.0,0.0,41.74
1790760600,0x77Cc3454648A94Fb26d28a019C7a6a0Ea9A7A12e,2,0.0,4186.49,27.75,31.0,4.85,2.26
1790760600,0x801209Bf04cfB7D37135CcDeA450C680dB26995C,2,0.0,1727676.0,0.0,188408.0,0.0,129.83
1790760600,0x80e93386C24B88609919Fbfd6D47124184afBE57,1,86.47,0.0,0.0,0.0,0.0,0.01
1790760600,0x8E87D8308D439c88dDF48762AA5D3C99b8366a3a,79,884733.85,0.0,0.0,0.0,-1474.67,67.48
1790760600,0x9754E5734daf717E73E1DB643a1f4CF1D593cF5c,1,0.0,863.54,92.14,0.0,0.0,0.76
1790760600,0x978e3eb7997a9575cdE1799176829073d2876Fb9,14,77243.32,0.0,0.0,0.0,-544.62,4.44
1790760600,0x9c7F98197D2cb90340DF68C11136975f1922F5AA,2,0.0,12479.99,46.66,0.0,0.0,4.74
1790760600,0xB90134C652814890691671c849381A0B3cdD0247,5,12097.93,0.0,0.0,0.0,0.0,3.63
1790760600,0xEA2Eec3dc92E860ca7c00DDa51f1AfbCD1fC2E73,6,40414.36,0.0,0.0,0.0,284.56,4.5
1790760600,0xEd36621aa98134b01d10005a912aA3Ff0E38ED3f,3,59.71,0.0,0.0,0.0,0.0,0.0
1790760600,0xF7957c8b20DbD3FcA93686B07679aee8e6755c43,16,72407.09,0.0,0.0,0.0,-2043.91,0.0
1790760600,0xd34bFc021AC39722490Db9a38D5e22c2A593e78a,5,0.0,40202.46,0.0,0.0,0.0,19.98
1790761500,0x1432bc666deabbcaeD28511dF2E9299e6427c81D,46,251099.1,0.0,0.0,0.0,0.0,75.64
1790761500,0x15efc06FEa57Bda3ceA94A53D5426E78ed4651F3,4,37879.01,0.0,0.0,0.0,2.54,7.58
1790761500,0x1f78Fb1234d2f9685fb35AcB1cf484eca83F8F63,4,2063.1,0.0,0.0,0.0,0.0,0.0
1790761500,0x1fD0876eEAaB1Af9BbF3EeB70064bc03bf111718,6,8196.94,0.0,0.0,0.0,-1.13,0.86
1790761500,0x2104654d6Da663961a86AC3Cf1751981C5dc62E8,22,40013.92,40159.4,0.0,0.0,11517.6,6.44
1790761500,0x2Fd96bd26E7a3c694DBD5ae5E2C29249a83b8a98,27,80846.69,0.0,0.0,0.0,-26.18,0.33
1790761500,0x3E9AEf7C6d2512f89549308254eaF455e388Fa3a,1,0.0,1209.67,13.32,0.0,0.0,0.86
1790761500,0x3aAa2bB57a0eFeA8F6f89423A923f7107c33471B,33,413977.34,19751.81,82.3,3067.1,-99.22,53.63
1790761500,0x7996Be6B844aAF57Cc0b6f151895386eC55598D4,1,0.0,2688.08,37.3,0.0,0.0,1.31
1790761500,0x8E87D8308D439c88dDF48762AA5D3C99b8366a3a,41,441892.46,0.0,0.0,0.0,10.54,10.64
1790761500,0x912d377d45D260B130c61f880D914Ff49219FF62,1,0.0,4176.57,0.0,82.3,0.0,1.75
1790761500,0x978e3eb7997a9575cdE1799176829073d2876Fb9,7,25012.28,0.0,0.0,0.0,0.0,0.0
1790761500,0xB4EA5CF83be5cE235800af2d3D2523F1210F2637,1,0.0,4326.27,428.5,0.0,0.0,1.8
1790761500,0xBC8015FA779be6ac91e5616f37e1768b8DbC16df,2,0.0,14113.02,40.32,13.32,0.0,0.0
1790761500,0xD6BbfEe985fC8551d9a8719d8D8f824e6b8b9BE8,1,0.0,11248.96,2638.6,0.0,0.0,3.87
1790761500,0xE1DC5576b36c78C75e6Abf2E1B121Db20A6069b7,2,0.0,15591.43,0.0,77.62,0.0,0.97
1790761500,0xF7957c8b20DbD3FcA93686B07679aee8e6755c43,30,229621.54,0.0,0.0,0.0,-6508.6,0.0
1790761500,0xd34bFc021AC39722490Db9a38D5e22c2A593e78a,5,0.0,40159.4,0.0,0.0,0.0,19.64
1790762400,0x1432bc666deabbcaeD28511dF2E9299e6427c81D,2,16742.24,0.0,0.0,0.0,0.0,5.04
1790762400,0x15efc06FEa57Bda3ceA94A53D5426E78ed4651F3,3,3835.95,0.0,0.0,0.0,13.48,0.77
1790762400,0x20E352D7179657B32e0e530054933c19F2A1CFa5,1,6563.4,0.0,0.0,0.0,0.0,1.98
1790762400,0x2104654d6Da663961a86AC3Cf1751981C5dc62E8,16,30047.31,30175.42,0.0,0.0,8639.99,4.51
1790762400,0x21aa6DC573DA62abFD7E43C84bEF2DA4FE514053,3,669.1,0.0,0.0,0.0,-9.86,0.03
1790762400,0x2Fd96bd26E7a3c694DBD5ae5E2C29249a83b8a98,5,7072.28,0.0,0.0,0.0,-8.44,0.0
1790762400,0x3aAa2bB57a0eFeA8F6f89423A923f7107c33471B,16,127202.46,11703.75,0.0,2133.1,-136.48,4.62
1790762400,0x518f6D0751E83d2Ddd6147b1a3E36DDffa222E85,1,0.0,837.34,0.0,8.8,0.0,0.08
1790762400,0x6C57A3aB950CDe074E2A862ed73B5414515Eb1a5,1,0.0,11703.75,2133.1,0.0,0.0,4.01
1790762400,0x8E87D8308D439c88dDF48762AA5D3C99b8366a3a,24,149421.25,0.0,0.0,0.0,-252.53,13.65
1790762400,0x94e002669D90cf09f8Cb9F6A9846B0A6A0873Ff3,1,0.0,599.2,0.0,0.0,0.0,0.54
1790762400,0xE1DC5576b36c78C75e6Abf2E1B121Db20A6069b7,1,0.0,837.34,8.8,0.0,0.0,0.06
1790762400,0xEAc2374016613765cF31afDB4AEB6f5d13a63726,2,0.0,200917.19,0.0,906.0,-87.0,0.0
1790762400,0xF04D29546905d5C3d3ccE5865511cf5d96c38b98,7,0.0,866.84,0.0,0.0,-9.97,1.31
1790762400,0xF7957c8b20DbD3FcA93686B07679aee8e6755c43,2,16742.24,0.0,0.0,0.0,-176.71,0.0
1790762400,0xFfd4C80745B38813ef9bb84bc2ff1f469fB24496,2,0.0,200917.19,906.0,0.0,0.0,30.64
1790762400,0xc64038626FE7Fa35B870AD3f9d33e52656DE93fc,2,0.0,1344855.57,53575.0,24275.0,0.0,202.23
1790762400,0xd34bFc021AC39722490Db9a38D5e22c2A593e78a,3,0.0,30175.42,0.0,0.0,0.0,15.09
1790762400,0xda50a7E41BEb66B2a613bc22a206fb1cF34FFaE2,6,0.0,267.64,0.0,0.0,0.0,0.09
1790762400,0xebC11Ac4450E3eA74F5D65e5c0138A0C50a2DE4f,2,0.0,1344855.57,24275.0,53575.0,0.0,0.0
1790763300,0x001864F4859D68Ba61B05A11dF1C69456FA88cc4,1,0.0,2688.86,2.0,0.0,0.0,0.75
1790763300,0x15efc06FEa57Bda3ceA94A53D5426E78ed4651F3,6,5888.85,0.0,0.0,0.0,20.53,1.18
1790763300,0x1f78Fb1234d2f9685fb35AcB1cf484eca83F8F63,3,3190.27,0.0,0.0,0.0,-3.12,0.31
1790763300,0x1fD0876eEAaB1Af9BbF3EeB70064bc03bf111718,3,3019.22,0.0,0.0,0.0,12.33,0.24
1790763300,0x21aa6DC573DA62abFD7E43C84bEF2DA4FE514053,1,485.08,0.0,0.0,0.0,-9.52,0.0
1790763300,0x2Fd96bd26E7a3c694DBD5ae5E2C29249a83b8a98,9,30984.67,0.0,0.0,0.0,-6.99,0.0
1790763300,0x3aAa2bB57a0eFeA8F6f89423A923f7107c33471B,23,325982.04,0.0,0.0,0.0,-267.84,26.11
1790763300,0x51efa467CC3B762063bfBE86Ee812E4D51193F68,1,1282.24,0.0,0.0,0.0,0.0,0.39
1790763300,0x8E87D8308D439c88dDF48762AA5D3C99b8366a3a,22,271180.48,0.0,0.0,0.0,-263.78,19.81
1790763300,0x978e3eb7997a9575cdE1799176829073d2876Fb9,2,2386.83,0.0,0.0,0.0,-77.79,0.36
1790763300,0xBC8015FA779be6ac91e5616f37e1768b8DbC16df,1,0.0,2688.86,0.0,2.0,0.0,0.0
1790763300,0xDe881dD73b0E33de13361a67a6021456a4F96E7A,1,0.0,2691.67,15.0,0.0,0.0,0.27
1790763300,0xE1DC5576b36c78C75e6Abf2E1B121Db20A6069b7,1,0.0,2691.67,0.0,15.0,-14.0,0.2
1790763300,0xEd36621aa98134b01d10005a912aA3Ff0E38ED3f,2,39.88,0.0,0.0,0.0,-0.28,0.0
1790763300,0xF7957c8b20DbD3FcA93686B07679aee8e6755c43,2,3176.19,0.0,0.0,0.0,0.0,0.0
1790763300,0xb130601BC7cd33bDB909d5e6db6ee2Dc9E995c9e,1,48.47,0.0,0.0,0.0,0.3,0.02
1790763300,0xfE6e3099dc514A63bd2Fe79BD3d9e8a653bBAF06,1,8653.2,0.0,0.0,0.0,0.0,1.3
1790764200,0x15efc06FEa57Bda3ceA94A53D5426E78ed4651F3,4,9989.97,0.0,0.0,0.0,0.0,2.0
1790764200,0x1f78Fb1234d2f9685fb35AcB1cf484eca83F8F63,1,359.23,0.0,0.0,0.0,0.45,0.05
1790764200,0x21aa6DC573DA62abFD7E43C84bEF2DA4FE514053,4,1180.38,0.0,0.0,0.0,-10.36,0.09
1790764200,0x2Fd96bd26E7a3c694DBD5ae5E2C29249a83b8a98,4,15975.95,0.0,0.0,0.0,-2.6,0.0
1790764200,0x399155d8d94112d23679d00Dddf17F01022881C7,1,0.0,269.32,0.9,0.0,0.0,0.58
1790764200,0x3aAa2bB57a0eFeA8F6f89423A923f7107c33471B,5,22078.55,269.32,0.0,0.9,-29.76,0.0
1790764200,0x53E202e4f11898686909953B1815D3216F7adD5E,1,0.0,50408.54,0.0,2031.12,79.61,15.62
1790764200,0x8E87D8308D439c88dDF48762AA5D3C99b8366a3a,13,50210.84,0.0,0.0,0.0,-184.36,4.54
1790764200,0x978e3eb7997a9575cdE1799176829073d2876Fb9,1,2887.94,0.0,0.0,0.0,29.3,0.43
1790764200,0xBC8015FA779be6ac91e5616f37e1768b8DbC16df,1,0.0,598.47,0.0,12.5,0.0,0.0
1790764200,0xBFc18bd7c77B20e9611F1526043153Baf6c19ceE,1,0.0,1450.91,3.86,0.0,0.0,0.94
1790764200,0xE1DC5576b36c78C75e6Abf2E1B121Db20A6069b7,1,0.0,50408.54,2031.12,0.0,131.72,0.0
1790764200,0xEA2Eec3dc92E860ca7c00DDa51f1AfbCD1fC2E73,1,2887.94,0.0,0.0,0.0,-3.74,0.0
1790764200,0xEAc2374016613765cF31afDB4AEB6f5d13a63726,1,0.0,1450.91,0.0,3.86,-9.26,0.0
1790764200,0xbf58a2eA49E15A71A9636f1967CD40F275c5DF65,1,0.0,598.47,12.5,0.0,0.0,0.68
1790764200,0xfE6e3099dc514A63bd2Fe79BD3d9e8a653bBAF06,2,17323.3,0.0,0.0,0.0,0.0,2.6
1790765100,0x02138e9930837932aa7c3293aD0B9d686358E3ED,1,0.0,26945.57,0.0,346.05,-142.1,8.58
1790765100,0x15efc06FEa57Bda3ceA94A53D5426E78ed4651F3,1,116.29,0.0,0.0,0.0,-0.66,0.02
1790765100,0x21aa6DC573DA62abFD7E43C84bEF2DA4FE514053,2,202.9,0.0,0.0,0.0,-3.37,0.0
1790765100,0x2Fd96bd26E7a3c694DBD5ae5E2C29249a83b8a98,4,4794.61,0.0,0.0,0.0,-0.87,0.01
1790765100,0x3aAa2bB57a0eFeA8F6f89423A923f7107c33471B,2,28891.25,26945.57,346.05,0.0,-659.65,0.0
1790765100,0x3bf64B8c8ce86abDBcF44Fa5a559E27eb9F63Efb,1,0.0,8655.3,52.97,0.0,0.0,0.0
1790765100,0x895A87BF65898aDfFBA8547D21a7C4a0797F1eaA,2,30.25,0.0,0.0,0.0,-0.04,0.03
1790765100,0x8E87D8308D439c88dDF48762AA5D3C99b8366a3a,4,31967.71,0.0,0.0,0.0,-0.47,0.46
1790765100,0x978e3eb7997a9575cdE1799176829073d2876Fb9,3,57778.7,0.0,0.0,0.0,-282.95,8.67
1790765100,0xC5Ba75e85b9f5a60A828B7F6F976fA15E6a10642,1,1761.05,0.0,0.0,0.0,-19.22,0.54
1790765100,0xEA2Eec3dc92E860ca7c00DDa51f1AfbCD1fC2E73,1,15.12,0.0,0.0,0.0,-0.9,0.0
1790765100,0xEAc2374016613765cF31afDB4AEB6f5d13a63726,1,0.0,20973.97,0.0,116.25,0.0,0.0
1790765100,0xEd36621aa98134b01d10005a912aA3Ff0E38ED3f,3,55.05,0.0,0.0,0.0,-0.27,0.0
1790765100,0xbDCB5334b165F1Dad5E5337d4BE5c12F6eB06365,1,0.0,8655.3,0.0,52.97,0.0,3.1
1790765100,0xd297d2E416Ee2310C9cD4f99c3e8d16D37A64E88,1,0.0,20973.97,116.25,0.0,0.0,6.79
1790766000,0x15efc06FEa57Bda3ceA94A53D5426E78ed4651F3,3,7602.41,0.0,0.0,0.0,-38.87,1.52
1790766000,0x1c847e46576ba210189381C0c512C58278121d42,1,838.09,0.0,0.0,0.0,-1.88,0.0
1790766000,0x1f78Fb1234d2f9685fb35AcB1cf484eca83F8F63,1,549.44,0.0,0.0,0.0,0.0,0.0
1790766000,0x21aa6DC573DA62abFD7E43C84bEF2DA4FE514053,2,173.42,0.0,0.0,0.0,-2.87,0.0
1790766000,0x2Fd96bd26E7a3c694DBD5ae5E2C29249a83b8a98,1,2998.39,0.0,0.0,0.0,-3.01,0.0
1790766000,0x3aAa2bB57a0eFeA8F6f89423A923f7107c33471B,13,161325.57,0.0,0.0,0.0,-199.69,7.58
1790766000,0x3bf64B8c8ce86abDBcF44Fa5a559E27eb9F63Efb,3,0.0,117042.51,4012.5,0.0,2840.41,0.0
1790766000,0x42974A167De3F098cEf1Ffbf5f250D33a9200520,2,0.0,173706.85,850.0,887.5,0.57,36.93
1790766000,0x442A893d9e2284D56644F60ee7f62D210FdeFb77,1,0.0,5377.32,116.0,0.0,0.0,2.11
1790766000,0x85867169D342D66b9ECe6B606cac626A8EDdCc57,1,0.0,2687.2,38.8,0.0,0.0,1.31
1790766000,0x8E87D8308D439c88dDF48762AA5D3C99b8366a3a,18,206465.79,0.0,0.0,0.0,-339.05,19.56
1790766000,0x978e3eb7997a9575cdE1799176829073d2876Fb9,1,28888.91,0.0,0.0,0.0,0.0,4.33
1790766000,0xBC8015FA779be6ac91e5616f37e1768b8DbC16df,2,0.0,8064.51,0.0,154.8,-28.0,0.0
1790766000,0xC36717ADB70F7fB9bfFb37b1277ec4C0d00d60c6,1,0.0,268.6,0.0,0.72,0.0,0.03
1790766000,0xD9884e6f8a8Bc801E24bB19E371d71D626C22680,1,0.0,86854.35,0.0,850.0,0.0,0.0
1790766000,0xE1DC5576b36c78C75e6Abf2E1B121Db20A6069b7,1,0.0,268.6,0.72,0.0,0.43,0.02
1790766000,0xebC11Ac4450E3eA74F5D65e5c0138A0C50a2DE4f,2,0.0,30190.01,0.0,3125.0,0.0,2.26
1790766000,0xfE6e3099dc514A63bd2Fe79BD3d9e8a653bBAF06,4,26040.0,0.0,0.0,0.0,0.0,0.0
1790766900,0x15efc06FEa57Bda3ceA94A53D5426E78ed4651F3,2,2352.94,0.0,0.0,0.0,0.0,0.47
1790766900,0x1f78Fb1234d2f9685fb35AcB1cf484eca83F8F63,2,3805.61,0.0,0.0,0.0,2.6,0.57
1790766900,0x20E352D7179657B32e0e530054933c19F2A1CFa5,4,6572.74,0.0,0.0,0.0,5.38,1.98
1790766900,0x21aa6DC573DA62abFD7E43C84bEF2DA4FE514053,1,86.79,0.0,0.0,0.0,-1.36,0.0
1790766900,0x2Fd96bd26E7a3c694DBD5ae5E2C29249a83b8a98,12,34998.63,0.0,0.0,0.0,-33.97,0.0
1790766900,0x3aAa2bB57a0eFeA8F6f89423A923f7107c33471B,16,125863.86,1615.24,0.0,10.09,-75.15,4.06
1790766900,0x3bf64B8c8ce86abDBcF44Fa5a559E27eb9F63Efb,3,0.0,145488.39,2898.35,0.0,4252.13,0.0
1790766900,0x42974A167De3F098cEf1Ffbf5f250D33a9200520,4,0.0,912296.61,7650.0,1329.35,-1.3,153.39
1790766900,0x856A51F30c42Fa8De28be8D4De9C139063fC50d5,1,0.0,1.0,0.0,0.0,-0.01,0.0
1790766900,0x8B6458eC2E52f0281A413A2D7414ad7C6fc7eE8C,1,0.0,4038.94,0.0,43.35,3.34,1.71
1790766900,0x8E87D8308D439c88dDF48762AA5D3C99b8366a3a,24,144086.38,0.0,0.0,0.0,-335.84,16.23
1790766900,0xAF049F588AE503B9cfbA5d61baB5B128dc3B1016,2,0.0,1615.24,10.09,0.0,0.0,0.74
1790766900,0xCDa43aF0E62ea12faE2BFF016557B6aB37Ec98B0,10,25007.53,0.0,0.0,0.0,0.0,7.5
1790766900,0xD9884e6f8a8Bc801E24bB19E371d71D626C22680,2,0.0,781933.21,0.0,7650.0,0.0,0.0
1790766900,0xE1DC5576b36c78C75e6Abf2E1B121Db20A6069b7,1,0.0,4038.94,43.35,0.0,0.0,0.0
1790766900,0xF7957c8b20DbD3FcA93686B07679aee8e6755c43,1,3256.66,0.0,0.0,0.0,0.0,0.0
1790766900,0xd34bFc021AC39722490Db9a38D5e22c2A593e78a,1,0.0,1.0,0.0,0.0,0.0,0.0
1790766900,0xebC11Ac4450E3eA74F5D65e5c0138A0C50a2DE4f,1,0.0,15124.99,0.0,1569.0,0.0,1.13
1790767800,0x0DC04d5De15560768A9A48E5cd698Be5790cB530,1,0.0,4194.73,192.5,0.0,0.0,0.42
1790767800,0x15efc06FEa57Bda3ceA94A53D5426E78ed4651F3,3,2361.84,0.0,0.0,0.0,-1.57,0.47
1790767800,0x1f78Fb1234d2f9685fb35AcB1cf484eca83F8F63,1,837.55,0.0,0.0,0.0,0.0,0.0
1790767800,0x21aa6DC573DA62abFD7E43C84bEF2DA4FE514053,2,323.93,0.0,0.0,0.0,-1.49,0.04
1790767800,0x2Fd96bd26E7a3c694DBD5ae5E2C29249a83b8a98,9,21281.51,0.0,0.0,0.0,-8.17,0.16
1790767800,0x3aAa2bB57a0eFeA8F6f89423A923f7107c33471B,6,41443.97,156198.07,9520.19,56.73,-163.73,0.0
1790767800,0x3bf64B8c8ce86abDBcF44Fa5a559E27eb9F63Efb,4,0.0,349612.73,28243.35,0.0,1420.49,0.0
1790767800,0x42974A167De3F098cEf1Ffbf5f250D33a9200520,1,0.0,43453.75,0.0,440.0,1.97,6.52
1790767800,0x55fC1a187CB29DDbbA27C33A07222862BCedb30e,1,0.0,13490.11,56.73,0.0,0.0,4.55
1790767800,0x57D20F8aF5875aD611dC836f78e4992DDA5E6073,1,0.0,20944.13,0.0,20.5,0.0,0.0
1790767800,0x67237aEE1132aa2eA93360810D330983637C2646,2,0.0,41883.65,4750.0,1152.0,0.0,8.88
1790767800,0x8B6458eC2E52f0281A413A2D7414ad7C6fc7eE8C,2,0.0,6062.79,33.75,0.0,0.0,2.82
1790767800,0x8E87D8308D439c88dDF48762AA5D3C99b8366a3a,16,63661.81,0.0,0.0,0.0,-42.88,8.82
1790767800,0xBC8015FA779be6ac91e5616f37e1768b8DbC16df,1,0.0,4714.86,0.0,25.9,-54.77,0.0
1790767800,0xCDa43aF0E62ea12faE2BFF016557B6aB37Ec98B0,3,5000.57,0.0,0.0,0.0,0.0,1.5
1790767800,0xDDa8986Ef41583407eAe549F87cB61Dc97E09d81,1,0.0,2696.16,0.0,47.0,0.0,0.27
1790767800,0xE1DC5576b36c78C75e6Abf2E1B121Db20A6069b7,5,0.0,50117.07,67.5,4950.35,-51.43,3.66
1790767800,0xb4B8Bd706d926c579DDd24759bbb4C2460734Df9,3,0.0,427917.41,0.0,36171.54,0.0,129.88
1790768700,0x15efc06FEa57Bda3ceA94A53D5426E78ed4651F3,4,3812.64,0.0,0.0,0.0,0.0,0.76
1790768700,0x1c847e46576ba210189381C0c512C58278121d42,1,986.89,0.0,0.0,0.0,0.0,0.0
1790768700,0x1f78Fb1234d2f9685fb35AcB1cf484eca83F8F63,1,549.92,0.0,0.0,0.0,-7.0,0.0
1790768700,0x1fD0876eEAaB1Af9BbF3EeB70064bc03bf111718,1,606.82,0.0,0.0,0.0,0.0,0.0
1790768700,0x21aa6DC573DA62abFD7E43C84bEF2DA4FE514053,1,385.66,0.0,0.0,0.0,0.0,0.06
1790768700,0x2Fd96bd26E7a3c694DBD5ae5E2C29249a83b8a98,2,5992.07,0.0,0.0,0.0,-10.73,0.0
1790768700,0x3aAa2bB57a0eFeA8F6f89423A923f7107c33471B,5,2669.38,17924.61,0.0,1895.35,0.97,0.0
1790768700,0x3bf64B8c8ce86abDBcF44Fa5a559E27eb9F63Efb,1,0.0,3430.03,0.0,46.49,0.0,0.0
1790768700,0x67237aEE1132aa2eA93360810D330983637C2646,1,0.0,5032.73,0.0,149.58,0.0,2.01
1790768700,0x8E87D8308D439c88dDF48762AA5D3C99b8366a3a,14,119158.44,0.0,0.0,0.0,-145.32,0.75
1790768700,0x978e3eb7997a9575cdE1799176829073d2876Fb9,8,111778.5,0.0,0.0,0.0,-102.68,16.77
1790768700,0xA9E927D46E1cC6f8c86D60E689B2071f83e5f03f,1,0.0,10783.99,1836.8,0.0,0.0,3.74
1790768700,0xAAB98f1787EA33270626d44cEC3f184714643B91,2,0.0,4295.83,88.69,0.0,0.0,2.29
1790768700,0xBC8015FA779be6ac91e5616f37e1768b8DbC16df,1,999.95,0.0,0.0,0.0,-163.15,0.0
1790768700,0xCDa43aF0E62ea12faE2BFF016557B6aB37Ec98B0,3,5001.51,0.0,0.0,0.0,0.0,1.5
1790768700,0xE1DC5576b36c78C75e6Abf2E1B121Db20A6069b7,1,0.0,5032.73,149.58,0.0,0.0,0.0
1790768700,0xE9a66f0e7208E45Dd9a6A5a3062D47ca76247c2a,1,0.0,6274.82,16.35,0.0,0.0,2.38
1790769600,0x004ba33C4478FfCb6B28e658587A30c685bBF972,1,0.0,43152.06,675.0,0.0,0.0,13.45
1790769600,0x0D3aA2DF27Fc3D67253546Debd57e0a5A9b003da,1,0.0,9698.82,374.76,0.0,0.0,3.41
1790769600,0x15efc06FEa57Bda3ceA94A53D5426E78ed4651F3,4,31305.47,0.0,0.0,0.0,-74.82,6.26
1790769600,0x18731d55B669c463Ba1801f045881BA8673699d2,1,0.0,3502.71,0.0,54.6,-1.28,1.55
1790769600,0x19e5008B1C8af6A6711e167ee94e167Bdb73A636,4,0.0,80822.31,2759.0,659.0,0.0,13.12
1790769600,0x1fD0876eEAaB1Af9BbF3EeB70064bc03bf111718,1,780.19,0.0,0.0,0.0,0.0,0.0
1790769600,0x21aa6DC573DA62abFD7E43C84bEF2DA4FE514053,5,1268.59,0.0,0.0,0.0,-9.86,0.11
1790769600,0x2Fd96bd26E7a3c694DBD5ae5E2C29249a83b8a98,5,7751.83,0.0,0.0,0.0,-1.39,0.15
1790769600,0x3149C23e76dE97E5b11c6194f4CB1A4FF9Ff4a00,1,0.0,410.51,0.0,20.88,1.7,0.62
1790769600,0x3aAa2bB57a0eFeA8F6f89423A923f7107c33471B,9,90022.84,15014.82,245.22,571.2,-645.35,0.0
1790769600,0x3bf64B8c8ce86abDBcF44Fa5a559E27eb9F63Efb,4,0.0,80761.35,1262.22,1577.03,454.98,0.0
1790769600,0x57D20F8aF5875aD611dC836f78e4992DDA5E6073,2,0.0,5388.45,0.0,10.2,0.0,0.0
1790769600,0x6Cf144eb80f885376Ce31c87521c2f34E0887431,1,48.54,0.0,0.0,0.0,-0.1,0.02
1790769600,0x80e93386C24B88609919Fbfd6D47124184afBE57,4,660.3,4250.17,44.59,0.0,-0.51,0.65
1790769600,0x85867169D342D66b9ECe6B606cac626A8EDdCc57,1,0.0,2696.42,2.5,0.0,0.0,0.81
1790769600,0x8E87D8308D439c88dDF48762AA5D3C99b8366a3a,19,101396.27,0.0,0.0,0.0,-347.77,10.27
1790769600,0x978e3eb7997a9575cdE1799176829073d2876Fb9,1,28883.82,0.0,0.0,0.0,0.0,4.33
1790769600,0x9C1E4365434dbf1D02dDeb4eEEB01d2a5F80BE25,1,0.0,25146.87,62.4,0.0,0.0,8.04
1790769600,0xA9E927D46E1cC6f8c86D60E689B2071f83e5f03f,1,0.0,1186.24,155.41,0.0,0.0,0.86
1790769600,0xB5DD115265479eAAa30e85E854Ac85018dabB8aE,2,0.0,13418.07,415.8,224.34,0.0,2.51
1790769600,0xBC8015FA779be6ac91e5616f37e1768b8DbC16df,2,0.0,6198.57,54.6,6.8,24.28,0.0
1790769600,0xCc3568eCc10FB42782Dc861B4C8EeC0Fb5E6C51C,1,0.0,1772.56,20.33,0.0,0.0,1.03
1790769600,0xE1DC5576b36c78C75e6Abf2E1B121Db20A6069b7,4,0.0,19338.18,29.3,419.35,0.0,0.52
1790769600,0xE5d8E1d228145ab71aF271F3e7aA7f8d1430f9d7,1,0.0,43152.06,0.0,675.0,0.0,4.32
1790769600,0xEAc2374016613765cF31afDB4AEB6f5d13a63726,2,0.0,53878.03,446.0,1828.0,0.0,0.0
1790769600,0xb18814E47aeEDc21204249c7Da9637C67FCa0355,1,0.0,2695.87,6.8,0.0,0.0,1.31
1790769600,0xbD7f403814aAB81Da706d1966Bc3f4B0420571FD,2,0.0,53841.92,1494.3,1262.22,0.0,8.58
1790769600,0xdce2fd4f80C317c4CB04EC532Ac598507D5ED33a,1,0.0,2697.18,0.0,22.4,0.0,0.27
1790769600,0xdfe996189dA1C72C98953F6E26e973cf57655A36,2,0.0,5384.04,7.7,6.9,-3.42,2.62
1790769600,0xebC11Ac4450E3eA74F5D65e5c0138A0C50a2DE4f,2,0.0,26944.28,213.0,931.0,40.04,0.0
1790770500,0x021d21f43d6d8921eF876Ec72f59E45820883B8F,2,0.0,16771.19,10.6,42.4,0.0,0.0
1790770500,0x06fCE0901B4FD85dADf2a46f04634C500e859E2c,1,675.0,0.0,0.0,0.0,7.42,0.07
1790770500,0x15efc06FEa57Bda3ceA94A53D5426E78ed4651F3,15,141180.55,0.0,0.0,0.0,-268.41,10.6
1790770500,0x1fD0876eEAaB1Af9BbF3EeB70064bc03bf111718,1,604.67,0.0,0.0,0.0,-2.15,0.0
1790770500,0x26F671A4A3641e8F9581c45357027991a5D38DF2,2,0.0,5396.11,67.8,0.0,0.0,1.31
1790770500,0x2Fd96bd26E7a3c694DBD5ae5E2C29249a83b8a98,10,31961.8,0.0,0.0,0.0,-12.48,0.0
1790770500,0x3149C23e76dE97E5b11c6194f4CB1A4FF9Ff4a00,1,0.0,99.79,0.52,0.0,0.0,0.53
1790770500,0x3aAa2bB57a0eFeA8F6f89423A923f7107c33471B,19,40006.66,2383769.91,6539.86,289259.17,31.21,0.0
1790770500,0x3bf64B8c8ce86abDBcF44Fa5a559E27eb9F63Efb,6,0.0,45473.18,4705.0,4.12,-5.04,0.0
1790770500,0x49EaDD332BfD1CAb33D5280ed82BE6989EA542b2,1,0.0,345.22,11.28,0.0,0.0,0.6
1790770500,0x529E1602E33cdb49Aae0E4E6768384Dd96b14108,2,0.0,16771.19,42.4,10.6,0.0,3.02
1790770500,0x68354c9e47098ACd6d12DB54837086764459fe21,3,0.0,23483.93,0.0,245.5,0.0,2.35
1790770500,0x83c3762113792813089bA3cf45967Fe56525dE87,5,0.0,134.86,14.27,0.0,0.0,1.03
1790770500,0x8E87D8308D439c88dDF48762AA5D3C99b8366a3a,24,213038.35,0.0,0.0,0.0,-720.67,23.63
1790770500,0x94ECb4C47D8E2CB07874A33a0141016254b46873,1,329.16,0.0,0.0,0.0,0.0,0.11
1790770500,0x978e3eb7997a9575cdE1799176829073d2876Fb9,1,604.67,0.0,0.0,0.0,-16.69,0.09
1790770500,0x993D64b1BFEFd4b1eFdd68B7736c2ee1CA58Cca7,1,0.0,2698.64,75.2,0.0,0.0,0.27
1790770500,0xCDa43aF0E62ea12faE2BFF016557B6aB37Ec98B0,3,5002.23,0.0,0.0,0.0,0.0,1.5
1790770500,0xD1277d5fc6f804b796CDCf5926E35117e454bF38,2,0.0,10785.52,3080.8,0.0,-2268.33,4.24
1790770500,0xDe881dD73b0E33de13361a67a6021456a4F96E7A,1,0.0,2697.21,25.1,0.0,0.0,1.31
1790770500,0xE1DC5576b36c78C75e6Abf2E1B121Db20A6069b7,16,0.0,2165121.05,279739.69,6630.46,147.86,162.38
1790770500,0xEAc2374016613765cF31afDB4AEB6f5d13a63726,8,0.0,237559.74,6647.8,78.47,76.44,17.41
1790770500,0xEd36621aa98134b01d10005a912aA3Ff0E38ED3f,6,119.77,0.0,0.0,0.0,-0.73,0.0
1790770500,0xe40DdC7Cf5F81b19505684dE865FE9fBA1a58D64,2,0.0,1079.2,15.4,0.0,0.0,0.11
1790770500,0xebC11Ac4450E3eA74F5D65e5c0138A0C50a2DE4f,3,0.0,45319.47,0.0,4705.0,0.0,3.4
1790771400,0x06fCE0901B4FD85dADf2a46f04634C500e859E2c,1,682.5,0.0,0.0,0.0,14.92,0.07
1790771400,0x137c5E253d961e482D86f44DAb36071406D082A0,1,0.0,27222.4,49.0,0.0,440.34,0.0
1790771400,0x15efc06FEa57Bda3ceA94A53D5426E78ed4651F3,163,2539920.06,0.0,0.0,0.0,9300.6,458.83
1790771400,0x18731d55B669c463Ba1801f045881BA8673699d2,1,0.0,6821.45,0.0,59.75,-27.84,2.55
1790771400,0x19e5008B1C8af6A6711e167ee94e167Bdb73A636,4,0.0,81710.04,3065.55,716.83,0.0,13.26
1790771400,0x1c847e46576ba210189381C0c512C58278121d42,13,8576.26,1901.95,14.04,0.0,-9.36,0.0
1790771400,0x1f78Fb1234d2f9685fb35AcB1cf484eca83F8F63,2,2190.26,0.0,0.0,0.0,19.46,0.13
1790771400,0x1fD0876eEAaB1Af9BbF3EeB70064bc03bf111718,12,5365.29,0.0,0.0,0.0,-30.18,0.18
1790771400,0x21aa6DC573DA62abFD7E43C84bEF2DA4FE514053,8,1246.71,0.0,0.0,0.0,-18.66,0.0
1790771400,0x2Fd96bd26E7a3c694DBD5ae5E2C29249a83b8a98,214,691030.63,0.0,0.0,0.0,-975.11,1.61
1790771400,0x3149C23e76dE97E5b11c6194f4CB1A4FF9Ff4a00,1,0.0,3581.38,18.47,0.0,0.0,0.36
1790771400,0x3aAa2bB57a0eFeA8F6f89423A923f7107c33471B,346,7361746.83,4892098.79,82463.88,232009.02,-5342.61,860.15
1790771400,0x3bf64B8c8ce86abDBcF44Fa5a559E27eb9F63Efb,25,0.0,2886267.05,17349.66,49073.22,15055.38,0.0
1790771400,0x42974A167De3F098cEf1Ffbf5f250D33a9200520,7,0.0,523290.05,0.0,5503.6,238.69,109.06
1790771400,0x4712D569086EA685Af7640683aaC62A7651D2c8d,4,0.0,31863.66,396.82,799.01,71.49,11.56
1790771400,0x51efa467CC3B762063bfBE86Ee812E4D51193F68,1,1308.2,0.0,0.0,0.0,0.0,0.4
1790771400,0x529E1602E33cdb49Aae0E4E6768384Dd96b14108,2,0.0,34000.34,456.6,130.8,0.0,5.6
1790771400,0x55fC1a187CB29DDbbA27C33A07222862BCedb30e,1,0.0,21030.11,33.21,0.0,0.0,4.65
1790771400,0x57D20F8aF5875aD611dC836f78e4992DDA5E6073,11,0.0,182234.75,106.99,360.1,-52.5,0.0
1790771400,0x5A6B16ec699652990fF6df89D29b10D027F0636F,1,4230.5,0.0,0.0,0.0,0.0,1.28
1790771400,0x5CE2268e9b9c66ec8d4bDd8E3a02D4e0e3D5d217,1,4241.47,0.0,0.0,0.0,-69.16,1.28
1790771400,0x60b6b61D8E0F2ae6d1a389C2774915A1588eE4F0,1,0.0,844.21,0.0,2.81,-3.6,0.75
1790771400,0x80e93386C24B88609919Fbfd6D47124184afBE57,2,87.22,1048.62,10.44,0.0,0.0,0.14
1790771400,0x85867169D342D66b9ECe6B606cac626A8EDdCc57,1,0.0,2722.93,25.0,0.0,0.0,0.27
1790771400,0x8B6458eC2E52f0281A413A2D7414ad7C6fc7eE8C,2,0.0,6138.13,0.0,52.2,14.41,1.22
1790771400,0x8E87D8308D439c88dDF48762AA5D3C99b8366a3a,652,9418767.25,0.0,0.0,0.0,-16738.52,286.65
1790771400,0x9162bC7e6586a2b197c7b1AcFf47C0fE31DAD0C8,1,840.2,0.0,0.0,0.0,0.0,0.0
1790771400,0x94ECb4C47D8E2CB07874A33a0141016254b46873,4,1457.4,0.0,0.0,0.0,1.3,0.4
1790771400,0x978e3eb7997a9575cdE1799176829073d2876Fb9,48,774536.72,0.0,0.0,0.0,-407.62,116.14
1790771400,0x993D64b1BFEFd4b1eFdd68B7736c2ee1CA58Cca7,1,0.0,1051.38,12.53,0.0,0.0,0.11
1790771400,0xA0D678cb6F48CA52720232361BfB376C46c2c5B0,1,1701.51,0.0,0.0,0.0,0.0,0.17
1790771400,0xA2F500e16E37Bb96e75AE11e7c84B61930261078,4,0.0,29326.3,517.27,353.4,-100.87,8.11
1790771400,0xAAB98f1787EA33270626d44cEC3f184714643B91,1,0.0,4243.73,33.0,0.0,0.0,1.77
1790771400,0xB3fbA1De068294a21043D7F97e55cB88B77313A0,1,0.0,43567.07,0.0,496.05,0.0,13.57
1790771400,0xB5DD115265479eAAa30e85E854Ac85018dabB8aE,4,0.0,25397.34,108.35,129.98,-30.66,4.81
1790771400,0xB90134C652814890691671c849381A0B3cdD0247,168,479896.26,0.0,0.0,0.0,0.0,143.77
1790771400,0xBC8015FA779be6ac91e5616f37e1768b8DbC16df,2,1002.38,19531.24,135.36,0.0,113.64,0.15
1790771400,0xBD806701A38f94478Ce1868F9bEc5081085516Ec,3,0.0,81488.89,0.0,429.0,0.0,14.07
1790771400,0xBfb48371574B0395Da44729CcA184D7884E26EF0,2,0.0,14279.97,182.18,0.0,0.0,5.28
1790771400,0xCDa43aF0E62ea12faE2BFF016557B6aB37Ec98B0,96,290167.54,0.0,0.0,0.0,0.0,86.99
1790771400,0xD9884e6f8a8Bc801E24bB19E371d71D626C22680,2,0.0,232834.89,0.0,3900.0,0.0,0.0
1790771400,0xE1DC5576b36c78C75e6Abf2E1B121Db20A6069b7,77,719879.28,7156135.04,273289.38,89863.78,3019.98,534.94
1790771400,0xE3F2d7eDD7a2F32D978C56B6B2f5153C7Ab009A9,5,0.0,61853.55,1048.0,280.25,-1165.39,18.81
1790771400,0xEA2Eec3dc92E860ca7c00DDa51f1AfbCD1fC2E73,6,40979.55,0.0,0.0,0.0,1162.3,6.14
1790771400,0xEAc2374016613765cF31afDB4AEB6f5d13a63726,10,0.0,161794.96,663.2,1816.6,0.3,5.1
1790771400,0xEd36621aa98134b01d10005a912aA3Ff0E38ED3f,15,299.47,0.0,0.0,0.0,-0.36,0.0
1790771400,0xEe3361A43B2290E9b72990771853d3817e296248,4,0.0,58165.63,4481.23,0.0,0.0,19.45
1790771400,0xEee4e8d80083ebc58B6D065aBd39ddFa4E2aFD43,1,0.0,1051.38,0.0,12.53,2.85,0.82
1790771400,0xF7957c8b20DbD3FcA93686B07679aee8e6755c43,48,755349.32,0.0,0.0,0.0,6166.37,0.0
1790771400,0xFfd6339DA9D6a8D84FD5b323a6088441947A10B3,4,0.0,294329.91,3048.1,3285.2,175.0,62.1
1790771400,0xa1a24073668Ba3D519D8F2221B3704D080625934,1,0.0,272.76,0.0,8.89,0.0,0.03
1790771400,0xa58e2b15068a7Bf90fB4C9b9FE25eDB02C16623c,3,27230.0,0.0,0.0,0.0,0.0,5.45
1790771400,0xc64038626FE7Fa35B870AD3f9d33e52656DE93fc,2,0.0,2184623.76,20360.0,5960.0,0.0,328.19
1790771400,0xdcDC2eB3b6fFedA40337B2b558A324bf1CCA8005,1,0.0,1450.97,52.0,0.0,0.0,0.15
1790771400,0xe4664F032E5973B8638aA79C22DAC4413C241258,1,7208.01,0.0,0.0,0.0,-121.14,0.72
1790771400,0xeAd467C69b3e6aE86cfE8aac82bF942C74e3f233,1,0.0,2719.16,0.0,30.0,3.46,0.27
1790771400,0xebC11Ac4450E3eA74F5D65e5c0138A0C50a2DE4f,2,0.0,2184623.76,5960.0,20360.0,0.0,0.0
1790771400,0xef698DFC8Be573EE20cA86842C15deC0A9C9c44D,1,0.0,3367.27,0.0,47.24,17.96,1.51
1790771400,0xfE6e3099dc514A63bd2Fe79BD3d9e8a653bBAF06,11,54650.58,174473.33,1800.0,0.0,0.0,18.67
1790772300,0x021d21f43d6d8921eF876Ec72f59E45820883B8F,4,0.0,55639.1,39.83,149.17,0.0,0.0
1790772300,0x0E2ff7EBcaF4fA9bbceaf408346aA97A68746ee2,9,0.0,130042.16,272.15,801.92,553.37,24.68
1790772300,0x0ED2F5A37c29a605f47b12dBA90c46dee9c17580,1,143.81,0.0,0.0,0.0,-1.81,0.01
1790772300,0x137c5E253d961e482D86f44DAb36071406D082A0,1,0.0,54723.7,16.0,0.0,146.65,0.0
1790772300,0x15C3811148d50CF1733462f58e7185b8dB3eED18,1,0.0,4641.88,4.93,0.0,0.0,1.12
1790772300,0x15efc06FEa57Bda3ceA94A53D5426E78ed4651F3,13,288021.88,0.0,0.0,0.0,-3044.32,57.57
1790772300,0x1c847e46576ba210189381C0c512C58278121d42,5,2703.66,4815.01,0.54,12.1,-32.72,0.0
1790772300,0x1f78Fb1234d2f9685fb35AcB1cf484eca83F8F63,1,585.13,0.0,0.0,0.0,7.85,0.0
1790772300,0x1fD0876eEAaB1Af9BbF3EeB70064bc03bf111718,2,1326.78,0.0,0.0,0.0,1.16,0.0
1790772300,0x21aa6DC573DA62abFD7E43C84bEF2DA4FE514053,8,3773.42,0.0,0.0,0.0,-11.81,0.37
1790772300,0x283CA950b3d603409ad485B2e65113E74F8C7916,2,0.0,1220843.15,9558.0,0.0,0.0,367.25
1790772300,0x2Fd96bd26E7a3c694DBD5ae5E2C29249a83b8a98,47,130141.17,0.0,0.0,0.0,-355.13,0.4
1790772300,0x37Dbb43A23f958481d66c60E79a3750D2988a495,4,0.0,85236.68,45.0,42.0,-15.88,12.88
1790772300,0x3aAa2bB57a0eFeA8F6f89423A923f7107c33471B,44,489136.48,144502.74,1199.67,158.66,714.88,14.99
1790772300,0x3bf64B8c8ce86abDBcF44Fa5a559E27eb9F63Efb,16,0.0,892059.34,3372.29,9069.25,3714.34,0.0
1790772300,0x42974A167De3F098cEf1Ffbf5f250D33a9200520,1,0.0,87537.35,0.0,993.5,110.11,24.09
1790772300,0x5068c5c76436ad100E2Fdaf2DBB2bd0e03882836,1,0.0,547.06,0.0,0.54,-6.37,0.57
1790772300,0x51efa467CC3B762063bfBE86Ee812E4D51193F68,1,2102.33,0.0,0.0,0.0,0.0,0.64
1790772300,0x529E1602E33cdb49Aae0E4E6768384Dd96b14108,4,0.0,29050.59,62.49,29.08,-26.84,4.62
1790772300,0x55fC1a187CB29DDbbA27C33A07222862BCedb30e,1,0.0,21044.82,33.4,0.0,0.0,4.68
1790772300,0x57C71EAaE184544B70EdDb4a95973c45401A11D2,1,0.0,13683.26,85.0,0.0,341.05,1.37
1790772300,0x57D20F8aF5875aD611dC836f78e4992DDA5E6073,5,0.0,52764.39,5.25,56.7,1.51,0.0
1790772300,0x5A6B16ec699652990fF6df89D29b10D027F0636F,8,17917.77,0.0,0.0,0.0,0.0,5.42
1790772300,0x8052FCBA9847EfF63e0661e09303783350D6729c,1,0.0,1618.29,22.8,0.0,0.0,0.16
1790772300,0x80e93386C24B88609919Fbfd6D47124184afBE57,1,87.24,0.0,0.0,0.0,-0.78,0.01
1790772300,0x82b870faa0FC01e83Daba3622cba262C1CB150D5,1,0.0,849.75,0.0,125.0,64.84,0.08
1790772300,0x8B6458eC2E52f0281A413A2D7414ad7C6fc7eE8C,2,0.0,2728.62,66.2,0.0,0.0,1.05
1790772300,0x8Bb3b8bd067bf069695316F52556B0fd7f8a2d0a,2,0.0,5506.5,6.77,5.25,-4.0,2.48
1790772300,0x8C4B80D9123368780Ce6A6da2c8ef8878fcee3bB,1,0.0,42692.73,325.0,0.0,683.4,4.27
1790772300,0x8E87D8308D439c88dDF48762AA5D3C99b8366a3a,129,1334190.65,0.0,0.0,0.0,-5129.95,123.56
1790772300,0x978e3eb7997a9575cdE1799176829073d2876Fb9,5,38308.81,0.0,0.0,0.0,-292.09,5.74
1790772300,0x9aa2A1b73a4FD71a60C888fEe9E73b11c4c90e36,2,0.0,3390009.36,18448.0,0.0,0.0,1018.0
1790772300,0x9eF009cA98fD2096c6B19abfd1dD0968615026F9,1,0.0,19129.59,9.8,0.0,102.78,1.73
1790772300,0xA2F500e16E37Bb96e75AE11e7c84B61930261078,3,0.0,20715.66,87.38,93.6,-35.27,6.35
1790772300,0xB90134C652814890691671c849381A0B3cdD0247,2,16909.58,0.0,0.0,0.0,0.0,5.06
1790772300,0xC5Ba75e85b9f5a60A828B7F6F976fA15E6a10642,1,3416.43,0.0,0.0,0.0,0.0,1.03
1790772300,0xC717DD4dBDdc98E62D264B0ca790195BF0579FAa,1,0.0,24897.77,0.0,112.05,-6.74,2.49
1790772300,0xCDa43aF0E62ea12faE2BFF016557B6aB37Ec98B0,46,135047.37,0.0,0.0,0.0,0.0,40.5
1790772300,0xD1277d5fc6f804b796CDCf5926E35117e454bF38,4,54743.62,51285.91,15066.38,0.0,-11254.26,32.31
1790772300,0xD9884e6f8a8Bc801E24bB19E371d71D626C22680,3,0.0,1149374.65,0.0,12309.93,0.0,74.66
1790772300,0xE04D579D3cD722ae66F58b48bB7881077Ac20c5B,2,0.0,2188.49,14.0,0.0,-2.15,1.55
1790772300,0xE1DC5576b36c78C75e6Abf2E1B121Db20A6069b7,32,393909.77,117494.09,304.83,347.8,3625.94,5.62
1790772300,0xE5013566C7b737E53B5a1640a3277C68248a465C,1,0.0,876200.57,10000.0,0.0,0.0,263.36
1790772300,0xE82eb99692104B4f467e4c9472ddf6e2eE555828,2,0.0,2736.37,534.55,0.0,0.0,1.32
1790772300,0xEA2c92d0b61Fdb32676A6B3e00Ec4374314177e0,2,505.03,1364.31,0.0,33.1,0.0,0.08
1790772300,0xEAc2374016613765cF31afDB4AEB6f5d13a63726,12,0.0,273207.04,1283.2,203.33,282.37,2.43
1790772300,0xEEAA5F8c9d8465979424ADb930C60aA09be9ac2f,1,0.0,4477.97,6.89,0.0,0.0,1.36
1790772300,0xEe3361A43B2290E9b72990771853d3817e296248,1,0.0,14634.64,1374.26,0.0,0.0,4.89
1790772300,0xEee4e8d80083ebc58B6D065aBd39ddFa4E2aFD43,1,0.0,4252.94,0.0,35.65,-1.91,1.78
1790772300,0xF7957c8b20DbD3FcA93686B07679aee8e6755c43,12,59697.15,0.0,0.0,0.0,-721.12,0.0
1790772300,0xFfd4C80745B38813ef9bb84bc2ff1f469fB24496,2,0.0,256229.56,0.0,2179.5,958.64,38.93
1790772300,0xa1a24073668Ba3D519D8F2221B3704D080625934,2,0.0,546.93,0.0,13.68,0.0,0.05
1790772300,0xbD7f403814aAB81Da706d1966Bc3f4B0420571FD,8,0.0,80058.33,2574.18,2131.35,0.0,14.01
1790772300,0xd297d2E416Ee2310C9cD4f99c3e8d16D37A64E88,1,0.0,21352.35,38.75,0.0,0.0,5.34
1790772300,0xdabE056D13Acf26B3ba7dF0cD9b7dd655D7b9949,1,0.0,8507.88,0.0,238.5,0.0,3.05
1790772300,0xebC11Ac4450E3eA74F5D65e5c0138A0C50a2DE4f,9,0.0,4327951.01,2918.04,38548.93,-222.02,0.0
1790772300,0xf526f7e6E4A20A9c5327D3024DBCB99b65Cc85f8,1,410.45,0.0,0.0,0.0,0.0,0.13
1790772300,0xfB39EEE697e63A5d13b6c104fA2E043C87E4A816,1,0.0,13683.26,0.0,85.0,-21.38,4.6
1790773200,0x15efc06FEa57Bda3ceA94A53D5426E78ed4651F3,8,110452.56,0.0,0.0,0.0,-1433.13,22.08
1790773200,0x1c847e46576ba210189381C0c512C58278121d42,1,856.15,0.0,0.0,0.0,-19.94,0.0
1790773200,0x1f78Fb1234d2f9685fb35AcB1cf484eca83F8F63,6,3577.78,0.0,0.0,0.0,1.62,0.13
1790773200,0x1fD0876eEAaB1Af9BbF3EeB70064bc03bf111718,1,546.59,0.0,0.0,0.0,0.0,0.0
1790773200,0x21aa6DC573DA62abFD7E43C84bEF2DA4FE514053,10,2045.59,0.0,0.0,0.0,-18.35,0.0
1790773200,0x2Fd96bd26E7a3c694DBD5ae5E2C29249a83b8a98,17,44082.56,0.0,0.0,0.0,-33.91,0.31
1790773200,0x37Dbb43A23f958481d66c60E79a3750D2988a495,2,0.0,42732.57,20.75,19.25,-7.5,6.0
1790773200,0x3aAa2bB57a0eFeA8F6f89423A923f7107c33471B,32,452245.55,8881.5,0.0,69.17,225.77,0.0
1790773200,0x3bf64B8c8ce86abDBcF44Fa5a559E27eb9F63Efb,2,0.0,9087.55,126.0,12.9,392.69,0.0
1790773200,0x5068c5c76436ad100E2Fdaf2DBB2bd0e03882836,1,0.0,13111.07,0.0,12.96,-140.47,1.31
1790773200,0x57D20F8aF5875aD611dC836f78e4992DDA5E6073,4,21375.0,42740.52,0.0,66.75,0.0,0.0
1790773200,0x6A8604c44C6DcbFcf77ED437bb4AecCcFC3078b0,1,0.0,330.24,0.0,21.6,13.91,0.03
1790773200,0x8668E720c56e1B0aaaa325F722f63442E3Ed0B77,1,0.0,8719.83,0.0,126.0,0.0,3.12
1790773200,0x8B6458eC2E52f0281A413A2D7414ad7C6fc7eE8C,1,0.0,682.47,16.02,0.0,0.0,0.7
1790773200,0x8E87D8308D439c88dDF48762AA5D3C99b8366a3a,96,1077393.42,0.0,0.0,0.0,-3907.66,142.11
1790773200,0x9162bC7e6586a2b197c7b1AcFf47C0fE31DAD0C8,1,853.17,0.0,0.0,0.0,0.0,0.0
1790773200,0x978e3eb7997a9575cdE1799176829073d2876Fb9,4,2471.81,0.0,0.0,0.0,0.0,0.37
1790773200,0xB1eBC0005125eD9b94D3Ed095b6c5b0cb38A9971,1,0.0,367.71,12.9,0.0,0.0,0.61
1790773200,0xE1DC5576b36c78C75e6Abf2E1B121Db20A6069b7,29,429935.47,55851.59,78.21,0.0,3758.86,2.59
1790773200,0xFdDad116B09703225ac64979079F11C9D36b7aC9,2,0.0,8201.42,34.75,20.05,7.89,3.46
1790773200,0xbf58a2eA49E15A71A9636f1967CD40F275c5DF65,1,0.0,330.24,21.6,0.0,0.0,0.6
1790773200,0xeAd467C69b3e6aE86cfE8aac82bF942C74e3f233,1,0.0,1365.37,18.4,0.0,0.0,0.91
1790773200,0xebC11Ac4450E3eA74F5D65e5c0138A0C50a2DE4f,2,0.0,17058.68,105.15,0.0,-0.1,0.0
1790773200,0xeeF9421b5B5F982DA902999f19284b13f1bFc004,2,1709.81,0.0,0.0,0.0,-20.48,0.35
1790773200,0xf3aee1171f2D756922c1850f1E21a30ea71b581d,1,175.25,0.0,0.0,0.0,-1.42,0.06
1790773200,0xfB39EEE697e63A5d13b6c104fA2E043C87E4A816,1,0.0,15690.94,0.0,85.1,-37.14,5.21
1790773200,0xfE6e3099dc514A63bd2Fe79BD3d9e8a653bBAF06,4,18535.62,0.0,0.0,0.0,0.0,2.78
1790774100,0x15efc06FEa57Bda3ceA94A53D5426E78ed4651F3,8,129002.49,0.0,0.0,0.0,-1290.79,25.79
1790774100,0x1f78Fb1234d2f9685fb35AcB1cf484eca83F8F63,6,2322.49,0.0,0.0,0.0,1.02,0.08
1790774100,0x21aa6DC573DA62abFD7E43C84bEF2DA4FE514053,3,1278.45,0.0,0.0,0.0,-2.12,0.14
1790774100,0x26b0a18b571B1f23Fe30936B5d81e770f52B8575,1,0.0,3412.98,11.2,0.0,0.0,0.34
1790774100,0x2Fd96bd26E7a3c694DBD5ae5E2C29249a83b8a98,7,15192.91,0.0,0.0,0.0,2.62,0.03
1790774100,0x3aAa2bB57a0eFeA8F6f89423A923f7107c33471B,16,122751.66,307025.82,561.7,2260.07,16.1,0.0
1790774100,0x3bf64B8c8ce86abDBcF44Fa5a559E27eb9F63Efb,2,0.0,5467.65,23.34,35.55,0.0,0.0
1790774100,0x70907421eB8292031ade4Dab1812f498E606cD30,2,0.0,5467.65,35.55,23.34,0.0,1.32
1790774100,0x85867169D342D66b9ECe6B606cac626A8EDdCc57,1,0.0,5450.06,0.0,108.0,35.49,2.14
1790774100,0x880884932c90121f9EaC92608A9E971d4Ce8A4D5,1,0.0,2724.77,6.2,0.0,0.0,1.27
1790774100,0x8B6458eC2E52f0281A413A2D7414ad7C6fc7eE8C,1,0.0,681.7,16.25,0.0,0.0,0.7
1790774100,0x8E87D8308D439c88dDF48762AA5D3C99b8366a3a,35,417748.57,0.0,0.0,0.0,-605.03,46.17
1790774100,0x8eeAd349E6730E1c90198D23B9401B564148921c,1,0.0,273.67,1.67,0.0,0.0,0.58
1790774100,0x94ECb4C47D8E2CB07874A33a0141016254b46873,1,388.99,0.0,0.0,0.0,0.59,0.13
1790774100,0x978e3eb7997a9575cdE1799176829073d2876Fb9,2,1032.16,0.0,0.0,0.0,138.02,0.15
1790774100,0xBC8015FA779be6ac91e5616f37e1768b8DbC16df,3,0.0,25927.87,232.8,0.0,-41.38,0.0
1790774100,0xBE4b8dA8F600dB8C29428D82505B0D37571489E9,2,0.0,54504.23,1851.95,354.01,0.0,8.68
1790774100,0xC5Ba75e85b9f5a60A828B7F6F976fA15E6a10642,1,0.0,8536.3,180.7,0.0,0.0,0.85
1790774100,0xC717DD4dBDdc98E62D264B0ca790195BF0579FAa,2,0.0,63186.93,0.0,584.55,-59.69,11.18
1790774100,0xD313E512F2CA66Da2873F658eD09bf9e5E15bD15,2,0.0,272404.66,630.0,0.0,0.0,40.86
1790774100,0xD73467b55b9236f89619F426cC71dbB173F09e6B,1,272.61,0.0,0.0,0.0,5.8,0.03
1790774100,0xE1DC5576b36c78C75e6Abf2E1B121Db20A6069b7,17,189976.91,73822.77,460.86,316.7,1311.31,5.54
1790774100,0xEAc2374016613765cF31afDB4AEB6f5d13a63726,1,0.0,136202.33,0.0,315.0,0.0,0.0
1790774100,0xb684beA054f5C6d14e9cCf3B64AEDf4dFc4Ebe79,2,0.0,90847.88,69.0,84.0,-195.48,13.14
1790775000,0x021d21f43d6d8921eF876Ec72f59E45820883B8F,2,0.0,12603.06,62.6,0.0,80.5,0.0
1790775000,0x0E2ff7EBcaF4fA9bbceaf408346aA97A68746ee2,4,0.0,53944.67,356.45,84.08,41.18,9.09
1790775000,0x15efc06FEa57Bda3ceA94A53D5426E78ed4651F3,34,439103.21,0.0,0.0,0.0,36.17,87.8
1790775000,0x18d2cD4EBdCEfbE5e4182Ba953657273188585C3,1,0.0,4271.97,0.0,867.5,101.66,0.43
1790775000,0x19e5008B1C8af6A6711e167ee94e167Bdb73A636,4,0.0,134894.64,1132.77,4493.82,-224.99,21.23
1790775000,0x1c847e46576ba210189381C0c512C58278121d42,9,6508.44,3377.49,11.78,0.0,-50.28,0.0
1790775000,0x1f78Fb1234d2f9685fb35AcB1cf484eca83F8F63,8,2132.5,0.0,0.0,0.0,-15.38,0.21
1790775000,0x1fD0876eEAaB1Af9BbF3EeB70064bc03bf111718,2,1208.5,0.0,0.0,0.0,-0.66,0.0
1790775000,0x21aa6DC573DA62abFD7E43C84bEF2DA4FE514053,6,1994.1,0.0,0.0,0.0,-5.71,0.24
1790775000,0x2AfEe98253ca19cce901c7Fa1ac6104a2d247467,4,0.0,8519.82,107.22,443.0,123.13,4.56
1790775000,0x2Fd96bd26E7a3c694DBD5ae5E2C29249a83b8a98,41,114322.69,0.0,0.0,0.0,37.61,0.04
1790775000,0x3aAa2bB57a0eFeA8F6f89423A923f7107c33471B,48,727446.64,1214156.75,3025.76,116.05,-4036.09,15.03
1790775000,0x3bf64B8c8ce86abDBcF44Fa5a559E27eb9F63Efb,13,0.0,231461.39,4857.34,3496.86,51.68,0.0
1790775000,0x51efa467CC3B762063bfBE86Ee812E4D51193F68,1,1776.65,0.0,0.0,0.0,1.34,0.54
1790775000,0x55fC1a187CB29DDbbA27C33A07222862BCedb30e,1,0.0,20938.3,33.15,0.0,0.0,4.64
1790775000,0x57D20F8aF5875aD611dC836f78e4992DDA5E6073,2,0.0,42218.65,0.0,97.75,0.0,0.0
1790775000,0x5A6B16ec699652990fF6df89D29b10D027F0636F,5,15187.61,0.0,0.0,0.0,-194.25,4.6
1790775000,0x77Cc3454648A94Fb26d28a019C7a6a0Ea9A7A12e,1,0.0,2093.6,0.0,26.8,-3.21,1.13
1790775000,0x7b0fb7aB846D27C34dAbdc95bfb6729edeaBcD89,1,0.0,8114.52,36.9,0.0,0.0,0.81
1790775000,0x80e93386C24B88609919Fbfd6D47124184afBE57,1,86.56,0.0,0.0,0.0,-0.1,0.01
1790775000,0x8B6458eC2E52f0281A413A2D7414ad7C6fc7eE8C,2,0.0,4057.26,0.0,110.05,7.94,1.18
1790775000,0x8E87D8308D439c88dDF48762AA5D3C99b8366a3a,136,1515274.96,0.0,0.0,0.0,2652.63,149.65
1790775000,0x9162bC7e6586a2b197c7b1AcFf47C0fE31DAD0C8,1,843.32,0.0,0.0,0.0,-0.09,0.0
1790775000,0x94ECb4C47D8E2CB07874A33a0141016254b46873,3,1066.32,0.0,0.0,0.0,-1.87,0.35
1790775000,0x978e3eb7997a9575cdE1799176829073d2876Fb9,10,145223.74,0.0,0.0,0.0,-133.18,20.46
1790775000,0x993D64b1BFEFd4b1eFdd68B7736c2ee1CA58Cca7,1,0.0,4188.01,0.0,22.9,-7.01,1.76
1790775000,0xBC8015FA779be6ac91e5616f37e1768b8DbC16df,1,0.0,10133.73,242.4,0.0,0.0,0.0
1790775000,0xBD806701A38f94478Ce1868F9bEc5081085516Ec,1,0.0,27022.21,0.0,1000.0,0.0,2.7
1790775000,0xE1DC5576b36c78C75e6Abf2E1B121Db20A6069b7,39,492545.68,1287555.38,2038.25,3028.75,430.8,96.57
1790775000,0xEA2Eec3dc92E860ca7c00DDa51f1AfbCD1fC2E73,3,2040.29,0.0,0.0,0.0,71.25,0.26
1790775000,0xEA2c92d0b61Fdb32676A6B3e00Ec4374314177e0,2,570.51,1352.42,37.05,0.0,-0.87,0.09
1790775000,0xEAc2374016613765cF31afDB4AEB6f5d13a63726,3,0.0,18218.31,0.0,82.22,-89.26,1.37
1790775000,0xEd36621aa98134b01d10005a912aA3Ff0E38ED3f,16,318.03,0.0,0.0,0.0,-1.05,0.0
1790775000,0xEe3361A43B2290E9b72990771853d3817e296248,1,0.0,14905.29,1974.49,0.0,0.0,4.97
1790775000,0xc3a2aF64Ee09A0e10F51033ea8373C79c0B7F876,4,0.0,10806.58,8.83,55.21,0.0,2.03
1790775000,0xeeF9421b5B5F982DA902999f19284b13f1bFc004,6,5067.73,0.0,0.0,0.0,6.56,1.58
1790775000,0xfE6e3099dc514A63bd2Fe79BD3d9e8a653bBAF06,13,69100.48,0.0,0.0,0.0,2493.78,10.38
1790775900,0x07238B65Ec9Efc3A093f6ebb2E2880378ee36D3e,8,0.0,227396.79,592.94,699.22,60.31,36.11
1790775900,0x15efc06FEa57Bda3ceA94A53D5426E78ed4651F3,2,101986.53,0.0,0.0,0.0,-45.78,20.4
1790775900,0x1f78Fb1234d2f9685fb35AcB1cf484eca83F8F63,2,991.2,0.0,0.0,0.0,0.0,0.0
1790775900,0x21aa6DC573DA62abFD7E43C84bEF2DA4FE514053,3,259.12,0.0,0.0,0.0,-5.06,0.0
1790775900,0x2Fd96bd26E7a3c694DBD5ae5E2C29249a83b8a98,12,35826.03,0.0,0.0,0.0,-49.55,0.0
1790775900,0x3aAa2bB57a0eFeA8F6f89423A923f7107c33471B,13,127043.26,35686.61,243.52,2146.44,75.71,0.0
1790775900,0x4990679974f171AC5daFae35070a129628AC47A1,3,0.0,411.61,0.0,0.0,-0.46,0.65
1790775900,0x57D20F8aF5875aD611dC836f78e4992DDA5E6073,1,0.0,16895.67,0.0,29.2,0.0,0.0
1790775900,0x7b0fb7aB846D27C34dAbdc95bfb6729edeaBcD89,2,0.0,25345.69,59.5,0.0,0.0,7.19
1790775900,0x7e040FC3950CeccCf16055aeA756a7a39c394CDC,1,0.0,8622.87,2060.0,0.0,-1621.06,0.65
1790775900,0x80e93386C24B88609919Fbfd6D47124184afBE57,1,86.52,0.0,0.0,0.0,-0.09,0.04
1790775900,0x8E87D8308D439c88dDF48762AA5D3C99b8366a3a,45,545044.26,0.0,0.0,0.0,281.97,61.82
1790775900,0x978e3eb7997a9575cdE1799176829073d2876Fb9,4,30879.28,0.0,0.0,0.0,0.0,4.63
1790775900,0xE1DC5576b36c78C75e6Abf2E1B121Db20A6069b7,16,249954.35,8450.02,0.0,30.3,-18.08,0.0
1790775900,0xEAc2374016613765cF31afDB4AEB6f5d13a63726,8,0.0,205739.09,473.7,560.8,80.42,0.0
1790775900,0xF54b31bAd5aEB21a26AD3FF0f15A6589Ec58107b,2,0.0,5406.04,54.3,18.0,18.28,1.31
1790775900,0xda50a7E41BEb66B2a613bc22a206fb1cF34FFaE2,3,0.0,411.61,0.0,0.0,0.72,0.0
1790775900,0xeeF9421b5B5F982DA902999f19284b13f1bFc004,2,1692.31,0.0,0.0,0.0,-2.26,0.53
1790776800,0x07238B65Ec9Efc3A093f6ebb2E2880378ee36D3e,1,0.0,17244.79,146.0,0.0,0.0,5.67
1790776800,0x0E2ff7EBcaF4fA9bbceaf408346aA97A68746ee2,4,0.0,55253.78,124.17,435.5,0.0,9.29
1790776800,0x15efc06FEa57Bda3ceA94A53D5426E78ed4651F3,5,40668.92,0.0,0.0,0.0,66.88,8.13
1790776800,0x1f78Fb1234d2f9685fb35AcB1cf484eca83F8F63,5,2721.91,0.0,0.0,0.0,1.58,0.13
1790776800,0x21aa6DC573DA62abFD7E43C84bEF2DA4FE514053,2,579.04,0.0,0.0,0.0,-1.88,0.07
1790776800,0x2Fd96bd26E7a3c694DBD5ae5E2C29249a83b8a98,31,86020.21,0.0,0.0,0.0,10.62,0.03
1790776800,0x3aAa2bB57a0eFeA8F6f89423A923f7107c33471B,22,342215.55,1044.81,0.0,16.38,-712.09,15.0
1790776800,0x6A3921183afbd29Fd6a9e6Ec4fa456B1fF7d75e2,2,0.0,5414.41,16.3,0.0,0.0,1.31
1790776800,0x8Bb3b8bd067bf069695316F52556B0fd7f8a2d0a,2,0.0,5359.9,7.72,6.34,-3.98,2.6
1790776800,0x8E87D8308D439c88dDF48762AA5D3C99b8366a3a,61,485284.1,0.0,0.0,0.0,950.57,49.0
1790776800,0x978e3eb7997a9575cdE1799176829073d2876Fb9,3,7395.35,0.0,0.0,0.0,-34.7,1.04
1790776800,0x993D64b1BFEFd4b1eFdd68B7736c2ee1CA58Cca7,1,0.0,1044.81,16.38,0.0,0.0,0.81
1790776800,0x9f22342F7c27FF810EF3DF125827376f1883f681,1,0.0,2433.75,19.26,0.0,0.0,0.24
1790776800,0xA48232D674F993126945B9158d8eD64320883567,1,0.0,17244.79,0.0,146.0,0.0,0.0
1790776800,0xB90134C652814890691671c849381A0B3cdD0247,2,5905.85,0.0,0.0,0.0,-10.32,1.77
1790776800,0xD1277d5fc6f804b796CDCf5926E35117e454bF38,6,40615.56,21670.86,0.0,40.8,385.98,17.79
1790776800,0xE1DC5576b36c78C75e6Abf2E1B121Db20A6069b7,7,69977.56,27030.76,47.14,7.72,-6.28,0.0
1790776800,0xEA2Eec3dc92E860ca7c00DDa51f1AfbCD1fC2E73,1,9994.61,0.0,0.0,0.0,432.91,1.5
1790776800,0xEAc2374016613765cF31afDB4AEB6f5d13a63726,4,0.0,9932.45,0.0,75.6,-51.08,0.34
1790776800,0xEd36621aa98134b01d10005a912aA3Ff0E38ED3f,2,39.8,0.0,0.0,0.0,0.0,0.0
1790776800,0xF7957c8b20DbD3FcA93686B07679aee8e6755c43,1,417.75,0.0,0.0,0.0,0.69,0.0
1790776800,0xebC11Ac4450E3eA74F5D65e5c0138A0C50a2DE4f,18,27021.8,55253.78,435.5,124.17,0.0,4.05
1790776800,0xeeF9421b5B5F982DA902999f19284b13f1bFc004,2,1690.58,0.0,0.0,0.0,0.78,0.35
1790776800,0xef698DFC8Be573EE20cA86842C15deC0A9C9c44D,1,0.0,2084.29,40.04,0.0,0.0,0.21
1790776800,0xf3aee1171f2D756922c1850f1E21a30ea71b581d,1,175.31,0.0,0.0,0.0,0.0,0.06
1790777700,0x0D0FF3a1a018cc7f67FD948E3D1C8eC76ca49263,2,0.0,806.53,2.0,0.0,0.0,0.08
1790777700,0x0bc091C77Ff0D4Df68331B4e2eD6BcDC687F7dFb,11,0.0,8152.44,0.0,0.0,-31.31,8.13
1790777700,0x15efc06FEa57Bda3ceA94A53D5426E78ed4651F3,34,77412.09,0.0,0.0,0.0,473.05,15.48
1790777700,0x1883BdaC804Bd044C2aa03bA51aa0838240B32B9,1,0.0,151.96,0.0,0.0,0.0,0.23
1790777700,0x1c847e46576ba210189381C0c512C58278121d42,6,4379.31,8510.04,2344.0,0.0,-113.04,0.64
1790777700,0x1f78Fb1234d2f9685fb35AcB1cf484eca83F8F63,3,1611.46,0.0,0.0,0.0,-17.39,0.16
1790777700,0x1fD0876eEAaB1Af9BbF3EeB70064bc03bf111718,4,2733.65,0.0,0.0,0.0,11.1,0.0
1790777700,0x21aa6DC573DA62abFD7E43C84bEF2DA4FE514053,2,1353.35,0.0,0.0,0.0,0.0,0.2
1790777700,0x2Fd96bd26E7a3c694DBD5ae5E2C29249a83b8a98,30,92366.1,0.0,0.0,0.0,158.87,0.0
1790777700,0x3aAa2bB57a0eFeA8F6f89423A923f7107c33471B,43,627326.62,55176.76,6418.2,2361.5,-1982.78,48.53
1790777700,0x3bf64B8c8ce86abDBcF44Fa5a559E27eb9F63Efb,5,0.0,122981.96,71.09,1344.38,328.1,0.0
1790777700,0x3e76982d7fe93e80c045901220dc01AB70B4BD6d,2,0.0,45624.02,0.0,6418.2,80.64,14.69
1790777700,0x51efa467CC3B762063bfBE86Ee812E4D51193F68,1,1656.82,0.0,0.0,0.0,-9.11,0.51
1790777700,0x5F65eDFe3bed47e95EBC16f574B345d5Ab71401c,2,0.0,5364.68,61.3,0.0,57.9,1.3
1790777700,0x615937110eA7B00A093AF7d2C9AB9B9B295034Fa,1,0.0,8588.79,0.0,71.09,0.0,3.08
1790777700,0x793F59010D878848327aF4052790273D01215D62,4,0.0,7925.81,0.0,0.0,0.0,3.96
1790777700,0x7aA213744Dd071FEE65A776e9e2eB1B30Ef83E4b,1,0.0,6280.8,292.5,0.0,0.0,0.63
1790777700,0x80e93386C24B88609919Fbfd6D47124184afBE57,1,85.17,0.0,0.0,0.0,1.28,0.01
1790777700,0x8E87D8308D439c88dDF48762AA5D3C99b8366a3a,95,861565.28,0.0,0.0,0.0,2285.97,59.98
1790777700,0x9330b82FED55F17a864A9AbD682dBb911681093b,1,0.0,29888.36,0.0,612.5,122.75,2.99
1790777700,0x94ECb4C47D8E2CB07874A33a0141016254b46873,1,334.02,0.0,0.0,0.0,-3.23,0.11
1790777700,0x94e002669D90cf09f8Cb9F6A9846B0A6A0873Ff3,1,0.0,107.89,0.0,0.0,0.0,0.1
1790777700,0x978e3eb7997a9575cdE1799176829073d2876Fb9,23,153363.13,0.0,0.0,0.0,1553.34,18.84
1790777700,0x98904A5a16503232840a41f55BC93de5c86af010,3,0.0,114249.66,1309.78,0.0,0.0,35.27
1790777700,0x993D64b1BFEFd4b1eFdd68B7736c2ee1CA58Cca7,1,0.0,1042.7,17.5,0.0,0.0,0.81
1790777700,0xA0D678cb6F48CA52720232361BfB376C46c2c5B0,1,1351.91,0.0,0.0,0.0,-8.33,0.14
1790777700,0xA743829d789Ba3481B1566A9d8E2C3845a251D98,1,0.0,269.29,10.52,0.0,0.0,0.58
1790777700,0xBC8015FA779be6ac91e5616f37e1768b8DbC16df,2,1004.11,0.0,0.0,0.0,-32.62,0.15
1790777700,0xE1DC5576b36c78C75e6Abf2E1B121Db20A6069b7,11,99991.56,10556.63,115.9,304.02,-153.43,0.77
1790777700,0xEA2Eec3dc92E860ca7c00DDa51f1AfbCD1fC2E73,3,6040.3,0.0,0.0,0.0,0.0,0.91
1790777700,0xEAc2374016613765cF31afDB4AEB6f5d13a63726,3,0.0,5902.8,0.0,62.3,-2.48,0.04
1790777700,0xEd36621aa98134b01d10005a912aA3Ff0E38ED3f,35,697.06,0.0,0.0,0.0,1.12,0.0
1790777700,0xF7957c8b20DbD3FcA93686B07679aee8e6755c43,1,530.22,0.0,0.0,0.0,0.0,0.0
1790777700,0xa283a5AC02Dd26E429045541C99FeBbc257f8957,2,584.78,143.51,34.6,0.0,-0.2,0.73
1790777700,0xa58e2b15068a7Bf90fB4C9b9FE25eDB02C16623c,2,26828.3,0.0,0.0,0.0,-2443.28,5.37
1790777700,0xb5bbA4f259FACe3678c0E649b0ea9F0B14145CCc,1,0.0,1676.25,0.0,62.0,0.0,0.17
1790777700,0xda50a7E41BEb66B2a613bc22a206fb1cF34FFaE2,7,0.0,579.45,0.0,0.0,0.96,0.1
1790777700,0xebC11Ac4450E3eA74F5D65e5c0138A0C50a2DE4f,29,50410.24,0.0,0.0,0.0,0.0,7.56
1790777700,0xef698DFC8Be573EE20cA86842C15deC0A9C9c44D,1,0.0,2061.88,0.0,53.9,13.45,0.21
1790777700,0xfE6e3099dc514A63bd2Fe79BD3d9e8a653bBAF06,7,51287.33,29888.36,612.5,0.0,2317.7,8.65
1790778600,0x0D0FF3a1a018cc7f67FD948E3D1C8eC76ca49263,1,0.0,1068.4,0.8,0.0,0.0,0.1
1790778600,0x0bc091C77Ff0D4Df68331B4e2eD6BcDC687F7dFb,6,0.0,135158.08,532.0,269.5,-14.75,20.33
1790778600,0x0de296491F5C24fC59e265509Fa412016510cD19,2,0.0,373.74,1.13,0.0,3.47,0.56
1790778600,0x15efc06FEa57Bda3ceA94A53D5426E78ed4651F3,50,859509.41,0.0,0.0,0.0,1942.68,171.29
1790778600,0x18731d55B669c463Ba1801f045881BA8673699d2,1,0.0,10822.63,146.65,0.0,0.0,1.08
1790778600,0x1c847e46576ba210189381C0c512C58278121d42,22,9359.55,8538.58,0.0,1886.0,0.0,0.9
1790778600,0x1f78Fb1234d2f9685fb35AcB1cf484eca83F8F63,1,483.63,0.0,0.0,0.0,0.0,0.07
1790778600,0x1fD0876eEAaB1Af9BbF3EeB70064bc03bf111718,2,1195.48,0.0,0.0,0.0,0.0,0.0
1790778600,0x21aa6DC573DA62abFD7E43C84bEF2DA4FE514053,3,678.86,0.0,0.0,0.0,-5.27,0.08
1790778600,0x2Fd96bd26E7a3c694DBD5ae5E2C29249a83b8a98,43,133828.44,0.0,0.0,0.0,354.71,0.23
1790778600,0x3aAa2bB57a0eFeA8F6f89423A923f7107c33471B,78,1671251.41,1505642.98,5292.57,110624.02,-17400.45,165.1
1790778600,0x3bf64B8c8ce86abDBcF44Fa5a559E27eb9F63Efb,4,0.0,838133.0,19.68,18355.48,-4.05,0.0
1790778600,0x53E202e4f11898686909953B1815D3216F7adD5E,2,0.0,76296.36,0.0,2495.9,-550.49,23.89
1790778600,0x5A6B16ec699652990fF6df89D29b10D027F0636F,3,8346.69,0.0,0.0,0.0,-17.01,2.52
1790778600,0x60b6b61D8E0F2ae6d1a389C2774915A1588eE4F0,1,0.0,837.87,3.89,0.0,0.0,0.08
1790778600,0x793F59010D878848327aF4052790273D01215D62,1,0.0,1366.66,0.0,0.0,0.0,0.68
1790778600,0x8E87D8308D439c88dDF48762AA5D3C99b8366a3a,159,2280755.48,0.0,0.0,0.0,7140.19,80.06
1790778600,0x8eeAd349E6730E1c90198D23B9401B564148921c,1,0.0,268.03,0.0,4.57,1.74,0.58
1790778600,0x94ECb4C47D8E2CB07874A33a0141016254b46873,3,1339.41,0.0,0.0,0.0,-14.61,0.34
1790778600,0x94e002669D90cf09f8Cb9F6A9846B0A6A0873Ff3,2,0.0,107.38,0.0,0.0,-0.52,0.1
1790778600,0x978e3eb7997a9575cdE1799176829073d2876Fb9,16,263471.44,0.0,0.0,0.0,3886.46,31.53
1790778600,0x9b0cFA748c7Ca58CF2f17B396EdcFDdD1f74AD6E,2,0.0,16026.01,145.5,69.6,0.0,2.9
1790778600,0x9f22342F7c27FF810EF3DF125827376f1883f681,1,0.0,2407.25,0.0,28.29,8.55,0.24
1790778600,0xBC8015FA779be6ac91e5616f37e1768b8DbC16df,2,0.0,12087.8,0.0,11.07,-0.4,0.0
1790778600,0xBc4713b3B41726541D373e57518012302FfBFAa7,5,0.0,1046995.1,504.1,0.0,0.0,64.01
1790778600,0xC0Fb0be94f82cBC466c2554c479fBb0E59fF5243,1,0.0,99722.26,89.47,0.0,0.0,11.68
1790778600,0xE1DC5576b36c78C75e6Abf2E1B121Db20A6069b7,18,99982.47,2568013.13,131266.68,326.3,-56.83,171.93
1790778600,0xEAc2374016613765cF31afDB4AEB6f5d13a63726,13,0.0,982527.52,153.39,722.94,29.64,18.26
1790778600,0xEd36621aa98134b01d10005a912aA3Ff0E38ED3f,6,119.38,0.0,0.0,0.0,0.46,0.0
1790778600,0xEe3361A43B2290E9b72990771853d3817e296248,3,0.0,42995.98,0.0,3402.0,-1411.69,14.4
1790778600,0xF7957c8b20DbD3FcA93686B07679aee8e6755c43,10,145592.74,0.0,0.0,0.0,430.81,0.0
1790778600,0xF9E83201B733f424d7953B2142764076Efcec3Bb,2,0.0,1417.85,10.48,19.68,0.0,0.71
1790778600,0xc3a2aF64Ee09A0e10F51033ea8373C79c0B7F876,2,0.0,160433.09,5904.0,1590.0,0.0,24.56
1790778600,0xd95754330a4bf9A3C8e199ed140817AE07422ee9,1,0.0,10019.8,198.24,0.0,0.0,3.51
1790778600,0xda50a7E41BEb66B2a613bc22a206fb1cF34FFaE2,2,0.0,107.38,0.0,0.0,0.0,0.0
1790778600,0xebC11Ac4450E3eA74F5D65e5c0138A0C50a2DE4f,33,50154.68,267483.19,1804.0,6275.0,-498.09,7.52
1790778600,0xf7827Dd3678028b202Aea7161100cfDC567A5230,2,0.0,801.79,7.77,0.0,0.0,0.62
1790779500,0x15efc06FEa57Bda3ceA94A53D5426E78ed4651F3,2,78084.87,0.0,0.0,0.0,-0.19,15.61
1790779500,0x1c847e46576ba210189381C0c512C58278121d42,15,5983.74,8576.3,2321.0,0.0,0.0,0.64
1790779500,0x1f78Fb1234d2f9685fb35AcB1cf484eca83F8F63,2,1271.69,0.0,0.0,0.0,1.5,0.11
1790779500,0x1fD0876eEAaB1Af9BbF3EeB70064bc03bf111718,1,769.2,0.0,0.0,0.0,3.28,0.0
1790779500,0x21aa6DC573DA62abFD7E43C84bEF2DA4FE514053,6,879.15,0.0,0.0,0.0,-24.4,0.0
1790779500,0x2Fd96bd26E7a3c694DBD5ae5E2C29249a83b8a98,23,67167.63,0.0,0.0,0.0,19.85,0.18
1790779500,0x3aAa2bB57a0eFeA8F6f89423A923f7107c33471B,32,564165.69,8998.17,0.0,2338.58,-1886.13,40.49
1790779500,0x3bf64B8c8ce86abDBcF44Fa5a559E27eb9F63Efb,4,0.0,10721.79,1042.69,32.78,-88.1,0.0
1790779500,0x57D20F8aF5875aD611dC836f78e4992DDA5E6073,2,20937.5,0.0,0.0,0.0,0.0,0.0
1790779500,0x6e251b22cEBDC92e0177CB3DCb621341FbB71842,2,0.0,421.88,17.58,0.0,0.0,1.13
1790779500,0x7996Be6B844aAF57Cc0b6f151895386eC55598D4,1,0.0,2673.35,0.0,39.3,-0.61,1.3
1790779500,0x80e93386C24B88609919Fbfd6D47124184afBE57,1,85.79,0.0,0.0,0.0,0.0,0.01
1790779500,0x8E87D8308D439c88dDF48762AA5D3C99b8366a3a,84,596999.69,0.0,0.0,0.0,-705.7,44.95
1790779500,0x978e3eb7997a9575cdE1799176829073d2876Fb9,7,73852.16,0.0,0.0,0.0,745.81,4.41
1790779500,0xB90134C652814890691671c849381A0B3cdD0247,2,2891.02,0.0,0.0,0.0,-98.04,0.87
1790779500,0xE1DC5576b36c78C75e6Abf2E1B121Db20A6069b7,2,0.0,5031.68,39.3,46.64,-2.67,0.18
1790779500,0xEd36621aa98134b01d10005a912aA3Ff0E38ED3f,1,19.9,0.0,0.0,0.0,0.03,0.0
1790779500,0xF7957c8b20DbD3FcA93686B07679aee8e6755c43,1,722.34,0.0,0.0,0.0,1.44,0.0
1790779500,0xebC11Ac4450E3eA74F5D65e5c0138A0C50a2DE4f,27,50243.13,0.0,0.0,0.0,0.0,7.53
1790779500,0xef698DFC8Be573EE20cA86842C15deC0A9C9c44D,1,0.0,2358.33,46.64,0.0,0.0,0.24
1790779500,0xf7827Dd3678028b202Aea7161100cfDC567A5230,4,0.0,10721.79,32.78,1042.69,0.0,2.11
1790780400,0x021d21f43d6d8921eF876Ec72f59E45820883B8F,1,0.0,1116.56,0.0,71.24,0.0,0.0
1790780400,0x05cfF5B6DC5697AA54200b42c51ee54aFE5eF875,1,0.0,1116.56,71.24,0.0,10.0,0.83
1790780400,0x15efc06FEa57Bda3ceA94A53D5426E78ed4651F3,24,73498.11,0.0,0.0,0.0,0.0,14.69
1790780400,0x1c847e46576ba210189381C0c512C58278121d42,12,4704.3,535.59,0.0,0.22,0.0,0.0
1790780400,0x1f78Fb1234d2f9685fb35AcB1cf484eca83F8F63,3,749.21,0.0,0.0,0.0,0.0,0.0
1790780400,0x1fD0876eEAaB1Af9BbF3EeB70064bc03bf111718,2,1968.76,0.0,0.0,0.0,2.79,0.18
1790780400,0x21aa6DC573DA62abFD7E43C84bEF2DA4FE514053,12,1912.88,0.0,0.0,0.0,-29.86,0.12
1790780400,0x260453e2900152fc04d0F1ae204B81A0F917e6b7,1,0.0,535.59,0.22,0.0,1.8,0.53
1790780400,0x26F671A4A3641e8F9581c45357027991a5D38DF2,1,0.0,2680.82,0.0,38.36,0.65,1.3
1790780400,0x2Fd96bd26E7a3c694DBD5ae5E2C29249a83b8a98,43,111156.83,0.0,0.0,0.0,-26.02,0.12
1790780400,0x3E9AEf7C6d2512f89549308254eaF455e388Fa3a,2,0.0,2116.52,10.85,11.65,-3.39,1.63
1790780400,0x3aAa2bB57a0eFeA8F6f89423A923f7107c33471B,49,538890.05,172486.9,489.42,141.01,-815.87,52.97
1790780400,0x3bf64B8c8ce86abDBcF44Fa5a559E27eb9F63Efb,2,0.0,145311.41,15918.02,0.0,0.0,0.0
1790780400,0x8E87D8308D439c88dDF48762AA5D3C99b8366a3a,94,524197.68,0.0,0.0,0.0,-285.23,24.0
1790780400,0x978e3eb7997a9575cdE1799176829073d2876Fb9,4,12218.28,0.0,0.0,0.0,0.0,1.02
1790780400,0xAAB98f1787EA33270626d44cEC3f184714643B91,1,0.0,2137.05,0.0,84.31,-33.75,1.14
1790780400,0xBdad6b1D5f17f2956A3bf1d21A88934DA9De5E41,4,0.0,167689.57,130.16,439.4,0.0,26.15
1790780400,0xE1DC5576b36c78C75e6Abf2E1B121Db20A6069b7,2,0.0,2892.38,82.26,0.0,-1.69,0.04
1790780400,0xEA2Eec3dc92E860ca7c00DDa51f1AfbCD1fC2E73,2,11201.21,0.0,0.0,0.0,79.2,1.5
1790780400,0xa11B6dE6b06ff6f74e0DDDe57E30156162161E2E,1,0.0,535.87,0.0,38.0,0.0,0.05
1790780400,0xb4B8Bd706d926c579DDd24759bbb4C2460734Df9,1,0.0,143174.36,0.0,15833.71,0.0,43.45
1790780400,0xebC11Ac4450E3eA74F5D65e5c0138A0C50a2DE4f,27,50273.25,0.0,0.0,0.0,0.0,7.54
1790780400,0xeeF9421b5B5F982DA902999f19284b13f1bFc004,1,838.23,0.0,0.0,0.0,6.99,0.26
1790780400,0xef698DFC8Be573EE20cA86842C15deC0A9C9c44D,1,0.0,2356.51,0.0,44.26,-3.82,1.21
1790780400,0xfE6e3099dc514A63bd2Fe79BD3d9e8a653bBAF06,5,17191.38,0.0,0.0,0.0,0.0,2.58
1790781300,0x05cfF5B6DC5697AA54200b42c51ee54aFE5eF875,1,0.0,1031.48,0.0,79.92,0.0,0.81
1790781300,0x15efc06FEa57Bda3ceA94A53D5426E78ed4651F3,13,65798.76,0.0,0.0,0.0,-0.25,13.16
1790781300,0x172Caac45eb9A2F8D995fF7778e991C862Ae424f,4,0.0,33547.25,27.04,89.75,0.0,6.03
1790781300,0x1c847e46576ba210189381C0c512C58278121d42,3,425.72,1808.77,0.74,3.41,0.1,0.0
1790781300,0x1f78Fb1234d2f9685fb35AcB1cf484eca83F8F63,8,1129.26,1031.48,79.92,0.0,-18.99,0.08
1790781300,0x1fD0876eEAaB1Af9BbF3EeB70064bc03bf111718,2,1530.99,0.0,0.0,0.0,2.46,0.0
1790781300,0x21aa6DC573DA62abFD7E43C84bEF2DA4FE514053,5,2088.84,0.0,0.0,0.0,-4.19,0.29
1790781300,0x2Fd96bd26E7a3c694DBD5ae5E2C29249a83b8a98,24,58250.9,0.0,0.0,0.0,-16.77,0.09
1790781300,0x3aAa2bB57a0eFeA8F6f89423A923f7107c33471B,43,692043.3,33547.25,89.75,27.04,-2341.83,90.14
1790781300,0x3bf64B8c8ce86abDBcF44Fa5a559E27eb9F63Efb,2,0.0,29946.55,0.0,263.0,0.0,0.0
1790781300,0x80e93386C24B88609919Fbfd6D47124184afBE57,1,84.77,0.0,0.0,0.0,1.24,0.04
1790781300,0x87b8df4f8a95b719fda56ca067BE9F4C5687A694,1,0.0,478.91,0.0,4.83,0.0,0.64
1790781300,0x8E87D8308D439c88dDF48762AA5D3C99b8366a3a,75,760116.2,0.0,0.0,0.0,368.75,14.26
1790781300,0x978e3eb7997a9575cdE1799176829073d2876Fb9,8,11640.4,0.0,0.0,0.0,0.0,0.56
1790781300,0x996a2d0B8C7e4dCD4c6E65E215e44fDebaAcA12B,1,0.0,1504.68,0.0,8.1,0.0,0.95
1790781300,0x9Cb711DD455bce463cd3e6593AdaC723EAF65632,4,0.0,30784.74,271.24,0.0,0.0,10.64
1790781300,0x9b0cFA748c7Ca58CF2f17B396EdcFDdD1f74AD6E,2,0.0,42790.24,386.4,181.6,0.0,6.92
1790781300,0xAFFC7de4247de1d66083A507A48B218380DAd146,1,0.0,133.79,0.0,57.39,37.65,0.54
1790781300,0xB90134C652814890691671c849381A0B3cdD0247,3,7707.09,0.0,0.0,0.0,-355.36,2.31
1790781300,0xBC8015FA779be6ac91e5616f37e1768b8DbC16df,1,0.0,1504.68,8.1,0.0,0.0,0.0
1790781300,0xBFc18bd7c77B20e9611F1526043153Baf6c19ceE,1,0.0,1449.49,0.0,0.74,-4.64,0.59
1790781300,0xBc4713b3B41726541D373e57518012302FfBFAa7,4,0.0,876402.25,984.0,0.0,0.0,87.64
1790781300,0xE1DC5576b36c78C75e6Abf2E1B121Db20A6069b7,1,0.0,133.79,57.39,0.0,0.0,0.0
1790781300,0xEA2Eec3dc92E860ca7c00DDa51f1AfbCD1fC2E73,6,33289.48,0.0,0.0,0.0,21.25,4.92
1790781300,0xEAc2374016613765cF31afDB4AEB6f5d13a63726,6,0.0,919192.49,181.6,1370.4,52.09,65.73
1790781300,0xEd36621aa98134b01d10005a912aA3Ff0E38ED3f,1,19.97,0.0,0.0,0.0,0.0,0.0
1790781300,0xea19Fe621592b9aF895f2d8d5Af7288C02FbBbF3,3,99.07,0.0,0.0,0.0,0.0,0.06
1790781300,0xebC11Ac4450E3eA74F5D65e5c0138A0C50a2DE4f,26,50181.75,0.0,0.0,0.0,0.0,7.52
1790781300,0xfE6e3099dc514A63bd2Fe79BD3d9e8a653bBAF06,6,34020.0,0.0,0.0,0.0,1715.57,0.0
1790782200,0x021d21f43d6d8921eF876Ec72f59E45820883B8F,2,0.0,2065.03,142.6,0.0,-52.22,0.0
1790782200,0x05cfF5B6DC5697AA54200b42c51ee54aFE5eF875,1,0.0,861.89,0.0,10.3,0.0,0.76
1790782200,0x0B9Dab5cfa4d32C029169c7617A7397e894aD042,1,0.0,862.22,24.4,0.0,0.0,0.76
1790782200,0x15efc06FEa57Bda3ceA94A53D5426E78ed4651F3,8,65916.72,0.0,0.0,0.0,-0.27,13.17
1790782200,0x1c847e46576ba210189381C0c512C58278121d42,2,430.15,8586.48,175.0,0.0,0.0,0.64
1790782200,0x1f78Fb1234d2f9685fb35AcB1cf484eca83F8F63,2,1101.08,0.0,0.0,0.0,2.09,0.16
1790782200,0x1fD0876eEAaB1Af9BbF3EeB70064bc03bf111718,1,770.34,0.0,0.0,0.0,7.19,0.0
1790782200,0x21aa6DC573DA62abFD7E43C84bEF2DA4FE514053,15,3220.28,0.0,0.0,0.0,-61.65,0.1
1790782200,0x2Fd96bd26E7a3c694DBD5ae5E2C29249a83b8a98,14,43416.52,0.0,0.0,0.0,-18.86,0.0
1790782200,0x3aAa2bB57a0eFeA8F6f89423A923f7107c33471B,37,444283.08,8586.48,0.0,175.0,-588.12,30.87
1790782200,0x41Eabf282BdB0146d54d4AF48e30061998880321,2,0.0,241714.5,2128.5,499.5,0.0,36.76
1790782200,0x51efa467CC3B762063bfBE86Ee812E4D51193F68,1,1530.78,0.0,0.0,0.0,0.0,0.47
1790782200,0x7e040FC3950CeccCf16055aeA756a7a39c394CDC,1,0.0,4280.63,93.5,0.0,39.36,0.32
1790782200,0x80e93386C24B88609919Fbfd6D47124184afBE57,1,85.75,0.0,0.0,0.0,0.0,0.01
1790782200,0x8A0E90fE723b3dEEfea6E1891364e9Bb1C051B12,1,0.0,19963.69,7.44,0.0,0.0,1.43
1790782200,0x8E87D8308D439c88dDF48762AA5D3C99b8366a3a,74,551209.14,0.0,0.0,0.0,937.4,41.94
1790782200,0x978e3eb7997a9575cdE1799176829073d2876Fb9,17,90720.23,0.0,0.0,0.0,-43.97,7.66
1790782200,0xA48232D674F993126945B9158d8eD64320883567,2,0.0,5142.85,0.0,117.9,0.0,0.0
1790782200,0xA6c58E3128c177962CCfb37102F71A4CEC06000F,1,0.0,26812.23,2093.0,0.0,0.0,8.54
1790782200,0xB90134C652814890691671c849381A0B3cdD0247,1,7705.76,0.0,0.0,0.0,-277.78,2.31
1790782200,0xE1DC5576b36c78C75e6Abf2E1B121Db20A6069b7,5,49996.24,21166.82,0.0,139.74,378.87,0.09
1790782200,0xEd36621aa98134b01d10005a912aA3Ff0E38ED3f,1,19.99,0.0,0.0,0.0,0.0,0.0
1790782200,0xebC11Ac4450E3eA74F5D65e5c0138A0C50a2DE4f,24,50342.03,268526.74,499.5,4221.5,0.0,7.55
1790782200,0xfE6e3099dc514A63bd2Fe79BD3d9e8a653bBAF06,2,17160.0,0.0,0.0,0.0,0.0,0.0
1790783100,0x006C1E28F9A8423F57bd8eB8C1A5edcebb74EEd6,4,0.0,185661.08,6171.8,588.08,0.0,31.47
1790783100,0x15efc06FEa57Bda3ceA94A53D5426E78ed4651F3,5,42088.16,0.0,0.0,0.0,-72.59,8.41
1790783100,0x1f78Fb1234d2f9685fb35AcB1cf484eca83F8F63,2,199.87,0.0,0.0,0.0,0.0,0.0
1790783100,0x1fD0876eEAaB1Af9BbF3EeB70064bc03bf111718,3,3146.54,0.0,0.0,0.0,0.0,0.24
1790783100,0x21aa6DC573DA62abFD7E43C84bEF2DA4FE514053,10,1978.77,0.0,0.0,0.0,-23.57,0.0
1790783100,0x2Fd96bd26E7a3c694DBD5ae5E2C29249a83b8a98,48,76722.55,0.0,0.0,0.0,-142.85,0.28
1790783100,0x3aAa2bB57a0eFeA8F6f89423A923f7107c33471B,18,116562.72,174307.46,155.8,6299.2,-582.45,5.62
1790783100,0x3bf64B8c8ce86abDBcF44Fa5a559E27eb9F63Efb,3,0.0,8642.98,184.9,76.89,40.81,0.0
1790783100,0x477478a73da3995747DDC7169bd594D2Aa20d589,1,0.0,6136.37,127.4,0.0,0.0,2.34
1790783100,0x80e93386C24B88609919Fbfd6D47124184afBE57,2,173.91,0.0,0.0,0.0,0.0,0.02
1790783100,0x8E87D8308D439c88dDF48762AA5D3C99b8366a3a,105,373091.23,0.0,0.0,0.0,-933.49,17.35
1790783100,0x978e3eb7997a9575cdE1799176829073d2876Fb9,1,1356.63,0.0,0.0,0.0,0.0,0.0
1790783100,0xA48232D674F993126945B9158d8eD64320883567,1,0.0,9969.29,247.38,0.0,0.0,0.0
1790783100,0xB90134C652814890691671c849381A0B3cdD0247,2,19366.67,0.0,0.0,0.0,-486.25,5.81
1790783100,0xBC8015FA779be6ac91e5616f37e1768b8DbC16df,2,995.54,155.52,0.0,1.78,-0.09,0.15
1790783100,0xCDa43aF0E62ea12faE2BFF016557B6aB37Ec98B0,69,165080.73,0.0,0.0,0.0,0.0,49.49
1790783100,0xE1DC5576b36c78C75e6Abf2E1B121Db20A6069b7,1,0.0,42.95,0.0,2.75,0.0,0.0
1790783100,0xF7957c8b20DbD3FcA93686B07679aee8e6755c43,27,31711.36,0.0,0.0,0.0,211.99,0.0
1790783100,0xdc1e35FD9C513C69218BDE3544A74F88eab3b330,3,0.0,282.65,7.1,0.0,0.0,1.58
1790783100,0xe60075cf9848DcF539f4C6b9Adc956e90dB080fd,1,0.0,1038.11,74.31,0.0,0.0,0.81
1790783100,0xebC11Ac4450E3eA74F5D65e5c0138A0C50a2DE4f,29,50356.01,0.0,0.0,0.0,0.0,7.55
1790783100,0xfE6e3099dc514A63bd2Fe79BD3d9e8a653bBAF06,11,87230.34,0.0,0.0,0.0,0.0,7.59
1790784000,0x006C1E28F9A8423F57bd8eB8C1A5edcebb74EEd6,3,1754.23,0.0,0.0,0.0,41.22,0.55
1790784000,0x15efc06FEa57Bda3ceA94A53D5426E78ed4651F3,6,15650.37,0.0,0.0,0.0,-145.82,2.75
1790784000,0x1f78Fb1234d2f9685fb35AcB1cf484eca83F8F63,5,1399.6,0.0,0.0,0.0,1.13,0.08
1790784000,0x1fD0876eEAaB1Af9BbF3EeB70064bc03bf111718,2,3166.54,0.0,0.0,0.0,-20.23,0.0
1790784000,0x2000D71a25DEFF4DE2A59e669a1afa9d9Cc1D842,1,0.0,44768.67,199.12,0.0,0.0,4.48
1790784000,0x21aa6DC573DA62abFD7E43C84bEF2DA4FE514053,4,847.29,0.0,0.0,0.0,-0.16,0.08
1790784000,0x2Fd96bd26E7a3c694DBD5ae5E2C29249a83b8a98,53,106847.54,0.0,0.0,0.0,-76.2,0.73
1790784000,0x3aAa2bB57a0eFeA8F6f89423A923f7107c33471B,20,170960.16,0.0,0.0,0.0,-243.38,9.85
1790784000,0x3bf64B8c8ce86abDBcF44Fa5a559E27eb9F63Efb,1,0.0,841.24,0.0,10.28,0.0,0.0
1790784000,0x60b6b61D8E0F2ae6d1a389C2774915A1588eE4F0,1,0.0,841.24,10.28,0.0,0.0,0.75
1790784000,0x6Cf144eb80f885376Ce31c87521c2f34E0887431,1,75.68,0.0,0.0,0.0,0.0,0.03
1790784000,0x80e93386C24B88609919Fbfd6D47124184afBE57,1,87.89,0.0,0.0,0.0,0.0,0.01
1790784000,0x8E87D8308D439c88dDF48762AA5D3C99b8366a3a,106,457480.28,0.0,0.0,0.0,410.17,38.05
1790784000,0x9754E5734daf717E73E1DB643a1f4CF1D593cF5c,1,439.4,0.0,0.0,0.0,0.0,0.04
1790784000,0xCDa43aF0E62ea12faE2BFF016557B6aB37Ec98B0,79,210086.41,0.0,0.0,0.0,0.0,62.99
1790784000,0xE1DC5576b36c78C75e6Abf2E1B121Db20A6069b7,8,129998.31,44768.67,0.0,199.12,939.17,3.36
1790784000,0xF7957c8b20DbD3FcA93686B07679aee8e6755c43,19,48865.14,0.0,0.0,0.0,297.06,0.0
1790784000,0xebC11Ac4450E3eA74F5D65e5c0138A0C50a2DE4f,31,50373.38,0.0,0.0,0.0,0.0,7.55
1790784000,0xf3aee1171f2D756922c1850f1E21a30ea71b581d,1,181.69,0.0,0.0,0.0,-2.49,0.06
1790784000,0xfE6e3099dc514A63bd2Fe79BD3d9e8a653bBAF06,5,26326.51,0.0,0.0,0.0,0.0,1.32
1790784900,0x15efc06FEa57Bda3ceA94A53D5426E78ed4651F3,4,13756.86,0.0,0.0,0.0,-363.8,2.06
1790784900,0x1ae699Ac5B2f7b3cDe6424279c41Af76fe555Cc4,1,0.0,201803.02,1065.73,0.0,0.0,61.04
1790784900,0x1c8A2254A33C937a541D31152b62A871fF8E27Ea,2,0.0,4967.32,30.89,25.77,-7.61,2.49
1790784900,0x1f78Fb1234d2f9685fb35AcB1cf484eca83F8F63,4,1650.16,0.0,0.0,0.0,1.03,0.08
1790784900,0x1fD0876eEAaB1Af9BbF3EeB70064bc03bf111718,2,2598.61,0.0,0.0,0.0,-0.64,0.0
1790784900,0x21aa6DC573DA62abFD7E43C84bEF2DA4FE514053,14,1535.49,21340.78,0.0,304.0,96.21,0.0
1790784900,0x2Fd96bd26E7a3c694DBD5ae5E2C29249a83b8a98,38,87698.35,0.0,0.0,0.0,-39.88,0.83
1790784900,0x2ee5D9A5B8cB7d503cE66c2A686c6C4Afa109dA3,1,0.0,49.53,0.0,0.0,0.03,0.07
1790784900,0x3aAa2bB57a0eFeA8F6f89423A923f7107c33471B,43,112267.1,429244.83,860.99,11159.79,720.81,12.16
1790784900,0x3bf64B8c8ce86abDBcF44Fa5a559E27eb9F63Efb,4,0.0,295803.11,0.0,3461.63,-1543.88,0.0
1790784900,0x477478a73da3995747DDC7169bd594D2Aa20d589,1,0.0,4444.35,534.0,0.0,0.0,1.83
1790784900,0x80e93386C24B88609919Fbfd6D47124184afBE57,1,88.85,0.0,0.0,0.0,0.0,0.04
1790784900,0x8E87D8308D439c88dDF48762AA5D3C99b8366a3a,94,222622.18,0.0,0.0,0.0,-813.55,7.37
1790784900,0x8bECA95d65E94A20E54df095e78238425075F66e,10,0.0,476872.21,12847.01,0.0,-1575.57,148.06
1790784900,0xB242D447c819BDF6ed88DAdAe893F8dc1FF5b30E,1,0.0,1342.9,1.95,0.0,9.42,0.74
1790784900,0xBC8015FA779be6ac91e5616f37e1768b8DbC16df,2,2147.04,0.0,0.0,0.0,-20.19,0.15
1790784900,0xBed4d25a2A6D6cd0631690231c2707116fEDcbCa,1,0.0,158101.03,1374.23,0.0,0.0,47.93
1790784900,0xCDa43aF0E62ea12faE2BFF016557B6aB37Ec98B0,39,125044.98,0.0,0.0,0.0,0.0,37.5
1790784900,0xE1DC5576b36c78C75e6Abf2E1B121Db20A6069b7,1,0.0,1342.9,0.0,1.95,0.0,0.0
1790784900,0xEAc2374016613765cF31afDB4AEB6f5d13a63726,1,0.0,2483.31,0.0,30.89,0.0,0.0
1790784900,0xF7957c8b20DbD3FcA93686B07679aee8e6755c43,12,51019.47,0.0,0.0,0.0,234.89,0.0
1790784900,0xbD7f403814aAB81Da706d1966Bc3f4B0420571FD,2,0.0,42978.55,1175.25,835.21,0.0,6.95
1790784900,0xd34bFc021AC39722490Db9a38D5e22c2A593e78a,1,0.0,49.53,0.0,0.0,0.0,0.02
1790784900,0xebC11Ac4450E3eA74F5D65e5c0138A0C50a2DE4f,30,50433.83,0.0,0.0,0.0,0.0,7.56
1790784900,0xfE6e3099dc514A63bd2Fe79BD3d9e8a653bBAF06,11,53160.75,140294.45,0.0,2070.8,0.0,5.31
1790785800,0x006C1E28F9A8423F57bd8eB8C1A5edcebb74EEd6,3,892.25,185228.8,182.3,6667.25,-37.72,28.37
1790785800,0x1f78Fb1234d2f9685fb35AcB1cf484eca83F8F63,3,749.14,0.0,0.0,0.0,-3.71,0.0
1790785800,0x1fD0876eEAaB1Af9BbF3EeB70064bc03bf111718,1,600.28,0.0,0.0,0.0,-5.2,0.09
1790785800,0x21aa6DC573DA62abFD7E43C84bEF2DA4FE514053,9,5607.97,14252.69,0.0,201.6,65.47,0.77
1790785800,0x2B1eB2323DA774b9748D6BA511696C9ebd17ebE2,1,4474.5,0.0,0.0,0.0,221.08,0.45
1790785800,0x2Fd96bd26E7a3c694DBD5ae5E2C29249a83b8a98,22,53556.13,0.0,0.0,0.0,-4.33,0.06
1790785800,0x3aAa2bB57a0eFeA8F6f89423A923f7107c33471B,42,232702.41,29291.41,4196.75,0.0,-583.75,20.56
1790785800,0x3bf64B8c8ce86abDBcF44Fa5a559E27eb9F63Efb,2,0.0,185228.8,6667.25,182.3,-1868.08,0.0
1790785800,0x80e93386C24B88609919Fbfd6D47124184afBE57,1,89.19,0.0,0.0,0.0,0.0,0.01
1790785800,0x8E87D8308D439c88dDF48762AA5D3C99b8366a3a,70,271333.54,0.0,0.0,0.0,-330.18,17.89
1790785800,0x978e3eb7997a9575cdE1799176829073d2876Fb9,1,5564.64,0.0,0.0,0.0,0.0,0.83
1790785800,0xBC8015FA779be6ac91e5616f37e1768b8DbC16df,5,1103.65,842.28,14.4,0.0,14.28,0.17
1790785800,0xE1E2B1f2b276330460817cE6b8289895C725Db44,3,0.0,2527.42,1.22,21.59,7.77,2.16
1790785800,0xEAc2374016613765cF31afDB4AEB6f5d13a63726,1,0.0,842.67,0.0,1.22,0.0,0.0
1790785800,0xF7957c8b20DbD3FcA93686B07679aee8e6755c43,2,199.87,0.0,0.0,0.0,0.95,0.0
1790785800,0xdd63886819B221D37bBf6E63F626e6022550e75F,1,0.0,28448.94,0.0,4189.56,157.13,9.03
1790785800,0xea19Fe621592b9aF895f2d8d5Af7288C02FbBbF3,15,495.93,0.0,0.0,0.0,14.0,0.3
1790785800,0xebC11Ac4450E3eA74F5D65e5c0138A0C50a2DE4f,26,50381.3,0.0,0.0,0.0,0.0,7.55
1790785800,0xfE6e3099dc514A63bd2Fe79BD3d9e8a653bBAF06,8,23249.12,14252.69,201.6,0.0,7.03,1.87
1790786700,0x006C1E28F9A8423F57bd8eB8C1A5edcebb74EEd6,1,902.62,0.0,0.0,0.0,46.11,0.28
1790786700,0x01894eFdAADdfC8d15736aa50ff3C91D3f4AFC13,1,0.0,416.13,31.74,0.0,0.0,0.62
1790786700,0x15efc06FEa57Bda3ceA94A53D5426E78ed4651F3,6,31482.62,0.0,0.0,0.0,-6.14,4.72
1790786700,0x1f78Fb1234d2f9685fb35AcB1cf484eca83F8F63,3,1162.45,0.0,0.0,0.0,1.07,0.09
1790786700,0x21aa6DC573DA62abFD7E43C84bEF2DA4FE514053,3,349.51,0.0,0.0,0.0,8.28,0.0
1790786700,0x2Fd96bd26E7a3c694DBD5ae5E2C29249a83b8a98,39,102859.4,0.0,0.0,0.0,-70.38,0.0
1790786700,0x2d4a3304E17036c6A9dec27e0116730080a2Ef19,1,0.0,151.12,0.0,2.49,0.0,0.55
1790786700,0x3aAa2bB57a0eFeA8F6f89423A923f7107c33471B,17,180203.56,230985.19,7775.6,986.97,2058.51,1.8
1790786700,0x3bf64B8c8ce86abDBcF44Fa5a559E27eb9F63Efb,7,0.0,48154.13,87.81,1005.65,28.27,0.0
1790786700,0x3d24F6689fba1043554FF1692E7c3C51d9326184,1,0.0,22462.08,483.1,0.0,0.0,7.24
1790786700,0x477478a73da3995747DDC7169bd594D2Aa20d589,1,0.0,21522.71,446.4,0.0,0.0,6.96
1790786700,0x80e93386C24B88609919Fbfd6D47124184afBE57,5,285.04,151.12,2.49,0.0,-2.01,0.07
1790786700,0x8E87D8308D439c88dDF48762AA5D3C99b8366a3a,133,332871.88,0.0,0.0,0.0,-1444.42,25.65
1790786700,0x978e3eb7997a9575cdE1799176829073d2876Fb9,1,28880.88,0.0,0.0,0.0,0.0,4.34
1790786700,0x9b0cFA748c7Ca58CF2f17B396EdcFDdD1f74AD6E,4,0.0,177492.3,1326.87,545.88,0.0,27.62
1790786700,0xA0D678cb6F48CA52720232361BfB376C46c2c5B0,1,1408.88,0.0,0.0,0.0,0.0,0.14
1790786700,0xBC8015FA779be6ac91e5616f37e1768b8DbC16df,4,3033.83,0.0,0.0,0.0,73.2,0.46
1790786700,0xCDa43aF0E62ea12faE2BFF016557B6aB37Ec98B0,76,190075.61,0.0,0.0,0.0,0.0,56.99
1790786700,0xD15fB9d9FC203ED4530a0733546b4FB106C73f03,1,0.0,2402.48,0.0,68.0,0.0,1.22
1790786700,0xDAE696cf0C78e1D009c99C99A030b99E4E06C03b,5,810.59,1350.73,44.41,19.81,0.0,1.51
1790786700,0xE1DC5576b36c78C75e6Abf2E1B121Db20A6069b7,2,14999.45,0.0,0.0,0.0,253.7,0.0
1790786700,0xEAc2374016613765cF31afDB4AEB6f5d13a63726,2,0.0,16144.64,65.1,339.9,0.0,0.0
1790786700,0xEd36621aa98134b01d10005a912aA3Ff0E38ED3f,1,19.96,0.0,0.0,0.0,0.0,0.0
1790786700,0xF7957c8b20DbD3FcA93686B07679aee8e6755c43,7,25283.17,0.0,0.0,0.0,89.95,0.0
1790786700,0xdd63886819B221D37bBf6E63F626e6022550e75F,1,0.0,69637.52,0.0,7294.82,-867.5,21.39
1790786700,0xea19Fe621592b9aF895f2d8d5Af7288C02FbBbF3,25,824.62,0.0,0.0,0.0,29.21,0.5
1790786700,0xebC11Ac4450E3eA74F5D65e5c0138A0C50a2DE4f,27,50487.29,0.0,0.0,0.0,0.0,7.57
1790786700,0xf3aee1171f2D756922c1850f1E21a30ea71b581d,1,186.52,0.0,0.0,0.0,-6.46,0.07
1790786700,0xfE6e3099dc514A63bd2Fe79BD3d9e8a653bBAF06,6,18042.14,0.0,0.0,0.0,0.0,0.25
1790787600,0x006C1E28F9A8423F57bd8eB8C1A5edcebb74EEd6,2,1818.76,0.0,0.0,0.0,105.73,0.57
1790787600,0x15efc06FEa57Bda3ceA94A53D5426E78ed4651F3,11,54718.99,0.0,0.0,0.0,-784.47,8.21
1790787600,0x1c847e46576ba210189381C0c512C58278121d42,2,489.42,0.0,0.0,0.0,-27.03,0.0
1790787600,0x1f78Fb1234d2f9685fb35AcB1cf484eca83F8F63,3,199.64,1088.1,2.28,0.0,0.0,0.0
1790787600,0x1fD0876eEAaB1Af9BbF3EeB70064bc03bf111718,8,7319.38,0.0,0.0,0.0,-2.44,0.49
1790787600,0x21aa6DC573DA62abFD7E43C84bEF2DA4FE514053,3,1578.56,0.0,0.0,0.0,16.08,0.16
1790787600,0x2Fd96bd26E7a3c694DBD5ae5E2C29249a83b8a98,60,105749.69,0.0,0.0,0.0,-43.13,2.29
1790787600,0x2ee5D9A5B8cB7d503cE66c2A686c6C4Afa109dA3,1,0.0,0.53,0.0,0.0,0.0,0.0
1790787600,0x33DBB588727CB87559daad7189E73d4B13ED88Bf,6,0.0,182020.22,31480.0,36664.41,0.0,56.61
1790787600,0x3aAa2bB57a0eFeA8F6f89423A923f7107c33471B,38,105582.84,96269.31,36831.31,332.22,2.19,12.6
1790787600,0x3bf64B8c8ce86abDBcF44Fa5a559E27eb9F63Efb,4,0.0,138839.27,7028.0,31480.0,0.0,0.0
1790787600,0x5A1e548181e4Bb5298ef67A39248f6d888799886,2,0.0,8386.54,58.88,0.0,0.0,0.84
1790787600,0x80e93386C24B88609919Fbfd6D47124184afBE57,2,181.98,0.0,0.0,0.0,0.0,0.02
1790787600,0x8E87D8308D439c88dDF48762AA5D3C99b8366a3a,188,326988.29,0.0,0.0,0.0,-2528.6,4.32
1790787600,0xA48232D674F993126945B9158d8eD64320883567,1,0.0,9977.88,22.0,0.0,0.0,0.0
1790787600,0xA6A182E6EA1e8b448E0EC974Cee3497039F4aDB1,2,0.0,5383.32,332.22,166.9,0.0,1.31
1790787600,0xB90134C652814890691671c849381A0B3cdD0247,9,35920.23,0.0,0.0,0.0,557.72,10.81
1790787600,0xBC8015FA779be6ac91e5616f37e1768b8DbC16df,63,45309.28,0.0,0.0,0.0,1282.91,5.73
1790787600,0xCDa43aF0E62ea12faE2BFF016557B6aB37Ec98B0,64,165051.92,0.0,0.0,0.0,0.0,49.5
1790787600,0xD15fB9d9FC203ED4530a0733546b4FB106C73f03,1,0.0,2404.03,0.0,68.0,0.0,1.22
1790787600,0xE1DC5576b36c78C75e6Abf2E1B121Db20A6069b7,3,0.0,56367.0,0.0,6984.28,0.0,4.23
1790787600,0xEAc2374016613765cF31afDB4AEB6f5d13a63726,2,0.0,8386.54,0.0,58.88,0.0,0.63
1790787600,0xF7957c8b20DbD3FcA93686B07679aee8e6755c43,20,75448.2,0.0,0.0,0.0,59.91,0.0
1790787600,0xda50a7E41BEb66B2a613bc22a206fb1cF34FFaE2,1,0.0,0.53,0.0,0.0,0.0,0.0
1790787600,0xea19Fe621592b9aF895f2d8d5Af7288C02FbBbF3,39,1278.82,0.0,0.0,0.0,59.64,0.77
1790787600,0xebC11Ac4450E3eA74F5D65e5c0138A0C50a2DE4f,27,47140.29,0.0,0.0,0.0,0.0,7.07
1790787600,0xfE6e3099dc514A63bd2Fe79BD3d9e8a653bBAF06,2,21534.57,0.0,0.0,0.0,0.0,3.23
1790788500,0x15efc06FEa57Bda3ceA94A53D5426E78ed4651F3,15,147225.35,0.0,0.0,0.0,8.79,21.81
1790788500,0x1f78Fb1234d2f9685fb35AcB1cf484eca83F8F63,4,1297.93,0.0,0.0,0.0,1.17,0.08
1790788500,0x21aa6DC573DA62abFD7E43C84bEF2DA4FE514053,2,240.73,0.0,0.0,0.0,6.7,0.0
1790788500,0x2Fd96bd26E7a3c694DBD5ae5E2C29249a83b8a98,40,78580.17,0.0,0.0,0.0,44.85,0.71
1790788500,0x3aAa2bB57a0eFeA8F6f89423A923f7107c33471B,24,196578.91,0.0,0.0,0.0,-37.22,10.16
1790788500,0x4d51E18c9ad5131b653D0Bd7E416B50c0192f8fe,1,0.0,1269.12,14.34,0.0,-1.28,0.88
1790788500,0x80e93386C24B88609919Fbfd6D47124184afBE57,4,361.88,0.0,0.0,0.0,-5.21,0.04
1790788500,0x8E87D8308D439c88dDF48762AA5D3C99b8366a3a,118,444811.32,0.0,0.0,0.0,-859.7,16.62
1790788500,0xB90134C652814890691671c849381A0B3cdD0247,8,36252.83,0.0,0.0,0.0,593.9,10.91
1790788500,0xBC8015FA779be6ac91e5616f37e1768b8DbC16df,11,7773.49,1269.12,0.0,14.34,208.47,1.17
1790788500,0xCDa43aF0E62ea12faE2BFF016557B6aB37Ec98B0,55,125034.21,0.0,0.0,0.0,0.0,37.49
1790788500,0xF7957c8b20DbD3FcA93686B07679aee8e6755c43,4,8891.5,0.0,0.0,0.0,41.43,0.0
1790788500,0xebC11Ac4450E3eA74F5D65e5c0138A0C50a2DE4f,30,50376.84,0.0,0.0,0.0,0.0,7.55
1790789400,0x15efc06FEa57Bda3ceA94A53D5426E78ed4651F3,1,1982.06,0.0,0.0,0.0,0.0,0.3
1790789400,0x1f78Fb1234d2f9685fb35AcB1cf484eca83F8F63,3,1646.62,0.0,0.0,0.0,1.05,0.08
1790789400,0x1fD0876eEAaB1Af9BbF3EeB70064bc03bf111718,2,2672.8,0.0,0.0,0.0,-12.37,0.0
1790789400,0x21aa6DC573DA62abFD7E43C84bEF2DA4FE514053,3,725.88,0.0,0.0,0.0,4.37,0.06
1790789400,0x2Fd96bd26E7a3c694DBD5ae5E2C29249a83b8a98,35,96222.88,0.0,0.0,0.0,126.45,0.0
1790789400,0x3aAa2bB57a0eFeA8F6f89423A923f7107c33471B,40,121308.73,13421.34,0.0,709.71,-154.54,5.66
1790789400,0x80e93386C24B88609919Fbfd6D47124184afBE57,1,89.33,0.0,0.0,0.0,-0.48,0.01
1790789400,0x8E87D8308D439c88dDF48762AA5D3C99b8366a3a,116,311937.8,0.0,0.0,0.0,491.73,24.8
1790789400,0x8a96074Cd7712dCb21e04869F0F95Da1aA14609e,8,52666.77,0.0,0.0,0.0,22058.04,1.2
1790789400,0x9754E5734daf717E73E1DB643a1f4CF1D593cF5c,1,448.24,0.0,0.0,0.0,0.0,0.14
1790789400,0x978e3eb7997a9575cdE1799176829073d2876Fb9,1,1000.22,0.0,0.0,0.0,0.0,0.15
1790789400,0xA0D678cb6F48CA52720232361BfB376C46c2c5B0,1,1410.52,0.0,0.0,0.0,-14.09,0.14
1790789400,0xBC8015FA779be6ac91e5616f37e1768b8DbC16df,3,2001.73,0.0,0.0,0.0,33.83,0.3
1790789400,0xBc4713b3B41726541D373e57518012302FfBFAa7,1,0.0,198216.91,207.2,0.0,0.0,26.4
1790789400,0xCDa43aF0E62ea12faE2BFF016557B6aB37Ec98B0,51,100029.37,0.0,0.0,0.0,0.0,30.0
1790789400,0xE1DC5576b36c78C75e6Abf2E1B121Db20A6069b7,1,0.0,198216.91,0.0,207.2,-25.6,0.0
1790789400,0xF7957c8b20DbD3FcA93686B07679aee8e6755c43,1,2002.01,0.0,0.0,0.0,16.92,0.0
1790789400,0xa5e8d3d84cAE8807E4C4BDc98AeD1B8dcEA3c86C,1,0.0,13421.34,709.71,0.0,0.0,4.53
1790789400,0xebC11Ac4450E3eA74F5D65e5c0138A0C50a2DE4f,31,50268.54,0.0,0.0,0.0,0.0,7.54
1790789400,0xfE6e3099dc514A63bd2Fe79BD3d9e8a653bBAF06,15,53605.42,0.0,0.0,0.0,-284.48,4.82
1790790300,0x01894eFdAADdfC8d15736aa50ff3C91D3f4AFC13,1,0.0,1873.84,151.62,0.0,0.0,0.19
1790790300,0x15efc06FEa57Bda3ceA94A53D5426E78ed4651F3,12,77741.0,0.0,0.0,0.0,246.07,11.65
1790790300,0x1f78Fb1234d2f9685fb35AcB1cf484eca83F8F63,1,550.8,0.0,0.0,0.0,1.52,0.08
1790790300,0x21aa6DC573DA62abFD7E43C84bEF2DA4FE514053,10,2635.59,0.0,0.0,0.0,14.07,0.23
1790790300,0x2Fd96bd26E7a3c694DBD5ae5E2C29249a83b8a98,29,68275.85,0.0,0.0,0.0,20.17,0.15
1790790300,0x3aAa2bB57a0eFeA8F6f89423A923f7107c33471B,24,108981.59,13497.22,310.58,346.97,-92.8,2.35
1790790300,0x603766b471C34aB062c9D2ce229cf0BDa3Ea32fC,1,0.0,889.53,0.0,52.68,0.0,0.77
1790790300,0x624B3a54EbCac879cAeddba4e2ac32B6F2DB6321,7,21458.8,10715.35,3493.6,174.4,0.0,8.56
1790790300,0x8E87D8308D439c88dDF48762AA5D3C99b8366a3a,85,314512.31,0.0,0.0,0.0,38.97,22.8
1790790300,0x8a96074Cd7712dCb21e04869F0F95Da1aA14609e,8,48172.77,0.0,0.0,0.0,15778.89,0.0
1790790300,0xB90134C652814890691671c849381A0B3cdD0247,3,16109.47,0.0,0.0,0.0,110.11,4.85
1790790300,0xBC8015FA779be6ac91e5616f37e1768b8DbC16df,1,997.83,0.0,0.0,0.0,0.0,0.15
1790790300,0xCDa43aF0E62ea12faE2BFF016557B6aB37Ec98B0,17,35008.96,0.0,0.0,0.0,0.0,10.5
1790790300,0xDb227793EbCD52d469D1c3813b6943188F1F335f,2,0.0,12607.69,346.97,257.9,0.0,3.02
1790790300,0xE1DC5576b36c78C75e6Abf2E1B121Db20A6069b7,1,0.0,1873.84,0.0,151.62,-28.58,0.14
1790790300,0xebC11Ac4450E3eA74F5D65e5c0138A0C50a2DE4f,30,50277.91,10715.35,174.4,3493.6,0.0,7.54
1790791200,0x01894eFdAADdfC8d15736aa50ff3C91D3f4AFC13,2,0.0,2885.43,168.79,0.0,0.0,1.87
1790791200,0x07E10F3Aa5A90Ce524d045C0d4ba6703F4FCd8Da,1,0.0,594.47,3.0,0.0,0.0,0.68
1790791200,0x15efc06FEa57Bda3ceA94A53D5426E78ed4651F3,5,5427.08,0.0,0.0,0.0,-0.39,0.81
1790791200,0x1c847e46576ba210189381C0c512C58278121d42,1,0.0,594.47,0.0,3.0,0.0,0.0
1790791200,0x21aa6DC573DA62abFD7E43C84bEF2DA4FE514053,2,748.49,0.0,0.0,0.0,5.59,0.0
1790791200,0x260453e2900152fc04d0F1ae204B81A0F917e6b7,1,0.0,4829.84,1.98,0.0,20.68,0.25
1790791200,0x2Fd96bd26E7a3c694DBD5ae5E2C29249a83b8a98,17,48687.03,0.0,0.0,0.0,-6.99,0.0
1790791200,0x3aAa2bB57a0eFeA8F6f89423A923f7107c33471B,18,137840.76,0.0,0.0,0.0,-317.41,0.92
1790791200,0x3bf64B8c8ce86abDBcF44Fa5a559E27eb9F63Efb,1,0.0,1679.05,0.0,72.04,0.0,0.0
1790791200,0x603766b471C34aB062c9D2ce229cf0BDa3Ea32fC,1,0.0,887.48,0.0,27.3,0.0,0.09
1790791200,0x624B3a54EbCac879cAeddba4e2ac32B6F2DB6321,18,20635.42,57365.61,17361.3,419.25,0.0,17.33
1790791200,0x7e040FC3950CeccCf16055aeA756a7a39c394CDC,1,0.0,887.48,27.3,0.0,-4.27,0.07
1790791200,0x80e93386C24B88609919Fbfd6D47124184afBE57,1,88.43,0.0,0.0,0.0,0.39,0.04
1790791200,0x8E87D8308D439c88dDF48762AA5D3C99b8366a3a,48,239293.48,0.0,0.0,0.0,130.4,25.16
1790791200,0x978e3eb7997a9575cdE1799176829073d2876Fb9,5,36210.94,0.0,0.0,0.0,276.28,5.25
1790791200,0xBC8015FA779be6ac91e5616f37e1768b8DbC16df,3,1176.73,0.0,0.0,0.0,8.24,0.18
1790791200,0xE1DC5576b36c78C75e6Abf2E1B121Db20A6069b7,2,0.0,17992.83,25.2,96.75,-19.0,0.0
1790791200,0xEAc2374016613765cF31afDB4AEB6f5d13a63726,1,0.0,4829.84,0.0,1.98,0.0,0.25
1790791200,0xEd36621aa98134b01d10005a912aA3Ff0E38ED3f,2,39.82,0.0,0.0,0.0,0.0,0.0
1790791200,0xF7957c8b20DbD3FcA93686B07679aee8e6755c43,1,200.1,0.0,0.0,0.0,1.94,0.0
1790791200,0xbb05319CD62Ff29BdEC1567718d12B1da3b66aEe,1,0.0,16786.45,0.0,25.2,0.0,3.65
1790791200,0xebC11Ac4450E3eA74F5D65e5c0138A0C50a2DE4f,24,26807.33,57365.61,419.25,17361.3,3.6,4.02
1790791200,0xfE6e3099dc514A63bd2Fe79BD3d9e8a653bBAF06,4,26559.1,0.0,0.0,0.0,102.46,1.33
1790792100,0x01894eFdAADdfC8d15736aa50ff3C91D3f4AFC13,1,0.0,482.14,38.68,0.0,0.0,0.05
1790792100,0x15efc06FEa57Bda3ceA94A53D5426E78ed4651F3,12,101113.47,0.0,0.0,0.0,503.53,15.16
1790792100,0x21aa6DC573DA62abFD7E43C84bEF2DA4FE514053,5,1188.49,0.0,0.0,0.0,5.71,0.09
1790792100,0x2Fd96bd26E7a3c694DBD5ae5E2C29249a83b8a98,18,39138.05,0.0,0.0,0.0,16.83,0.0
1790792100,0x3aAa2bB57a0eFeA8F6f89423A923f7107c33471B,28,99638.76,0.0,0.0,0.0,-68.45,9.43
1790792100,0x3bf64B8c8ce86abDBcF44Fa5a559E27eb9F63Efb,63,204286.52,8908.46,0.0,609.0,16272.12,14.14
1790792100,0x55fC1a187CB29DDbbA27C33A07222862BCedb30e,1,0.0,41973.76,51.0,0.0,0.0,6.88
1790792100,0x57D20F8aF5875aD611dC836f78e4992DDA5E6073,1,0.0,401.99,0.0,2.02,0.24,0.0
1790792100,0x624B3a54EbCac879cAeddba4e2ac32B6F2DB6321,13,24116.67,32143.54,10472.7,369.3,0.0,13.08
1790792100,0x7e040FC3950CeccCf16055aeA756a7a39c394CDC,1,0.0,8908.46,609.0,0.0,-210.26,0.67
1790792100,0x80e93386C24B88609919Fbfd6D47124184afBE57,1,89.22,0.0,0.0,0.0,0.0,0.01
1790792100,0x8B6458eC2E52f0281A413A2D7414ad7C6fc7eE8C,2,0.0,4419.32,24.23,0.0,0.0,2.33
1790792100,0x8E87D8308D439c88dDF48762AA5D3C99b8366a3a,94,396097.23,0.0,0.0,0.0,418.04,30.13
1790792100,0x978e3eb7997a9575cdE1799176829073d2876Fb9,10,15961.25,0.0,0.0,0.0,94.44,0.08
1790792100,0xB90134C652814890691671c849381A0B3cdD0247,8,30825.85,0.0,0.0,0.0,166.91,9.28
1790792100,0xBC8015FA779be6ac91e5616f37e1768b8DbC16df,1,0.0,4017.33,0.0,22.2,-48.8,0.0
1790792100,0xE1DC5576b36c78C75e6Abf2E1B121Db20A6069b7,5,49995.08,8868.86,10.6,38.68,542.57,0.04
1790792100,0xEAc2374016613765cF31afDB4AEB6f5d13a63726,1,0.0,41973.76,0.0,51.0,0.0,0.0
1790792100,0xF7957c8b20DbD3FcA93686B07679aee8e6755c43,12,21027.05,0.0,0.0,0.0,189.3,0.0
1790792100,0xbb05319CD62Ff29BdEC1567718d12B1da3b66aEe,1,0.0,8386.72,0.0,10.6,0.0,1.82
1790792100,0xebC11Ac4450E3eA74F5D65e5c0138A0C50a2DE4f,4,0.0,32143.54,369.3,10472.7,0.0,0.0
1790793000,0x006C1E28F9A8423F57bd8eB8C1A5edcebb74EEd6,1,890.93,0.0,0.0,0.0,34.42,0.28
1790793000,0x07E10F3Aa5A90Ce524d045C0d4ba6703F4FCd8Da,1,0.0,593.71,3.0,0.0,0.0,0.68
1790793000,0x0B9Dab5cfa4d32C029169c7617A7397e894aD042,1,0.0,481.26,9.79,0.0,0.0,0.64
1790793000,0x1432bc666deabbcaeD28511dF2E9299e6427c81D,2,16620.84,0.0,0.0,0.0,-131.02,5.01
1790793000,0x15efc06FEa57Bda3ceA94A53D5426E78ed4651F3,58,714248.19,0.0,0.0,0.0,4817.54,107.13
1790793000,0x21aa6DC573DA62abFD7E43C84bEF2DA4FE514053,5,1554.85,0.0,0.0,0.0,9.23,0.12
1790793000,0x2Fd96bd26E7a3c694DBD5ae5E2C29249a83b8a98,84,222206.57,0.0,0.0,0.0,128.13,0.0
1790793000,0x3aAa2bB57a0eFeA8F6f89423A923f7107c33471B,59,347555.63,0.0,0.0,0.0,-842.53,43.06
1790793000,0x3bf64B8c8ce86abDBcF44Fa5a559E27eb9F63Efb,445,1187381.95,0.0,0.0,0.0,93204.83,138.75
1790793000,0x8B6458eC2E52f0281A413A2D7414ad7C6fc7eE8C,1,0.0,938.1,5.04,0.0,0.0,0.78
1790793000,0x8E87D8308D439c88dDF48762AA5D3C99b8366a3a,216,1115493.25,0.0,0.0,0.0,2085.35,47.61
1790793000,0x978e3eb7997a9575cdE1799176829073d2876Fb9,93,194704.38,0.0,0.0,0.0,1438.54,1.11
1790793000,0xBC8015FA779be6ac91e5616f37e1768b8DbC16df,4,1002.27,2013.06,0.0,17.83,6.01,0.15
1790793000,0xF7957c8b20DbD3FcA93686B07679aee8e6755c43,149,285633.59,0.0,0.0,0.0,2849.58,0.0
1790793000,0xfE6e3099dc514A63bd2Fe79BD3d9e8a653bBAF06,3,8962.41,0.0,0.0,0.0,0.0,1.34
1790793900,0x006C1E28F9A8423F57bd8eB8C1A5edcebb74EEd6,1,896.0,0.0,0.0,0.0,39.49,0.28
1790793900,0x15efc06FEa57Bda3ceA94A53D5426E78ed4651F3,108,412336.35,0.0,0.0,0.0,1705.81,61.57
1790793900,0x21aa6DC573DA62abFD7E43C84bEF2DA4FE514053,4,1235.88,0.0,0.0,0.0,5.72,0.14
1790793900,0x228BE2c54E8687Ede6DA02C7F3C60E315fb42fF7,1,0.0,2673.4,304.3,0.0,0.0,1.3
1790793900,0x2Fd96bd26E7a3c694DBD5ae5E2C29249a83b8a98,112,249101.56,0.0,0.0,0.0,-0.57,0.19
1790793900,0x3aAa2bB57a0eFeA8F6f89423A923f7107c33471B,35,191201.46,0.0,0.0,0.0,-292.68,16.18
1790793900,0x3bf64B8c8ce86abDBcF44Fa5a559E27eb9F63Efb,529,1173848.29,0.0,0.0,0.0,92387.14,157.11
1790793900,0x8E87D8308D439c88dDF48762AA5D3C99b8366a3a,269,843917.94,0.0,0.0,0.0,1153.17,52.57
1790793900,0x978e3eb7997a9575cdE1799176829073d2876Fb9,137,255414.5,0.0,0.0,0.0,1810.4,0.45
1790793900,0xBC8015FA779be6ac91e5616f37e1768b8DbC16df,5,4004.69,0.0,0.0,0.0,74.56,0.6
1790793900,0xE1DC5576b36c78C75e6Abf2E1B121Db20A6069b7,1,0.0,2673.4,0.0,304.3,0.0,0.0
1790793900,0xEA2Eec3dc92E860ca7c00DDa51f1AfbCD1fC2E73,53,100668.08,0.0,0.0,0.0,-2591.27,0.0
1790793900,0xF7957c8b20DbD3FcA93686B07679aee8e6755c43,54,106072.13,0.0,0.0,0.0,1041.04,0.0
1790793900,0xf891E8e31E2e476Ce4ed2C6CE2a5138fd4033630,3,5653.98,0.0,0.0,0.0,-1207.16,1.72
1790793900,0xfE6e3099dc514A63bd2Fe79BD3d9e8a653bBAF06,2,4483.16,0.0,0.0,0.0,0.0,0.67
1790794800,0x001864F4859D68Ba61B05A11dF1C69456FA88cc4,1,0.0,2673.77,2.5,0.0,0.0,0.27
1790794800,0x137c5E253d961e482D86f44DAb36071406D082A0,1,0.0,106950.97,100.0,0.0,939.0,0.0
1790794800,0x15efc06FEa57Bda3ceA94A53D5426E78ed4651F3,216,721156.35,0.0,0.0,0.0,0.0,108.2
1790794800,0x1c847e46576ba210189381C0c512C58278121d42,1,0.0,899.25,0.0,4.1,0.0,0.0
1790794800,0x21aa6DC573DA62abFD7E43C84bEF2DA4FE514053,2,809.39,0.0,0.0,0.0,4.61,0.08
1790794800,0x2Fd96bd26E7a3c694DBD5ae5E2C29249a83b8a98,130,266819.51,0.0,0.0,0.0,-19.15,0.0
1790794800,0x38f922790c3Ee29602Ac5c60DE7b21360a4500be,1,0.0,1787048.81,0.0,19536.32,-30670.67,536.61
1790794800,0x3aAa2bB57a0eFeA8F6f89423A923f7107c33471B,37,330350.29,0.0,0.0,0.0,-645.4,10.53
1790794800,0x3bf64B8c8ce86abDBcF44Fa5a559E27eb9F63Efb,477,1231801.22,1787048.81,19536.32,0.0,118002.46,153.23
1790794800,0x71BD4A4A110BaA2bCa2571392f888f996E94169D,1,0.0,900.07,50.6,0.0,0.0,0.09
1790794800,0x7e040FC3950CeccCf16055aeA756a7a39c394CDC,5,0.0,122066.87,0.0,623.0,0.0,9.16
1790794800,0x80e93386C24B88609919Fbfd6D47124184afBE57,4,269.42,898.55,0.0,31.2,-3.27,0.2
1790794800,0x87c0A21C801e18D3e7C6c57DD46eF3E1ee4EC303,1,0.0,898.55,31.2,0.0,0.0,0.77
1790794800,0x8D5f700b99Edc6f70217ddcFaa5AB3F85261c647,4,0.0,3595.01,50.3,150.4,0.0,1.04
1790794800,0x8E87D8308D439c88dDF48762AA5D3C99b8366a3a,300,1098425.23,0.0,0.0,0.0,485.9,66.22
1790794800,0x978e3eb7997a9575cdE1799176829073d2876Fb9,94,205593.76,0.0,0.0,0.0,1369.74,0.0
1790794800,0x9b0cFA748c7Ca58CF2f17B396EdcFDdD1f74AD6E,2,0.0,21394.74,128.8,42.8,0.0,3.71
1790794800,0xA48232D674F993126945B9158d8eD64320883567,1,0.0,4945.88,0.0,22.0,0.0,0.0
1790794800,0xBC8015FA779be6ac91e5616f37e1768b8DbC16df,5,3993.62,1798.5,0.0,9.6,67.01,0.0
1790794800,0xD1277d5fc6f804b796CDCf5926E35117e454bF38,3,26754.63,26766.69,0.0,36.0,-65.0,13.04
1790794800,0xE1DC5576b36c78C75e6Abf2E1B121Db20A6069b7,4,0.0,137291.49,36.0,153.1,0.0,8.29
1790794800,0xE5013566C7b737E53B5a1640a3277C68248a465C,24,0.0,337609.4,1765.15,0.0,0.0,36.56
1790794800,0xE89544E0ef15934509c2240f65eB611be3E47a65,1,1347.93,0.0,0.0,0.0,0.0,0.41
1790794800,0xEAc2374016613765cF31afDB4AEB6f5d13a63726,15,0.0,138279.12,42.8,778.8,-31.32,8.77
1790794800,0xEd36621aa98134b01d10005a912aA3Ff0E38ED3f,6,119.71,0.0,0.0,0.0,0.89,0.0
1790794800,0xF7957c8b20DbD3FcA93686B07679aee8e6755c43,77,201007.76,0.0,0.0,0.0,2061.02,0.0
1790794800,0xb919aCEDE6aD150683Fb4b081724a990198b8781,1,1992.28,0.0,0.0,0.0,19.54,0.61
1790794800,0xea19Fe621592b9aF895f2d8d5Af7288C02FbBbF3,1,0.0,1349.55,0.0,6.45,-17.22,0.13
1790794800,0xebC11Ac4450E3eA74F5D65e5c0138A0C50a2DE4f,4,0.0,3595.01,150.4,50.3,0.0,0.0
1790794800,0xf891E8e31E2e476Ce4ed2C6CE2a5138fd4033630,1,1677.28,0.0,0.0,0.0,-357.76,0.51
1790794800,0xfE6e3099dc514A63bd2Fe79BD3d9e8a653bBAF06,10,29769.39,89664.97,0.0,450.0,-13.84,11.19
1790795700,0x0320D502b0F5Ab31c1d851fD31C93a3A36412A9F,1,0.0,2057.89,337.72,0.0,0.0,1.12
1790795700,0x15efc06FEa57Bda3ceA94A53D5426E78ed4651F3,28,106769.78,0.0,0.0,0.0,35.46,12.29
1790795700,0x1c847e46576ba210189381C0c512C58278121d42,1,995.55,0.0,0.0,0.0,-36.53,0.0
1790795700,0x1fD0876eEAaB1Af9BbF3EeB70064bc03bf111718,1,589.19,0.0,0.0,0.0,0.0,0.0
1790795700,0x2Fd96bd26E7a3c694DBD5ae5E2C29249a83b8a98,56,108609.07,0.0,0.0,0.0,-13.66,0.0
1790795700,0x3aAa2bB57a0eFeA8F6f89423A923f7107c33471B,25,193581.6,4730.45,15.1,337.72,-118.84,6.01
1790795700,0x3bf64B8c8ce86abDBcF44Fa5a559E27eb9F63Efb,599,1167713.26,749162.63,59.96,11969.44,89788.55,173.26
1790795700,0x4BC7fD2C20D81dfe58C9f6f9055fa4C4700f8c13,1,0.0,267.14,6.95,0.0,0.0,0.58
1790795700,0x51efa467CC3B762063bfBE86Ee812E4D51193F68,1,1322.09,0.0,0.0,0.0,-7.37,0.41
1790795700,0x60b6b61D8E0F2ae6d1a389C2774915A1588eE4F0,1,0.0,837.24,22.59,0.0,0.0,0.75
1790795700,0x7e040FC3950CeccCf16055aeA756a7a39c394CDC,5,0.0,89652.4,0.0,220.0,0.0,6.72
1790795700,0x87c0A21C801e18D3e7C6c57DD46eF3E1ee4EC303,2,0.0,2399.79,58.31,59.96,25.03,1.72
1790795700,0x8B6458eC2E52f0281A413A2D7414ad7C6fc7eE8C,1,0.0,2672.56,0.0,15.1,-2.39,1.3
1790795700,0x8E87D8308D439c88dDF48762AA5D3C99b8366a3a,255,789672.93,0.0,0.0,0.0,779.35,55.15
1790795700,0x9586AaeC3Ba7D23D153dE07442378A16355F7Fc3,1,0.0,16030.1,41.4,0.0,0.0,5.31
1790795700,0x978e3eb7997a9575cdE1799176829073d2876Fb9,85,145734.55,0.0,0.0,0.0,880.55,0.09
1790795700,0xA48232D674F993126945B9158d8eD64320883567,1,0.0,4946.76,0.0,12.1,0.0,0.0
1790795700,0xBC8015FA779be6ac91e5616f37e1768b8DbC16df,21,19366.57,0.0,0.0,0.0,341.35,0.0
1790795700,0xD1277d5fc6f804b796CDCf5926E35117e454bF38,1,21356.08,0.0,0.0,0.0,-99.61,6.42
1790795700,0xE0b1503e640D97CACaeeaCeB281B4B04502b8eA8,1,0.0,668.16,10.05,0.0,0.0,0.07
1790795700,0xE1DC5576b36c78C75e6Abf2E1B121Db20A6069b7,3,0.0,16965.4,0.0,58.4,-0.89,0.05
1790795700,0xE5013566C7b737E53B5a1640a3277C68248a465C,7,0.0,840407.0,12115.21,0.0,0.0,235.19
1790795700,0xEA2Eec3dc92E860ca7c00DDa51f1AfbCD1fC2E73,204,506004.03,0.0,0.0,0.0,-11806.47,34.34
1790795700,0xEd36621aa98134b01d10005a912aA3Ff0E38ED3f,1,19.94,0.0,0.0,0.0,-0.01,0.0
1790795700,0xF7957c8b20DbD3FcA93686B07679aee8e6755c43,75,153263.72,0.0,0.0,0.0,1856.12,0.0
1790795700,0xc64B06581bf001Fc439fABc86FC9191EBf3bf607,1,0.0,117.76,5.43,0.0,0.0,0.54
1790796600,0x15efc06FEa57Bda3ceA94A53D5426E78ed4651F3,42,180066.16,0.0,0.0,0.0,0.0,24.01
1790796600,0x1fD0876eEAaB1Af9BbF3EeB70064bc03bf111718,1,401.64,0.0,0.0,0.0,0.0,0.0
1790796600,0x2Fd96bd26E7a3c694DBD5ae5E2C29249a83b8a98,78,161584.87,0.0,0.0,0.0,-7.43,0.0
1790796600,0x3aAa2bB57a0eFeA8F6f89423A923f7107c33471B,24,142642.74,0.0,0.0,0.0,-393.89,16.11
1790796600,0x3bf64B8c8ce86abDBcF44Fa5a559E27eb9F63Efb,626,1185125.42,236.14,0.0,49.75,92221.43,174.55
1790796600,0x8630D9A6d2bB2672e61073c87cAdF89d70d28472,2,0.0,83813.67,1404.0,185.5,0.0,13.07
1790796600,0x8C3f32E0cE7c3451AdA37D2506E8b75bdFf49354,2,0.0,62839.35,10.75,0.0,0.0,1.84
1790796600,0x8E87D8308D439c88dDF48762AA5D3C99b8366a3a,238,735137.52,0.0,0.0,0.0,111.39,48.39
1790796600,0x978e3eb7997a9575cdE1799176829073d2876Fb9,84,152018.14,0.0,0.0,0.0,0.0,0.69
1790796600,0xB90134C652814890691671c849381A0B3cdD0247,2,4007.73,0.0,0.0,0.0,36.22,1.21
1790796600,0xBC8015FA779be6ac91e5616f37e1768b8DbC16df,55,52311.85,0.0,0.0,0.0,476.68,0.06
1790796600,0xEA2Eec3dc92E860ca7c00DDa51f1AfbCD1fC2E73,62,148263.04,0.0,0.0,0.0,-3551.59,6.37
1790796600,0xEAc2374016613765cF31afDB4AEB6f5d13a63726,2,0.0,62839.35,0.0,10.75,0.0,1.06
1790796600,0xF7957c8b20DbD3FcA93686B07679aee8e6755c43,166,265965.6,0.0,0.0,0.0,663.0,0.0
1790796600,0xb919aCEDE6aD150683Fb4b081724a990198b8781,1,1090.0,0.0,0.0,0.0,8.88,0.34
1790796600,0xc64B06581bf001Fc439fABc86FC9191EBf3bf607,1,0.0,236.14,49.75,0.0,0.0,0.57
1790796600,0xebC11Ac4450E3eA74F5D65e5c0138A0C50a2DE4f,2,0.0,83813.67,185.5,1404.0,0.0,0.0
1790797500,0x0D0FF3a1a018cc7f67FD948E3D1C8eC76ca49263,1,0.0,21346.83,5.6,0.0,0.0,0.7
1790797500,0x137c5E253d961e482D86f44DAb36071406D082A0,2,0.0,53436.29,5068.32,4058.77,0.0,4.26
1790797500,0x15efc06FEa57Bda3ceA94A53D5426E78ed4651F3,19,138415.09,0.0,0.0,0.0,-1.7,20.6
1790797500,0x1c847e46576ba210189381C0c512C58278121d42,1,995.04,0.0,0.0,0.0,-37.04,0.0
1790797500,0x1f78Fb1234d2f9685fb35AcB1cf484eca83F8F63,3,1619.43,0.0,0.0,0.0,0.0,0.0
1790797500,0x1fD0876eEAaB1Af9BbF3EeB70064bc03bf111718,3,2598.46,0.0,0.0,0.0,0.0,0.0
1790797500,0x21aa6DC573DA62abFD7E43C84bEF2DA4FE514053,4,862.4,0.0,0.0,0.0,2.79,0.09
1790797500,0x2Fd96bd26E7a3c694DBD5ae5E2C29249a83b8a98,122,243278.03,0.0,0.0,0.0,-88.25,0.0
1790797500,0x3aAa2bB57a0eFeA8F6f89423A923f7107c33471B,49,309005.48,20044.98,5514.21,4334.78,-733.98,20.56
1790797500,0x3bf64B8c8ce86abDBcF44Fa5a559E27eb9F63Efb,589,1189444.58,54025.47,4058.77,5077.7,90330.15,147.43
1790797500,0x80e93386C24B88609919Fbfd6D47124184afBE57,1,88.67,0.0,0.0,0.0,0.23,0.01
1790797500,0x8C3f32E0cE7c3451AdA37D2506E8b75bdFf49354,1,0.0,20944.39,2.25,0.0,0.0,0.78
1790797500,0x8E87D8308D439c88dDF48762AA5D3C99b8366a3a,336,1083636.06,0.0,0.0,0.0,-200.04,83.99
1790797500,0x9162bC7e6586a2b197c7b1AcFf47C0fE31DAD0C8,1,799.07,0.0,0.0,0.0,1.01,0.0
1790797500,0x978e3eb7997a9575cdE1799176829073d2876Fb9,46,74840.53,0.0,0.0,0.0,0.0,0.0
1790797500,0xB90134C652814890691671c849381A0B3cdD0247,126,283858.99,0.0,0.0,0.0,3261.67,85.97
1790797500,0xBC8015FA779be6ac91e5616f37e1768b8DbC16df,30,27682.0,0.0,0.0,0.0,17.43,0.3
1790797500,0xEA2Eec3dc92E860ca7c00DDa51f1AfbCD1fC2E73,123,280764.67,0.0,0.0,0.0,-6163.49,1.37
1790797500,0xEAc2374016613765cF31afDB4AEB6f5d13a63726,2,0.0,42291.22,0.0,7.85,0.0,0.7
1790797500,0xEd36621aa98134b01d10005a912aA3Ff0E38ED3f,1,19.86,0.0,0.0,0.0,-0.01,0.0
1790797500,0xF7957c8b20DbD3FcA93686B07679aee8e6755c43,69,132582.2,0.0,0.0,0.0,0.0,0.0
1790797500,0xb919aCEDE6aD150683Fb4b081724a990198b8781,1,836.21,0.0,0.0,0.0,9.26,0.08
1790797500,0xbcF116Bfd10F95dF9bd5286cf540A4D99acDd6C9,2,0.0,20044.98,4334.78,5514.21,0.0,3.51
1790797500,0xc64B06581bf001Fc439fABc86FC9191EBf3bf607,1,0.0,589.19,9.38,0.0,0.0,0.68
1790797500,0xfE6e3099dc514A63bd2Fe79BD3d9e8a653bBAF06,11,39997.18,0.0,0.0,0.0,21.78,6.0
1790798400,0x1f78Fb1234d2f9685fb35AcB1cf484eca83F8F63,4,2201.17,0.0,0.0,0.0,2.17,0.17
1790798400,0x1fD0876eEAaB1Af9BbF3EeB70064bc03bf111718,4,3214.19,0.0,0.0,0.0,7.86,0.0
1790798400,0x20E352D7179657B32e0e530054933c19F2A1CFa5,3,7463.43,0.0,0.0,0.0,0.0,2.25
1790798400,0x21aa6DC573DA62abFD7E43C84bEF2DA4FE514053,5,884.87,0.0,0.0,0.0,4.56,0.08
1790798400,0x2B3A54aF857Ebee0ae9cBebD13714AFD3DA9e62E,1,0.0,892.02,24.1,0.0,0.0,0.09
1790798400,0x2Fd96bd26E7a3c694DBD5ae5E2C29249a83b8a98,137,235835.08,0.0,0.0,0.0,-0.15,0.0
1790798400,0x3aAa2bB57a0eFeA8F6f89423A923f7107c33471B,42,141271.74,29436.94,3316.7,0.0,24.99,10.35
1790798400,0x3bf64B8c8ce86abDBcF44Fa5a559E27eb9F63Efb,465,1042945.54,0.0,0.0,0.0,78775.45,85.51
1790798400,0x6Cf144eb80f885376Ce31c87521c2f34E0887431,2,68.08,0.0,0.0,0.0,-0.19,0.04
1790798400,0x8B6458eC2E52f0281A413A2D7414ad7C6fc7eE8C,2,0.0,5339.31,62.8,16.7,-0.79,2.6
1790798400,0x8E87D8308D439c88dDF48762AA5D3C99b8366a3a,368,1009154.32,0.0,0.0,0.0,301.65,68.92
1790798400,0x9162bC7e6586a2b197c7b1AcFf47C0fE31DAD0C8,1,799.94,0.0,0.0,0.0,0.13,0.0
1790798400,0x978e3eb7997a9575cdE1799176829073d2876Fb9,50,117011.6,0.0,0.0,0.0,-273.41,5.29
1790798400,0xB90134C652814890691671c849381A0B3cdD0247,224,492004.2,0.0,0.0,0.0,5401.9,149.02
1790798400,0xBC8015FA779be6ac91e5616f37e1768b8DbC16df,10,5133.95,2669.87,0.0,62.8,15.12,0.15
1790798400,0xCDa43aF0E62ea12faE2BFF016557B6aB37Ec98B0,57,120003.12,0.0,0.0,0.0,-6462.36,36.05
1790798400,0xCe73656b6C7275248B0125c1609E2a62Bd601e57,1,0.0,888.71,16.0,0.0,0.0,0.09
1790798400,0xE1DC5576b36c78C75e6Abf2E1B121Db20A6069b7,5,0.0,28548.23,0.0,3340.1,0.0,2.14
1790798400,0xEA2Eec3dc92E860ca7c00DDa51f1AfbCD1fC2E73,65,194810.25,0.0,0.0,0.0,-4122.48,16.64
1790798400,0xF7957c8b20DbD3FcA93686B07679aee8e6755c43,24,73690.48,0.0,0.0,0.0,0.0,0.0
1790799300,0x15efc06FEa57Bda3ceA94A53D5426E78ed4651F3,1,5005.27,0.0,0.0,0.0,0.0,0.75
1790799300,0x1f78Fb1234d2f9685fb35AcB1cf484eca83F8F63,1,121.4,0.0,0.0,0.0,0.01,0.0
1790799300,0x1fD0876eEAaB1Af9BbF3EeB70064bc03bf111718,4,3765.65,0.0,0.0,0.0,12.48,0.32
1790799300,0x20E352D7179657B32e0e530054933c19F2A1CFa5,3,7488.97,0.0,0.0,0.0,21.04,2.26
1790799300,0x21aa6DC573DA62abFD7E43C84bEF2DA4FE514053,3,317.84,0.0,0.0,0.0,5.99,0.0
1790799300,0x2Fd96bd26E7a3c694DBD5ae5E2C29249a83b8a98,52,100948.6,0.0,0.0,0.0,101.63,0.0
1790799300,0x31C4f0EE152Bb7c144C46982431E1FF3402A366D,1,0.0,15672.81,2999.62,0.0,0.0,1.57
1790799300,0x3aAa2bB57a0eFeA8F6f89423A923f7107c33471B,50,125706.66,147713.42,9836.0,8225.7,-552.1,10.35
1790799300,0x3bf64B8c8ce86abDBcF44Fa5a559E27eb9F63Efb,369,1241413.55,0.0,0.0,0.0,96866.5,5.2
1790799300,0x4EEe431B6801a34025a535b7395336006593390C,1,0.0,715.6,0.0,0.0,0.0,0.36
1790799300,0x624B3a54EbCac879cAeddba4e2ac32B6F2DB6321,8,8367.98,25108.76,6877.0,217.0,0.0,7.8
1790799300,0x80e93386C24B88609919Fbfd6D47124184afBE57,1,89.63,0.0,0.0,0.0,0.0,0.01
1790799300,0x856A51F30c42Fa8De28be8D4De9C139063fC50d5,1,0.0,715.6,0.0,0.0,-8.03,1.07
1790799300,0x8E87D8308D439c88dDF48762AA5D3C99b8366a3a,336,839223.55,0.0,0.0,0.0,618.11,18.44
1790799300,0x9162bC7e6586a2b197c7b1AcFf47C0fE31DAD0C8,5,3275.57,0.0,0.0,0.0,4.27,0.25
1790799300,0x9415A9313b1c62949547a5ac3633CE869BdAD925,1,0.0,26745.09,605.0,0.0,0.0,0.0
1790799300,0x978e3eb7997a9575cdE1799176829073d2876Fb9,26,79489.28,0.0,0.0,0.0,192.29,0.0
1790799300,0xB90134C652814890691671c849381A0B3cdD0247,951,2602969.94,0.0,0.0,0.0,20441.23,788.08
1790799300,0xBC8015FA779be6ac91e5616f37e1768b8DbC16df,9,7506.02,0.0,0.0,0.0,177.03,0.9
1790799300,0xCDa43aF0E62ea12faE2BFF016557B6aB37Ec98B0,48,125004.4,0.0,0.0,0.0,-6970.94,37.53
1790799300,0xE1DC5576b36c78C75e6Abf2E1B121Db20A6069b7,19,14999.66,174458.5,8225.7,10441.0,138.42,13.08
1790799300,0xEAc2374016613765cF31afDB4AEB6f5d13a63726,1,0.0,15672.81,0.0,2999.62,0.0,1.18
1790799300,0xF7957c8b20DbD3FcA93686B07679aee8e6755c43,316,761967.4,0.0,0.0,0.0,156.01,0.0
1790799300,0xe52cC7980fEAb12d41AB4a97eD13e5638CdbbD02,3,1335.96,5348.16,1741.6,67.7,0.0,1.71
1790799300,0xebC11Ac4450E3eA74F5D65e5c0138A0C50a2DE4f,8,0.0,30456.91,284.7,8618.6,0.0,0.0
1790799300,0xfE6e3099dc514A63bd2Fe79BD3d9e8a653bBAF06,6,44996.13,0.0,0.0,0.0,0.0,1.35
1790800200,0x21aa6DC573DA62abFD7E43C84bEF2DA4FE514053,3,1069.04,0.0,0.0,0.0,8.05,0.11
1790800200,0x2Fd96bd26E7a3c694DBD5ae5E2C29249a83b8a98,205,314542.64,0.0,0.0,0.0,1.65,0.18
1790800200,0x3aAa2bB57a0eFeA8F6f89423A923f7107c33471B,22,63822.02,12634.7,1084.0,422.8,161.14,0.0
1790800200,0x3bf64B8c8ce86abDBcF44Fa5a559E27eb9F63Efb,586,1179230.23,11705.43,0.0,1151.9,93292.43,107.97
1790800200,0x624B3a54EbCac879cAeddba4e2ac32B6F2DB6321,21,58530.39,83644.46,23063.9,218.45,0.0,32.64
1790800200,0x80e93386C24B88609919Fbfd6D47124184afBE57,1,90.29,0.0,0.0,0.0,0.0,0.01
1790800200,0x8630D9A6d2bB2672e61073c87cAdF89d70d28472,2,0.0,16733.46,277.8,36.6,0.0,3.01
1790800200,0x8E87D8308D439c88dDF48762AA5D3C99b8366a3a,507,1149520.71,0.0,0.0,0.0,103.6,33.01
1790800200,0x978e3eb7997a9575cdE1799176829073d2876Fb9,79,220552.15,0.0,0.0,0.0,727.38,4.33
1790800200,0xB90134C652814890691671c849381A0B3cdD0247,548,1326382.89,0.0,0.0,0.0,0.0,401.47
1790800200,0xBC8015FA779be6ac91e5616f37e1768b8DbC16df,1,892.98,0.0,0.0,0.0,22.55,0.13
1790800200,0xCDa43aF0E62ea12faE2BFF016557B6aB37Ec98B0,2,5002.2,0.0,0.0,0.0,-284.8,1.5
1790800200,0xE1DC5576b36c78C75e6Abf2E1B121Db20A6069b7,13,15000.04,24338.74,1661.85,1234.16,231.54,1.62
1790800200,0xEA2Eec3dc92E860ca7c00DDa51f1AfbCD1fC2E73,19,29068.28,0.0,0.0,0.0,-742.97,0.0
1790800200,0xbcF116Bfd10F95dF9bd5286cf540A4D99acDd6C9,12,1337.95,2676.24,150.16,132.05,0.0,5.24
1790800200,0xcBE22BE2eD365518Fee59523fe262da748C373FB,1,0.0,2677.63,44.9,0.0,0.0,1.3
1790800200,0xebC11Ac4450E3eA74F5D65e5c0138A0C50a2DE4f,12,0.0,100377.92,255.05,23341.7,0.0,0.0
1790801100,0x006C1E28F9A8423F57bd8eB8C1A5edcebb74EEd6,3,1801.96,9018.51,0.0,518.0,88.94,1.46
1790801100,0x15efc06FEa57Bda3ceA94A53D5426E78ed4651F3,3,16548.94,0.0,0.0,0.0,0.0,2.48
1790801100,0x1f78Fb1234d2f9685fb35AcB1cf484eca83F8F63,2,1099.62,0.0,0.0,0.0,-5.22,0.0
1790801100,0x21aa6DC573DA62abFD7E43C84bEF2DA4FE514053,2,180.38,0.0,0.0,0.0,4.15,0.0
1790801100,0x2Fd96bd26E7a3c694DBD5ae5E2C29249a83b8a98,145,262296.26,0.0,0.0,0.0,91.38,0.45
1790801100,0x31C4f0EE152Bb7c144C46982431E1FF3402A366D,1,0.0,14173.95,2306.23,0.0,0.0,4.75
1790801100,0x3aAa2bB57a0eFeA8F6f89423A923f7107c33471B,7,19082.69,0.0,0.0,0.0,23.46,0.0
1790801100,0x3bf64B8c8ce86abDBcF44Fa5a559E27eb9F63Efb,334,694251.22,14709.73,6.04,2315.3,55556.78,62.7
1790801100,0x624B3a54EbCac879cAeddba4e2ac32B6F2DB6321,2,0.0,25078.89,6935.7,64.5,0.0,4.26
1790801100,0x8E87D8308D439c88dDF48762AA5D3C99b8366a3a,302,591787.98,0.0,0.0,0.0,74.76,14.61
1790801100,0x978e3eb7997a9575cdE1799176829073d2876Fb9,3,7020.55,0.0,0.0,0.0,2.61,0.9
1790801100,0xB90134C652814890691671c849381A0B3cdD0247,324,713071.46,0.0,0.0,0.0,0.0,215.85
1790801100,0xCDa43aF0E62ea12faE2BFF016557B6aB37Ec98B0,8,19997.8,0.0,0.0,0.0,-1150.92,6.0
1790801100,0xE1DC5576b36c78C75e6Abf2E1B121Db20A6069b7,2,14999.23,9018.51,518.0,0.0,217.05,0.68
1790801100,0xc6D0ac574f0DF967fAD1DdfCAF2230eC2809b43E,2,0.0,535.78,9.07,6.04,-1.67,0.58
1790801100,0xebC11Ac4450E3eA74F5D65e5c0138A0C50a2DE4f,2,0.0,25078.89,64.5,6935.7,0.0,0.0
1790802000,0x1c847e46576ba210189381C0c512C58278121d42,1,455.17,0.0,0.0,0.0,-23.84,0.0
1790802000,0x1f78Fb1234d2f9685fb35AcB1cf484eca83F8F63,1,549.24,0.0,0.0,0.0,0.0,0.0
1790802000,0x21aa6DC573DA62abFD7E43C84bEF2DA4FE514053,2,281.68,0.0,0.0,0.0,8.53,0.0
1790802000,0x2Fd96bd26E7a3c694DBD5ae5E2C29249a83b8a98,21,56146.35,0.0,0.0,0.0,-2.43,0.0
1790802000,0x3aAa2bB57a0eFeA8F6f89423A923f7107c33471B,12,179444.53,0.0,0.0,0.0,-526.93,8.05
1790802000,0x3bf64B8c8ce86abDBcF44Fa5a559E27eb9F63Efb,2,0.0,10726.99,23.91,89.16,0.0,0.0
1790802000,0x748C7Aaf434913a43E4Dbc5694ce8B21689A966a,2,0.0,11666.7,0.0,109.24,-48.03,4.5
1790802000,0x80e93386C24B88609919Fbfd6D47124184afBE57,1,0.0,2454.19,0.0,79.65,35.16,0.25
1790802000,0x8630D9A6d2bB2672e61073c87cAdF89d70d28472,2,0.0,10726.99,89.16,23.91,0.0,2.11
1790802000,0x8E87D8308D439c88dDF48762AA5D3C99b8366a3a,171,702747.06,0.0,0.0,0.0,-610.04,28.28
1790802000,0x978e3eb7997a9575cdE1799176829073d2876Fb9,79,233225.86,0.0,0.0,0.0,255.21,0.0
1790802000,0xB90134C652814890691671c849381A0B3cdD0247,233,723972.14,0.0,0.0,0.0,0.0,217.26
1790802000,0xBC8015FA779be6ac91e5616f37e1768b8DbC16df,1,371.35,0.0,0.0,0.0,10.87,0.06
1790802000,0xE1DC5576b36c78C75e6Abf2E1B121Db20A6069b7,3,9994.38,11666.7,109.24,0.0,197.79,0.0
1790802000,0xEAc2374016613765cF31afDB4AEB6f5d13a63726,4,0.0,1072.38,0.58,1.02,-4.63,0.0
1790802000,0xa283a5AC02Dd26E429045541C99FeBbc257f8957,1,0.0,0.39,0.0,0.0,0.0,0.0
1790802000,0xc6D0ac574f0DF967fAD1DdfCAF2230eC2809b43E,4,0.0,1072.38,1.02,0.58,-0.62,0.62
1790802000,0xda50a7E41BEb66B2a613bc22a206fb1cF34FFaE2,1,0.0,0.39,0.0,0.0,0.01,0.0
1790802000,0xfE6e3099dc514A63bd2Fe79BD3d9e8a653bBAF06,7,28730.5,2454.19,79.65,0.0,-36.0,0.4
1790802900,0x15efc06FEa57Bda3ceA94A53D5426E78ed4651F3,24,119101.1,0.0,0.0,0.0,259.56,17.86
1790802900,0x21aa6DC573DA62abFD7E43C84bEF2DA4FE514053,3,840.07,0.0,0.0,0.0,8.69,0.08
1790802900,0x2Fd96bd26E7a3c694DBD5ae5E2C29249a83b8a98,23,64960.8,0.0,0.0,0.0,-18.39,0.0
1790802900,0x3aAa2bB57a0eFeA8F6f89423A923f7107c33471B,13,113095.79,0.0,0.0,0.0,-203.28,7.47
1790802900,0x80e93386C24B88609919Fbfd6D47124184afBE57,3,1015.17,0.0,0.0,0.0,-4.85,0.18
1790802900,0x8E87D8308D439c88dDF48762AA5D3C99b8366a3a,82,387842.18,0.0,0.0,0.0,-106.85,12.84
1790802900,0x978e3eb7997a9575cdE1799176829073d2876Fb9,5,13933.97,0.0,0.0,0.0,0.0,0.0
1790802900,0xB90134C652814890691671c849381A0B3cdD0247,73,237360.94,0.0,0.0,0.0,0.0,71.21
1790802900,0xE1DC5576b36c78C75e6Abf2E1B121Db20A6069b7,2,39997.5,0.0,0.0,0.0,550.77,0.0
1790802900,0xF7957c8b20DbD3FcA93686B07679aee8e6755c43,2,7207.1,0.0,0.0,0.0,0.0,0.0
1790803800,0x021d21f43d6d8921eF876Ec72f59E45820883B8F,2,0.0,1827.38,112.8,168.4,0.0,0.0
1790803800,0x0d6CB814aAd836DA19de93a3F68A025369f78A72,5,0.0,5078.3,217.42,149.68,0.0,2.66
1790803800,0x15efc06FEa57Bda3ceA94A53D5426E78ed4651F3,13,98399.12,0.0,0.0,0.0,264.02,14.69
1790803800,0x1a200438225C83010e3c7A62c74B3f536C840178,3,12562.6,167416.35,2309.96,0.0,-293.6,26.87
1790803800,0x1f78Fb1234d2f9685fb35AcB1cf484eca83F8F63,1,549.27,0.0,0.0,0.0,-6.06,0.0
1790803800,0x1fD0876eEAaB1Af9BbF3EeB70064bc03bf111718,1,1631.74,0.0,0.0,0.0,0.64,0.0
1790803800,0x21aa6DC573DA62abFD7E43C84bEF2DA4FE514053,4,1042.09,0.0,0.0,0.0,16.65,0.08
1790803800,0x2Fd96bd26E7a3c694DBD5ae5E2C29249a83b8a98,8,24969.29,0.0,0.0,0.0,-6.52,0.0
1790803800,0x3aAa2bB57a0eFeA8F6f89423A923f7107c33471B,17,115672.91,18783.13,120.02,132.25,-162.31,13.54
1790803800,0x3bf64B8c8ce86abDBcF44Fa5a559E27eb9F63Efb,6,0.0,266595.85,1318.88,2311.47,1942.36,0.0
1790803800,0x4Dc66A37117D45b780BEBb05140A48Ff46Dbe0cA,1,0.0,83736.36,0.0,1024.0,0.0,25.62
1790803800,0x7E34731E3ab4a4438A26138A3136cDe1c182925a,3,0.0,8050.03,1.2,0.0,0.0,1.65
1790803800,0x7e040FC3950CeccCf16055aeA756a7a39c394CDC,2,0.0,15786.48,5.9,258.0,-1.54,1.18
1790803800,0x8E87D8308D439c88dDF48762AA5D3C99b8366a3a,29,250436.53,0.0,0.0,0.0,-670.75,8.17
1790803800,0x978e3eb7997a9575cdE1799176829073d2876Fb9,1,463.72,0.0,0.0,0.0,0.0,0.07
1790803800,0xB90134C652814890691671c849381A0B3cdD0247,2,8404.24,0.0,0.0,0.0,187.85,2.52
1790803800,0xEA2Eec3dc92E860ca7c00DDa51f1AfbCD1fC2E73,2,5992.06,0.0,0.0,0.0,-97.32,0.9
1790803800,0xEAc2374016613765cF31afDB4AEB6f5d13a63726,3,0.0,8050.03,0.0,1.2,0.0,0.0
1790803800,0xF54b31bAd5aEB21a26AD3FF0f15A6589Ec58107b,4,0.0,16100.47,84.75,120.02,0.0,3.42
1790803800,0xF7957c8b20DbD3FcA93686B07679aee8e6755c43,2,14353.3,0.0,0.0,0.0,0.0,0.0
1790803800,0xea19Fe621592b9aF895f2d8d5Af7288C02FbBbF3,1,0.0,911.61,0.0,5.9,-9.88,0.09
1790803800,0xfE6e3099dc514A63bd2Fe79BD3d9e8a653bBAF06,4,18248.02,0.0,0.0,0.0,0.0,2.74
1790804700,0x15efc06FEa57Bda3ceA94A53D5426E78ed4651F3,3,3800.89,0.0,0.0,0.0,-1.48,0.34
1790804700,0x1a200438225C83010e3c7A62c74B3f536C840178,8,0.0,502142.36,4714.85,5295.11,1344.27,90.92
1790804700,0x1fD0876eEAaB1Af9BbF3EeB70064bc03bf111718,1,1642.12,0.0,0.0,0.0,-10.16,0.0
1790804700,0x21aa6DC573DA62abFD7E43C84bEF2DA4FE514053,1,172.53,0.0,0.0,0.0,0.0,0.03
1790804700,0x2Fd96bd26E7a3c694DBD5ae5E2C29249a83b8a98,25,31178.3,0.0,0.0,0.0,-1.74,1.68
1790804700,0x3aAa2bB57a0eFeA8F6f89423A923f7107c33471B,8,46134.83,125514.62,2357.03,164.6,203.42,0.0
1790804700,0x3bf64B8c8ce86abDBcF44Fa5a559E27eb9F63Efb,5,0.0,262750.47,2793.08,2235.15,-688.34,0.0
1790804700,0x80e93386C24B88609919Fbfd6D47124184afBE57,1,90.95,0.0,0.0,0.0,0.51,0.04
1790804700,0x8E87D8308D439c88dDF48762AA5D3C99b8366a3a,29,83871.39,0.0,0.0,0.0,-88.42,8.92
1790804700,0xB90134C652814890691671c849381A0B3cdD0247,9,20108.16,0.0,0.0,0.0,0.0,6.03
1790804700,0xBC8015FA779be6ac91e5616f37e1768b8DbC16df,2,565.05,0.0,0.0,0.0,19.93,0.08
1790804700,0xEAc2374016613765cF31afDB4AEB6f5d13a63726,2,0.0,125541.42,145.0,2370.0,0.0,0.0
1790804700,0xEd36621aa98134b01d10005a912aA3Ff0E38ED3f,7,139.46,0.0,0.0,0.0,0.0,0.0
1790804700,0xF17997037856BD8A813b3303c74c780ff6A1410E,1,0.0,11664.14,54.9,0.0,0.0,4.0
1790805600,0x0de296491F5C24fC59e265509Fa412016510cD19,1,0.0,375.4,0.0,7.52,0.0,0.61
1790805600,0x10d69C08129Cd62c0CE49F3Ff7C2Ae2dA178974f,2,0.0,13396.63,626.8,0.0,0.0,5.02
1790805600,0x15efc06FEa57Bda3ceA94A53D5426E78ed4651F3,6,35519.02,0.0,0.0,0.0,86.31,5.33
1790805600,0x1B8afa6890E726429FB7996BcA0EA9d24f3C9817,2,0.0,267868.42,2220.61,598.73,0.0,40.68
1790805600,0x21aa6DC573DA62abFD7E43C84bEF2DA4FE514053,2,202.74,0.0,0.0,0.0,6.15,0.0
1790805600,0x2Fd96bd26E7a3c694DBD5ae5E2C29249a83b8a98,22,49090.99,0.0,0.0,0.0,0.57,0.91
1790805600,0x3aAa2bB57a0eFeA8F6f89423A923f7107c33471B,6,81223.54,0.0,0.0,0.0,-226.05,0.0
1790805600,0x3bf64B8c8ce86abDBcF44Fa5a559E27eb9F63Efb,2,0.0,267868.42,598.73,2220.61,0.0,0.0
1790805600,0x8E87D8308D439c88dDF48762AA5D3C99b8366a3a,77,261471.99,0.0,0.0,0.0,129.72,11.62
1790805600,0x978e3eb7997a9575cdE1799176829073d2876Fb9,2,25767.47,0.0,0.0,0.0,1038.4,3.87
1790805600,0xB90134C652814890691671c849381A0B3cdD0247,56,156799.13,0.0,0.0,0.0,0.0,47.04
1790805600,0xCDa43aF0E62ea12faE2BFF016557B6aB37Ec98B0,3,6880.18,0.0,0.0,0.0,0.0,2.06
1790805600,0xE1DC5576b36c78C75e6Abf2E1B121Db20A6069b7,3,0.0,13772.04,7.52,626.8,16.8,0.0
1790806500,0x137c5E253d961e482D86f44DAb36071406D082A0,2,0.0,40299.4,35.5,191.0,107.5,0.0
1790806500,0x15efc06FEa57Bda3ceA94A53D5426E78ed4651F3,210,953470.74,0.0,0.0,0.0,3637.06,84.1
1790806500,0x20AFcE3cCF3612d249Ed55F30F447210b73fe6f5,1,0.0,1371.58,16.95,0.0,0.0,0.91
1790806500,0x21aa6DC573DA62abFD7E43C84bEF2DA4FE514053,2,546.36,0.0,0.0,0.0,5.56,0.06
1790806500,0x2Fd96bd26E7a3c694DBD5ae5E2C29249a83b8a98,116,277310.12,0.0,0.0,0.0,-58.2,0.51
1790806500,0x37Dbb43A23f958481d66c60E79a3750D2988a495,2,0.0,22029.45,9.07,7.89,-2.84,1.65
1790806500,0x3aAa2bB57a0eFeA8F6f89423A923f7107c33471B,18,149522.19,0.0,0.0,0.0,-435.36,4.02
1790806500,0x3bf64B8c8ce86abDBcF44Fa5a559E27eb9F63Efb,3,0.0,27749.74,239.59,335.37,24.94,0.0
1790806500,0x4d29343C3A3502efC63C472Ce550c341a5013fd4,4,0.0,56369.69,527.71,423.84,0.0,9.46
1790806500,0x8B6458eC2E52f0281A413A2D7414ad7C6fc7eE8C,4,0.0,26869.33,77.2,67.6,-22.16,9.56
1790806500,0x8E87D8308D439c88dDF48762AA5D3C99b8366a3a,361,1384238.33,0.0,0.0,0.0,-519.94,16.21
1790806500,0x978e3eb7997a9575cdE1799176829073d2876Fb9,62,175966.56,0.0,0.0,0.0,0.0,0.0
1790806500,0xAAB98f1787EA33270626d44cEC3f184714643B91,1,0.0,910.18,43.6,0.0,0.0,0.77
1790806500,0xB90134C652814890691671c849381A0B3cdD0247,731,2062108.16,0.0,0.0,0.0,0.0,618.27
1790806500,0xBC8015FA779be6ac91e5616f37e1768b8DbC16df,81,74891.0,24183.21,15.6,77.2,62.57,0.0
1790806500,0xE1DC5576b36c78C75e6Abf2E1B121Db20A6069b7,5,14999.27,54000.25,250.89,35.5,381.31,3.02
1790806500,0xEA2Eec3dc92E860ca7c00DDa51f1AfbCD1fC2E73,57,193615.56,0.0,0.0,0.0,0.0,1.65
1790806500,0xEAc2374016613765cF31afDB4AEB6f5d13a63726,3,0.0,40544.86,184.25,245.02,-2744.46,0.0
1790806500,0xF7957c8b20DbD3FcA93686B07679aee8e6755c43,74,259075.27,0.0,0.0,0.0,0.0,0.0
1790806500,0xea19Fe621592b9aF895f2d8d5Af7288C02FbBbF3,1,0.0,1371.58,0.0,16.95,0.0,0.14
1790807400,0x06fCE0901B4FD85dADf2a46f04634C500e859E2c,1,672.75,0.0,0.0,0.0,5.17,0.07
1790807400,0x15efc06FEa57Bda3ceA94A53D5426E78ed4651F3,68,122818.42,0.0,0.0,0.0,147.56,18.41
1790807400,0x1f78Fb1234d2f9685fb35AcB1cf484eca83F8F63,1,551.74,0.0,0.0,0.0,2.1,0.08
1790807400,0x2Fd96bd26E7a3c694DBD5ae5E2C29249a83b8a98,94,205315.7,0.0,0.0,0.0,-58.72,0.19
1790807400,0x3aAa2bB57a0eFeA8F6f89423A923f7107c33471B,42,298545.99,0.0,0.0,0.0,-689.84,42.69
1790807400,0x3bf64B8c8ce86abDBcF44Fa5a559E27eb9F63Efb,2,0.0,4566330.46,18737.5,93715.0,0.0,0.0
1790807400,0x5F8e406Ff621e5409E2228BFfa18D1d4529CF31E,2,0.0,4566330.46,93715.0,18737.5,0.0,685.45
1790807400,0x7E34731E3ab4a4438A26138A3136cDe1c182925a,1,0.0,2689.52,1.4,0.0,0.0,0.68
1790807400,0x8B6458eC2E52f0281A413A2D7414ad7C6fc7eE8C,1,0.0,2688.11,14.0,0.0,0.0,1.31
1790807400,0x8E87D8308D439c88dDF48762AA5D3C99b8366a3a,115,505580.95,0.0,0.0,0.0,-267.34,13.45
1790807400,0x978e3eb7997a9575cdE1799176829073d2876Fb9,4,9144.59,0.0,0.0,0.0,0.0,0.0
1790807400,0xA0D678cb6F48CA52720232361BfB376C46c2c5B0,1,745.35,0.0,0.0,0.0,0.0,0.07
1790807400,0xB90134C652814890691671c849381A0B3cdD0247,75,209907.11,0.0,0.0,0.0,0.0,62.93
1790807400,0xBC8015FA779be6ac91e5616f37e1768b8DbC16df,1,0.0,2688.11,0.0,14.0,0.0,0.0
1790807400,0xCDa43aF0E62ea12faE2BFF016557B6aB37Ec98B0,17,35012.64,0.0,0.0,0.0,0.0,10.5
1790807400,0xE1DC5576b36c78C75e6Abf2E1B121Db20A6069b7,3,48685.62,0.0,0.0,0.0,646.13,0.0
1790807400,0xEA2Eec3dc92E860ca7c00DDa51f1AfbCD1fC2E73,15,50738.19,0.0,0.0,0.0,8.93,0.0
1790807400,0xEAc2374016613765cF31afDB4AEB6f5d13a63726,1,0.0,2689.52,0.0,1.4,0.0,0.0
1790808300,0x006C1E28F9A8423F57bd8eB8C1A5edcebb74EEd6,1,429.04,0.0,0.0,0.0,-55.77,0.14
1790808300,0x07238B65Ec9Efc3A093f6ebb2E2880378ee36D3e,1,0.0,2739.85,37.2,0.0,0.0,1.32
1790808300,0x15efc06FEa57Bda3ceA94A53D5426E78ed4651F3,15,41705.37,0.0,0.0,0.0,33.62,6.25
1790808300,0x2Fd96bd26E7a3c694DBD5ae5E2C29249a83b8a98,39,122979.98,0.0,0.0,0.0,9.97,0.3
1790808300,0x3aAa2bB57a0eFeA8F6f89423A923f7107c33471B,14,188699.04,0.0,0.0,0.0,-347.62,24.95
1790808300,0x8E87D8308D439c88dDF48762AA5D3C99b8366a3a,90,403370.79,0.0,0.0,0.0,39.85,9.51
1790808300,0x978e3eb7997a9575cdE1799176829073d2876Fb9,3,29318.24,0.0,0.0,0.0,9.89,4.33
1790808300,0xA48232D674F993126945B9158d8eD64320883567,1,0.0,2739.85,0.0,37.2,0.0,0.0
1790808300,0xCDa43aF0E62ea12faE2BFF016557B6aB37Ec98B0,71,190066.58,0.0,0.0,0.0,0.0,56.99
1790808300,0xF7957c8b20DbD3FcA93686B07679aee8e6755c43,3,8999.95,0.0,0.0,0.0,-32.05,0.0
1790809200,0x15efc06FEa57Bda3ceA94A53D5426E78ed4651F3,22,61333.51,0.0,0.0,0.0,123.73,9.2
1790809200,0x1f78Fb1234d2f9685fb35AcB1cf484eca83F8F63,2,549.59,1830.58,27.4,0.0,0.0,0.0
1790809200,0x1fD0876eEAaB1Af9BbF3EeB70064bc03bf111718,2,947.53,0.0,0.0,0.0,2.07,0.0
1790809200,0x20AFcE3cCF3612d249Ed55F30F447210b73fe6f5,1,0.0,45408.83,563.87,0.0,0.0,4.54
1790809200,0x21aa6DC573DA62abFD7E43C84bEF2DA4FE514053,1,280.82,0.0,0.0,0.0,9.25,0.0
1790809200,0x2Fd96bd26E7a3c694DBD5ae5E2C29249a83b8a98,17,50995.22,0.0,0.0,0.0,3.52,0.0
1790809200,0x30AD7BBe16E1Eb4315295EA079fC11E0C6C705CC,1,0.0,13449.03,23.5,0.0,0.0,1.34
1790809200,0x3aAa2bB57a0eFeA8F6f89423A923f7107c33471B,11,100735.24,94353.87,0.0,5728.69,-2165.65,0.0
1790809200,0x5323F6E9Df2F3501Ef25eeAC6352140bDC19FB78,1,0.0,91087.09,5629.42,0.0,0.0,27.83
1790809200,0x8E87D8308D439c88dDF48762AA5D3C99b8366a3a,74,254798.6,0.0,0.0,0.0,-104.09,17.52
1790809200,0xBC8015FA779be6ac91e5616f37e1768b8DbC16df,1,356.27,0.0,0.0,0.0,13.37,0.05
1790809200,0xC8d2cF583DeF5Bf0093a8af0D6Ad6Ca986FBb138,4,0.0,8621.78,649.6,0.74,-0.29,2.54
1790809200,0xCDa43aF0E62ea12faE2BFF016557B6aB37Ec98B0,49,125038.37,0.0,0.0,0.0,0.0,37.49
1790809200,0xEAc2374016613765cF31afDB4AEB6f5d13a63726,3,0.0,18804.03,0.74,573.84,-76.01,1.01
1790809200,0xEd36621aa98134b01d10005a912aA3Ff0E38ED3f,1,19.99,0.0,0.0,0.0,0.06,0.0
1790809200,0xF7957c8b20DbD3FcA93686B07679aee8e6755c43,6,21245.88,0.0,0.0,0.0,-61.47,0.0
1790809200,0xfE6e3099dc514A63bd2Fe79BD3d9e8a653bBAF06,7,9100.82,45408.83,0.0,563.87,-184.06,4.77
1790809200,0xfb059Ad06088Bf27E2ac3F624f0C4cf7FD9B34e4,1,0.0,1830.58,0.0,27.4,0.0,1.05
1790810100,0x15efc06FEa57Bda3ceA94A53D5426E78ed4651F3,16,43364.48,0.0,0.0,0.0,29.78,6.5
1790810100,0x1f78Fb1234d2f9685fb35AcB1cf484eca83F8F63,5,2089.32,0.0,0.0,0.0,-1.11,0.13
1790810100,0x1fD0876eEAaB1Af9BbF3EeB70064bc03bf111718,3,2823.09,0.0,0.0,0.0,-0.14,0.0
1790810100,0x2Fd96bd26E7a3c694DBD5ae5E2C29249a83b8a98,25,56357.63,0.0,0.0,0.0,-2.55,0.85
1790810100,0x3aAa2bB57a0eFeA8F6f89423A923f7107c33471B,16,46620.84,401780.41,2008.77,14461.83,-5705.33,5.4
1790810100,0x3bf64B8c8ce86abDBcF44Fa5a559E27eb9F63Efb,4,0.0,164032.62,0.0,1593.0,-134.07,0.0
1790810100,0x5323F6E9Df2F3501Ef25eeAC6352140bDC19FB78,3,0.0,318123.72,13668.96,1709.89,0.0,69.19
1790810100,0x53C693A973E5560d1A8811ED501B5a783BFfD2b9,4,0.0,164032.62,1593.0,0.0,0.0,51.21
1790810100,0x57D20F8aF5875aD611dC836f78e4992DDA5E6073,2,0.0,98.81,0.01,0.0,0.18,0.0
1790810100,0x603766b471C34aB062c9D2ce229cf0BDa3Ea32fC,1,0.0,906.48,2.5,0.0,15.12,0.09
1790810100,0x66b08788899b22aFE17D3c2B167Ce037CcDe9cd2,1,0.0,4568.62,11.22,0.0,0.0,1.87
1790810100,0x6E740B88ca3dAB36a9dEf048FC060759AE7910b2,2,0.0,83656.69,792.87,298.88,0.0,13.05
1790810100,0x80e93386C24B88609919Fbfd6D47124184afBE57,2,208.21,0.0,0.0,0.0,-3.7,0.08
1790810100,0x8E87D8308D439c88dDF48762AA5D3C99b8366a3a,85,192793.22,0.0,0.0,0.0,-113.1,4.02
1790810100,0xBC8015FA779be6ac91e5616f37e1768b8DbC16df,6,1215.12,0.0,0.0,0.0,-0.0,0.15
1790810100,0xCDa43aF0E62ea12faE2BFF016557B6aB37Ec98B0,50,120039.83,0.0,0.0,0.0,0.0,36.0
1790810100,0xE1DC5576b36c78C75e6Abf2E1B121Db20A6069b7,1,0.0,4568.62,0.0,11.22,-32.67,0.0
1790810100,0xEA2Eec3dc92E860ca7c00DDa51f1AfbCD1fC2E73,2,10074.3,0.0,0.0,0.0,202.3,1.5
1790810100,0xF7957c8b20DbD3FcA93686B07679aee8e6755c43,6,18109.89,0.0,0.0,0.0,-63.74,0.0
1790810100,0xb71c54Fa8BB571E77bF8121752c756D476fA63b3,2,0.0,98.81,0.0,0.01,0.0,1.0
1790810100,0xd95754330a4bf9A3C8e199ed140817AE07422ee9,1,0.0,906.48,0.0,2.5,0.0,0.77
1790810100,0xfE6e3099dc514A63bd2Fe79BD3d9e8a653bBAF06,5,5728.57,0.0,0.0,0.0,-106.56,0.86
1790811000,0x15efc06FEa57Bda3ceA94A53D5426E78ed4651F3,12,67396.32,0.0,0.0,0.0,27.53,10.11
1790811000,0x1c847e46576ba210189381C0c512C58278121d42,1,0.0,1181.26,0.0,4.0,0.0,0.0
1790811000,0x1f78Fb1234d2f9685fb35AcB1cf484eca83F8F63,3,1647.79,0.0,0.0,0.0,0.9,0.0
1790811000,0x21aa6DC573DA62abFD7E43C84bEF2DA4FE514053,1,91.62,0.0,0.0,0.0,2.56,0.0
1790811000,0x283CA950b3d603409ad485B2e65113E74F8C7916,3,0.0,22213.3,57.4,0.0,0.0,8.16
1790811000,0x2Fd96bd26E7a3c694DBD5ae5E2C29249a83b8a98,15,38018.28,0.0,0.0,0.0,-116.34,0.3
1790811000,0x2d4a3304E17036c6A9dec27e0116730080a2Ef19,1,0.0,272.18,0.0,8.4,0.0,0.58
1790811000,0x3aAa2bB57a0eFeA8F6f89423A923f7107c33471B,7,84576.46,0.0,0.0,0.0,-419.34,0.0
1790811000,0x5323F6E9Df2F3501Ef25eeAC6352140bDC19FB78,2,0.0,90709.02,2749.06,1034.06,0.0,14.11
1790811000,0x7e040FC3950CeccCf16055aeA756a7a39c394CDC,7,0.0,79743.66,1490.4,0.0,0.0,5.98
1790811000,0x8E87D8308D439c88dDF48762AA5D3C99b8366a3a,66,332275.05,0.0,0.0,0.0,-1323.05,11.65
1790811000,0xA48232D674F993126945B9158d8eD64320883567,2,0.0,10220.93,127.2,0.0,0.0,0.0
1790811000,0xCDa43aF0E62ea12faE2BFF016557B6aB37Ec98B0,13,30008.19,0.0,0.0,0.0,0.0,9.0
1790811000,0xD9884e6f8a8Bc801E24bB19E371d71D626C22680,12,0.0,929096.24,0.0,17351.2,0.0,1.49
1790811000,0xE1DC5576b36c78C75e6Abf2E1B121Db20A6069b7,1,0.0,41815.02,2750.0,0.0,-766.37,3.14
1790811000,0xEA2Eec3dc92E860ca7c00DDa51f1AfbCD1fC2E73,1,5999.78,0.0,0.0,0.0,-99.69,0.0
1790811000,0xF3Bd8194F6a148BD0F701867Cb530aB377eE44f5,1,0.0,41815.02,0.0,2750.0,0.0,4.18
1790811000,0xF7957c8b20DbD3FcA93686B07679aee8e6755c43,6,55511.07,0.0,0.0,0.0,-630.91,0.0
1790811000,0xebC11Ac4450E3eA74F5D65e5c0138A0C50a2DE4f,2,0.0,21032.03,0.0,53.4,0.0,0.0
1790811000,0xfE6e3099dc514A63bd2Fe79BD3d9e8a653bBAF06,48,269317.97,930112.86,16776.06,2749.06,0.0,102.73
1790811900,0x15efc06FEa57Bda3ceA94A53D5426E78ed4651F3,5,9208.02,0.0,0.0,0.0,0.0,1.38
1790811900,0x1f78Fb1234d2f9685fb35AcB1cf484eca83F8F63,4,2199.25,0.0,0.0,0.0,1.09,0.08
1790811900,0x21aa6DC573DA62abFD7E43C84bEF2DA4FE514053,2,468.3,0.0,0.0,0.0,6.39,0.04
1790811900,0x2Fd96bd26E7a3c694DBD5ae5E2C29249a83b8a98,13,38990.39,0.0,0.0,0.0,24.12,0.0
1790811900,0x3aAa2bB57a0eFeA8F6f89423A923f7107c33471B,3,60015.66,0.0,0.0,0.0,0.0,0.0
1790811900,0x3bf64B8c8ce86abDBcF44Fa5a559E27eb9F63Efb,1,0.0,157028.1,0.0,438.04,0.0,0.0
1790811900,0x5323F6E9Df2F3501Ef25eeAC6352140bDC19FB78,2,0.0,90898.4,2792.72,1047.72,0.0,14.13
1790811900,0x8E87D8308D439c88dDF48762AA5D3C99b8366a3a,42,137931.68,0.0,0.0,0.0,-31.85,13.44
1790811900,0x96B97d96AC85373307294E05DFd9D548E3BBa701,1,0.0,986029.3,105500.0,0.0,0.0,74.08
1790811900,0xBC8015FA779be6ac91e5616f37e1768b8DbC16df,1,0.0,10023.07,0.0,27.6,0.0,0.0
1790811900,0xCDa43aF0E62ea12faE2BFF016557B6aB37Ec98B0,22,50014.13,0.0,0.0,0.0,0.0,15.0
1790811900,0xF7957c8b20DbD3FcA93686B07679aee8e6755c43,1,551.38,0.0,0.0,0.0,-6.63,0.0
1790811900,0xa1b29c4F7f42249611177EBa84963e1a4eF10875,2,0.0,167051.17,465.64,0.0,0.0,50.62
1790811900,0xebC11Ac4450E3eA74F5D65e5c0138A0C50a2DE4f,1,0.0,986029.3,0.0,105500.0,0.0,0.0
1790811900,0xfE6e3099dc514A63bd2Fe79BD3d9e8a653bBAF06,2,0.0,90898.4,1047.72,2792.72,0.0,0.0
