bucket_ts,wallet,legs,perp_notional_usd,option_notional_usd,premium_bought_usd,premium_sold_usd,realized_pnl_usd,fees_usd
1790553600,0x15efc06FEa57Bda3ceA94A53D5426E78ed4651F3,3,2998.45,0.0,0.0,0.0,-2.63,0.6
1790553600,0x1f78Fb1234d2f9685fb35AcB1cf484eca83F8F63,4,1816.62,0.0,0.0,0.0,-3.06,0.0
1790553600,0x21aa6DC573DA62abFD7E43C84bEF2DA4FE514053,4,380.1,0.0,0.0,0.0,-2.32,0.0
1790553600,0x2Fd96bd26E7a3c694DBD5ae5E2C29249a83b8a98,4,9138.25,0.0,0.0,0.0,-11.55,0.0
1790553600,0x3aAa2bB57a0eFeA8F6f89423A923f7107c33471B,8,78893.95,0.0,0.0,0.0,84.75,0.0
1790553600,0x6Cf144eb80f885376Ce31c87521c2f34E0887431,4,346.74,0.0,0.0,0.0,-0.44,0.14
1790553600,0x8E87D8308D439c88dDF48762AA5D3C99b8366a3a,20,86989.82,0.0,0.0,0.0,70.37,11.97
1790553600,0x978e3eb7997a9575cdE1799176829073d2876Fb9,1,485.01,0.0,0.0,0.0,-3.12,0.07
1790553600,0xCDa43aF0E62ea12faE2BFF016557B6aB37Ec98B0,5,20003.77,0.0,0.0,0.0,-4616.69,6.0
1790553600,0xE1DC5576b36c78C75e6Abf2E1B121Db20A6069b7,1,0.0,3444.02,0.0,556.8,0.0,0.0
1790553600,0xEA2Eec3dc92E860ca7c00DDa51f1AfbCD1fC2E73,12,40623.69,0.0,0.0,0.0,405.1,1.08
1790553600,0xF7957c8b20DbD3FcA93686B07679aee8e6755c43,1,1356.5,0.0,0.0,0.0,0.0,0.0
1790553600,0xd34bFc021AC39722490Db9a38D5e22c2A593e78a,4,21264.53,0.0,0.0,0.0,-180.68,6.4
1790553600,0xe400F9062A146882Cc1582fB715aaD68f00a1Cd6,1,0.0,3444.02,556.8,0.0,0.0,1.53
1790554500,0x15efc06FEa57Bda3ceA94A53D5426E78ed4651F3,14,182806.52,0.0,0.0,0.0,-999.0,36.53
1790554500,0x16a26C9729FFCB6688B599Fe89e45b6938F0b2aE,2,0.0,108050.14,1288.1,956.62,0.0,16.71
1790554500,0x1f78Fb1234d2f9685fb35AcB1cf484eca83F8F63,3,1878.88,0.0,0.0,0.0,1.47,0.12
1790554500,0x1fD0876eEAaB1Af9BbF3EeB70064bc03bf111718,2,1225.28,0.0,0.0,0.0,0.46,0.0
1790554500,0x21aa6DC573DA62abFD7E43C84bEF2DA4FE514053,14,2234.65,0.0,0.0,0.0,-6.72,0.0
1790554500,0x2Fd96bd26E7a3c694DBD5ae5E2C29249a83b8a98,40,127002.17,0.0,0.0,0.0,-154.64,0.0
1790554500,0x3aAa2bB57a0eFeA8F6f89423A923f7107c33471B,47,1008676.57,0.0,0.0,0.0,579.57,111.44
1790554500,0x3bf64B8c8ce86abDBcF44Fa5a559E27eb9F63Efb,3,0.0,109745.53,1293.69,1288.1,44.29,0.0
1790554500,0x4321D7527B0a40921382cA81C44DD22E453193a8,1,0.0,12937.73,7.68,0.0,0.0,1.46
1790554500,0x7D84ff75877472057143e9d51F2fa05e55c2CcB9,1,0.0,1695.4,0.0,337.07,104.56,1.01
1790554500,0x8E87D8308D439c88dDF48762AA5D3C99b8366a3a,82,1110631.08,0.0,0.0,0.0,-1175.02,36.61
1790554500,0x978e3eb7997a9575cdE1799176829073d2876Fb9,2,1225.28,0.0,0.0,0.0,-28.48,0.18
1790554500,0xA0D678cb6F48CA52720232361BfB376C46c2c5B0,1,1353.95,0.0,0.0,0.0,0.0,0.14
1790554500,0xB90134C652814890691671c849381A0B3cdD0247,4,19770.79,0.0,0.0,0.0,0.0,5.95
1790554500,0xBC8015FA779be6ac91e5616f37e1768b8DbC16df,1,0.0,12937.73,0.0,7.68,-3.28,0.0
1790554500,0xCDa43aF0E62ea12faE2BFF016557B6aB37Ec98B0,21,65007.15,0.0,0.0,0.0,0.0,19.5
1790554500,0xEA2Eec3dc92E860ca7c00DDa51f1AfbCD1fC2E73,10,7874.63,0.0,0.0,0.0,0.0,1.18
1790554500,0xEd36621aa98134b01d10005a912aA3Ff0E38ED3f,6,119.46,0.0,0.0,0.0,0.69,0.0
1790555400,0x0ED2F5A37c29a605f47b12dBA90c46dee9c17580,1,363.68,0.0,0.0,0.0,7.48,0.04
1790555400,0x15efc06FEa57Bda3ceA94A53D5426E78ed4651F3,8,40586.39,0.0,0.0,0.0,-21.98,8.12
1790555400,0x1f78Fb1234d2f9685fb35AcB1cf484eca83F8F63,3,1552.16,0.0,0.0,0.0,0.0,0.07
1790555400,0x1fD0876eEAaB1Af9BbF3EeB70064bc03bf111718,13,8536.56,0.0,0.0,0.0,-6.81,0.32
1790555400,0x21aa6DC573DA62abFD7E43C84bEF2DA4FE514053,23,5177.37,0.0,0.0,0.0,-48.89,0.0
1790555400,0x2Fd96bd26E7a3c694DBD5ae5E2C29249a83b8a98,28,73509.57,0.0,0.0,0.0,119.92,0.01
1790555400,0x3aAa2bB57a0eFeA8F6f89423A923f7107c33471B,34,575372.76,2542.11,277.92,0.0,-2532.68,15.0
1790555400,0x3bf64B8c8ce86abDBcF44Fa5a559E27eb9F63Efb,3,0.0,10545591.37,402475.72,0.0,-51788.92,0.0
1790555400,0x7D84ff75877472057143e9d51F2fa05e55c2CcB9,1,0.0,2542.11,0.0,277.92,103.52,1.26
1790555400,0x80e93386C24B88609919Fbfd6D47124184afBE57,1,90.54,0.0,0.0,0.0,0.0,0.04
1790555400,0x8E87D8308D439c88dDF48762AA5D3C99b8366a3a,76,717586.95,0.0,0.0,0.0,2753.91,80.52
1790555400,0x96B97d96AC85373307294E05DFd9D548E3BBa701,3,0.0,10545591.37,0.0,402475.72,109126.09,791.29
1790555400,0x978e3eb7997a9575cdE1799176829073d2876Fb9,7,38521.75,0.0,0.0,0.0,-81.93,5.78
1790555400,0xA0D678cb6F48CA52720232361BfB376C46c2c5B0,1,1408.2,0.0,0.0,0.0,-19.62,0.14
1790555400,0xCDa43aF0E62ea12faE2BFF016557B6aB37Ec98B0,6,15010.66,0.0,0.0,0.0,0.0,4.5
1790555400,0xEA2Eec3dc92E860ca7c00DDa51f1AfbCD1fC2E73,32,30428.07,0.0,0.0,0.0,27.6,4.57
1790555400,0xEd36621aa98134b01d10005a912aA3Ff0E38ED3f,1,19.83,0.0,0.0,0.0,-0.07,0.0
1790555400,0xF7957c8b20DbD3FcA93686B07679aee8e6755c43,4,2104.22,0.0,0.0,0.0,-16.65,0.0
1790555400,0xfE6e3099dc514A63bd2Fe79BD3d9e8a653bBAF06,3,18190.0,0.0,0.0,0.0,481.65,0.0
1790556300,0x0B102D05e549bFd282ba6969b6e62bc34AD5ffe1,9,0.0,2509655.96,1211.18,0.0,0.0,152.9
1790556300,0x0bB57a0b9e54a1dA4457C84aDbeBA59D4a430077,2,0.0,58911.88,0.0,347.0,0.0,5.89
1790556300,0x15efc06FEa57Bda3ceA94A53D5426E78ed4651F3,6,53342.37,0.0,0.0,0.0,-139.64,10.67
1790556300,0x1f78Fb1234d2f9685fb35AcB1cf484eca83F8F63,2,1099.05,0.0,0.0,0.0,-4.12,0.0
1790556300,0x21aa6DC573DA62abFD7E43C84bEF2DA4FE514053,14,3816.52,0.0,0.0,0.0,-32.93,0.0
1790556300,0x2Fd96bd26E7a3c694DBD5ae5E2C29249a83b8a98,8,23991.62,0.0,0.0,0.0,21.75,0.15
1790556300,0x33DBB588727CB87559daad7189E73d4B13ED88Bf,4,0.0,1003115.59,0.0,476.4,0.0,61.55
1790556300,0x3aAa2bB57a0eFeA8F6f89423A923f7107c33471B,34,612473.29,0.0,0.0,0.0,-715.8,42.79
1790556300,0x8E87D8308D439c88dDF48762AA5D3C99b8366a3a,46,547310.31,0.0,0.0,0.0,559.21,38.31
1790556300,0x978e3eb7997a9575cdE1799176829073d2876Fb9,1,28888.07,0.0,0.0,0.0,0.0,4.33
1790556300,0xA48232D674F993126945B9158d8eD64320883567,3,4542.53,0.0,0.0,0.0,50.96,0.68
1790556300,0xBC8015FA779be6ac91e5616f37e1768b8DbC16df,1,0.0,6767.65,0.0,3.2,0.0,0.0
1790556300,0xE1DC5576b36c78C75e6Abf2E1B121Db20A6069b7,4,0.0,1499772.72,0.0,731.58,-8.75,50.71
1790556300,0xEA2Eec3dc92E860ca7c00DDa51f1AfbCD1fC2E73,24,46363.84,0.0,0.0,0.0,0.0,2.21
1790556300,0xEd36621aa98134b01d10005a912aA3Ff0E38ED3f,1,19.94,0.0,0.0,0.0,0.0,0.0
1790556300,0xF7957c8b20DbD3FcA93686B07679aee8e6755c43,1,1509.26,0.0,0.0,0.0,-14.29,0.0
1790556300,0xfE6e3099dc514A63bd2Fe79BD3d9e8a653bBAF06,18,36811.51,58911.88,347.0,0.0,1078.01,9.94
1790557200,0x15efc06FEa57Bda3ceA94A53D5426E78ed4651F3,7,31077.46,0.0,0.0,0.0,1.06,6.22
1790557200,0x1c847e46576ba210189381C0c512C58278121d42,1,450.55,0.0,0.0,0.0,42.66,0.0
1790557200,0x1f78Fb1234d2f9685fb35AcB1cf484eca83F8F63,6,582.54,0.0,0.0,0.0,0.0,0.0
1790557200,0x21aa6DC573DA62abFD7E43C84bEF2DA4FE514053,14,4022.11,0.0,0.0,0.0,-53.54,0.0
1790557200,0x2Fd96bd26E7a3c694DBD5ae5E2C29249a83b8a98,13,21561.59,0.0,0.0,0.0,64.09,0.09
1790557200,0x2b65466293220B36D1a49e1fCe6099c21011b515,1,0.0,13357.07,0.0,540.0,0.0,1.34
1790557200,0x3aAa2bB57a0eFeA8F6f89423A923f7107c33471B,17,201912.74,176158.91,0.0,183.36,-727.04,0.0
1790557200,0x3bf64B8c8ce86abDBcF44Fa5a559E27eb9F63Efb,1,0.0,542.87,0.0,31.08,0.0,0.0
1790557200,0x4321D7527B0a40921382cA81C44DD22E453193a8,3,0.0,29401.1,44.9,0.0,0.0,3.91
1790557200,0x4c5Ae55d5D19DcEF0DeFe1218aF80E56C09dCb2c,1,0.0,2032.35,57.76,0.0,0.0,0.2
1790557200,0x5fE7FB2493441c753e52e7fb34b69C285F26bE9E,2,10681.02,0.0,0.0,0.0,0.0,3.21
1790557200,0x6FcDB8bd7366aD2F7dA412b99bb794A41d39669e,1,0.0,176158.91,183.36,0.0,0.0,23.42
1790557200,0x71BD4A4A110BaA2bCa2571392f888f996E94169D,1,0.0,542.87,31.08,0.0,0.0,0.66
1790557200,0x8E87D8308D439c88dDF48762AA5D3C99b8366a3a,41,309023.69,0.0,0.0,0.0,950.77,40.46
1790557200,0x94ECb4C47D8E2CB07874A33a0141016254b46873,1,384.15,0.0,0.0,0.0,-4.61,0.04
1790557200,0x978e3eb7997a9575cdE1799176829073d2876Fb9,1,7245.98,0.0,0.0,0.0,-101.73,1.09
1790557200,0xA48232D674F993126945B9158d8eD64320883567,1,0.0,1978.06,0.0,2.96,0.0,0.0
1790557200,0xB43C733335A1505aB746c496A83f288Eb91ccd3E,1,0.0,6438.11,915.8,0.0,0.0,0.64
1790557200,0xBC8015FA779be6ac91e5616f37e1768b8DbC16df,2,0.0,25672.04,65.28,0.0,14.08,0.0
1790557200,0xD3395A7Ef1e2EBe15aB9e1bA70F85f90C10dA77E,1,0.0,106709.11,0.0,8680.0,0.0,10.67
1790557200,0xE1DC5576b36c78C75e6Abf2E1B121Db20A6069b7,9,59998.29,131206.5,9220.0,1025.56,1300.78,9.84
1790557200,0xEA2Eec3dc92E860ca7c00DDa51f1AfbCD1fC2E73,13,30829.71,0.0,0.0,0.0,0.0,4.63
1790557200,0xEAc2374016613765cF31afDB4AEB6f5d13a63726,4,0.0,53095.08,0.0,107.22,0.0,3.73
1790557200,0xEd36621aa98134b01d10005a912aA3Ff0E38ED3f,3,59.9,0.0,0.0,0.0,0.24,0.0
1790557200,0xcBE22BE2eD365518Fee59523fe262da748C373FB,1,0.0,2669.86,52.0,0.0,0.0,0.27
1790557200,0xfE6e3099dc514A63bd2Fe79BD3d9e8a653bBAF06,4,22600.0,0.0,0.0,0.0,739.56,0.0
1790558100,0x15efc06FEa57Bda3ceA94A53D5426E78ed4651F3,14,38741.11,0.0,0.0,0.0,24.52,7.75
1790558100,0x1f78Fb1234d2f9685fb35AcB1cf484eca83F8F63,1,549.5,0.0,0.0,0.0,0.0,0.0
1790558100,0x21aa6DC573DA62abFD7E43C84bEF2DA4FE514053,15,2822.43,1810.31,0.0,5.0,-34.22,0.0
1790558100,0x2Fd96bd26E7a3c694DBD5ae5E2C29249a83b8a98,18,41472.38,0.0,0.0,0.0,85.88,0.07
1790558100,0x3aAa2bB57a0eFeA8F6f89423A923f7107c33471B,16,90058.33,0.0,0.0,0.0,-513.6,0.0
1790558100,0x3bf64B8c8ce86abDBcF44Fa5a559E27eb9F63Efb,1,0.0,840.74,0.0,5.98,0.0,0.0
1790558100,0x5fE7FB2493441c753e52e7fb34b69C285F26bE9E,1,7896.35,0.0,0.0,0.0,0.0,2.38
1790558100,0x8E87D8308D439c88dDF48762AA5D3C99b8366a3a,34,155555.09,0.0,0.0,0.0,690.07,17.72
1790558100,0x978e3eb7997a9575cdE1799176829073d2876Fb9,4,1393.91,0.0,0.0,0.0,3.99,0.21
1790558100,0xB90134C652814890691671c849381A0B3cdD0247,2,4004.89,0.0,0.0,0.0,0.0,1.21
1790558100,0xE1DC5576b36c78C75e6Abf2E1B121Db20A6069b7,2,0.0,2650.54,5.0,28.0,-2.19,0.2
1790558100,0xEA2Eec3dc92E860ca7c00DDa51f1AfbCD1fC2E73,20,22617.51,0.0,0.0,0.0,129.02,1.46
1790558100,0xEd36621aa98134b01d10005a912aA3Ff0E38ED3f,9,179.2,0.0,0.0,0.0,0.14,0.0
1790558100,0xfE6e3099dc514A63bd2Fe79BD3d9e8a653bBAF06,1,4500.8,0.0,0.0,0.0,166.44,0.68
1790558100,0xfa01529bD217BD76A28305ad1851cC2491D26B59,2,0.0,1680.96,33.98,0.0,0.0,0.84
1790559000,0x15efc06FEa57Bda3ceA94A53D5426E78ed4651F3,2,46740.3,0.0,0.0,0.0,117.72,9.35
1790559000,0x1f78Fb1234d2f9685fb35AcB1cf484eca83F8F63,1,549.68,0.0,0.0,0.0,0.0,0.0
1790559000,0x21aa6DC573DA62abFD7E43C84bEF2DA4FE514053,8,1345.11,0.0,0.0,0.0,-23.38,0.0
1790559000,0x2Fd96bd26E7a3c694DBD5ae5E2C29249a83b8a98,3,8999.34,0.0,0.0,0.0,3.16,0.0
1790559000,0x3aAa2bB57a0eFeA8F6f89423A923f7107c33471B,9,101990.45,17479.0,61.82,2664.0,-724.86,0.0
1790559000,0x8E87D8308D439c88dDF48762AA5D3C99b8366a3a,18,110507.61,0.0,0.0,0.0,380.56,16.42
1790559000,0x9170Fd4b32bf660b34fc87D7398Fd9AE4fb36187,1,0.0,15801.27,2664.0,0.0,-2.29,5.24
1790559000,0x978e3eb7997a9575cdE1799176829073d2876Fb9,1,281.83,0.0,0.0,0.0,0.0,0.0
1790559000,0xE1DC5576b36c78C75e6Abf2E1B121Db20A6069b7,4,50004.03,840.08,0.0,42.0,1128.96,0.06
1790559000,0xEA2Eec3dc92E860ca7c00DDa51f1AfbCD1fC2E73,4,10141.23,0.0,0.0,0.0,0.0,1.0
1790559000,0xe0F27850e6235CD62Ff524B2d32D48936f14D96D,1,0.0,1677.73,0.0,61.82,15.04,1.0
1790559000,0xfE6e3099dc514A63bd2Fe79BD3d9e8a653bBAF06,3,4782.36,0.0,0.0,0.0,194.58,0.72
1790559000,0xfa01529bD217BD76A28305ad1851cC2491D26B59,1,0.0,840.08,42.0,0.0,0.0,0.08
1790559900,0x0CB07cE2381904f31C983538F8379d6CBDeC37a1,2,0.0,179662.51,1751.9,76.1,0.0,27.45
1790559900,0x0D0FF3a1a018cc7f67FD948E3D1C8eC76ca49263,1,0.0,45304.23,7140.0,0.0,0.0,4.53
1790559900,0x0ED2F5A37c29a605f47b12dBA90c46dee9c17580,1,300.82,0.0,0.0,0.0,9.26,0.03
1790559900,0x137c5E253d961e482D86f44DAb36071406D082A0,1,4999.54,0.0,0.0,0.0,0.0,0.0
1790559900,0x15efc06FEa57Bda3ceA94A53D5426E78ed4651F3,22,95416.08,0.0,0.0,0.0,170.92,14.57
1790559900,0x1ae699Ac5B2f7b3cDe6424279c41Af76fe555Cc4,2,0.0,90586.3,1363.8,0.0,0.0,9.06
1790559900,0x1c847e46576ba210189381C0c512C58278121d42,2,1437.43,0.0,0.0,0.0,1.52,0.0
1790559900,0x1fD0876eEAaB1Af9BbF3EeB70064bc03bf111718,8,4803.52,0.0,0.0,0.0,-5.43,0.09
1790559900,0x21aa6DC573DA62abFD7E43C84bEF2DA4FE514053,28,8696.32,0.0,0.0,0.0,-113.28,0.0
1790559900,0x2Fd96bd26E7a3c694DBD5ae5E2C29249a83b8a98,13,39065.49,0.0,0.0,0.0,138.06,0.0
1790559900,0x33DBB588727CB87559daad7189E73d4B13ED88Bf,7,0.0,140562.4,7080.64,12380.48,0.0,45.67
1790559900,0x3aAa2bB57a0eFeA8F6f89423A923f7107c33471B,32,258826.88,132455.49,14502.73,2013.76,-1377.52,9.01
1790559900,0x3bf64B8c8ce86abDBcF44Fa5a559E27eb9F63Efb,5,0.0,228782.45,2493.06,5424.22,-457.33,0.0
1790559900,0x51efa467CC3B762063bfBE86Ee812E4D51193F68,1,1114.49,0.0,0.0,0.0,-10.1,0.34
1790559900,0x57D20F8aF5875aD611dC836f78e4992DDA5E6073,1,0.0,20924.59,0.0,77.75,0.0,0.0
1790559900,0x5fE7FB2493441c753e52e7fb34b69C285F26bE9E,2,7873.05,0.0,0.0,0.0,18.55,2.37
1790559900,0x624e8b936b5DE0B425046ac1A60615F514d0bb50,1,0.0,44997.64,0.0,513.61,0.0,14.0
1790559900,0x6FcDB8bd7366aD2F7dA412b99bb794A41d39669e,1,0.0,13283.38,36.0,0.0,0.0,4.49
1790559900,0x7B72E866eec8C22a37e1F819cBAE3A7b4AfFE2CD,2,0.0,5329.91,778.0,0.0,0.0,0.53
1790559900,0x80e93386C24B88609919Fbfd6D47124184afBE57,1,89.85,0.0,0.0,0.0,0.0,0.01
1790559900,0x889a18bc957a848c89000812706A5A9E0397E39f,1,0.0,7140.21,0.0,4025.6,0.0,2.64
1790559900,0x8E454d0a7E9abF691002EDdEd47472ce03C25905,1,0.0,4463.58,0.0,61.0,0.0,0.0
1790559900,0x8E87D8308D439c88dDF48762AA5D3C99b8366a3a,119,599749.66,0.0,0.0,0.0,1037.8,68.4
1790559900,0x9162bC7e6586a2b197c7b1AcFf47C0fE31DAD0C8,2,1596.12,0.0,0.0,0.0,3.63,0.12
1790559900,0x978e3eb7997a9575cdE1799176829073d2876Fb9,9,32327.89,0.0,0.0,0.0,878.56,4.85
1790559900,0xB90134C652814890691671c849381A0B3cdD0247,3,7980.12,0.0,0.0,0.0,125.62,2.42
1790559900,0xBC8015FA779be6ac91e5616f37e1768b8DbC16df,10,997.14,26034.86,7.68,36.0,12.11,0.15
1790559900,0xD3395A7Ef1e2EBe15aB9e1bA70F85f90C10dA77E,2,0.0,89360.72,0.0,9690.0,0.0,8.94
1790559900,0xD87890df93bf74173b51077e5c6cD12121d87903,1,0.0,4300.82,0.0,20.09,0.0,0.0
1790559900,0xE1DC5576b36c78C75e6Abf2E1B121Db20A6069b7,28,229990.63,774042.01,158.84,15895.8,4396.06,58.05
1790559900,0xEA2Eec3dc92E860ca7c00DDa51f1AfbCD1fC2E73,47,96064.9,0.0,0.0,0.0,-605.54,7.6
1790559900,0xEAc2374016613765cF31afDB4AEB6f5d13a63726,3,0.0,88320.17,776.0,712.68,0.0,6.62
1790559900,0xEd36621aa98134b01d10005a912aA3Ff0E38ED3f,11,218.39,0.0,0.0,0.0,0.8,0.0
1790559900,0xF7957c8b20DbD3FcA93686B07679aee8e6755c43,3,26919.58,0.0,0.0,0.0,-656.25,0.0
1790559900,0xFcADE4AC54B6F2Ed61bd432366517995D94184C8,2,0.0,666238.73,7250.0,0.0,0.0,66.62
1790559900,0xcBE22BE2eD365518Fee59523fe262da748C373FB,1,0.0,2664.95,51.0,0.0,0.0,0.27
1790559900,0xea19Fe621592b9aF895f2d8d5Af7288C02FbBbF3,6,198.3,0.0,0.0,0.0,8.38,0.12
1790559900,0xfE6e3099dc514A63bd2Fe79BD3d9e8a653bBAF06,17,80811.47,69274.78,7519.44,0.0,3668.93,13.99
1790559900,0xfa01529bD217BD76A28305ad1851cC2491D26B59,1,0.0,836.47,18.0,0.0,0.0,0.08
1790560800,0x0AEbb3b5FDE111f3dCcFe1a24368d40f37d82581,2,0.0,348558.37,2311.61,3421.14,0.0,52.78
1790560800,0x15efc06FEa57Bda3ceA94A53D5426E78ed4651F3,12,30533.19,0.0,0.0,0.0,-203.49,6.11
1790560800,0x1f78Fb1234d2f9685fb35AcB1cf484eca83F8F63,1,547.74,0.0,0.0,0.0,0.0,0.0
1790560800,0x1fD0876eEAaB1Af9BbF3EeB70064bc03bf111718,6,5261.43,0.0,0.0,0.0,-4.13,0.0
1790560800,0x21aa6DC573DA62abFD7E43C84bEF2DA4FE514053,28,6189.71,0.0,0.0,0.0,-68.92,0.0
1790560800,0x2Fd96bd26E7a3c694DBD5ae5E2C29249a83b8a98,24,80936.37,0.0,0.0,0.0,179.03,0.0
1790560800,0x3aAa2bB57a0eFeA8F6f89423A923f7107c33471B,48,567550.69,348558.37,3421.14,2311.61,-4476.48,25.93
1790560800,0x42974A167De3F098cEf1Ffbf5f250D33a9200520,1,0.0,583.5,0.0,10.12,0.12,0.09
1790560800,0x57D20F8aF5875aD611dC836f78e4992DDA5E6073,1,0.0,398.26,0.0,0.82,0.0,0.0
1790560800,0x6FcDB8bd7366aD2F7dA412b99bb794A41d39669e,1,0.0,318435.17,1019.07,0.0,0.0,31.84
1790560800,0x6c7E180703B4050031cd4e0F3e1670032FbFf34f,2,0.0,796.52,0.82,0.72,-1.3,1.19
1790560800,0x801209Bf04cfB7D37135CcDeA450C680dB26995C,1,0.0,17965.92,0.0,190.0,-53.4,0.0
1790560800,0x80e93386C24B88609919Fbfd6D47124184afBE57,1,90.43,0.0,0.0,0.0,-1.22,0.01
1790560800,0x8E87D8308D439c88dDF48762AA5D3C99b8366a3a,90,656218.35,0.0,0.0,0.0,2402.51,72.38
1790560800,0x978e3eb7997a9575cdE1799176829073d2876Fb9,3,2575.55,0.0,0.0,0.0,-8.9,0.39
1790560800,0xB3D11Ee445CA160384A0E84451fEA7E8137035e3,1,0.0,26502.51,39.0,0.0,0.0,5.38
1790560800,0xB90134C652814890691671c849381A0B3cdD0247,2,3983.95,0.0,0.0,0.0,0.0,1.2
1790560800,0xBC8015FA779be6ac91e5616f37e1768b8DbC16df,1,0.0,12737.32,7.68,0.0,-1.92,0.0
1790560800,0xCDa43aF0E62ea12faE2BFF016557B6aB37Ec98B0,2,4998.2,0.0,0.0,0.0,0.0,1.5
1790560800,0xE1DC5576b36c78C75e6Abf2E1B121Db20A6069b7,6,35997.97,1816.9,10.84,12.0,721.94,0.06
1790560800,0xEA2Eec3dc92E860ca7c00DDa51f1AfbCD1fC2E73,22,20403.55,0.0,0.0,0.0,0.0,2.16
1790560800,0xEAc2374016613765cF31afDB4AEB6f5d13a63726,5,0.0,1233494.31,0.0,2019.28,-14.28,90.52
1790560800,0xFfd6339DA9D6a8D84FD5b323a6088441947A10B3,4,0.0,18431.43,190.0,0.0,46.64,6.0
1790560800,0xda50a7E41BEb66B2a613bc22a206fb1cF34FFaE2,3,0.0,465.51,0.0,0.0,0.0,0.0
1790560800,0xfE6e3099dc514A63bd2Fe79BD3d9e8a653bBAF06,8,36104.62,0.0,0.0,0.0,0.0,2.03
1790560800,0xfF4Cd9BaA9858dAd34EAC8099211F032768d0dD7,2,0.0,875819.31,953.54,0.0,0.0,87.58
1790560800,0xfa01529bD217BD76A28305ad1851cC2491D26B59,1,0.0,835.14,12.0,0.0,0.0,0.08
1790561700,0x05cfF5B6DC5697AA54200b42c51ee54aFE5eF875,3,0.0,4439.77,30.4,49.2,28.23,2.83
1790561700,0x15efc06FEa57Bda3ceA94A53D5426E78ed4651F3,5,3411.07,0.0,0.0,0.0,-18.43,0.68
1790561700,0x1f78Fb1234d2f9685fb35AcB1cf484eca83F8F63,1,0.0,1359.38,49.2,0.0,0.0,0.0
1790561700,0x1fD0876eEAaB1Af9BbF3EeB70064bc03bf111718,4,2411.05,0.0,0.0,0.0,-0.31,0.0
1790561700,0x21aa6DC573DA62abFD7E43C84bEF2DA4FE514053,25,6115.07,0.0,0.0,0.0,-38.88,0.0
1790561700,0x2Fd96bd26E7a3c694DBD5ae5E2C29249a83b8a98,17,60927.54,0.0,0.0,0.0,138.72,0.15
1790561700,0x2d5E3844E825A91607D15265b120b63Cfb55B84D,1,0.0,83667.82,0.0,629.0,0.0,25.6
1790561700,0x3aAa2bB57a0eFeA8F6f89423A923f7107c33471B,37,381299.52,87013.63,644.1,0.0,-2121.49,55.4
1790561700,0x3bf64B8c8ce86abDBcF44Fa5a559E27eb9F63Efb,2,0.0,3080.39,0.0,30.4,-323.05,0.0
1790561700,0x414F9fFDe32b0975F50880d1Df0b029a9451a031,2,0.0,3345.8,0.0,15.1,-0.1,1.0
1790561700,0x626cf8dc1320D57D41D7bcC89E087bdED2CE5F21,1,0.0,817239.32,11250.0,0.0,0.0,245.67
1790561700,0x69c3df6830Ff750c6db8BD0f29737474653d3Cad,1,0.0,1995.5,15.0,0.0,0.0,1.1
1790561700,0x8E87D8308D439c88dDF48762AA5D3C99b8366a3a,42,357746.91,0.0,0.0,0.0,710.18,2.02
1790561700,0xB90134C652814890691671c849381A0B3cdD0247,4,15413.84,0.0,0.0,0.0,167.48,4.64
1790561700,0xBC8015FA779be6ac91e5616f37e1768b8DbC16df,2,180.64,1995.5,0.0,15.0,0.0,0.03
1790561700,0xD9884e6f8a8Bc801E24bB19E371d71D626C22680,2,0.0,859064.61,0.0,11825.0,0.0,0.0
1790561700,0xEA2Eec3dc92E860ca7c00DDa51f1AfbCD1fC2E73,14,3583.81,0.0,0.0,0.0,0.0,0.54
1790561700,0xfE6e3099dc514A63bd2Fe79BD3d9e8a653bBAF06,7,18157.11,41825.3,575.0,0.0,34.32,5.86
1790562600,0x00A048B2E09D45C80A6b04D11CD532856C3043A2,1,0.0,4066.5,194.92,0.0,0.0,0.41
1790562600,0x05cfF5B6DC5697AA54200b42c51ee54aFE5eF875,2,0.0,1810.05,0.0,20.6,0.0,1.54
1790562600,0x15efc06FEa57Bda3ceA94A53D5426E78ed4651F3,6,34494.47,0.0,0.0,0.0,263.13,6.9
1790562600,0x1c847e46576ba210189381C0c512C58278121d42,2,1976.13,0.0,0.0,0.0,-79.92,0.0
1790562600,0x1f78Fb1234d2f9685fb35AcB1cf484eca83F8F63,2,0.0,1810.05,20.6,0.0,0.0,0.0
1790562600,0x1fD0876eEAaB1Af9BbF3EeB70064bc03bf111718,1,547.15,0.0,0.0,0.0,0.0,0.0
1790562600,0x21aa6DC573DA62abFD7E43C84bEF2DA4FE514053,23,3343.21,0.0,0.0,0.0,-38.41,0.0
1790562600,0x2Fd96bd26E7a3c694DBD5ae5E2C29249a83b8a98,14,32246.37,0.0,0.0,0.0,49.16,0.03
1790562600,0x3aAa2bB57a0eFeA8F6f89423A923f7107c33471B,13,132918.14,39762.34,0.0,492.0,-723.68,0.0
1790562600,0x42974A167De3F098cEf1Ffbf5f250D33a9200520,3,89.2,0.0,0.0,0.0,-0.06,0.03
1790562600,0x49b7242E71F5A87732A109a07DA2400364819386,1,0.0,1498.85,90.0,0.0,0.0,0.15
1790562600,0x7B61332543d7EDc2AE27D06B7E7526636bB86F81,1,0.0,39762.34,492.0,0.0,0.0,12.43
1790562600,0x87b8df4f8a95b719fda56ca067BE9F4C5687A694,2,750.39,1498.85,0.0,90.0,0.0,1.18
1790562600,0x8E87D8308D439c88dDF48762AA5D3C99b8366a3a,30,127110.58,0.0,0.0,0.0,401.54,18.91
1790562600,0x978e3eb7997a9575cdE1799176829073d2876Fb9,4,9725.37,0.0,0.0,0.0,-138.44,1.46
1790562600,0xB80efabF261F1FA31b0afD96f55246A7e0825b93,1,0.0,10015.34,38.4,0.0,0.0,3.5
1790562600,0xBC8015FA779be6ac91e5616f37e1768b8DbC16df,1,0.0,10015.34,0.0,38.4,0.0,0.0
1790562600,0xE1DC5576b36c78C75e6Abf2E1B121Db20A6069b7,1,0.0,4066.5,0.0,194.92,-9.64,0.3
1790562600,0xEA2Eec3dc92E860ca7c00DDa51f1AfbCD1fC2E73,12,2061.34,0.0,0.0,0.0,0.0,0.2
1790562600,0xEd36621aa98134b01d10005a912aA3Ff0E38ED3f,2,39.84,0.0,0.0,0.0,0.06,0.0
1790563500,0x05cfF5B6DC5697AA54200b42c51ee54aFE5eF875,1,0.0,2697.93,25.52,0.0,23.46,1.31
1790563500,0x1190F9344043AFAF04DFD4Ca70a551d5558D8265,2,0.0,371155.79,2492.0,749.0,0.0,56.17
1790563500,0x15efc06FEa57Bda3ceA94A53D5426E78ed4651F3,2,38941.24,0.0,0.0,0.0,413.53,7.8
1790563500,0x17bD60ea0C8c3c13Ac0FddF5B44066C65a981DA6,1,917.55,0.0,0.0,0.0,-0.33,0.29
1790563500,0x1f78Fb1234d2f9685fb35AcB1cf484eca83F8F63,1,179.88,0.0,0.0,0.0,0.0,0.03
1790563500,0x21aa6DC573DA62abFD7E43C84bEF2DA4FE514053,13,5569.22,0.0,0.0,0.0,-56.58,0.06
1790563500,0x2Fd96bd26E7a3c694DBD5ae5E2C29249a83b8a98,4,9985.2,0.0,0.0,0.0,0.0,0.15
1790563500,0x3aAa2bB57a0eFeA8F6f89423A923f7107c33471B,8,123914.33,0.0,0.0,0.0,-1453.69,0.0
1790563500,0x3bf64B8c8ce86abDBcF44Fa5a559E27eb9F63Efb,6,0.0,519584.17,38183.25,3416.62,-4786.13,0.0
1790563500,0x5eaEa34A19Ab443D53c598C19822Dbf4Eb393d5D,1,0.0,2650.99,0.0,20.0,-100.11,0.27
1790563500,0x70BC958d3361067D766E7354821C71BB3aa8D605,2,0.0,23817.12,79.11,488.71,166.83,4.07
1790563500,0x80e93386C24B88609919Fbfd6D47124184afBE57,1,89.79,0.0,0.0,0.0,0.0,0.01
1790563500,0x8E87D8308D439c88dDF48762AA5D3C99b8366a3a,31,213046.3,0.0,0.0,0.0,843.99,25.27
1790563500,0x978e3eb7997a9575cdE1799176829073d2876Fb9,5,20403.15,0.0,0.0,0.0,0.0,0.0
1790563500,0xB5501a392fDcCFc1F3e68C11515FD9a9afAE2991,2,0.0,180181.26,3312.0,9218.2,2893.99,6.88
1790563500,0xB80efabF261F1FA31b0afD96f55246A7e0825b93,2,0.0,606278.13,0.0,956.15,-867.97,120.52
1790563500,0xD73467b55b9236f89619F426cC71dbB173F09e6B,1,132.68,0.0,0.0,0.0,0.0,0.05
1790563500,0xE1DC5576b36c78C75e6Abf2E1B121Db20A6069b7,5,29998.02,608929.13,976.15,0.0,92.68,0.2
1790563500,0xEA2Eec3dc92E860ca7c00DDa51f1AfbCD1fC2E73,8,10848.79,0.0,0.0,0.0,0.0,0.4
1790563500,0xEAc2374016613765cF31afDB4AEB6f5d13a63726,2,0.0,371155.79,749.0,2492.0,0.0,0.0
1790563500,0xebC11Ac4450E3eA74F5D65e5c0138A0C50a2DE4f,8,28570.13,312887.86,0.0,28476.34,0.0,27.87
1790564400,0x16cf8666a35D1E9D4c4d19B16A93fc8462696f10,2,0.0,15929.27,477.59,201.01,0.0,2.89
1790564400,0x1fD0876eEAaB1Af9BbF3EeB70064bc03bf111718,1,545.82,0.0,0.0,0.0,-1.33,0.0
1790564400,0x201D9E8fe6d8F2b471dDD1fE76b6C1fB5a66AE82,1,0.0,955.62,0.0,3.78,0.0,0.1
1790564400,0x21aa6DC573DA62abFD7E43C84bEF2DA4FE514053,10,1880.13,0.0,0.0,0.0,-17.08,0.0
1790564400,0x2Fd96bd26E7a3c694DBD5ae5E2C29249a83b8a98,3,4199.99,0.0,0.0,0.0,0.0,0.0
1790564400,0x3aAa2bB57a0eFeA8F6f89423A923f7107c33471B,3,20002.2,15929.27,201.01,477.59,0.0,0.0
1790564400,0x8E87D8308D439c88dDF48762AA5D3C99b8366a3a,5,20880.23,0.0,0.0,0.0,-7.19,3.13
1790564400,0x978e3eb7997a9575cdE1799176829073d2876Fb9,14,53371.36,0.0,0.0,0.0,0.0,0.0
1790564400,0xE1DC5576b36c78C75e6Abf2E1B121Db20A6069b7,2,0.0,17645.64,1223.98,0.0,-1.31,0.07
1790564400,0xEA2Eec3dc92E860ca7c00DDa51f1AfbCD1fC2E73,8,5649.32,0.0,0.0,0.0,18.55,0.23
1790564400,0xc1bEbaD109C56151A4710468D8d8CAf80076943C,1,0.0,16690.02,0.0,1220.2,0.0,5.51
1790564400,0xe4664F032E5973B8638aA79C22DAC4413C241258,1,208.7,0.0,0.0,0.0,0.0,0.07
1790564400,0xebC11Ac4450E3eA74F5D65e5c0138A0C50a2DE4f,17,61464.04,0.0,0.0,0.0,0.0,9.21
1790565300,0x05cfF5B6DC5697AA54200b42c51ee54aFE5eF875,2,0.0,2252.46,0.0,36.85,0.0,1.68
1790565300,0x11AB71E94C4FDDb3751fC127c9C1269bbF68D8DB,3,0.0,528.74,0.0,0.0,434.87,0.82
1790565300,0x15efc06FEa57Bda3ceA94A53D5426E78ed4651F3,5,24406.75,0.0,0.0,0.0,0.0,0.88
1790565300,0x1fD0876eEAaB1Af9BbF3EeB70064bc03bf111718,4,4838.75,0.0,0.0,0.0,-2.4,0.0
1790565300,0x201D9E8fe6d8F2b471dDD1fE76b6C1fB5a66AE82,1,0.0,953.04,0.0,3.64,0.0,0.1
1790565300,0x21aa6DC573DA62abFD7E43C84bEF2DA4FE514053,16,2268.21,0.0,0.0,0.0,-26.14,0.0
1790565300,0x2Fd96bd26E7a3c694DBD5ae5E2C29249a83b8a98,4,10987.93,0.0,0.0,0.0,76.44,0.0
1790565300,0x2b65466293220B36D1a49e1fCe6099c21011b515,1,0.0,13245.66,0.0,175.0,0.0,1.32
1790565300,0x3aAa2bB57a0eFeA8F6f89423A923f7107c33471B,7,25986.2,232970.31,665.33,1153.77,-204.54,0.0
1790565300,0x3bf64B8c8ce86abDBcF44Fa5a559E27eb9F63Efb,1,0.0,7203.88,0.0,3989.21,0.0,0.0
1790565300,0x4162f48D384eE62fDc1bcB68B806F8F2441B11Eb,1,0.0,529.47,0.0,7.0,0.0,0.05
1790565300,0x801209Bf04cfB7D37135CcDeA450C680dB26995C,2,0.0,2252.46,36.85,0.0,0.0,0.0
1790565300,0x889a18bc957a848c89000812706A5A9E0397E39f,1,0.0,7203.88,3989.21,0.0,31.09,2.66
1790565300,0x8E87D8308D439c88dDF48762AA5D3C99b8366a3a,22,89483.01,0.0,0.0,0.0,585.35,7.51
1790565300,0x9162bC7e6586a2b197c7b1AcFf47C0fE31DAD0C8,2,1586.17,0.0,0.0,0.0,8.11,0.12
1790565300,0x978e3eb7997a9575cdE1799176829073d2876Fb9,12,56732.33,0.0,0.0,0.0,106.82,5.12
1790565300,0x9F8E0a32c18730DBa70c18f1093E4DB5ee6Ceb3A,1,0.0,265.67,0.06,0.0,0.0,0.51
1790565300,0xA48232D674F993126945B9158d8eD64320883567,1,0.0,1985.51,0.0,37.58,0.0,0.0
1790565300,0xB80efabF261F1FA31b0afD96f55246A7e0825b93,5,0.0,1795568.07,0.0,782.85,-1479.6,98.86
1790565300,0xB90134C652814890691671c849381A0B3cdD0247,2,3986.81,0.0,0.0,0.0,0.0,1.21
1790565300,0xBC8015FA779be6ac91e5616f37e1768b8DbC16df,2,1000.08,19075.06,178.56,0.0,0.0,0.15
1790565300,0xE1DC5576b36c78C75e6Abf2E1B121Db20A6069b7,11,0.0,1832189.96,1006.07,204.56,296.25,52.97
1790565300,0xE9F76a71a9Ae93290f086cBef60dd22AE0A24032,2,0.0,5298.97,97.77,49.13,0.0,1.29
1790565300,0xEA2Eec3dc92E860ca7c00DDa51f1AfbCD1fC2E73,15,23333.23,0.0,0.0,0.0,-141.82,1.51
1790565300,0xEAc2374016613765cF31afDB4AEB6f5d13a63726,4,0.0,227937.02,1056.0,616.26,-487.01,17.08
1790565300,0xF7957c8b20DbD3FcA93686B07679aee8e6755c43,1,1000.08,0.0,0.0,0.0,-15.02,0.0
1790565300,0xda50a7E41BEb66B2a613bc22a206fb1cF34FFaE2,3,0.0,528.74,0.0,0.0,0.0,0.0
1790565300,0xebC11Ac4450E3eA74F5D65e5c0138A0C50a2DE4f,10,36896.77,0.0,0.0,0.0,0.0,5.53
1790565300,0xfa01529bD217BD76A28305ad1851cC2491D26B59,1,0.0,833.15,26.0,0.0,0.0,0.08
1790566200,0x11AB71E94C4FDDb3751fC127c9C1269bbF68D8DB,2,0.0,649.18,0.0,0.0,533.46,0.99
1790566200,0x15efc06FEa57Bda3ceA94A53D5426E78ed4651F3,16,38911.41,0.0,0.0,0.0,-34.55,7.78
1790566200,0x1c847e46576ba210189381C0c512C58278121d42,2,1992.66,0.0,0.0,0.0,-94.55,0.0
1790566200,0x1f78Fb1234d2f9685fb35AcB1cf484eca83F8F63,2,632.27,0.0,0.0,0.0,0.0,0.03
1790566200,0x1fD0876eEAaB1Af9BbF3EeB70064bc03bf111718,4,4823.79,0.0,0.0,0.0,-1.88,0.42
1790566200,0x21aa6DC573DA62abFD7E43C84bEF2DA4FE514053,18,3286.14,0.0,0.0,0.0,-42.46,0.0
1790566200,0x2Fd96bd26E7a3c694DBD5ae5E2C29249a83b8a98,5,16984.2,0.0,0.0,0.0,4.94,0.0
1790566200,0x3aAa2bB57a0eFeA8F6f89423A923f7107c33471B,16,192662.92,28137.15,192.98,0.0,-2955.14,0.0
1790566200,0x51efa467CC3B762063bfBE86Ee812E4D51193F68,1,832.39,0.0,0.0,0.0,-13.17,0.26
1790566200,0x5fE7FB2493441c753e52e7fb34b69C285F26bE9E,3,5303.22,0.0,0.0,0.0,0.0,1.6
1790566200,0x8E87D8308D439c88dDF48762AA5D3C99b8366a3a,46,292043.91,0.0,0.0,0.0,1660.09,36.94
1790566200,0x978e3eb7997a9575cdE1799176829073d2876Fb9,4,10974.0,0.0,0.0,0.0,-192.43,1.44
1790566200,0xA0D678cb6F48CA52720232361BfB376C46c2c5B0,1,1390.93,0.0,0.0,0.0,-34.18,0.14
1790566200,0xB80efabF261F1FA31b0afD96f55246A7e0825b93,3,0.0,1242986.88,0.0,427.87,-1126.44,54.48
1790566200,0xCDa43aF0E62ea12faE2BFF016557B6aB37Ec98B0,3,9996.89,0.0,0.0,0.0,0.0,3.0
1790566200,0xE1DC5576b36c78C75e6Abf2E1B121Db20A6069b7,9,59995.74,1246463.18,431.97,39.0,0.0,16.18
1790566200,0xEA2Eec3dc92E860ca7c00DDa51f1AfbCD1fC2E73,11,15169.7,0.0,0.0,0.0,35.73,2.04
1790566200,0xF54b31bAd5aEB21a26AD3FF0f15A6589Ec58107b,1,0.0,2643.97,0.0,4.1,-13.29,0.26
1790566200,0xd10630597c85Ba73961BfaCe091D7D918245Ae59,1,0.0,28137.15,0.0,192.98,0.0,8.94
1790566200,0xda50a7E41BEb66B2a613bc22a206fb1cF34FFaE2,2,0.0,649.18,0.0,0.0,0.0,0.0
1790566200,0xea19Fe621592b9aF895f2d8d5Af7288C02FbBbF3,1,33.11,0.0,0.0,0.0,1.34,0.02
1790566200,0xfa01529bD217BD76A28305ad1851cC2491D26B59,1,0.0,832.34,39.0,0.0,0.0,0.08
1790567100,0x15efc06FEa57Bda3ceA94A53D5426E78ed4651F3,10,68733.06,0.0,0.0,0.0,585.44,0.02
1790567100,0x19e5008B1C8af6A6711e167ee94e167Bdb73A636,2,0.0,42443.81,171.61,1371.48,31.78,6.87
1790567100,0x21aa6DC573DA62abFD7E43C84bEF2DA4FE514053,12,2515.81,0.0,0.0,0.0,-32.6,0.0
1790567100,0x2Fd96bd26E7a3c694DBD5ae5E2C29249a83b8a98,3,6813.18,0.0,0.0,0.0,83.76,0.12
1790567100,0x3aAa2bB57a0eFeA8F6f89423A923f7107c33471B,4,5999.95,43341.23,1495.58,171.61,-340.99,0.0
1790567100,0x3bf64B8c8ce86abDBcF44Fa5a559E27eb9F63Efb,2,0.0,1436.22,107.25,0.0,7.28,0.0
1790567100,0x42d30F10216Ad02c349023C29ba6F2A91A74F206,2,0.0,2280.66,20.9,5.29,0.0,0.84
1790567100,0x4d51E18c9ad5131b653D0Bd7E416B50c0192f8fe,2,0.0,2268.84,0.0,21.29,0.0,1.68
1790567100,0x62A4867614c5b5DeF2De67c37e80B3684d3A695C,1,0.0,538.47,0.0,59.58,-23.17,0.66
1790567100,0x6466f23281367531eAB977da1eCd2CF6a30b035D,2,0.0,53053.89,486.0,124.0,0.0,8.46
1790567100,0x6A3921183afbd29Fd6a9e6Ec4fa456B1fF7d75e2,2,0.0,5303.12,30.0,1.7,36.57,1.3
1790567100,0x7aC4C8479C54d7fe51757bF273532CCe6df9553A,1,0.0,897.76,0.0,47.67,0.0,0.77
1790567100,0x87b8df4f8a95b719fda56ca067BE9F4C5687A694,1,0.0,897.41,0.0,124.1,0.0,0.77
1790567100,0x8E87D8308D439c88dDF48762AA5D3C99b8366a3a,21,84505.81,0.0,0.0,0.0,-9.41,11.31
1790567100,0x8eeAd349E6730E1c90198D23B9401B564148921c,1,0.0,265.27,1.19,0.0,0.0,0.58
1790567100,0x96C751c2AEA186505635d100266228d35f08b209,2,0.0,166.65,0.04,0.2,0.0,1.03
1790567100,0xA48232D674F993126945B9158d8eD64320883567,1,0.0,265.27,0.0,1.19,0.0,0.0
1790567100,0xBC8015FA779be6ac91e5616f37e1768b8DbC16df,3,1003.08,83.32,0.2,0.0,19.62,0.15
1790567100,0xE1DC5576b36c78C75e6Abf2E1B121Db20A6069b7,2,0.0,2268.84,21.29,0.0,24.99,0.0
1790567100,0xEA2Eec3dc92E860ca7c00DDa51f1AfbCD1fC2E73,6,16099.41,0.0,0.0,0.0,0.0,2.42
1790567100,0xEAc2374016613765cF31afDB4AEB6f5d13a63726,7,0.0,60720.99,130.99,536.94,-40.26,0.0
1790567100,0xEd36621aa98134b01d10005a912aA3Ff0E38ED3f,5,99.51,0.0,0.0,0.0,0.1,0.0
1790567100,0xF7957c8b20DbD3FcA93686B07679aee8e6755c43,2,1003.08,0.0,0.0,0.0,0.0,0.0
1790568000,0x021d21f43d6d8921eF876Ec72f59E45820883B8F,1,0.0,20808.87,230.0,0.0,0.0,0.0
1790568000,0x15efc06FEa57Bda3ceA94A53D5426E78ed4651F3,1,345.38,0.0,0.0,0.0,0.0,0.07
1790568000,0x1f78Fb1234d2f9685fb35AcB1cf484eca83F8F63,1,549.99,0.0,0.0,0.0,0.0,0.0
1790568000,0x1fD0876eEAaB1Af9BbF3EeB70064bc03bf111718,7,7588.03,0.0,0.0,0.0,-0.79,0.21
1790568000,0x21aa6DC573DA62abFD7E43C84bEF2DA4FE514053,6,1715.93,0.0,0.0,0.0,-17.05,0.0
1790568000,0x2Fd96bd26E7a3c694DBD5ae5E2C29249a83b8a98,9,20940.55,0.0,0.0,0.0,228.25,0.14
1790568000,0x3aAa2bB57a0eFeA8F6f89423A923f7107c33471B,11,41659.37,6133.83,62.29,15.01,-410.36,0.0
1790568000,0x3bf64B8c8ce86abDBcF44Fa5a559E27eb9F63Efb,4,0.0,21729.45,597.87,86.67,-34.14,0.0
1790568000,0x6A3921183afbd29Fd6a9e6Ec4fa456B1fF7d75e2,6,0.0,13253.21,94.55,173.16,56.97,3.71
1790568000,0x8E87D8308D439c88dDF48762AA5D3C99b8366a3a,14,35550.85,0.0,0.0,0.0,109.33,3.65
1790568000,0x9415A9313b1c62949547a5ac3633CE869BdAD925,2,0.0,63651.65,198.0,61.2,0.0,9.04
1790568000,0x978e3eb7997a9575cdE1799176829073d2876Fb9,8,11350.75,0.0,0.0,0.0,-22.63,1.7
1790568000,0xAeB084e39Aec4A5841D358577af439aA5a928f8a,1,0.0,71493.85,3051.0,0.0,0.0,7.15
1790568000,0xCDa43aF0E62ea12faE2BFF016557B6aB37Ec98B0,5,15006.69,0.0,0.0,0.0,0.0,4.5
1790568000,0xD9884e6f8a8Bc801E24bB19E371d71D626C22680,1,0.0,15592.19,0.0,487.0,0.0,2.34
1790568000,0xE1DC5576b36c78C75e6Abf2E1B121Db20A6069b7,1,0.0,833.05,0.0,3.26,0.0,0.0
1790568000,0xEA2Eec3dc92E860ca7c00DDa51f1AfbCD1fC2E73,15,52828.26,0.0,0.0,0.0,288.54,7.72
1790568000,0xEAc2374016613765cF31afDB4AEB6f5d13a63726,5,0.0,137865.4,61.2,3210.76,0.61,0.0
1790568000,0xFfd6339DA9D6a8D84FD5b323a6088441947A10B3,2,0.0,143058.95,3007.8,3051.0,12.7,30.5
1790568000,0xea19Fe621592b9aF895f2d8d5Af7288C02FbBbF3,5,165.31,0.0,0.0,0.0,6.92,0.1
1790568000,0xf33962476A939b9824422300d7E8bBA8acBaAC4d,1,0.0,20808.87,0.0,230.0,0.0,6.74
1790568000,0xf3aee1171f2D756922c1850f1E21a30ea71b581d,1,178.7,0.0,0.0,0.0,-0.03,0.06
1790568000,0xfE6e3099dc514A63bd2Fe79BD3d9e8a653bBAF06,4,22350.0,0.0,0.0,0.0,927.48,0.0
1790568000,0xfa01529bD217BD76A28305ad1851cC2491D26B59,3,0.0,2499.58,15.35,0.0,0.0,2.25
1790568900,0x15efc06FEa57Bda3ceA94A53D5426E78ed4651F3,2,740.29,0.0,0.0,0.0,2.93,0.15
1790568900,0x1fD0876eEAaB1Af9BbF3EeB70064bc03bf111718,1,597.09,0.0,0.0,0.0,-0.34,0.0
1790568900,0x21aa6DC573DA62abFD7E43C84bEF2DA4FE514053,10,1407.24,0.0,0.0,0.0,-17.48,0.0
1790568900,0x2Fd96bd26E7a3c694DBD5ae5E2C29249a83b8a98,10,26866.65,0.0,0.0,0.0,7.47,0.23
1790568900,0x334F0CeaB0D8B3509f0304FC65ea8Ae99a76993c,1,0.0,33395.37,0.0,22.8,0.0,3.35
1790568900,0x3aAa2bB57a0eFeA8F6f89423A923f7107c33471B,3,4808.38,0.0,0.0,0.0,-130.15,0.0
1790568900,0x3bf64B8c8ce86abDBcF44Fa5a559E27eb9F63Efb,1,0.0,22442.52,0.0,709.85,171.02,0.0
1790568900,0x8E87D8308D439c88dDF48762AA5D3C99b8366a3a,14,23180.49,0.0,0.0,0.0,56.84,2.03
1790568900,0xCDa43aF0E62ea12faE2BFF016557B6aB37Ec98B0,6,15003.93,0.0,0.0,0.0,0.0,4.5
1790568900,0xE1155FFF30864Dd86018FD47a47256ff36C1fC0a,1,0.0,5307.66,0.0,15.2,0.0,2.09
1790568900,0xE1DC5576b36c78C75e6Abf2E1B121Db20A6069b7,2,0.0,38703.03,38.0,0.0,0.0,0.0
1790568900,0xEA2Eec3dc92E860ca7c00DDa51f1AfbCD1fC2E73,10,11001.87,0.0,0.0,0.0,0.0,1.65
1790568900,0xEd04Bfb0395D2B6387A4A988e32cA3A0b05b3Eb9,1,0.0,22442.52,709.85,0.0,38.54,7.23
1790569800,0x15efc06FEa57Bda3ceA94A53D5426E78ed4651F3,3,1196.99,0.0,0.0,0.0,10.37,0.24
1790569800,0x21aa6DC573DA62abFD7E43C84bEF2DA4FE514053,5,1433.4,0.0,0.0,0.0,-15.46,0.0
1790569800,0x2Fd96bd26E7a3c694DBD5ae5E2C29249a83b8a98,3,10998.67,0.0,0.0,0.0,0.0,0.0
1790569800,0x3aAa2bB57a0eFeA8F6f89423A923f7107c33471B,10,41605.0,312531.79,22624.62,4.36,-124.35,0.0
1790569800,0x6eCAfc045F42372bbb4aF64a3Ec8904237739EB1,2,0.0,59.93,4.36,0.0,0.0,1.02
1790569800,0x7B61332543d7EDc2AE27D06B7E7526636bB86F81,2,12014.56,0.0,0.0,0.0,0.0,3.61
1790569800,0x8E87D8308D439c88dDF48762AA5D3C99b8366a3a,9,42839.2,0.0,0.0,0.0,175.3,5.52
1790569800,0xAAe1FE2FC79199E43Cc96658BDD0B9E8e1a292D5,8,0.0,74428.43,1848.5,253.1,0.0,13.16
1790569800,0xBC8015FA779be6ac91e5616f37e1768b8DbC16df,1,0.0,19139.78,144.0,0.0,0.0,0.0
1790569800,0xCDa43aF0E62ea12faE2BFF016557B6aB37Ec98B0,2,5001.89,0.0,0.0,0.0,0.0,1.5
1790569800,0xE1DC5576b36c78C75e6Abf2E1B121Db20A6069b7,3,0.0,22622.2,0.0,190.8,0.0,1.44
1790569800,0xEA2Eec3dc92E860ca7c00DDa51f1AfbCD1fC2E73,5,12028.99,0.0,0.0,0.0,0.0,1.81
1790569800,0xEAc2374016613765cF31afDB4AEB6f5d13a63726,10,0.0,101012.68,316.1,2412.0,0.0,0.0
1790569800,0xF7957c8b20DbD3FcA93686B07679aee8e6755c43,1,7013.76,0.0,0.0,0.0,0.0,0.0
1790569800,0xb4B8Bd706d926c579DDd24759bbb4C2460734Df9,2,0.0,312471.86,0.0,22624.62,0.0,47.37
1790569800,0xdfe996189dA1C72C98953F6E26e973cf57655A36,1,0.0,1621.98,11.65,0.0,0.0,0.99
1790569800,0xe50B1E1ccCD0Cb9Bd022e98096f113d530a1CF09,1,0.0,1860.44,35.14,0.0,0.0,1.06
1790570700,0x15efc06FEa57Bda3ceA94A53D5426E78ed4651F3,1,1000.36,0.0,0.0,0.0,20.77,0.2
1790570700,0x21aa6DC573DA62abFD7E43C84bEF2DA4FE514053,3,307.18,0.0,0.0,0.0,-2.25,0.0
1790570700,0x2Fd96bd26E7a3c694DBD5ae5E2C29249a83b8a98,4,11584.8,0.0,0.0,0.0,1.9,0.09
1790570700,0x3aAa2bB57a0eFeA8F6f89423A923f7107c33471B,5,60422.48,1620.96,11.04,0.0,-631.35,0.0
1790570700,0x3bf64B8c8ce86abDBcF44Fa5a559E27eb9F63Efb,1,0.0,44.91,0.0,7.15,-0.06,0.0
1790570700,0x57D20F8aF5875aD611dC836f78e4992DDA5E6073,1,0.0,3029.71,0.0,8.55,0.0,0.0
1790570700,0x6eCAfc045F42372bbb4aF64a3Ec8904237739EB1,1,0.0,44.91,7.15,0.0,0.0,0.51
1790570700,0x7B61332543d7EDc2AE27D06B7E7526636bB86F81,3,6002.74,0.0,0.0,0.0,0.0,1.81
1790570700,0x8E87D8308D439c88dDF48762AA5D3C99b8366a3a,8,65219.91,0.0,0.0,0.0,353.01,9.46
1790570700,0xAAe1FE2FC79199E43Cc96658BDD0B9E8e1a292D5,6,0.0,69120.2,1464.3,164.3,0.0,11.87
1790570700,0xE1DC5576b36c78C75e6Abf2E1B121Db20A6069b7,1,0.0,3004.44,7.57,0.0,0.0,0.0
1790570700,0xEA2Eec3dc92E860ca7c00DDa51f1AfbCD1fC2E73,3,3181.54,0.0,0.0,0.0,0.0,0.48
1790570700,0xEAc2374016613765cF31afDB4AEB6f5d13a63726,4,0.0,42535.95,101.3,900.8,0.0,0.0
1790570700,0xdfe996189dA1C72C98953F6E26e973cf57655A36,3,0.0,7655.12,8.55,18.61,-6.28,3.8
1790571600,0x004ba33C4478FfCb6B28e658587A30c685bBF972,5,0.0,584956.11,0.0,10849.32,-4945.6,177.99
1790571600,0x0ED2F5A37c29a605f47b12dBA90c46dee9c17580,1,179.59,0.0,0.0,0.0,5.53,0.02
1790571600,0x10b9AC8A4EeC805BEFe7e61883AD2a3550825577,2,0.0,1205.37,0.0,0.0,689.52,1.82
1790571600,0x15efc06FEa57Bda3ceA94A53D5426E78ed4651F3,2,1999.81,0.0,0.0,0.0,0.0,0.4
1790571600,0x21aa6DC573DA62abFD7E43C84bEF2DA4FE514053,11,1984.21,0.0,0.0,0.0,-13.51,0.0
1790571600,0x2A672736E3017C931D7b1927732420795AD873A6,2,0.0,10132.09,11.84,11.46,-4.29,3.91
1790571600,0x2Fd96bd26E7a3c694DBD5ae5E2C29249a83b8a98,3,4161.28,0.0,0.0,0.0,19.12,0.11
1790571600,0x3aAa2bB57a0eFeA8F6f89423A923f7107c33471B,5,13380.97,0.0,0.0,0.0,32.14,0.0
1790571600,0x3bf64B8c8ce86abDBcF44Fa5a559E27eb9F63Efb,2,0.0,452412.64,10128.0,0.0,0.0,0.0
1790571600,0x42974A167De3F098cEf1Ffbf5f250D33a9200520,1,0.0,989.32,18.48,0.0,0.0,0.0
1790571600,0x57D20F8aF5875aD611dC836f78e4992DDA5E6073,1,0.0,5066.54,0.0,11.84,0.0,0.0
1790571600,0x80e93386C24B88609919Fbfd6D47124184afBE57,2,433.42,1259.53,44.1,0.0,-7.49,0.27
1790571600,0x8E87D8308D439c88dDF48762AA5D3C99b8366a3a,11,13295.91,0.0,0.0,0.0,0.0,1.59
1790571600,0xBC8015FA779be6ac91e5616f37e1768b8DbC16df,5,999.15,5065.55,11.46,0.0,0.0,0.15
1790571600,0xE1DC5576b36c78C75e6Abf2E1B121Db20A6069b7,3,0.0,135444.09,658.74,227.0,53.83,0.39
1790571600,0xEA2Eec3dc92E860ca7c00DDa51f1AfbCD1fC2E73,8,7455.83,0.0,0.0,0.0,0.0,1.12
1790571600,0xF7957c8b20DbD3FcA93686B07679aee8e6755c43,2,478.45,0.0,0.0,0.0,-6.06,0.0
1790571600,0xcBE22BE2eD365518Fee59523fe262da748C373FB,1,0.0,2648.09,50.0,0.0,0.0,0.26
1790571600,0xda50a7E41BEb66B2a613bc22a206fb1cF34FFaE2,1,0.0,323.04,0.0,0.0,0.0,0.0
1790571600,0xf97F24d8C4Ece9786cb7E61eE3B8d20Ac1D1b786,1,0.0,882.33,0.0,0.0,0.0,1.32
1790571600,0xfa01529bD217BD76A28305ad1851cC2491D26B59,1,0.0,2501.39,177.0,0.0,0.0,0.25
1790572500,0x004ba33C4478FfCb6B28e658587A30c685bBF972,3,0.0,193113.62,0.0,2303.19,-2489.3,59.43
1790572500,0x1189a06BB2E4bb592Ac9Fa55D0Af7233489A83FA,1,0.0,1665.0,18.0,0.0,0.0,0.17
1790572500,0x15efc06FEa57Bda3ceA94A53D5426E78ed4651F3,2,1482.34,0.0,0.0,0.0,-6.09,0.3
1790572500,0x1c847e46576ba210189381C0c512C58278121d42,1,992.04,0.0,0.0,0.0,-51.56,0.0
1790572500,0x1f78Fb1234d2f9685fb35AcB1cf484eca83F8F63,1,502.9,0.0,0.0,0.0,0.0,0.0
1790572500,0x21aa6DC573DA62abFD7E43C84bEF2DA4FE514053,18,4891.37,0.0,0.0,0.0,-60.84,0.0
1790572500,0x2Fd96bd26E7a3c694DBD5ae5E2C29249a83b8a98,5,15988.73,0.0,0.0,0.0,23.68,0.0
1790572500,0x3aAa2bB57a0eFeA8F6f89423A923f7107c33471B,6,15116.75,71470.0,1757.07,0.0,2011.63,0.0
1790572500,0x3bf64B8c8ce86abDBcF44Fa5a559E27eb9F63Efb,1,0.0,1790.32,57.8,0.0,40.46,0.0
1790572500,0x5eaEa34A19Ab443D53c598C19822Dbf4Eb393d5D,1,0.0,8316.52,0.0,27.0,-164.72,0.83
1790572500,0x801209Bf04cfB7D37135CcDeA450C680dB26995C,1,0.0,1464.58,145.45,0.0,-94.62,0.0
1790572500,0x80e93386C24B88609919Fbfd6D47124184afBE57,2,137.15,0.0,0.0,0.0,0.0,0.06
1790572500,0x8E87D8308D439c88dDF48762AA5D3C99b8366a3a,16,30352.91,0.0,0.0,0.0,152.57,4.55
1790572500,0x8eeAd349E6730E1c90198D23B9401B564148921c,1,0.0,265.08,0.93,0.0,0.0,0.58
1790572500,0x978e3eb7997a9575cdE1799176829073d2876Fb9,4,1124.28,0.0,0.0,0.0,-10.92,0.15
1790572500,0xA48232D674F993126945B9158d8eD64320883567,1,0.0,265.08,0.0,0.93,0.0,0.0
1790572500,0xE1DC5576b36c78C75e6Abf2E1B121Db20A6069b7,5,0.0,146660.29,708.66,18.0,15.34,0.75
1790572500,0xEA2Eec3dc92E860ca7c00DDa51f1AfbCD1fC2E73,9,5153.64,0.0,0.0,0.0,0.0,0.77
1790572500,0xF7957c8b20DbD3FcA93686B07679aee8e6755c43,1,484.23,0.0,0.0,0.0,3.53,0.0
1790572500,0xb4668E8Ad289FA12610BBb58C07E0841DE5ec2c9,4,0.0,16825.46,0.0,193.35,-138.79,7.05
1790572500,0xe7409c0344AAc8933f0C25472479154acaB12882,1,0.0,1464.58,0.0,145.45,92.78,0.94
1790573400,0x004ba33C4478FfCb6B28e658587A30c685bBF972,1,0.0,123441.27,0.0,611.25,-397.62,37.53
1790573400,0x0ED2F5A37c29a605f47b12dBA90c46dee9c17580,1,98.69,0.0,0.0,0.0,4.05,0.01
1790573400,0x15efc06FEa57Bda3ceA94A53D5426E78ed4651F3,9,4237.23,0.0,0.0,0.0,-7.6,0.85
1790573400,0x1c847e46576ba210189381C0c512C58278121d42,3,2010.62,0.0,0.0,0.0,-106.77,0.0
1790573400,0x1e1e7c471B976dC39955F7fC8989dd3cF8D3Aea6,1,0.0,2641.66,16.7,0.0,0.0,1.29
1790573400,0x1f78Fb1234d2f9685fb35AcB1cf484eca83F8F63,3,2207.63,0.0,0.0,0.0,2.74,0.21
1790573400,0x1fD0876eEAaB1Af9BbF3EeB70064bc03bf111718,6,5335.87,0.0,0.0,0.0,-1.93,0.0
1790573400,0x21aa6DC573DA62abFD7E43C84bEF2DA4FE514053,16,3465.48,2660.93,0.0,12.3,-96.99,0.0
1790573400,0x2Fd96bd26E7a3c694DBD5ae5E2C29249a83b8a98,12,27762.5,0.0,0.0,0.0,52.53,0.0
1790573400,0x30bb4dB5f9eb4d47221d442931487C44934C1189,1,0.0,887.89,0.0,14.5,0.0,0.86
1790573400,0x3897B8691E481a99a1A78a790a2Ae1Ce01b3a5F9,1,89.0,0.0,0.0,0.0,0.0,0.01
1790573400,0x3aAa2bB57a0eFeA8F6f89423A923f7107c33471B,21,66158.75,29906.61,171.43,4676.07,-46.36,0.0
1790573400,0x3bf64B8c8ce86abDBcF44Fa5a559E27eb9F63Efb,2,0.0,3551.06,26.8,0.0,0.0,0.0
1790573400,0x42974A167De3F098cEf1Ffbf5f250D33a9200520,2,100.4,977.83,15.84,0.0,-0.06,0.03
1790573400,0x51efa467CC3B762063bfBE86Ee812E4D51193F68,1,935.39,0.0,0.0,0.0,-20.09,0.29
1790573400,0x57C71EAaE184544B70EdDb4a95973c45401A11D2,1,0.0,26427.53,0.0,842.0,0.0,8.43
1790573400,0x60cd575b22B308Ce29c96b4394d4CD649eE5B61e,1,0.0,13201.11,153.0,0.0,0.0,4.46
1790573400,0x793F59010D878848327aF4052790273D01215D62,3,0.0,4988.39,0.0,0.0,31.37,2.49
1790573400,0x7BA77405b74102E88bC422Bd4442cFFAF700c294,1,0.0,527.35,0.0,7.4,-0.23,0.05
1790573400,0x80e93386C24B88609919Fbfd6D47124184afBE57,2,89.31,3196.16,0.0,26.28,-16.88,0.33
1790573400,0x880884932c90121f9EaC92608A9E971d4Ce8A4D5,1,0.0,2638.55,9.0,0.0,0.0,1.29
1790573400,0x8AE8a479e61D5b3cBaDc57CB7b1437BaB966aA2B,1,0.0,5292.79,248.6,0.0,0.0,2.09
1790573400,0x8E87D8308D439c88dDF48762AA5D3C99b8366a3a,60,100911.73,0.0,0.0,0.0,61.73,13.74
1790573400,0x94ECb4C47D8E2CB07874A33a0141016254b46873,1,322.65,0.0,0.0,0.0,-6.79,0.11
1790573400,0x978e3eb7997a9575cdE1799176829073d2876Fb9,5,9332.09,0.0,0.0,0.0,62.93,1.4
1790573400,0x9C1E4365434dbf1D02dDeb4eEEB01d2a5F80BE25,1,0.0,15853.65,34.2,0.0,0.0,4.78
1790573400,0xAAB98f1787EA33270626d44cEC3f184714643B91,3,0.0,3246.03,57.67,50.81,14.59,2.47
1790573400,0xBC8015FA779be6ac91e5616f37e1768b8DbC16df,4,2998.0,1477.59,0.0,33.15,0.0,0.45
1790573400,0xD984de5D21e29a4EfAe2c58ffBfac298D93859ad,3,0.0,20711.07,4625.0,0.0,252.06,2.07
1790573400,0xE1155FFF30864Dd86018FD47a47256ff36C1fC0a,1,0.0,2638.55,0.0,9.0,0.0,0.26
1790573400,0xE1DC5576b36c78C75e6Abf2E1B121Db20A6069b7,9,0.0,194859.81,1626.93,212.2,-2.39,1.2
1790573400,0xEA2Eec3dc92E860ca7c00DDa51f1AfbCD1fC2E73,15,26729.97,0.0,0.0,0.0,0.0,3.78
1790573400,0xEAc2374016613765cF31afDB4AEB6f5d13a63726,1,0.0,5292.79,0.0,248.6,0.0,0.0
1790573400,0xEd36621aa98134b01d10005a912aA3Ff0E38ED3f,4,79.92,0.0,0.0,0.0,-0.83,0.0
1790573400,0xFEEb540516a76bcAd6a2A11E635fa657112d529B,4,0.0,39762.99,4104.92,4440.0,0.0,13.93
1790573400,0xFF40d665b5fB6193a7135e97895cCC73d106C91F,3,0.0,2489.47,345.0,185.0,0.0,2.25
1790573400,0xb4668E8Ad289FA12610BBb58C07E0841DE5ec2c9,2,0.0,1777.87,0.0,28.71,-62.0,1.03
1790573400,0xb919aCEDE6aD150683Fb4b081724a990198b8781,1,2000.3,0.0,0.0,0.0,36.88,0.61
1790573400,0xdA14B0ab7c8F82F1587902B86ae2562f8AF0d62b,1,0.0,10553.47,0.0,140.0,64.33,1.06
1790573400,0xda50a7E41BEb66B2a613bc22a206fb1cF34FFaE2,23,0.0,873.09,0.0,0.0,-64.32,0.44
1790573400,0xe4664F032E5973B8638aA79C22DAC4413C241258,1,8.29,0.0,0.0,0.0,0.0,0.01
1790573400,0xe7409c0344AAc8933f0C25472479154acaB12882,2,0.0,1376.25,40.26,107.76,14.72,0.71
1790573400,0xea19Fe621592b9aF895f2d8d5Af7288C02FbBbF3,29,953.37,0.0,0.0,0.0,45.59,0.58
1790573400,0xf97F24d8C4Ece9786cb7E61eE3B8d20Ac1D1b786,24,0.0,5860.69,0.0,0.0,0.0,8.79
1790573400,0xfE6e3099dc514A63bd2Fe79BD3d9e8a653bBAF06,4,22280.0,0.0,0.0,0.0,997.48,0.0
1790573400,0xfa01529bD217BD76A28305ad1851cC2491D26B59,2,0.0,1659.28,25.0,0.0,0.0,0.17
1790573400,0xfb059Ad06088Bf27E2ac3F624f0C4cf7FD9B34e4,3,0.0,7102.95,156.97,12.3,-15.3,3.63
1790574300,0x004ba33C4478FfCb6B28e658587A30c685bBF972,2,0.0,598080.52,2988.0,0.0,0.0,180.42
1790574300,0x10123F54A9f2095F6ca9dD6F34F195F6bbbc4273,1,0.0,30.15,0.0,0.0,-1.6,0.06
1790574300,0x15efc06FEa57Bda3ceA94A53D5426E78ed4651F3,1,19.9,0.0,0.0,0.0,-0.18,0.0
1790574300,0x1e1e7c471B976dC39955F7fC8989dd3cF8D3Aea6,1,0.0,891.91,0.0,8.8,0.0,0.18
1790574300,0x21aa6DC573DA62abFD7E43C84bEF2DA4FE514053,12,3659.42,0.0,0.0,0.0,-22.39,0.0
1790574300,0x2Fd96bd26E7a3c694DBD5ae5E2C29249a83b8a98,8,26993.12,0.0,0.0,0.0,15.57,0.0
1790574300,0x30bb4dB5f9eb4d47221d442931487C44934C1189,1,0.0,891.7,0.0,11.8,0.0,0.86
1790574300,0x33DBB588727CB87559daad7189E73d4B13ED88Bf,1,0.0,19987.72,3560.88,0.0,-73.9,6.5
1790574300,0x3aAa2bB57a0eFeA8F6f89423A923f7107c33471B,8,2587.02,437642.57,244.45,1516.15,-231.04,0.0
1790574300,0x3bf64B8c8ce86abDBcF44Fa5a559E27eb9F63Efb,12,0.0,334358.48,634.84,5429.88,-63.45,0.0
1790574300,0x796E7445A7a66F3638Ced39A9786003a11D6C755,1,0.0,2793.15,0.0,116.2,9.77,1.34
1790574300,0x80e93386C24B88609919Fbfd6D47124184afBE57,2,808.13,0.0,0.0,0.0,-9.6,0.26
1790574300,0x8E87D8308D439c88dDF48762AA5D3C99b8366a3a,13,23956.83,0.0,0.0,0.0,130.26,3.16
1790574300,0x94c96D967Af531aE920CFb7191263c6960589f9E,1,0.0,1661.59,0.0,32.98,-1.98,0.17
1790574300,0xAAe1FE2FC79199E43Cc96658BDD0B9E8e1a292D5,2,0.0,21207.87,439.2,50.0,0.0,3.68
1790574300,0xC0cfeCB977311F094Ad8Ab9C7CD29Dce21bCEd89,2,0.0,1156.72,17.53,0.0,0.0,0.91
1790574300,0xCDa43aF0E62ea12faE2BFF016557B6aB37Ec98B0,6,10006.27,0.0,0.0,0.0,0.0,3.0
1790574300,0xE1DC5576b36c78C75e6Abf2E1B121Db20A6069b7,3,0.0,2818.31,41.78,2.43,0.0,0.21
1790574300,0xEA2Eec3dc92E860ca7c00DDa51f1AfbCD1fC2E73,14,18156.74,0.0,0.0,0.0,0.0,1.82
1790574300,0xEAc2374016613765cF31afDB4AEB6f5d13a63726,4,0.0,21923.74,129.02,475.43,-0.18,0.0
1790574300,0xEd36621aa98134b01d10005a912aA3Ff0E38ED3f,1,19.9,0.0,0.0,0.0,0.0,0.0
1790574300,0xbbdC7574bEf07dFF935b2dF79350535c4266Cf88,1,0.0,132420.86,0.0,236.06,0.0,30.01
1790574300,0xc7d0BdcdA368fE24623d8c4D23A505FE53576a2a,2,0.0,5298.38,3.45,8.39,0.0,1.29
1790574300,0xda50a7E41BEb66B2a613bc22a206fb1cF34FFaE2,5,0.0,188.73,0.0,0.0,-11.67,0.08
1790574300,0xe7409c0344AAc8933f0C25472479154acaB12882,10,0.0,12352.68,414.83,585.86,-37.72,3.89
1790574300,0xf97F24d8C4Ece9786cb7E61eE3B8d20Ac1D1b786,4,0.0,158.58,0.0,0.0,0.0,0.24
1790574300,0xfE6e3099dc514A63bd2Fe79BD3d9e8a653bBAF06,4,15912.3,0.0,0.0,0.0,715.15,1.05
1790575200,0x004ba33C4478FfCb6B28e658587A30c685bBF972,2,0.0,540861.62,2495.5,0.0,0.0,160.62
1790575200,0x15efc06FEa57Bda3ceA94A53D5426E78ed4651F3,5,2379.34,0.0,0.0,0.0,-4.78,0.48
1790575200,0x1e1e7c471B976dC39955F7fC8989dd3cF8D3Aea6,1,0.0,1662.49,32.36,0.0,0.0,1.0
1790575200,0x1f78Fb1234d2f9685fb35AcB1cf484eca83F8F63,2,1035.44,0.0,0.0,0.0,0.0,0.0
1790575200,0x1fD0876eEAaB1Af9BbF3EeB70064bc03bf111718,2,1187.93,0.0,0.0,0.0,0.07,0.0
1790575200,0x21aa6DC573DA62abFD7E43C84bEF2DA4FE514053,8,1404.19,0.0,0.0,0.0,-29.71,0.0
1790575200,0x2Fd96bd26E7a3c694DBD5ae5E2C29249a83b8a98,2,3940.23,0.0,0.0,0.0,0.0,0.0
1790575200,0x30bb4dB5f9eb4d47221d442931487C44934C1189,1,0.0,1552.58,0.0,51.9,0.0,1.12
1790575200,0x3aAa2bB57a0eFeA8F6f89423A923f7107c33471B,6,19876.85,891.61,0.0,5.97,-105.88,0.0
1790575200,0x3bf64B8c8ce86abDBcF44Fa5a559E27eb9F63Efb,4,0.0,73993.93,51.9,880.08,-437.49,0.0
1790575200,0x51efa467CC3B762063bfBE86Ee812E4D51193F68,1,940.71,0.0,0.0,0.0,0.0,0.29
1790575200,0x57D20F8aF5875aD611dC836f78e4992DDA5E6073,1,0.0,5148.59,0.0,14.55,0.0,0.0
1790575200,0x66b08788899b22aFE17D3c2B167Ce037CcDe9cd2,2,0.0,59525.01,1425.0,0.0,0.0,5.95
1790575200,0x6C67745C0695c959FEFC3C63E0F924DB79f835D0,1,0.0,2668.74,30.0,0.0,0.0,0.27
1790575200,0x801209Bf04cfB7D37135CcDeA450C680dB26995C,1,0.0,1662.49,0.0,32.36,-10.44,0.0
1790575200,0x80e93386C24B88609919Fbfd6D47124184afBE57,2,138.33,0.0,0.0,0.0,0.32,0.06
1790575200,0x87b8df4f8a95b719fda56ca067BE9F4C5687A694,6,4364.4,59525.01,0.0,1425.0,132.76,20.21
1790575200,0x8Bb3b8bd067bf069695316F52556B0fd7f8a2d0a,1,0.0,5148.59,14.55,0.0,0.0,2.04
1790575200,0x8E87D8308D439c88dDF48762AA5D3C99b8366a3a,8,10870.81,0.0,0.0,0.0,6.4,1.32
1790575200,0x978e3eb7997a9575cdE1799176829073d2876Fb9,3,8549.93,0.0,0.0,0.0,-204.54,1.28
1790575200,0xC0cfeCB977311F094Ad8Ab9C7CD29Dce21bCEd89,1,0.0,891.61,5.97,0.0,0.0,0.77
1790575200,0xE1DC5576b36c78C75e6Abf2E1B121Db20A6069b7,3,0.0,543530.35,0.0,2525.5,0.0,0.2
1790575200,0xE5ddc4F1f192a44629f3720cd1f39dA5b10503B7,2,0.0,50193.78,646.0,0.0,0.0,16.06
1790575200,0xEA2Eec3dc92E860ca7c00DDa51f1AfbCD1fC2E73,6,8935.56,0.0,0.0,0.0,0.0,1.01
1790575200,0xEd04Bfb0395D2B6387A4A988e32cA3A0b05b3Eb9,1,0.0,22247.57,234.08,0.0,2059.07,7.17
1790576100,0x0C89D263AA136c96153B9809DE6fA4651F538B5F,1,0.0,132.54,9.45,0.0,0.0,0.54
1790576100,0x15efc06FEa57Bda3ceA94A53D5426E78ed4651F3,4,2710.08,0.0,0.0,0.0,4.35,0.54
1790576100,0x1c847e46576ba210189381C0c512C58278121d42,1,442.86,0.0,0.0,0.0,34.97,0.0
1790576100,0x1f78Fb1234d2f9685fb35AcB1cf484eca83F8F63,3,726.54,0.0,0.0,0.0,1.07,0.08
1790576100,0x1fD0876eEAaB1Af9BbF3EeB70064bc03bf111718,2,892.03,0.0,0.0,0.0,-0.12,0.0
1790576100,0x20E352D7179657B32e0e530054933c19F2A1CFa5,6,0.0,37127.77,348.4,190.56,-68.0,14.14
1790576100,0x21aa6DC573DA62abFD7E43C84bEF2DA4FE514053,13,4969.72,0.0,0.0,0.0,-59.2,0.0
1790576100,0x2Fd96bd26E7a3c694DBD5ae5E2C29249a83b8a98,4,11240.71,0.0,0.0,0.0,-11.7,0.0
1790576100,0x3aAa2bB57a0eFeA8F6f89423A923f7107c33471B,3,833.26,15041.78,190.56,0.0,0.37,0.0
1790576100,0x3bf64B8c8ce86abDBcF44Fa5a559E27eb9F63Efb,9,0.0,277301.47,5392.69,3967.01,-435.42,0.0
1790576100,0x41627F07d4510125D7578709db8A3Ec772F8ac3e,2,0.0,166116.3,252.3,1118.64,0.0,25.42
1790576100,0x5452f7082A0F962947C30eb2bFfbcD245F857F91,1,0.0,417.38,0.0,30.04,9.87,0.04
1790576100,0x66b08788899b22aFE17D3c2B167Ce037CcDe9cd2,1,0.0,23828.73,700.0,0.0,0.0,2.38
1790576100,0x87b8df4f8a95b719fda56ca067BE9F4C5687A694,2,596.2,23828.73,0.0,700.0,0.0,7.84
1790576100,0x889a18bc957a848c89000812706A5A9E0397E39f,2,0.0,834.76,30.04,31.55,0.26,1.25
1790576100,0x8E87D8308D439c88dDF48762AA5D3C99b8366a3a,19,23760.33,0.0,0.0,0.0,-7.11,3.06
1790576100,0xCDa43aF0E62ea12faE2BFF016557B6aB37Ec98B0,4,5002.22,0.0,0.0,0.0,0.0,1.5
1790576100,0xE1DC5576b36c78C75e6Abf2E1B121Db20A6069b7,2,0.0,963.14,0.0,67.45,-18.44,0.06
1790576100,0xE5ddc4F1f192a44629f3720cd1f39dA5b10503B7,1,0.0,15.12,0.0,0.0,-0.17,0.03
1790576100,0xEA2Eec3dc92E860ca7c00DDa51f1AfbCD1fC2E73,11,16794.43,0.0,0.0,0.0,0.0,2.52
1790576100,0xEd04Bfb0395D2B6387A4A988e32cA3A0b05b3Eb9,2,0.0,88681.81,3366.3,4242.5,-1499.77,13.8
1790576100,0xF7957c8b20DbD3FcA93686B07679aee8e6755c43,2,6596.98,0.0,0.0,0.0,0.0,0.0
1790576100,0xda50a7E41BEb66B2a613bc22a206fb1cF34FFaE2,1,0.0,15.12,0.0,0.0,0.0,0.0
1790576100,0xea19Fe621592b9aF895f2d8d5Af7288C02FbBbF3,6,196.6,0.0,0.0,0.0,2.23,0.12
1790576100,0xfE6e3099dc514A63bd2Fe79BD3d9e8a653bBAF06,3,17720.0,0.0,0.0,0.0,901.98,0.0
1790576100,0xfa01529bD217BD76A28305ad1851cC2491D26B59,1,0.0,830.59,58.0,0.0,0.0,0.08
1790577000,0x155a68658c61713b8cF45231ED79EE18f7aAA9C2,4,0.0,64429.88,1641.25,0.0,0.0,21.33
1790577000,0x15efc06FEa57Bda3ceA94A53D5426E78ed4651F3,5,3698.96,0.0,0.0,0.0,0.0,0.74
1790577000,0x1f78Fb1234d2f9685fb35AcB1cf484eca83F8F63,1,0.0,626.95,9.71,0.0,0.0,0.0
1790577000,0x21aa6DC573DA62abFD7E43C84bEF2DA4FE514053,4,532.87,0.0,0.0,0.0,-10.71,0.0
1790577000,0x3aAa2bB57a0eFeA8F6f89423A923f7107c33471B,8,25993.25,66139.17,389.18,1869.83,-474.22,0.0
1790577000,0x3bf64B8c8ce86abDBcF44Fa5a559E27eb9F63Efb,8,0.0,40562.67,906.11,813.54,467.67,0.0
1790577000,0x76f749750e9A6ef1D7368E3f595E07573Ed9EfB7,1,0.0,1044.5,29.02,0.0,0.0,0.81
1790577000,0x7769398cf2C22DcbA0c5D48f44C315a1d50D5431,1,0.0,17781.17,0.0,444.0,0.0,5.83
1790577000,0x7e040FC3950CeccCf16055aeA756a7a39c394CDC,1,0.0,8890.06,0.0,101.0,-41.92,0.0
1790577000,0x80e93386C24B88609919Fbfd6D47124184afBE57,1,68.65,0.0,0.0,0.0,0.0,0.03
1790577000,0x87b8df4f8a95b719fda56ca067BE9F4C5687A694,1,0.0,8878.76,0.0,300.0,0.0,3.16
1790577000,0x8E87D8308D439c88dDF48762AA5D3C99b8366a3a,9,24025.74,0.0,0.0,0.0,163.58,3.05
1790577000,0x9223ec2af1523d4A6b4230190960BF77D8BF5F72,6,0.0,21199.43,450.57,496.58,-14.94,4.18
1790577000,0x9cc5a10733F45D306a437d397212DdE83b52DBD5,1,0.0,8878.76,300.0,0.0,0.0,0.89
1790577000,0xAAe1FE2FC79199E43Cc96658BDD0B9E8e1a292D5,8,0.0,95326.48,1975.6,223.0,0.0,16.3
1790577000,0xD246092C58D838Ea09e136B895F790A530291467,1,0.0,8309.37,653.8,0.0,0.0,2.99
1790577000,0xE1DC5576b36c78C75e6Abf2E1B121Db20A6069b7,1,0.0,830.36,0.0,26.0,-4.19,0.06
1790577000,0xEA2Eec3dc92E860ca7c00DDa51f1AfbCD1fC2E73,3,6267.99,0.0,0.0,0.0,0.0,0.93
1790577000,0xEAc2374016613765cF31afDB4AEB6f5d13a63726,8,0.0,95326.48,223.0,1975.6,0.0,0.0
1790577000,0xFfd6339DA9D6a8D84FD5b323a6088441947A10B3,3,0.0,2090.05,9.72,14.71,4.14,0.84
1790577000,0xd355Cec36286200327db1Ef9DCb32aac2F13451c,1,0.0,1782.49,0.0,354.71,75.18,1.03
1790577000,0xe773ABBE12b08Ca1888c740deaa8395fE7D4fDA8,1,0.0,418.03,5.0,0.0,0.0,0.04
1790577000,0xfa01529bD217BD76A28305ad1851cC2491D26B59,1,0.0,830.36,26.0,0.0,0.0,0.08
1790577900,0x15efc06FEa57Bda3ceA94A53D5426E78ed4651F3,10,55247.75,0.0,0.0,0.0,0.0,11.05
1790577900,0x21aa6DC573DA62abFD7E43C84bEF2DA4FE514053,4,601.63,0.0,0.0,0.0,-8.42,0.0
1790577900,0x29C08ac6Cf5aDbD5a436B58e735981D8495F0d92,1,0.0,154085.09,180.42,0.0,0.0,23.05
1790577900,0x2Fd96bd26E7a3c694DBD5ae5E2C29249a83b8a98,7,21987.95,0.0,0.0,0.0,10.54,0.0
1790577900,0x3aAa2bB57a0eFeA8F6f89423A923f7107c33471B,9,111595.2,15919.41,35.15,350.28,-1756.28,0.0
1790577900,0x3bf64B8c8ce86abDBcF44Fa5a559E27eb9F63Efb,1,0.0,3824.16,525.63,0.0,-125.52,0.0
1790577900,0x41d5B6929850c06950Ba533254972179CE2f1aCF,1,0.0,13249.23,0.0,35.15,0.0,4.47
1790577900,0x76f749750e9A6ef1D7368E3f595E07573Ed9EfB7,4,0.0,1693.64,121.14,71.36,0.0,1.25
1790577900,0x8E87D8308D439c88dDF48762AA5D3C99b8366a3a,15,141057.07,0.0,0.0,0.0,1008.76,9.49
1790577900,0xBC8015FA779be6ac91e5616f37e1768b8DbC16df,1,0.0,19074.75,25.92,0.0,51.55,0.0
1790577900,0xCDa43aF0E62ea12faE2BFF016557B6aB37Ec98B0,2,4998.5,0.0,0.0,0.0,0.0,1.5
1790577900,0xD1277d5fc6f804b796CDCf5926E35117e454bF38,9,82132.95,79475.03,0.0,108.0,-434.63,39.17
1790577900,0xE1DC5576b36c78C75e6Abf2E1B121Db20A6069b7,5,0.0,222430.0,82.08,251.32,0.0,0.0
1790577900,0xEA2Eec3dc92E860ca7c00DDa51f1AfbCD1fC2E73,3,6300.0,0.0,0.0,0.0,0.0,0.95
1790577900,0xEAc2374016613765cF31afDB4AEB6f5d13a63726,4,0.0,1693.64,71.36,121.14,7.16,0.0
1790577900,0xbBE5541A9f89b1Da2bF54a79AdBFDD8BD5F11373,2,0.0,7944.63,70.9,0.0,0.0,3.38
1790577900,0xd355Cec36286200327db1Ef9DCb32aac2F13451c,1,0.0,2670.18,350.28,0.0,0.0,1.3
1790577900,0xf6118FFD98448E3F8Ca2B30415CDC3dc78C8b65C,1,0.0,3824.16,0.0,525.63,246.3,1.65
1790578800,0x06b8E96F67EaCCa3C789a69988aA7bA8B713368A,1,0.0,8337.18,778.0,0.0,0.0,3.0
1790578800,0x137c5E253d961e482D86f44DAb36071406D082A0,3,0.0,1921.26,0.0,0.0,0.0,0.0
1790578800,0x15efc06FEa57Bda3ceA94A53D5426E78ed4651F3,3,23844.87,0.0,0.0,0.0,-155.19,4.77
1790578800,0x19e5008B1C8af6A6711e167ee94e167Bdb73A636,2,0.0,5305.83,1027.97,2276.73,0.0,1.3
1790578800,0x1f78Fb1234d2f9685fb35AcB1cf484eca83F8F63,2,199.98,0.0,0.0,0.0,0.0,0.0
1790578800,0x1fD0876eEAaB1Af9BbF3EeB70064bc03bf111718,3,3328.02,0.0,0.0,0.0,-0.6,0.0
1790578800,0x21aa6DC573DA62abFD7E43C84bEF2DA4FE514053,7,692.71,0.0,0.0,0.0,-9.37,0.0
1790578800,0x2Fd96bd26E7a3c694DBD5ae5E2C29249a83b8a98,13,28302.3,0.0,0.0,0.0,-5.91,0.05
1790578800,0x3aAa2bB57a0eFeA8F6f89423A923f7107c33471B,7,28731.14,8337.18,0.0,778.0,-422.53,0.0
1790578800,0x3bf64B8c8ce86abDBcF44Fa5a559E27eb9F63Efb,3,0.0,15701.1,2276.73,1097.72,0.0,0.0
1790578800,0x3c8BDD93FE3b3115D74Fd61693921A4F133fE065,2,0.0,15912.17,115.2,27.9,0.0,2.89
1790578800,0x6346396Db6777ad129E7cBD84F7F31efe77CA2bb,1,0.0,10395.27,69.75,0.0,0.0,3.62
1790578800,0x793F59010D878848327aF4052790273D01215D62,3,0.0,6048.3,0.0,0.0,0.0,0.0
1790578800,0x801209Bf04cfB7D37135CcDeA450C680dB26995C,1,0.0,17845.96,228.0,0.0,0.0,0.0
1790578800,0x8E87D8308D439c88dDF48762AA5D3C99b8366a3a,14,43765.41,0.0,0.0,0.0,294.18,1.89
1790578800,0x94e002669D90cf09f8Cb9F6A9846B0A6A0873Ff3,13,0.0,10577.71,0.0,0.0,52.59,10.39
1790578800,0x978e3eb7997a9575cdE1799176829073d2876Fb9,5,20122.23,0.0,0.0,0.0,-537.52,2.88
1790578800,0xA71Cb506F30e698Ec78Fcd1A187a9eF028032256,1,4295.85,0.0,0.0,0.0,22.66,1.3
1790578800,0xAAe1FE2FC79199E43Cc96658BDD0B9E8e1a292D5,4,0.0,42458.31,897.1,100.8,0.0,7.37
1790578800,0xCDa43aF0E62ea12faE2BFF016557B6aB37Ec98B0,13,30004.55,0.0,0.0,0.0,-1460.18,9.0
1790578800,0xD063A49E2B926c46122a6fEEE5a255CDa9B105F9,34,0.0,46033.72,0.0,228.0,19699.28,48.23
1790578800,0xD73467b55b9236f89619F426cC71dbB173F09e6B,1,26.5,0.0,0.0,0.0,-0.06,0.02
1790578800,0xEA2Eec3dc92E860ca7c00DDa51f1AfbCD1fC2E73,5,11720.31,0.0,0.0,0.0,354.9,1.76
1790578800,0xEAc2374016613765cF31afDB4AEB6f5d13a63726,6,0.0,58370.48,128.7,1012.3,0.0,0.0
1790578800,0xF7957c8b20DbD3FcA93686B07679aee8e6755c43,3,9006.05,0.0,0.0,0.0,0.0,0.0
1790578800,0xda50a7E41BEb66B2a613bc22a206fb1cF34FFaE2,32,0.0,13355.35,0.0,0.0,0.0,0.0
1790579700,0x15efc06FEa57Bda3ceA94A53D5426E78ed4651F3,2,7794.26,0.0,0.0,0.0,150.11,1.56
1790579700,0x18d2cD4EBdCEfbE5e4182Ba953657273188585C3,1,0.0,8304.23,0.0,425.0,68.31,0.83
1790579700,0x1f78Fb1234d2f9685fb35AcB1cf484eca83F8F63,1,603.24,0.0,0.0,0.0,0.0,0.0
1790579700,0x21aa6DC573DA62abFD7E43C84bEF2DA4FE514053,6,693.88,0.0,0.0,0.0,-12.08,0.0
1790579700,0x2Fd96bd26E7a3c694DBD5ae5E2C29249a83b8a98,7,24116.56,0.0,0.0,0.0,105.53,0.0
1790579700,0x3aAa2bB57a0eFeA8F6f89423A923f7107c33471B,7,25301.93,240230.37,0.0,11754.25,-819.56,0.0
1790579700,0x3bC87b88c654b929ABcfD15db27bc3aEaAc17bEf,2,0.0,5296.16,3.7,0.0,0.0,1.46
1790579700,0x3bf64B8c8ce86abDBcF44Fa5a559E27eb9F63Efb,2,0.0,163335.1,1181.37,1385.13,-7965.51,0.0
1790579700,0x57D20F8aF5875aD611dC836f78e4992DDA5E6073,1,0.0,2647.32,0.0,1.7,0.0,0.0
1790579700,0x889a18bc957a848c89000812706A5A9E0397E39f,2,0.0,18546.03,1166.4,1181.37,8.41,6.56
1790579700,0x8B6458eC2E52f0281A413A2D7414ad7C6fc7eE8C,1,0.0,2251.21,0.0,69.7,9.59,1.18
1790579700,0x8E87D8308D439c88dDF48762AA5D3C99b8366a3a,10,24365.27,0.0,0.0,0.0,271.44,3.65
1790579700,0x978e3eb7997a9575cdE1799176829073d2876Fb9,4,25601.97,0.0,0.0,0.0,-598.3,3.84
1790579700,0xAAe1FE2FC79199E43Cc96658BDD0B9E8e1a292D5,12,0.0,158865.11,3306.0,372.0,0.0,26.83
1790579700,0xBC8015FA779be6ac91e5616f37e1768b8DbC16df,2,0.0,4900.05,69.7,2.0,-14.58,0.0
1790579700,0xCDa43aF0E62ea12faE2BFF016557B6aB37Ec98B0,2,10002.0,0.0,0.0,0.0,0.0,3.0
1790579700,0xD73467b55b9236f89619F426cC71dbB173F09e6B,1,132.18,0.0,0.0,0.0,-0.48,0.05
1790579700,0xE1DC5576b36c78C75e6Abf2E1B121Db20A6069b7,2,0.0,9134.07,425.0,39.0,0.0,0.69
1790579700,0xEA2Eec3dc92E860ca7c00DDa51f1AfbCD1fC2E73,6,40235.61,0.0,0.0,0.0,1550.66,3.04
1790579700,0xEAc2374016613765cF31afDB4AEB6f5d13a63726,12,0.0,158865.11,372.0,3306.0,0.0,0.0
1790579700,0xF7957c8b20DbD3FcA93686B07679aee8e6755c43,3,17419.62,0.0,0.0,0.0,-98.62,0.0
1790579700,0xb4B8Bd706d926c579DDd24759bbb4C2460734Df9,3,0.0,385019.43,11972.98,0.0,22764.04,117.01
1790579700,0xfa01529bD217BD76A28305ad1851cC2491D26B59,1,0.0,829.84,39.0,0.0,0.0,0.08
1790580600,0x0ae8F4724dF78261b7D955d7c714045FD89ae734,2,0.0,1779.24,172.1,22.3,-54.59,1.53
1790580600,0x15efc06FEa57Bda3ceA94A53D5426E78ed4651F3,4,67366.82,0.0,0.0,0.0,0.0,13.47
1790580600,0x1fD0876eEAaB1Af9BbF3EeB70064bc03bf111718,1,540.13,0.0,0.0,0.0,-1.49,0.0
1790580600,0x21aa6DC573DA62abFD7E43C84bEF2DA4FE514053,8,1874.04,0.0,0.0,0.0,-18.79,0.0
1790580600,0x2Fd96bd26E7a3c694DBD5ae5E2C29249a83b8a98,12,21396.42,0.0,0.0,0.0,44.98,0.19
1790580600,0x2f6bA70193be49a4b66cA2cb8551c43ED2d1deBA,1,0.0,1226.79,104.52,0.0,0.0,0.87
1790580600,0x3aAa2bB57a0eFeA8F6f89423A923f7107c33471B,11,24371.96,81250.21,5282.76,20.94,-0.4,1.8
1790580600,0x3bf64B8c8ce86abDBcF44Fa5a559E27eb9F63Efb,2,0.0,1779.24,22.3,172.1,0.0,0.0
1790580600,0x7888B3a0c2Cc892670757440e8a78117fb0B9bbf,1,0.0,8295.57,27.0,0.0,0.0,2.99
1790580600,0x87b8df4f8a95b719fda56ca067BE9F4C5687A694,1,0.0,26.45,3.45,0.0,0.0,0.51
1790580600,0x8E87D8308D439c88dDF48762AA5D3C99b8366a3a,14,78853.25,0.0,0.0,0.0,363.85,0.66
1790580600,0x91BB6a48312a61b49fbf64E1009E42dd2cf988D2,1,0.0,26.45,0.0,3.45,-2.23,0.0
1790580600,0x978e3eb7997a9575cdE1799176829073d2876Fb9,1,10001.42,0.0,0.0,0.0,-305.05,1.5
1790580600,0xA71Cb506F30e698Ec78Fcd1A187a9eF028032256,1,3923.59,0.0,0.0,0.0,0.0,1.19
1790580600,0xAAe1FE2FC79199E43Cc96658BDD0B9E8e1a292D5,2,0.0,26430.75,533.5,59.0,0.0,4.46
1790580600,0xBC8015FA779be6ac91e5616f37e1768b8DbC16df,2,0.0,8824.48,0.0,32.52,-8.05,0.0
1790580600,0xCDa43aF0E62ea12faE2BFF016557B6aB37Ec98B0,10,30002.03,0.0,0.0,0.0,0.0,9.0
1790580600,0xD73467b55b9236f89619F426cC71dbB173F09e6B,1,182.4,0.0,0.0,0.0,0.0,0.06
1790580600,0xE1DC5576b36c78C75e6Abf2E1B121Db20A6069b7,1,0.0,1226.79,0.0,104.52,0.0,0.0
1790580600,0xEA2Eec3dc92E860ca7c00DDa51f1AfbCD1fC2E73,10,29410.02,0.0,0.0,0.0,473.9,2.01
1790580600,0xEA2c92d0b61Fdb32676A6B3e00Ec4374314177e0,2,264.31,1321.41,0.0,4.45,-15.72,0.0
1790580600,0xEAc2374016613765cF31afDB4AEB6f5d13a63726,4,0.0,106432.43,59.0,5816.26,0.0,6.0
1790580600,0xF1F5ed25A7926a924072C326AaaE02C0be0f7F31,1,0.0,528.91,5.52,0.0,12.17,0.66
1790580600,0xF7957c8b20DbD3FcA93686B07679aee8e6755c43,6,18115.62,0.0,0.0,0.0,3.85,0.0
1790580600,0xaC40127c7BE018Ba9C2A52E663bAf5b966Af0042,1,0.0,1248.54,20.94,0.0,0.0,0.87
1790580600,0xdfe996189dA1C72C98953F6E26e973cf57655A36,1,0.0,1321.41,4.45,0.0,0.0,0.9
1790580600,0xf17a189c66Ef58E33e9AC49EA4370b686868C747,3,1118.28,0.0,0.0,0.0,-119.74,0.37
1790581500,0x0368076e604938e95EB60a6a77A3B186ed946b30,1,0.0,2775.44,30.45,0.0,0.0,1.33
1790581500,0x15efc06FEa57Bda3ceA94A53D5426E78ed4651F3,5,4674.25,0.0,0.0,0.0,0.0,0.93
1790581500,0x1c847e46576ba210189381C0c512C58278121d42,4,0.0,4978.8,0.0,19.52,0.0,0.0
1790581500,0x1fD0876eEAaB1Af9BbF3EeB70064bc03bf111718,4,876.61,0.0,0.0,0.0,-2.28,0.13
1790581500,0x21aa6DC573DA62abFD7E43C84bEF2DA4FE514053,11,1658.91,0.0,0.0,0.0,-18.31,0.0
1790581500,0x2Fd96bd26E7a3c694DBD5ae5E2C29249a83b8a98,4,6706.75,0.0,0.0,0.0,4.34,0.0
1790581500,0x3aAa2bB57a0eFeA8F6f89423A923f7107c33471B,10,157399.57,9515.58,238.6,588.64,-887.89,12.93
1790581500,0x57D20F8aF5875aD611dC836f78e4992DDA5E6073,1,0.0,4974.21,0.0,5.4,0.0,0.0
1790581500,0x7888B3a0c2Cc892670757440e8a78117fb0B9bbf,2,0.0,9948.92,7.74,0.0,0.0,1.97
1790581500,0x8AE8a479e61D5b3cBaDc57CB7b1437BaB966aA2B,2,0.0,9515.58,588.64,238.6,-14.17,3.85
1790581500,0x8E87D8308D439c88dDF48762AA5D3C99b8366a3a,26,86507.43,0.0,0.0,0.0,-2.48,3.61
1790581500,0x9162bC7e6586a2b197c7b1AcFf47C0fE31DAD0C8,1,825.0,0.0,0.0,0.0,0.0,0.0
1790581500,0x978e3eb7997a9575cdE1799176829073d2876Fb9,5,11679.71,0.0,0.0,0.0,-304.21,1.63
1790581500,0xCDa43aF0E62ea12faE2BFF016557B6aB37Ec98B0,1,5005.85,0.0,0.0,0.0,0.0,1.5
1790581500,0xE1DC5576b36c78C75e6Abf2E1B121Db20A6069b7,3,0.0,8579.92,0.0,44.48,-0.83,0.0
1790581500,0xEA2Eec3dc92E860ca7c00DDa51f1AfbCD1fC2E73,15,39192.84,0.0,0.0,0.0,1027.18,4.38
1790581500,0xEd36621aa98134b01d10005a912aA3Ff0E38ED3f,1,19.89,0.0,0.0,0.0,0.14,0.0
1790581500,0xF7957c8b20DbD3FcA93686B07679aee8e6755c43,3,8609.09,0.0,0.0,0.0,0.0,0.0
1790581500,0xf17a189c66Ef58E33e9AC49EA4370b686868C747,4,1417.48,0.0,0.0,0.0,-152.19,0.47
1790581500,0xfa01529bD217BD76A28305ad1851cC2491D26B59,5,0.0,5808.58,31.21,0.0,0.0,4.24
1790582400,0x0E2ff7EBcaF4fA9bbceaf408346aA97A68746ee2,4,0.0,54158.75,120.71,417.33,0.0,9.12
1790582400,0x15efc06FEa57Bda3ceA94A53D5426E78ed4651F3,18,268850.35,0.0,0.0,0.0,0.0,53.39
1790582400,0x1c847e46576ba210189381C0c512C58278121d42,1,495.55,0.0,0.0,0.0,-2.95,0.0
1790582400,0x1f78Fb1234d2f9685fb35AcB1cf484eca83F8F63,1,0.0,6240.75,33.75,0.0,0.0,0.0
1790582400,0x20E352D7179657B32e0e530054933c19F2A1CFa5,1,0.0,10568.92,0.0,201.94,-13.77,3.67
1790582400,0x21aa6DC573DA62abFD7E43C84bEF2DA4FE514053,12,2170.47,0.0,0.0,0.0,-31.02,0.0
1790582400,0x2Fd96bd26E7a3c694DBD5ae5E2C29249a83b8a98,40,130952.83,0.0,0.0,0.0,50.29,0.0
1790582400,0x33DBB588727CB87559daad7189E73d4B13ED88Bf,4,0.0,62039.09,3314.0,11357.0,0.0,20.61
1790582400,0x3aAa2bB57a0eFeA8F6f89423A923f7107c33471B,49,919797.08,69273.76,9792.16,3314.0,-59.97,74.99
1790582400,0x3bf64B8c8ce86abDBcF44Fa5a559E27eb9F63Efb,7,0.0,81069.56,2247.28,158.87,0.0,0.0
1790582400,0x5452f7082A0F962947C30eb2bFfbcD245F857F91,1,0.0,832.11,38.16,0.0,0.0,0.75
1790582400,0x57D20F8aF5875aD611dC836f78e4992DDA5E6073,2,0.0,26030.74,0.0,77.45,0.0,0.0
1790582400,0x67280A41f37Ebf3e7dA559F2d2Bb17551a42c40d,1,0.0,6240.16,0.0,24.75,0.0,0.62
1790582400,0x801209Bf04cfB7D37135CcDeA450C680dB26995C,2,0.0,165905.18,537.0,2764.0,933.0,0.0
1790582400,0x8B6458eC2E52f0281A413A2D7414ad7C6fc7eE8C,1,0.0,2647.02,0.0,83.6,12.97,1.29
1790582400,0x8E87D8308D439c88dDF48762AA5D3C99b8366a3a,51,579167.68,0.0,0.0,0.0,818.72,15.49
1790582400,0x978e3eb7997a9575cdE1799176829073d2876Fb9,1,495.55,0.0,0.0,0.0,12.57,0.07
1790582400,0xB6b213e7bABecab073a51649F716090BF6A8395F,2,0.0,165905.18,2764.0,537.0,0.0,25.39
1790582400,0xBC8015FA779be6ac91e5616f37e1768b8DbC16df,1,0.0,2647.02,83.6,0.0,0.0,0.0
1790582400,0xC41077487FA95167e319E2d78EC36ca382E8DCAF,1,778.24,0.0,0.0,0.0,-7.09,0.08
1790582400,0xCDa43aF0E62ea12faE2BFF016557B6aB37Ec98B0,44,160055.62,0.0,0.0,0.0,0.0,47.99
1790582400,0xE1DC5576b36c78C75e6Abf2E1B121Db20A6069b7,3,0.0,28671.83,60.25,22.7,221.41,1.95
1790582400,0xEA2Eec3dc92E860ca7c00DDa51f1AfbCD1fC2E73,4,489.07,0.0,0.0,0.0,0.0,0.07
1790582400,0xFfd6339DA9D6a8D84FD5b323a6088441947A10B3,2,0.0,12480.9,24.75,33.75,5.93,3.07
1790582400,0xd95754330a4bf9A3C8e199ed140817AE07422ee9,2,0.0,22744.45,0.0,63.16,0.0,7.82
1790582400,0xdfe996189dA1C72C98953F6E26e973cf57655A36,2,0.0,7939.93,25.9,0.0,0.0,3.38
1790582400,0xef698DFC8Be573EE20cA86842C15deC0A9C9c44D,1,0.0,5286.93,14.0,0.0,0.0,0.53
1790583300,0x0597D49735262ab42F7Fc5D91aC9939489aDEF26,2,0.0,3311.61,0.0,47.94,0.0,1.0
1790583300,0x0E2ff7EBcaF4fA9bbceaf408346aA97A68746ee2,4,0.0,54049.01,132.45,444.17,0.0,9.11
1790583300,0x15efc06FEa57Bda3ceA94A53D5426E78ed4651F3,2,1187.33,0.0,0.0,0.0,0.0,0.24
1790583300,0x1c847e46576ba210189381C0c512C58278121d42,1,0.0,1655.77,0.0,3.0,0.0,0.0
1790583300,0x1f78Fb1234d2f9685fb35AcB1cf484eca83F8F63,3,1073.07,0.0,0.0,0.0,0.0,0.0
1790583300,0x1fD0876eEAaB1Af9BbF3EeB70064bc03bf111718,1,540.5,0.0,0.0,0.0,0.0,0.0
1790583300,0x21aa6DC573DA62abFD7E43C84bEF2DA4FE514053,5,795.79,0.0,0.0,0.0,-6.27,0.0
1790583300,0x2Fd96bd26E7a3c694DBD5ae5E2C29249a83b8a98,51,143314.37,0.0,0.0,0.0,117.61,0.08
1790583300,0x3aAa2bB57a0eFeA8F6f89423A923f7107c33471B,10,38229.56,0.0,0.0,0.0,-4.12,0.0
1790583300,0x3bf64B8c8ce86abDBcF44Fa5a559E27eb9F63Efb,6,0.0,57360.62,492.11,132.45,0.0,0.0
1790583300,0x51efa467CC3B762063bfBE86Ee812E4D51193F68,1,837.34,0.0,0.0,0.0,-13.11,0.26
1790583300,0x57D20F8aF5875aD611dC836f78e4992DDA5E6073,1,0.0,20700.88,0.0,33.5,0.0,0.0
1790583300,0x801209Bf04cfB7D37135CcDeA450C680dB26995C,2,0.0,165795.64,1612.0,3819.0,0.0,0.0
1790583300,0x8E87D8308D439c88dDF48762AA5D3C99b8366a3a,41,119485.51,0.0,0.0,0.0,803.69,10.69
1790583300,0x978e3eb7997a9575cdE1799176829073d2876Fb9,5,22934.24,0.0,0.0,0.0,-727.59,3.44
1790583300,0xB6b213e7bABecab073a51649F716090BF6A8395F,2,0.0,165795.64,3819.0,1612.0,0.0,25.37
1790583300,0xCDa43aF0E62ea12faE2BFF016557B6aB37Ec98B0,52,155047.66,0.0,0.0,0.0,0.0,46.49
1790583300,0xEA2Eec3dc92E860ca7c00DDa51f1AfbCD1fC2E73,3,13245.54,0.0,0.0,0.0,451.63,0.0
1790583300,0xEAc2374016613765cF31afDB4AEB6f5d13a63726,1,0.0,82789.42,0.0,159.0,85.0,0.0
1790583300,0xF7957c8b20DbD3FcA93686B07679aee8e6755c43,2,7006.68,0.0,0.0,0.0,0.0,0.0
1790583300,0xcddb27068254Ec153730BA0c4a318Bb5Fab4F4a9,3,0.0,105146.07,195.5,0.0,0.0,25.94
1790584200,0x0597D49735262ab42F7Fc5D91aC9939489aDEF26,2,528.73,0.0,0.0,0.0,0.0,0.18
1790584200,0x137c5E253d961e482D86f44DAb36071406D082A0,19,0.0,736.31,0.0,0.0,0.0,0.0
1790584200,0x15efc06FEa57Bda3ceA94A53D5426E78ed4651F3,9,3737.73,0.0,0.0,0.0,-0.31,0.75
1790584200,0x21aa6DC573DA62abFD7E43C84bEF2DA4FE514053,3,307.05,0.0,0.0,0.0,-2.36,0.0
1790584200,0x2Fd96bd26E7a3c694DBD5ae5E2C29249a83b8a98,21,62216.79,0.0,0.0,0.0,12.29,0.0
1790584200,0x3aAa2bB57a0eFeA8F6f89423A923f7107c33471B,1,2934.83,0.0,0.0,0.0,2.02,0.0
1790584200,0x3bf64B8c8ce86abDBcF44Fa5a559E27eb9F63Efb,3,0.0,2738.18,113.88,104.98,26.76,0.0
1790584200,0x4a35A44093456376975cB1191Ef23A15f1380fA7,1,0.0,413.66,0.0,19.4,-23.21,0.62
1790584200,0x69aD4077408Da1911F5b6F30466b91B2502ff2Be,1,0.0,3743.1,177.1,0.0,0.0,0.37
1790584200,0x8E87D8308D439c88dDF48762AA5D3C99b8366a3a,36,116739.6,0.0,0.0,0.0,495.68,7.33
1790584200,0x94c96D967Af531aE920CFb7191263c6960589f9E,2,0.0,3116.91,73.24,0.0,0.0,1.94
1790584200,0x967D7bd66eE2B16EB15CB83a5C7A6DCb1Be4ACd7,1,0.0,5293.14,170.6,0.0,0.0,2.09
1790584200,0x978e3eb7997a9575cdE1799176829073d2876Fb9,1,999.87,0.0,0.0,0.0,-86.59,0.15
1790584200,0xCDa43aF0E62ea12faE2BFF016557B6aB37Ec98B0,27,115040.36,0.0,0.0,0.0,0.0,34.5
1790584200,0xD246092C58D838Ea09e136B895F790A530291467,1,0.0,8278.91,1526.0,0.0,0.0,0.83
1790584200,0xD7c9eF29B86092dd9b129779804B628faF0Fb013,2,0.0,2324.52,104.98,94.47,-12.21,1.7
1790584200,0xE1DC5576b36c78C75e6Abf2E1B121Db20A6069b7,5,0.0,20432.06,0.0,1946.94,249.6,0.9
1790584200,0xEA2Eec3dc92E860ca7c00DDa51f1AfbCD1fC2E73,14,38462.05,0.0,0.0,0.0,-369.93,5.62
1790584200,0xEd36621aa98134b01d10005a912aA3Ff0E38ED3f,4,79.78,0.0,0.0,0.0,0.0,0.0
1790584200,0xF7957c8b20DbD3FcA93686B07679aee8e6755c43,16,72284.28,0.0,0.0,0.0,5.71,0.0
1790584200,0xda50a7E41BEb66B2a613bc22a206fb1cF34FFaE2,19,0.0,736.31,0.0,0.0,-52.27,0.37
1790585100,0x0597D49735262ab42F7Fc5D91aC9939489aDEF26,2,529.54,0.0,0.0,0.0,0.0,0.05
1790585100,0x0B9Dab5cfa4d32C029169c7617A7397e894aD042,1,0.0,16621.33,0.0,18.4,-93.18,2.8
1790585100,0x137c5E253d961e482D86f44DAb36071406D082A0,35,0.0,1357.04,0.0,0.0,0.0,0.0
1790585100,0x15efc06FEa57Bda3ceA94A53D5426E78ed4651F3,3,3961.75,0.0,0.0,0.0,34.07,0.79
1790585100,0x1c847e46576ba210189381C0c512C58278121d42,1,0.0,1324.88,0.0,5.8,0.0,0.0
1790585100,0x1f78Fb1234d2f9685fb35AcB1cf484eca83F8F63,1,0.0,16621.33,18.4,0.0,0.0,0.0
1790585100,0x21aa6DC573DA62abFD7E43C84bEF2DA4FE514053,2,204.9,0.0,0.0,0.0,-5.12,0.0
1790585100,0x2Fd96bd26E7a3c694DBD5ae5E2C29249a83b8a98,2,5995.21,0.0,0.0,0.0,1.25,0.0
1790585100,0x3aAa2bB57a0eFeA8F6f89423A923f7107c33471B,2,0.0,7949.08,233.7,463.34,18.98,0.0
1790585100,0x3bf64B8c8ce86abDBcF44Fa5a559E27eb9F63Efb,3,0.0,3759.33,0.0,184.29,0.0,0.0
1790585100,0x5667d0f60AC8bf6E3629792ECd773E285545A8Cf,2,0.0,2120.17,9.79,0.0,0.0,1.64
1790585100,0x57D20F8aF5875aD611dC836f78e4992DDA5E6073,1,0.0,10597.1,0.0,82.0,0.0,0.0
1790585100,0x57c5E1BF4Ea4fefF2e9DdE880018cdF44c3B88B8,1,0.0,891.9,85.8,0.0,0.0,0.77
1790585100,0x8E87D8308D439c88dDF48762AA5D3C99b8366a3a,11,27475.15,0.0,0.0,0.0,2.66,3.09
1790585100,0x900fC364B5EA00FB7bd29cff41caDfcBe52B511B,13,0.0,14224.04,0.0,0.0,0.0,12.8
1790585100,0x978e3eb7997a9575cdE1799176829073d2876Fb9,1,10001.14,0.0,0.0,0.0,-322.46,1.5
1790585100,0x9DEEC4DDe294dd839833BF5331a04D78a8202F97,1,0.0,2072.14,94.5,0.0,0.0,1.12
1790585100,0xA6A182E6EA1e8b448E0EC974Cee3497039F4aDB1,2,0.0,7949.08,463.34,233.7,0.0,1.69
1790585100,0xCDa43aF0E62ea12faE2BFF016557B6aB37Ec98B0,7,30006.74,0.0,0.0,0.0,0.0,9.0
1790585100,0xE1DC5576b36c78C75e6Abf2E1B121Db20A6069b7,1,0.0,10597.1,82.0,0.0,0.0,0.79
1790585100,0xE38FBa4dDb4A7BC94f2Cb163cF7337Df576D0194,1,0.0,3876.25,0.0,0.0,3979.06,5.81
1790585100,0xEA2Eec3dc92E860ca7c00DDa51f1AfbCD1fC2E73,8,36005.54,0.0,0.0,0.0,100.34,0.9
1790585100,0xF7957c8b20DbD3FcA93686B07679aee8e6755c43,6,27005.62,0.0,0.0,0.0,0.0,0.0
1790585100,0xda50a7E41BEb66B2a613bc22a206fb1cF34FFaE2,45,0.0,3952.32,0.0,0.0,-265.67,0.68
1790585100,0xe8616C2B4872Ffd594C07BabAA916A01aa501932,2,0.0,7752.51,0.0,0.0,100.54,11.63
1790586000,0x004ba33C4478FfCb6B28e658587A30c685bBF972,3,0.0,991739.18,5799.0,0.0,0.0,211.12
1790586000,0x0597D49735262ab42F7Fc5D91aC9939489aDEF26,3,793.51,0.0,0.0,0.0,0.0,0.21
1790586000,0x137c5E253d961e482D86f44DAb36071406D082A0,15,0.0,1027.95,0.0,0.0,0.0,0.0
1790586000,0x15efc06FEa57Bda3ceA94A53D5426E78ed4651F3,7,31159.79,0.0,0.0,0.0,382.71,6.23
1790586000,0x1f78Fb1234d2f9685fb35AcB1cf484eca83F8F63,1,265.78,0.0,0.0,0.0,0.0,0.04
1790586000,0x21aa6DC573DA62abFD7E43C84bEF2DA4FE514053,8,1057.15,0.0,0.0,0.0,-32.24,0.0
1790586000,0x2367C11Bf16bAa98184B0CB7ff20a14F22A17211,1,177.08,0.0,0.0,0.0,0.0,0.02
1790586000,0x2Fd96bd26E7a3c694DBD5ae5E2C29249a83b8a98,5,10575.56,0.0,0.0,0.0,4.04,0.0
1790586000,0x33DBB588727CB87559daad7189E73d4B13ED88Bf,5,0.0,349974.04,11673.22,6605.48,0.0,107.49
1790586000,0x3aAa2bB57a0eFeA8F6f89423A923f7107c33471B,17,15012.31,1206046.4,562.12,13043.6,202.48,0.0
1790586000,0x3bf64B8c8ce86abDBcF44Fa5a559E27eb9F63Efb,5,0.0,275753.48,7052.18,5396.57,204.78,0.0
1790586000,0x42974A167De3F098cEf1Ffbf5f250D33a9200520,2,50.27,8870.12,0.0,225.0,0.0,1.35
1790586000,0x57D20F8aF5875aD611dC836f78e4992DDA5E6073,1,0.0,5286.21,0.0,56.0,0.0,0.0
1790586000,0x57c5E1BF4Ea4fefF2e9DdE880018cdF44c3B88B8,7,0.0,67776.35,861.25,536.94,-231.25,23.33
1790586000,0x793F59010D878848327aF4052790273D01215D62,3,0.0,599.16,0.0,0.0,4.77,0.3
1790586000,0x7e1d5Fb60d1C64a842323AD2eb34596B75987231,1,0.0,39499.33,0.0,25.18,-288.83,3.65
1790586000,0x801209Bf04cfB7D37135CcDeA450C680dB26995C,1,0.0,24878.93,0.0,371.1,0.0,0.0
1790586000,0x889a18bc957a848c89000812706A5A9E0397E39f,2,0.0,49757.89,371.1,446.7,59.67,15.93
1790586000,0x8E87D8308D439c88dDF48762AA5D3C99b8366a3a,37,115176.91,0.0,0.0,0.0,22.34,6.8
1790586000,0x900fC364B5EA00FB7bd29cff41caDfcBe52B511B,17,0.0,2884.23,0.0,0.0,0.0,2.6
1790586000,0x9C1E4365434dbf1D02dDeb4eEEB01d2a5F80BE25,3,0.0,644.22,0.0,0.0,-24.35,1.0
1790586000,0x9cc5a10733F45D306a437d397212DdE83b52DBD5,1,0.0,8870.12,225.0,0.0,0.0,0.89
1790586000,0xBB5033dBFfA041ADb87E87a2348DEdc81E8602e4,3,0.0,13218.23,162.7,0.0,0.0,5.47
1790586000,0xCDa43aF0E62ea12faE2BFF016557B6aB37Ec98B0,3,4998.58,0.0,0.0,0.0,-1452.73,1.5
1790586000,0xEA2Eec3dc92E860ca7c00DDa51f1AfbCD1fC2E73,5,32999.74,0.0,0.0,0.0,-367.2,4.95
1790586000,0xF7957c8b20DbD3FcA93686B07679aee8e6755c43,2,20054.43,0.0,0.0,0.0,1.02,0.0
1790586000,0xda50a7E41BEb66B2a613bc22a206fb1cF34FFaE2,36,0.0,4179.95,0.0,0.0,-260.04,0.27
1790586000,0xe52cC7980fEAb12d41AB4a97eD13e5638CdbbD02,1,1318.65,0.0,0.0,0.0,-116.03,0.41
1790586000,0xea19Fe621592b9aF895f2d8d5Af7288C02FbBbF3,11,360.53,0.0,0.0,0.0,0.0,0.22
1790586900,0x0597D49735262ab42F7Fc5D91aC9939489aDEF26,3,794.57,0.0,0.0,0.0,0.0,0.14
1790586900,0x15efc06FEa57Bda3ceA94A53D5426E78ed4651F3,2,39759.54,0.0,0.0,0.0,0.0,7.95
1790586900,0x17E42103D7cB7AE387a15896c9543E18c707d851,8,0.0,299.15,0.0,0.0,0.0,0.45
1790586900,0x1c847e46576ba210189381C0c512C58278121d42,4,0.0,10608.33,476.8,536.8,0.0,0.8
1790586900,0x21aa6DC573DA62abFD7E43C84bEF2DA4FE514053,11,2431.69,0.0,0.0,0.0,-19.54,0.0
1790586900,0x2FC25afeF0E9CA2491901958058b3362D7670B9B,1,501.55,0.0,0.0,0.0,0.0,0.16
1790586900,0x2Fd96bd26E7a3c694DBD5ae5E2C29249a83b8a98,16,44152.46,0.0,0.0,0.0,19.25,0.0
1790586900,0x33DBB588727CB87559daad7189E73d4B13ED88Bf,5,0.0,999777.59,73350.33,74749.67,563.97,302.43
1790586900,0x3aAa2bB57a0eFeA8F6f89423A923f7107c33471B,32,201765.45,1261070.73,76870.9,19772.64,763.07,15.0
1790586900,0x3bf64B8c8ce86abDBcF44Fa5a559E27eb9F63Efb,6,0.0,600247.73,4836.94,57504.74,-61.3,0.0
1790586900,0x4a35A44093456376975cB1191Ef23A15f1380fA7,2,0.0,296.41,17.54,0.0,0.0,1.09
1790586900,0x603766b471C34aB062c9D2ce229cf0BDa3Ea32fC,2,0.0,178.23,0.0,5.14,0.0,1.05
1790586900,0x624689c7176E72A96B21baA045f853d6DC9Ca870,2,0.0,331634.33,2638.12,1610.73,0.0,50.25
1790586900,0x68354c9e47098ACd6d12DB54837086764459fe21,1,0.0,21682.42,0.0,203.31,0.0,2.17
1790586900,0x8E87D8308D439c88dDF48762AA5D3C99b8366a3a,38,329198.37,0.0,0.0,0.0,650.49,15.34
1790586900,0x900fC364B5EA00FB7bd29cff41caDfcBe52B511B,18,0.0,2858.83,0.0,0.0,0.0,2.57
1790586900,0x9162bC7e6586a2b197c7b1AcFf47C0fE31DAD0C8,2,1694.4,0.0,0.0,0.0,66.12,0.13
1790586900,0x978e3eb7997a9575cdE1799176829073d2876Fb9,13,106021.89,0.0,0.0,0.0,-154.95,13.57
1790586900,0xBB5033dBFfA041ADb87E87a2348DEdc81E8602e4,2,0.0,5301.05,0.0,235.8,-29.05,2.59
1790586900,0xCDa43aF0E62ea12faE2BFF016557B6aB37Ec98B0,15,45018.12,0.0,0.0,0.0,0.0,13.5
1790586900,0xCe13033221cB2a2cd7294dD00601f6EE589E0575,2,0.0,165648.54,0.55,269.56,47.99,25.35
1790586900,0xE1DC5576b36c78C75e6Abf2E1B121Db20A6069b7,2,0.0,23746.03,203.31,91.26,-56.45,1.78
1790586900,0xEA2Eec3dc92E860ca7c00DDa51f1AfbCD1fC2E73,4,3846.6,0.0,0.0,0.0,0.0,0.0
1790586900,0xEAc2374016613765cF31afDB4AEB6f5d13a63726,8,19490.15,202920.63,460.6,0.0,57.25,19.11
1790586900,0xF7957c8b20DbD3FcA93686B07679aee8e6755c43,2,2750.59,0.0,0.0,0.0,5.16,0.0
1790586900,0xcA7Cb6A79f43a656c4d39aD06839498E7722952E,1,0.0,2063.62,91.26,0.0,0.0,0.21
1790586900,0xd95754330a4bf9A3C8e199ed140817AE07422ee9,2,0.0,144953.36,333.44,4300.14,0.0,44.49
1790586900,0xda50a7E41BEb66B2a613bc22a206fb1cF34FFaE2,26,0.0,3157.97,0.0,0.0,-275.05,0.15
1790587800,0x15efc06FEa57Bda3ceA94A53D5426E78ed4651F3,3,445.04,0.0,0.0,0.0,0.0,0.09
1790587800,0x18d2cD4EBdCEfbE5e4182Ba953657273188585C3,1,0.0,8265.73,400.1,0.0,0.0,0.83
1790587800,0x1ae699Ac5B2f7b3cDe6424279c41Af76fe555Cc4,1,0.0,131988.08,1255.0,0.0,0.0,13.2
1790587800,0x21aa6DC573DA62abFD7E43C84bEF2DA4FE514053,3,445.04,0.0,0.0,0.0,-11.34,0.0
1790587800,0x2Fd96bd26E7a3c694DBD5ae5E2C29249a83b8a98,26,75673.43,0.0,0.0,0.0,103.28,0.17
1790587800,0x33DBB588727CB87559daad7189E73d4B13ED88Bf,1,0.0,149729.57,0.0,6067.18,0.0,45.42
1790587800,0x3aAa2bB57a0eFeA8F6f89423A923f7107c33471B,16,134968.5,150974.33,6067.18,39.35,0.0,0.0
1790587800,0x5452f7082A0F962947C30eb2bFfbcD245F857F91,1,0.0,1244.77,41.97,0.0,0.0,0.12
1790587800,0x6B5236A18b12BE8757ed459022c82729DC1d44Fa,1,0.0,1321.59,1.0,0.0,0.0,0.12
1790587800,0x8E87D8308D439c88dDF48762AA5D3C99b8366a3a,31,180078.95,0.0,0.0,0.0,632.53,18.88
1790587800,0x900fC364B5EA00FB7bd29cff41caDfcBe52B511B,17,0.0,2658.0,0.0,0.0,0.0,2.39
1790587800,0x978e3eb7997a9575cdE1799176829073d2876Fb9,1,1548.19,0.0,0.0,0.0,0.0,0.0
1790587800,0xCDa43aF0E62ea12faE2BFF016557B6aB37Ec98B0,34,135036.78,0.0,0.0,0.0,0.0,40.49
1790587800,0xE1DC5576b36c78C75e6Abf2E1B121Db20A6069b7,2,0.0,140253.8,0.0,1655.1,0.0,10.52
1790587800,0xEAc2374016613765cF31afDB4AEB6f5d13a63726,3,3098.44,1321.59,0.0,1.0,9.87,0.72
1790587800,0xFfd6339DA9D6a8D84FD5b323a6088441947A10B3,2,0.0,2489.54,39.35,41.97,1.64,0.97
1790587800,0xda50a7E41BEb66B2a613bc22a206fb1cF34FFaE2,17,0.0,2658.0,0.0,0.0,-243.88,0.0
1790588700,0x0320D502b0F5Ab31c1d851fD31C93a3A36412A9F,1,0.0,26.38,1.28,0.0,0.0,0.51
1790588700,0x0597D49735262ab42F7Fc5D91aC9939489aDEF26,1,264.28,0.0,0.0,0.0,0.0,0.03
1790588700,0x05aE8F713Cb10458E01bE336dC5C3Be4Bd75d166,1,0.0,2079.65,10.1,0.0,0.0,1.12
1790588700,0x1f78Fb1234d2f9685fb35AcB1cf484eca83F8F63,2,993.43,0.0,0.0,0.0,-5.46,0.07
1790588700,0x21aa6DC573DA62abFD7E43C84bEF2DA4FE514053,4,505.77,0.0,0.0,0.0,-2.12,0.0
1790588700,0x2Fd96bd26E7a3c694DBD5ae5E2C29249a83b8a98,20,42159.66,0.0,0.0,0.0,-3.86,0.21
1790588700,0x3E9AEf7C6d2512f89549308254eaF455e388Fa3a,1,0.0,1055.02,18.3,0.0,0.0,0.82
1790588700,0x3aAa2bB57a0eFeA8F6f89423A923f7107c33471B,8,53567.81,3134.67,0.0,28.4,-32.98,0.0
1790588700,0x5068c5c76436ad100E2Fdaf2DBB2bd0e03882836,1,0.0,13190.96,154.0,0.0,0.0,4.46
1790588700,0x5C8AeF1BfB45Fd92F9C846964109d4555E7bC237,1,0.0,5278.99,18.0,0.0,0.0,2.08
1790588700,0x8AE8a479e61D5b3cBaDc57CB7b1437BaB966aA2B,1,0.0,5284.8,64.2,0.0,0.0,2.09
1790588700,0x8E87D8308D439c88dDF48762AA5D3C99b8366a3a,21,86329.75,0.0,0.0,0.0,267.87,9.8
1790588700,0x900fC364B5EA00FB7bd29cff41caDfcBe52B511B,19,0.0,2847.8,0.0,0.0,0.0,2.56
1790588700,0x978e3eb7997a9575cdE1799176829073d2876Fb9,7,9888.66,0.0,0.0,0.0,-57.75,1.49
1790588700,0xBC8015FA779be6ac91e5616f37e1768b8DbC16df,1,0.0,12682.53,42.24,0.0,0.0,0.0
1790588700,0xCDa43aF0E62ea12faE2BFF016557B6aB37Ec98B0,16,50012.33,0.0,0.0,0.0,0.0,15.0
1790588700,0xE1155FFF30864Dd86018FD47a47256ff36C1fC0a,1,0.0,5278.99,0.0,18.0,0.0,0.53
1790588700,0xE1DC5576b36c78C75e6Abf2E1B121Db20A6069b7,3,0.0,17993.71,0.0,107.72,-265.93,0.95
1790588700,0xEA2Eec3dc92E860ca7c00DDa51f1AfbCD1fC2E73,9,10444.66,0.0,0.0,0.0,19.93,0.0
1790588700,0xEAc2374016613765cF31afDB4AEB6f5d13a63726,1,0.0,13190.96,0.0,154.0,0.0,0.0
1790588700,0xda50a7E41BEb66B2a613bc22a206fb1cF34FFaE2,19,0.0,2847.8,0.0,0.0,-258.37,0.0
1790589600,0x0597D49735262ab42F7Fc5D91aC9939489aDEF26,2,529.05,0.0,0.0,0.0,0.0,0.05
1790589600,0x15efc06FEa57Bda3ceA94A53D5426E78ed4651F3,9,52546.5,0.0,0.0,0.0,-153.5,10.5
1790589600,0x1f78Fb1234d2f9685fb35AcB1cf484eca83F8F63,1,498.74,0.0,0.0,0.0,-8.3,0.07
1790589600,0x21aa6DC573DA62abFD7E43C84bEF2DA4FE514053,14,1859.82,0.0,0.0,0.0,-21.66,0.0
1790589600,0x27932a02574719fAE0879070039851d79Ac8B944,1,0.0,11909.88,0.0,5400.0,3682.19,1.19
1790589600,0x2FC9Fa30B6Aa7E18aE1148cD25a40083Cd26A431,3,0.0,396954.01,4900.0,615.0,0.0,80.39
1790589600,0x2Fd96bd26E7a3c694DBD5ae5E2C29249a83b8a98,22,64968.03,0.0,0.0,0.0,0.85,0.0
1790589600,0x3aAa2bB57a0eFeA8F6f89423A923f7107c33471B,22,72926.21,130224.96,180.39,1069.22,157.55,0.0
1790589600,0x42974A167De3F098cEf1Ffbf5f250D33a9200520,2,2453.37,10987.9,0.0,121.26,-15.31,3.66
1790589600,0x57f687B498a4FF6cAA185b7ce1CBbF84651De66e,2,0.0,1507.54,50.62,0.0,-29.77,1.45
1790589600,0x5C8AeF1BfB45Fd92F9C846964109d4555E7bC237,2,0.0,105825.63,673.16,0.0,0.0,32.75
1790589600,0x60b6b61D8E0F2ae6d1a389C2774915A1588eE4F0,1,0.0,248.15,0.0,1.98,-3.79,0.57
1790589600,0x793F59010D878848327aF4052790273D01215D62,2,0.0,10004.03,0.0,0.0,15.64,5.0
1790589600,0x8E87D8308D439c88dDF48762AA5D3C99b8366a3a,55,229673.34,0.0,0.0,0.0,442.67,12.42
1790589600,0x900fC364B5EA00FB7bd29cff41caDfcBe52B511B,18,0.0,2846.85,0.0,0.0,0.0,2.56
1790589600,0x9162bC7e6586a2b197c7b1AcFf47C0fE31DAD0C8,3,2481.6,0.0,0.0,0.0,0.0,0.0
1790589600,0x93337BBEA97C6db86D11E5E466704e95273E5736,1,0.0,78611.08,695.72,0.0,0.0,24.08
1790589600,0x967D7bd66eE2B16EB15CB83a5C7A6DCb1Be4ACd7,2,0.0,8320.55,207.41,0.0,0.0,1.75
1790589600,0x9754E5734daf717E73E1DB643a1f4CF1D593cF5c,1,446.75,0.0,0.0,0.0,0.0,0.04
1790589600,0x978e3eb7997a9575cdE1799176829073d2876Fb9,5,5994.36,0.0,0.0,0.0,57.55,0.9
1790589600,0xBC8015FA779be6ac91e5616f37e1768b8DbC16df,2,0.0,2897.21,1.98,21.2,2.5,0.0
1790589600,0xCDa43aF0E62ea12faE2BFF016557B6aB37Ec98B0,17,50015.49,0.0,0.0,0.0,-1464.05,15.0
1790589600,0xD1277d5fc6f804b796CDCf5926E35117e454bF38,14,103217.97,238147.76,0.0,478.0,-33.69,84.87
1790589600,0xE1DC5576b36c78C75e6Abf2E1B121Db20A6069b7,7,0.0,330322.97,5884.24,695.72,19.8,0.89
1790589600,0xEA2Eec3dc92E860ca7c00DDa51f1AfbCD1fC2E73,4,13556.87,0.0,0.0,0.0,-5.28,1.8
1790589600,0xEAc2374016613765cF31afDB4AEB6f5d13a63726,5,0.0,397112.92,615.0,4904.15,448.86,0.0
1790589600,0xF7957c8b20DbD3FcA93686B07679aee8e6755c43,2,14960.53,0.0,0.0,0.0,-56.15,0.0
1790589600,0xFdDad116B09703225ac64979079F11C9D36b7aC9,1,0.0,2649.06,21.2,0.0,0.0,1.29
1790589600,0xa27aA79F777825Db7807AAd611D0734c3E6c520B,2,0.0,158.91,4.15,0.0,0.0,0.52
1790589600,0xbcaA400Bf2a895667566A755d0b01f3F4C1AbBD1,1,0.0,1654.24,0.0,6.24,-34.91,1.0
1790589600,0xda50a7E41BEb66B2a613bc22a206fb1cF34FFaE2,18,0.0,2846.85,0.0,0.0,-259.36,0.0
1790589600,0xe21Dc03222C98370827289535C9B6F12827082bf,2,0.0,3583.34,138.04,59.13,0.0,1.04
1790589600,0xf97F24d8C4Ece9786cb7E61eE3B8d20Ac1D1b786,2,0.0,10004.03,0.0,0.0,0.0,15.01
1790589600,0xfE6e3099dc514A63bd2Fe79BD3d9e8a653bBAF06,5,19812.08,0.0,0.0,0.0,0.0,1.63
1790590500,0x0597D49735262ab42F7Fc5D91aC9939489aDEF26,2,529.73,0.0,0.0,0.0,0.0,0.05
1790590500,0x0b801b311B206f726496405f8b3ea20afc916e82,1,0.0,39730.78,0.0,1118.21,-345.57,12.42
1790590500,0x15efc06FEa57Bda3ceA94A53D5426E78ed4651F3,2,1023.31,0.0,0.0,0.0,-5.45,0.2
1790590500,0x1f78Fb1234d2f9685fb35AcB1cf484eca83F8F63,4,1712.88,0.0,0.0,0.0,-14.46,0.17
1790590500,0x21aa6DC573DA62abFD7E43C84bEF2DA4FE514053,6,815.5,0.0,0.0,0.0,-7.63,0.0
1790590500,0x2Fd96bd26E7a3c694DBD5ae5E2C29249a83b8a98,7,19547.18,0.0,0.0,0.0,-0.86,0.0
1790590500,0x3aAa2bB57a0eFeA8F6f89423A923f7107c33471B,8,24547.73,42378.39,1137.01,0.0,-565.93,0.0
1790590500,0x3bf64B8c8ce86abDBcF44Fa5a559E27eb9F63Efb,3,0.0,23794.2,3019.48,0.0,-1618.19,0.0
1790590500,0x55357161D25De8EE3C7d6f00FA0E3581948e3967,3,0.0,4665.97,267.73,173.66,105.98,2.9
1790590500,0x57D20F8aF5875aD611dC836f78e4992DDA5E6073,1,0.0,3443.56,0.0,33.54,0.0,0.0
1790590500,0x793F59010D878848327aF4052790273D01215D62,1,0.0,3202.26,0.0,0.0,0.3,1.6
1790590500,0x87b8df4f8a95b719fda56ca067BE9F4C5687A694,8,3012.22,14856.2,0.0,1017.0,0.0,5.3
1790590500,0x8B6458eC2E52f0281A413A2D7414ad7C6fc7eE8C,1,0.0,3443.56,33.54,0.0,0.0,1.53
1790590500,0x8E87D8308D439c88dDF48762AA5D3C99b8366a3a,25,65557.79,0.0,0.0,0.0,240.43,6.33
1790590500,0x900fC364B5EA00FB7bd29cff41caDfcBe52B511B,17,0.0,2854.08,0.0,0.0,0.0,2.57
1790590500,0x978e3eb7997a9575cdE1799176829073d2876Fb9,6,2987.58,0.0,0.0,0.0,0.0,0.45
1790590500,0xCDa43aF0E62ea12faE2BFF016557B6aB37Ec98B0,7,25006.3,0.0,0.0,0.0,0.0,7.5
1790590500,0xE1DC5576b36c78C75e6Abf2E1B121Db20A6069b7,5,0.0,22533.95,25.2,370.99,203.55,0.1
1790590500,0xEd36621aa98134b01d10005a912aA3Ff0E38ED3f,10,199.02,0.0,0.0,0.0,-0.13,0.0
1790590500,0xbb05319CD62Ff29BdEC1567718d12B1da3b66aEe,1,0.0,16543.43,0.0,25.2,0.0,3.65
1790590500,0xbcaA400Bf2a895667566A755d0b01f3F4C1AbBD1,1,0.0,1654.36,29.26,0.0,0.0,1.0
1790590500,0xda50a7E41BEb66B2a613bc22a206fb1cF34FFaE2,17,0.0,2854.08,0.0,0.0,-249.48,0.0
1790590500,0xdce2fd4f80C317c4CB04EC532Ac598507D5ED33a,1,0.0,2647.61,0.0,18.8,0.0,1.29
1790590500,0xe40DdC7Cf5F81b19505684dE865FE9fBA1a58D64,1,0.0,1324.87,74.0,0.0,0.0,0.13
1790590500,0xf97F24d8C4Ece9786cb7E61eE3B8d20Ac1D1b786,1,0.0,3202.26,0.0,0.0,0.0,4.8
1790590500,0xfB39EEE697e63A5d13b6c104fA2E043C87E4A816,1,0.0,7283.31,0.0,1828.82,1122.69,2.68
1790591400,0x1189a06BB2E4bb592Ac9Fa55D0Af7233489A83FA,1,0.0,265.34,31.3,0.0,0.0,0.58
1790591400,0x15efc06FEa57Bda3ceA94A53D5426E78ed4651F3,4,26199.84,0.0,0.0,0.0,-122.53,5.24
1790591400,0x21aa6DC573DA62abFD7E43C84bEF2DA4FE514053,4,447.42,0.0,0.0,0.0,-4.4,0.0
1790591400,0x2D3fb860caAE86280D43e8Bd5fA10b3EcADC7E71,1,953.6,0.0,0.0,0.0,-61.22,0.3
1790591400,0x2Fd96bd26E7a3c694DBD5ae5E2C29249a83b8a98,6,18987.94,0.0,0.0,0.0,-8.12,0.0
1790591400,0x31BDF187AC3faA563bF40f2a04cd6D822E1d34aa,3,0.0,662146.35,6928.0,0.0,0.0,189.29
1790591400,0x3aAa2bB57a0eFeA8F6f89423A923f7107c33471B,4,5085.73,4838.13,37.02,74.47,-12.68,0.0
1790591400,0x3bf64B8c8ce86abDBcF44Fa5a559E27eb9F63Efb,1,0.0,497.39,0.0,2.8,-1.5,0.0
1790591400,0x43d79B8A784D4cb1D35c35B01f58b3e4259d09FC,1,0.0,8382.19,1560.45,0.0,0.0,0.84
1790591400,0x57D20F8aF5875aD611dC836f78e4992DDA5E6073,1,0.0,10605.03,0.0,12.8,0.0,0.0
1790591400,0x5A1e548181e4Bb5298ef67A39248f6d888799886,2,0.0,23331.06,28.16,0.0,0.0,4.02
1790591400,0x8E87D8308D439c88dDF48762AA5D3C99b8366a3a,15,93987.26,0.0,0.0,0.0,232.34,2.88
1790591400,0x900fC364B5EA00FB7bd29cff41caDfcBe52B511B,16,0.0,2674.14,0.0,0.0,0.0,2.41
1790591400,0x978e3eb7997a9575cdE1799176829073d2876Fb9,3,29840.49,0.0,0.0,0.0,662.63,4.33
1790591400,0xB4C03F0aF7B6F5615d1b1cdb86AE9E6D39359B3B,1,0.0,795.02,17.76,0.0,0.0,0.74
1790591400,0xBC8015FA779be6ac91e5616f37e1768b8DbC16df,1,0.0,12726.03,0.0,15.36,0.0,0.0
1790591400,0xCDa43aF0E62ea12faE2BFF016557B6aB37Ec98B0,6,25007.33,0.0,0.0,0.0,0.0,7.5
1790591400,0xE1DC5576b36c78C75e6Abf2E1B121Db20A6069b7,4,0.0,662941.37,0.0,6945.76,-11.45,3.88
1790591400,0xEAc2374016613765cF31afDB4AEB6f5d13a63726,1,0.0,8382.19,0.0,1560.45,0.0,0.63
1790591400,0xb7D5a0188995Df4335CfaB17f20eED1889F1f59A,2,0.0,1492.25,2.8,37.02,4.12,1.45
1790591400,0xc608a134a2F49304755578D7DdfBEe91FcD33497,1,0.0,3577.93,43.17,0.0,0.0,1.57
1790591400,0xda50a7E41BEb66B2a613bc22a206fb1cF34FFaE2,16,0.0,2674.14,0.0,0.0,-223.24,0.0
1790592300,0x021d21f43d6d8921eF876Ec72f59E45820883B8F,2,0.0,27668.53,44.17,195.34,0.0,0.0
1790592300,0x0597D49735262ab42F7Fc5D91aC9939489aDEF26,2,531.44,0.0,0.0,0.0,0.0,0.05
1790592300,0x0D0FF3a1a018cc7f67FD948E3D1C8eC76ca49263,1,0.0,15931.62,5.4,0.0,0.0,0.68
1790592300,0x0E2ff7EBcaF4fA9bbceaf408346aA97A68746ee2,2,0.0,27668.53,195.34,44.17,-6.64,4.65
1790592300,0x15efc06FEa57Bda3ceA94A53D5426E78ed4651F3,5,62593.58,0.0,0.0,0.0,366.93,6.97
1790592300,0x20D5e1Fa2b70526C38c49457A6790a73297bc354,2,0.0,6491.59,78.0,0.0,0.0,0.65
1790592300,0x21aa6DC573DA62abFD7E43C84bEF2DA4FE514053,1,89.75,0.0,0.0,0.0,-1.49,0.0
1790592300,0x2Fd96bd26E7a3c694DBD5ae5E2C29249a83b8a98,10,26992.65,0.0,0.0,0.0,-47.33,0.0
1790592300,0x31F8a6d94aabE7D883288414d035A1Dc6811d8c7,1,0.0,7961.36,6.9,0.0,22.39,1.36
1790592300,0x3aAa2bB57a0eFeA8F6f89423A923f7107c33471B,9,37855.76,32761.84,161.68,99.42,59.83,0.0
1790592300,0x3bf64B8c8ce86abDBcF44Fa5a559E27eb9F63Efb,1,0.0,414394.38,6120.0,0.0,0.0,0.0
1790592300,0x505b815Fca200A75F2D6C088E67B53094F095d30,2,0.0,12.4,0.0,0.0,0.0,0.02
1790592300,0x57D20F8aF5875aD611dC836f78e4992DDA5E6073,3,0.0,52051.78,0.0,118.35,0.0,0.0
1790592300,0x793F59010D878848327aF4052790273D01215D62,1,0.0,0.38,0.0,0.0,0.0,0.0
1790592300,0x7b0fb7aB846D27C34dAbdc95bfb6729edeaBcD89,4,0.0,23595.67,78.46,78.0,2.25,6.34
1790592300,0x88EC4C97A6A2D7880181e25c99842BD271D78c03,3,0.0,23898.44,0.0,161.68,4.15,6.58
1790592300,0x8B0b6D022715635ce6647767760D2a68851E4bDF,1,0.0,2371.67,28.56,0.0,0.0,1.21
1790592300,0x8E87D8308D439c88dDF48762AA5D3C99b8366a3a,10,27630.18,0.0,0.0,0.0,48.12,0.99
1790592300,0x900fC364B5EA00FB7bd29cff41caDfcBe52B511B,9,0.0,1526.37,0.0,0.0,0.0,1.37
1790592300,0x978e3eb7997a9575cdE1799176829073d2876Fb9,1,27740.05,0.0,0.0,0.0,404.25,4.16
1790592300,0xBC8015FA779be6ac91e5616f37e1768b8DbC16df,2,0.0,20139.21,0.0,58.41,0.0,0.0
1790592300,0xCDa43aF0E62ea12faE2BFF016557B6aB37Ec98B0,15,45008.99,0.0,0.0,0.0,0.0,13.5
1790592300,0xE1DC5576b36c78C75e6Abf2E1B121Db20A6069b7,3,0.0,455833.82,110.75,6120.0,1.25,34.19
1790592300,0xEAc2374016613765cF31afDB4AEB6f5d13a63726,2,0.0,23892.98,0.0,12.3,0.0,0.68
1790592300,0xda50a7E41BEb66B2a613bc22a206fb1cF34FFaE2,14,0.0,1610.69,0.0,0.0,-136.6,0.04
1790592300,0xdfe996189dA1C72C98953F6E26e973cf57655A36,2,0.0,20139.21,58.41,0.0,0.0,7.04
1790592300,0xf97F24d8C4Ece9786cb7E61eE3B8d20Ac1D1b786,2,0.0,71.54,0.0,0.0,0.0,0.11
1790593200,0x0597D49735262ab42F7Fc5D91aC9939489aDEF26,3,798.05,0.0,0.0,0.0,0.0,0.08
1790593200,0x07324aFA542FeFA00E17b874A4d638534a7B4B01,2,247.38,2659.63,0.0,12.8,-6.5,1.38
1790593200,0x15efc06FEa57Bda3ceA94A53D5426E78ed4651F3,2,20897.09,0.0,0.0,0.0,-30.71,0.0
1790593200,0x21aa6DC573DA62abFD7E43C84bEF2DA4FE514053,1,89.66,0.0,0.0,0.0,-1.58,0.0
1790593200,0x2Fd96bd26E7a3c694DBD5ae5E2C29249a83b8a98,10,27251.44,0.0,0.0,0.0,-43.59,0.0
1790593200,0x3aAa2bB57a0eFeA8F6f89423A923f7107c33471B,12,122756.41,0.0,0.0,0.0,-10.5,0.0
1790593200,0x3bf64B8c8ce86abDBcF44Fa5a559E27eb9F63Efb,5,0.0,218183.14,2244.03,2817.69,1265.95,0.0
1790593200,0x57D20F8aF5875aD611dC836f78e4992DDA5E6073,1,0.0,20747.17,0.0,29.25,0.0,0.0
1790593200,0x624e8b936b5DE0B425046ac1A60615F514d0bb50,1,0.0,44910.04,0.0,550.0,0.0,13.97
1790593200,0x68354c9e47098ACd6d12DB54837086764459fe21,1,0.0,13434.34,0.0,138.19,0.0,1.34
1790593200,0x6bBE27Cc336Ed83f2eb230aA67dC90ea9705E8A4,4,0.0,180916.61,2817.69,1884.61,-33.77,27.64
1790593200,0x6f0F33d6F05938f4d15D502Ab3593a2181b47Cb1,4,0.0,31882.27,294.3,70.1,0.0,5.78
1790593200,0x793F59010D878848327aF4052790273D01215D62,1,0.0,0.38,0.0,0.0,-0.0,0.0
1790593200,0x801209Bf04cfB7D37135CcDeA450C680dB26995C,1,0.0,44910.04,550.0,0.0,0.0,0.0
1790593200,0x895A87BF65898aDfFBA8547D21a7C4a0797F1eaA,1,279.45,0.0,0.0,0.0,0.0,0.09
1790593200,0x8E87D8308D439c88dDF48762AA5D3C99b8366a3a,26,164590.08,0.0,0.0,0.0,52.54,22.54
1790593200,0xBC8015FA779be6ac91e5616f37e1768b8DbC16df,2,0.0,19907.07,192.0,0.0,0.0,0.0
1790593200,0xCDa43aF0E62ea12faE2BFF016557B6aB37Ec98B0,12,30011.06,0.0,0.0,0.0,0.0,9.0
1790593200,0xE1DC5576b36c78C75e6Abf2E1B121Db20A6069b7,3,0.0,36841.14,180.24,0.0,11.41,2.56
1790593200,0xEAc2374016613765cF31afDB4AEB6f5d13a63726,4,0.0,31882.27,70.1,294.3,27.23,0.0
1790593200,0xda50a7E41BEb66B2a613bc22a206fb1cF34FFaE2,1,0.0,0.38,0.0,0.0,0.0,0.0
1790593200,0xdcDC2eB3b6fFedA40337B2b558A324bf1CCA8005,3,0.0,57173.6,0.0,551.42,-174.89,18.15
1790593200,0xfE6e3099dc514A63bd2Fe79BD3d9e8a653bBAF06,2,5168.52,0.0,0.0,0.0,0.0,0.78
1790594100,0x021d21f43d6d8921eF876Ec72f59E45820883B8F,1,0.0,829.58,0.0,30.84,4.38,0.0
1790594100,0x0E2ff7EBcaF4fA9bbceaf408346aA97A68746ee2,2,0.0,26629.61,199.92,46.82,-11.71,4.49
1790594100,0x0ac1F609E125A275bE2DedB42a02C467BfAfAD0A,2,0.0,165894.28,925.0,328.0,0.0,25.38
1790594100,0x15efc06FEa57Bda3ceA94A53D5426E78ed4651F3,3,41865.47,0.0,0.0,0.0,278.2,8.37
1790594100,0x1c847e46576ba210189381C0c512C58278121d42,1,0.0,4148.75,15.25,0.0,0.0,0.0
1790594100,0x21aa6DC573DA62abFD7E43C84bEF2DA4FE514053,3,419.68,0.0,0.0,0.0,-5.49,0.0
1790594100,0x2Fd96bd26E7a3c694DBD5ae5E2C29249a83b8a98,4,11999.4,0.0,0.0,0.0,91.91,0.0
1790594100,0x3aAa2bB57a0eFeA8F6f89423A923f7107c33471B,10,60012.43,580576.35,2885.23,897.73,0.0,0.0
1790594100,0x3bf64B8c8ce86abDBcF44Fa5a559E27eb9F63Efb,4,0.0,66915.89,532.82,686.18,2.75,0.0
1790594100,0x49fbfca242C11033Fd05E6653Deb74DE938e31cA,2,0.0,5330.28,85.1,0.0,0.0,2.1
1790594100,0x6Db8BFfF1EcA69b46610BC5539D965BCF290Fc64,1,0.0,213.16,0.19,0.0,0.0,0.52
1790594100,0x6bBE27Cc336Ed83f2eb230aA67dC90ea9705E8A4,8,0.0,234454.37,1336.73,1766.33,-25.1,36.17
1790594100,0x801209Bf04cfB7D37135CcDeA450C680dB26995C,2,0.0,165894.28,328.0,925.0,411.0,0.0
1790594100,0x895A87BF65898aDfFBA8547D21a7C4a0797F1eaA,1,279.67,0.0,0.0,0.0,-0.41,0.09
1790594100,0x8E87D8308D439c88dDF48762AA5D3C99b8366a3a,12,96098.57,0.0,0.0,0.0,-15.47,10.11
1790594100,0x978e3eb7997a9575cdE1799176829073d2876Fb9,1,5000.58,0.0,0.0,0.0,0.0,0.75
1790594100,0xBC8015FA779be6ac91e5616f37e1768b8DbC16df,1,0.0,213.16,0.0,0.19,0.0,0.0
1790594100,0xD403202030487ACA994C6761ddc8dC2dd177EE4f,3,0.0,159367.08,486.26,493.58,-983.18,48.81
1790594100,0xD7fc9AcBDf150423CEA5B3dd3a5A13578D4cb6e8,2,0.0,532.41,6.09,0.0,0.0,1.16
1790594100,0xD9884e6f8a8Bc801E24bB19E371d71D626C22680,4,0.0,415051.88,0.0,1852.9,0.0,75.14
1790594100,0xE1DC5576b36c78C75e6Abf2E1B121Db20A6069b7,4,0.0,131919.89,509.17,6.09,0.0,0.06
1790594100,0xEAc2374016613765cF31afDB4AEB6f5d13a63726,6,0.0,58634.32,248.0,524.1,4.79,0.0
1790594100,0xfE6e3099dc514A63bd2Fe79BD3d9e8a653bBAF06,1,13477.5,0.0,0.0,0.0,0.0,0.0
1790595000,0x0D0FF3a1a018cc7f67FD948E3D1C8eC76ca49263,1,0.0,799.46,0.6,0.0,0.0,0.07
1790595000,0x15169e7AbDEC24E608877339DbaD3E39d390e75C,2,0.0,149261.86,356.37,1249.94,-471.85,22.89
1790595000,0x15efc06FEa57Bda3ceA94A53D5426E78ed4651F3,15,245035.59,0.0,0.0,0.0,155.53,49.0
1790595000,0x1DfA762116D96b53e057aef20E94576d4ca2D6B4,6,0.0,83037.68,128.91,425.0,63.93,27.41
1790595000,0x1c847e46576ba210189381C0c512C58278121d42,2,452.21,4152.27,0.0,13.05,0.0,0.0
1790595000,0x21565D654D2b1d70A39536bcA3B5Bade07Dc28a6,1,0.0,830.64,41.3,0.0,0.0,0.75
1790595000,0x21aa6DC573DA62abFD7E43C84bEF2DA4FE514053,7,1296.04,0.0,0.0,0.0,-6.88,0.0
1790595000,0x2Fd96bd26E7a3c694DBD5ae5E2C29249a83b8a98,6,17998.62,0.0,0.0,0.0,-21.42,0.0
1790595000,0x2f1AD479C495CCa0eF1E3eCA6981feea47eaFc3d,1,90.14,0.0,0.0,0.0,0.0,0.01
1790595000,0x3715f00a8B9287d42040F442022a9Ee4BfE2487c,2,0.0,36198.29,678.9,313.81,0.0,5.93
1790595000,0x3aAa2bB57a0eFeA8F6f89423A923f7107c33471B,16,340776.21,36198.29,313.81,678.9,307.56,0.0
1790595000,0x3bf64B8c8ce86abDBcF44Fa5a559E27eb9F63Efb,6,0.0,199330.24,1674.94,444.53,435.44,0.0
1790595000,0x6c7E180703B4050031cd4e0F3e1670032FbFf34f,2,0.0,1598.27,0.72,0.6,-1.29,1.17
1790595000,0x8E87D8308D439c88dDF48762AA5D3C99b8366a3a,37,274622.29,0.0,0.0,0.0,-182.25,29.49
1790595000,0x9754E5734daf717E73E1DB643a1f4CF1D593cF5c,1,451.7,0.0,0.0,0.0,0.0,0.05
1790595000,0x978e3eb7997a9575cdE1799176829073d2876Fb9,1,25666.18,0.0,0.0,0.0,0.0,3.85
1790595000,0xB90134C652814890691671c849381A0B3cdD0247,2,3995.91,0.0,0.0,0.0,0.0,1.21
1790595000,0xBC8015FA779be6ac91e5616f37e1768b8DbC16df,4,0.0,30691.9,0.0,91.92,-2.64,0.0
1790595000,0xF7957c8b20DbD3FcA93686B07679aee8e6755c43,1,14233.07,0.0,0.0,0.0,0.0,0.0
1790595000,0xeF9851F9340B4cEb7de7BA6667CC94A1a7D1a637,1,0.0,245.42,22.2,0.0,0.0,0.57
1790595000,0xfE6e3099dc514A63bd2Fe79BD3d9e8a653bBAF06,2,18040.0,0.0,0.0,0.0,0.0,0.0
1790595900,0x02212FA0cf675E1C695dEF27E17B14C63D028832,1,0.0,7999.07,0.0,79.2,0.0,0.8
1790595900,0x15efc06FEa57Bda3ceA94A53D5426E78ed4651F3,13,60029.85,0.0,0.0,0.0,320.23,12.0
1790595900,0x1DfA762116D96b53e057aef20E94576d4ca2D6B4,3,0.0,170163.64,1486.0,1801.85,-119.4,52.55
1790595900,0x21aa6DC573DA62abFD7E43C84bEF2DA4FE514053,6,947.2,0.0,0.0,0.0,-1.66,0.0
1790595900,0x2Fd96bd26E7a3c694DBD5ae5E2C29249a83b8a98,1,1995.26,0.0,0.0,0.0,-3.93,0.0
1790595900,0x3687eFc4fBAAfF0F50faD7DF20861E0074419008,1,0.0,1331.45,0.0,16.0,-27.74,0.13
1790595900,0x3897B8691E481a99a1A78a790a2Ae1Ce01b3a5F9,1,0.0,902.67,0.0,36.4,0.0,0.77
1790595900,0x3aAa2bB57a0eFeA8F6f89423A923f7107c33471B,5,4346.11,138054.31,1864.05,388.2,1852.06,0.0
1790595900,0x3bf64B8c8ce86abDBcF44Fa5a559E27eb9F63Efb,4,0.0,101521.62,165.6,1639.71,141.83,0.0
1790595900,0x7BA77405b74102E88bC422Bd4442cFFAF700c294,1,0.0,399.49,6.06,0.0,0.0,0.62
1790595900,0x801209Bf04cfB7D37135CcDeA450C680dB26995C,1,0.0,902.67,36.4,0.0,0.0,0.0
1790595900,0x8B6458eC2E52f0281A413A2D7414ad7C6fc7eE8C,1,0.0,3468.06,0.0,40.43,3.82,1.54
1790595900,0x8E87D8308D439c88dDF48762AA5D3C99b8366a3a,40,142044.78,0.0,0.0,0.0,37.3,0.36
1790595900,0x97F0a007D8EaBb3ec1302E3198817d1b859a77Df,1,0.0,7988.28,0.0,102.0,0.0,0.8
1790595900,0x9b0cFA748c7Ca58CF2f17B396EdcFDdD1f74AD6E,2,0.0,64026.56,388.2,187.37,0.0,10.1
1790595900,0xA0D678cb6F48CA52720232361BfB376C46c2c5B0,1,1422.88,0.0,0.0,0.0,0.0,0.14
1790595900,0xB90134C652814890691671c849381A0B3cdD0247,7,15989.42,0.0,0.0,0.0,0.0,4.83
1790595900,0xBC8015FA779be6ac91e5616f37e1768b8DbC16df,1,0.0,399.49,0.0,6.06,-1.04,0.0
1790595900,0xCDa43aF0E62ea12faE2BFF016557B6aB37Ec98B0,17,69998.6,0.0,0.0,0.0,-20892.8,21.01
1790595900,0xE1DC5576b36c78C75e6Abf2E1B121Db20A6069b7,3,0.0,17318.81,197.2,0.0,2.8,1.3
1790595900,0xaF6a78E03d4EE820B6861192e0cbD00A9197fc72,1,0.0,1038.9,43.02,0.0,0.0,0.81
1790595900,0xc4A78643546aFfDa36688cdD56ceA0EB3b5d9BA3,1,0.0,878.77,110.68,0.0,0.0,0.76
1790596800,0x15efc06FEa57Bda3ceA94A53D5426E78ed4651F3,23,235240.32,0.0,0.0,0.0,13.15,42.85
1790596800,0x1fD0876eEAaB1Af9BbF3EeB70064bc03bf111718,2,1079.71,0.0,0.0,0.0,-0.71,0.08
1790596800,0x21aa6DC573DA62abFD7E43C84bEF2DA4FE514053,14,3670.36,0.0,0.0,0.0,-24.28,0.0
1790596800,0x2Fd96bd26E7a3c694DBD5ae5E2C29249a83b8a98,14,44012.16,0.0,0.0,0.0,-159.43,0.0
1790596800,0x2c98191034c119f6f696B0F1513c69d8F1b15A9a,1,0.0,15918.27,0.0,2350.0,640.76,1.59
1790596800,0x33DBB588727CB87559daad7189E73d4B13ED88Bf,2,0.0,31836.54,2350.0,3381.0,0.0,10.55
1790596800,0x3aAa2bB57a0eFeA8F6f89423A923f7107c33471B,39,537055.51,33903.54,3381.0,2591.36,-845.72,0.0
1790596800,0x3bf64B8c8ce86abDBcF44Fa5a559E27eb9F63Efb,2,0.0,1247.0,0.0,11.11,0.0,0.0
1790596800,0x4BFd78D7Ea1f8b11b88502a51A19c76C73b0d582,1,0.0,833.5,18.16,0.0,0.0,0.75
1790596800,0x51efa467CC3B762063bfBE86Ee812E4D51193F68,1,1034.29,0.0,0.0,0.0,0.0,0.32
1790596800,0x60b6b61D8E0F2ae6d1a389C2774915A1588eE4F0,2,0.0,1664.72,14.85,0.0,0.0,1.5
1790596800,0x67d612038A1757d98504165D193841C706498296,3,0.0,1102.39,8.19,0.0,0.0,1.83
1790596800,0x8B6458eC2E52f0281A413A2D7414ad7C6fc7eE8C,1,0.0,2682.94,44.8,0.0,0.0,1.3
1790596800,0x8E87D8308D439c88dDF48762AA5D3C99b8366a3a,96,634459.63,0.0,0.0,0.0,-1992.7,65.87
1790596800,0x9170Fd4b32bf660b34fc87D7398Fd9AE4fb36187,1,0.0,15922.19,2659.0,0.0,0.0,1.59
1790596800,0x94ECb4C47D8E2CB07874A33a0141016254b46873,1,342.52,0.0,0.0,0.0,0.0,0.03
1790596800,0x978e3eb7997a9575cdE1799176829073d2876Fb9,8,82875.21,0.0,0.0,0.0,863.15,12.43
1790596800,0xB90134C652814890691671c849381A0B3cdD0247,7,16102.17,0.0,0.0,0.0,0.0,4.87
1790596800,0xBC8015FA779be6ac91e5616f37e1768b8DbC16df,1,0.0,2682.94,0.0,44.8,0.0,0.0
1790596800,0xCDa43aF0E62ea12faE2BFF016557B6aB37Ec98B0,24,55002.72,0.0,0.0,0.0,-7452.21,16.5
1790596800,0xE1DC5576b36c78C75e6Abf2E1B121Db20A6069b7,1,0.0,268.64,0.0,4.91,0.0,0.0
1790596800,0xEA2Eec3dc92E860ca7c00DDa51f1AfbCD1fC2E73,4,3114.16,0.0,0.0,0.0,24.58,0.47
1790596800,0xEd36621aa98134b01d10005a912aA3Ff0E38ED3f,10,198.81,0.0,0.0,0.0,-1.21,0.0
1790596800,0xF7957c8b20DbD3FcA93686B07679aee8e6755c43,2,10534.49,0.0,0.0,0.0,0.0,0.0
1790596800,0xFfd6339DA9D6a8D84FD5b323a6088441947A10B3,2,0.0,31822.48,2566.18,2659.0,85.69,7.13
1790597700,0x15efc06FEa57Bda3ceA94A53D5426E78ed4651F3,4,3198.45,0.0,0.0,0.0,-17.34,0.64
1790597700,0x1c847e46576ba210189381C0c512C58278121d42,2,1985.59,0.0,0.0,0.0,0.0,0.0
1790597700,0x1f78Fb1234d2f9685fb35AcB1cf484eca83F8F63,2,1149.66,0.0,0.0,0.0,-5.35,0.17
1790597700,0x1fD0876eEAaB1Af9BbF3EeB70064bc03bf111718,2,1212.87,0.0,0.0,0.0,-0.36,0.0
1790597700,0x21aa6DC573DA62abFD7E43C84bEF2DA4FE514053,6,837.15,0.0,0.0,0.0,-6.28,0.0
1790597700,0x2Fd96bd26E7a3c694DBD5ae5E2C29249a83b8a98,19,51703.04,0.0,0.0,0.0,-213.62,0.3
1790597700,0x3aAa2bB57a0eFeA8F6f89423A923f7107c33471B,2,39994.18,0.0,0.0,0.0,0.0,0.0
1790597700,0x414F9fFDe32b0975F50880d1Df0b029a9451a031,1,0.0,1667.13,11.5,0.0,0.0,0.17
1790597700,0x442A893d9e2284D56644F60ee7f62D210FdeFb77,4,0.0,13415.16,86.6,0.0,0.0,3.95
1790597700,0x5fE7FB2493441c753e52e7fb34b69C285F26bE9E,2,16077.0,0.0,0.0,0.0,83.11,4.83
1790597700,0x68354c9e47098ACd6d12DB54837086764459fe21,1,0.0,11750.25,0.0,70.5,0.0,1.18
1790597700,0x8B6458eC2E52f0281A413A2D7414ad7C6fc7eE8C,1,0.0,1181.1,18.88,0.0,0.0,0.85
1790597700,0x8E87D8308D439c88dDF48762AA5D3C99b8366a3a,52,155305.59,0.0,0.0,0.0,-606.96,9.83
1790597700,0x978e3eb7997a9575cdE1799176829073d2876Fb9,1,5000.14,0.0,0.0,0.0,-444.52,0.0
1790597700,0xB90134C652814890691671c849381A0B3cdD0247,44,84522.97,0.0,0.0,0.0,0.0,25.56
1790597700,0xCDa43aF0E62ea12faE2BFF016557B6aB37Ec98B0,5,24997.4,0.0,0.0,0.0,-7449.37,7.5
1790597700,0xE1DC5576b36c78C75e6Abf2E1B121Db20A6069b7,9,0.0,53826.3,70.5,217.35,288.73,2.57
1790597700,0xEA2Eec3dc92E860ca7c00DDa51f1AfbCD1fC2E73,8,12879.03,0.0,0.0,0.0,507.39,0.79
1790597700,0xEAc2374016613765cF31afDB4AEB6f5d13a63726,1,0.0,1667.13,0.0,11.5,0.0,0.13
1790597700,0xF7957c8b20DbD3FcA93686B07679aee8e6755c43,5,6611.98,0.0,0.0,0.0,20.8,0.0
1790597700,0xbb05319CD62Ff29BdEC1567718d12B1da3b66aEe,1,0.0,16670.52,60.0,0.0,-40.12,1.67
1790597700,0xdfe996189dA1C72C98953F6E26e973cf57655A36,1,0.0,10272.14,25.28,0.0,0.0,3.58
1790597700,0xe40DdC7Cf5F81b19505684dE865FE9fBA1a58D64,1,0.0,537.13,26.6,0.0,0.0,0.05
1790598600,0x15efc06FEa57Bda3ceA94A53D5426E78ed4651F3,18,84856.57,0.0,0.0,0.0,231.12,16.97
1790598600,0x1f78Fb1234d2f9685fb35AcB1cf484eca83F8F63,4,2113.25,0.0,0.0,0.0,-4.17,0.23
1790598600,0x1fD0876eEAaB1Af9BbF3EeB70064bc03bf111718,1,606.12,0.0,0.0,0.0,0.0,0.0
1790598600,0x21aa6DC573DA62abFD7E43C84bEF2DA4FE514053,3,366.65,0.0,0.0,0.0,-5.41,0.0
1790598600,0x2Fd96bd26E7a3c694DBD5ae5E2C29249a83b8a98,11,37984.81,0.0,0.0,0.0,-46.53,0.0
1790598600,0x2d4a3304E17036c6A9dec27e0116730080a2Ef19,2,0.0,105.04,0.0,5.42,0.0,1.03
1790598600,0x3aAa2bB57a0eFeA8F6f89423A923f7107c33471B,10,48644.87,120511.14,1567.23,687.6,-71.78,0.0
1790598600,0x55fC1a187CB29DDbbA27C33A07222862BCedb30e,1,0.0,4149.5,15.9,0.0,0.0,1.74
1790598600,0x87b8df4f8a95b719fda56ca067BE9F4C5687A694,1,0.0,8979.4,0.0,1235.0,0.0,3.19
1790598600,0x8E87D8308D439c88dDF48762AA5D3C99b8366a3a,36,154520.15,0.0,0.0,0.0,-326.49,9.65
1790598600,0x9b0cFA748c7Ca58CF2f17B396EdcFDdD1f74AD6E,2,0.0,107277.19,671.7,326.81,0.0,16.59
1790598600,0xB90134C652814890691671c849381A0B3cdD0247,4,8036.46,0.0,0.0,0.0,0.0,2.43
1790598600,0xCDa43aF0E62ea12faE2BFF016557B6aB37Ec98B0,3,9996.49,0.0,0.0,0.0,0.0,3.0
1790598600,0xD9884e6f8a8Bc801E24bB19E371d71D626C22680,1,0.0,214005.92,0.0,1472.0,0.0,32.1
1790598600,0xE1DC5576b36c78C75e6Abf2E1B121Db20A6069b7,1,0.0,214005.92,1472.0,0.0,0.0,0.0
1790598600,0xEA2Eec3dc92E860ca7c00DDa51f1AfbCD1fC2E73,4,10206.35,0.0,0.0,0.0,0.0,1.53
1790598600,0xEd36621aa98134b01d10005a912aA3Ff0E38ED3f,1,20.0,0.0,0.0,0.0,-0.12,0.0
1790598600,0xF7957c8b20DbD3FcA93686B07679aee8e6755c43,1,663.81,0.0,0.0,0.0,-25.05,0.0
1790599500,0x0597D49735262ab42F7Fc5D91aC9939489aDEF26,2,537.65,0.0,0.0,0.0,0.0,0.05
1790599500,0x0b64Ba8B627C8c8b943927dA4302Aa31F4cBdAB8,3,0.0,604.14,11.76,0.0,0.0,1.68
1790599500,0x15efc06FEa57Bda3ceA94A53D5426E78ed4651F3,11,27753.73,0.0,0.0,0.0,-57.81,5.55
1790599500,0x1c847e46576ba210189381C0c512C58278121d42,2,1979.39,0.0,0.0,0.0,0.0,0.0
1790599500,0x1f78Fb1234d2f9685fb35AcB1cf484eca83F8F63,5,2442.39,0.0,0.0,0.0,-3.53,0.28
1790599500,0x1fD0876eEAaB1Af9BbF3EeB70064bc03bf111718,1,706.72,0.0,0.0,0.0,0.0,0.0
1790599500,0x21aa6DC573DA62abFD7E43C84bEF2DA4FE514053,12,2169.63,0.0,0.0,0.0,-11.17,0.0
1790599500,0x2B07be0203513c20C6aD471a38F2F8B98FFdbBcF,2,0.0,10732.23,278.6,46.4,0.0,2.11
1790599500,0x2Fd96bd26E7a3c694DBD5ae5E2C29249a83b8a98,17,42042.74,0.0,0.0,0.0,-33.01,0.0
1790599500,0x3aAa2bB57a0eFeA8F6f89423A923f7107c33471B,5,45539.99,0.0,0.0,0.0,-99.65,0.0
1790599500,0x42974A167De3F098cEf1Ffbf5f250D33a9200520,1,0.0,120.07,0.0,3.8,0.0,0.0
1790599500,0x57D20F8aF5875aD611dC836f78e4992DDA5E6073,1,0.0,20891.03,0.0,100.75,0.0,0.0
1790599500,0x8B6458eC2E52f0281A413A2D7414ad7C6fc7eE8C,1,0.0,1613.94,24.48,0.0,0.0,0.98
1790599500,0x8E87D8308D439c88dDF48762AA5D3C99b8366a3a,55,154697.47,0.0,0.0,0.0,-519.42,11.9
1790599500,0x978e3eb7997a9575cdE1799176829073d2876Fb9,2,1738.99,0.0,0.0,0.0,-67.31,0.11
1790599500,0xB90134C652814890691671c849381A0B3cdD0247,33,72507.78,0.0,0.0,0.0,0.0,21.93
1790599500,0xE1DC5576b36c78C75e6Abf2E1B121Db20A6069b7,4,0.0,22989.04,100.75,32.44,0.0,1.57
1790599500,0xEA2Eec3dc92E860ca7c00DDa51f1AfbCD1fC2E73,8,1802.22,0.0,0.0,0.0,0.0,0.27
1790599500,0xEAc2374016613765cF31afDB4AEB6f5d13a63726,2,0.0,10732.23,46.4,278.6,0.0,0.0
1790599500,0xF7957c8b20DbD3FcA93686B07679aee8e6755c43,5,14153.89,0.0,0.0,0.0,106.45,0.0
1790600400,0x0597D49735262ab42F7Fc5D91aC9939489aDEF26,1,268.53,0.0,0.0,0.0,0.0,0.03
1790600400,0x0ED2F5A37c29a605f47b12dBA90c46dee9c17580,5,627.99,1790.67,16.5,0.0,0.0,0.39
1790600400,0x0b64Ba8B627C8c8b943927dA4302Aa31F4cBdAB8,1,0.0,268.53,5.8,0.0,0.0,0.58
1790600400,0x15efc06FEa57Bda3ceA94A53D5426E78ed4651F3,1,839.75,0.0,0.0,0.0,-1.21,0.17
1790600400,0x1f78Fb1234d2f9685fb35AcB1cf484eca83F8F63,1,549.84,0.0,0.0,0.0,0.0,0.0
1790600400,0x21aa6DC573DA62abFD7E43C84bEF2DA4FE514053,6,801.57,0.0,0.0,0.0,-5.7,0.0
1790600400,0x2Fd96bd26E7a3c694DBD5ae5E2C29249a83b8a98,1,2999.29,0.0,0.0,0.0,0.0,0.0
1790600400,0x2f1AD479C495CCa0eF1E3eCA6981feea47eaFc3d,1,89.71,0.0,0.0,0.0,0.42,0.01
1790600400,0x3aAa2bB57a0eFeA8F6f89423A923f7107c33471B,5,0.0,322302.59,5579.3,22010.11,-457.89,0.0
1790600400,0x3bf64B8c8ce86abDBcF44Fa5a559E27eb9F63Efb,3,0.0,9168.12,112.23,10.62,-6.66,0.0
1790600400,0x51efa467CC3B762063bfBE86Ee812E4D51193F68,2,0.0,16675.44,0.0,208.6,0.0,6.0
1790600400,0x558077d8D5c007C37a86FA4e2634807E55b6E37f,4,0.0,322007.12,22010.11,5568.0,0.0,49.3
1790600400,0x57D20F8aF5875aD611dC836f78e4992DDA5E6073,2,0.0,34139.04,0.0,46.03,0.0,0.0
1790600400,0x6aaBDB5a5C84EdC20E8b6c32B0f6f08611f350E7,1,0.0,895.19,0.0,7.5,0.0,0.77
1790600400,0x8E87D8308D439c88dDF48762AA5D3C99b8366a3a,16,56019.18,0.0,0.0,0.0,164.91,2.36
1790600400,0x978e3eb7997a9575cdE1799176829073d2876Fb9,2,28888.24,0.0,0.0,0.0,0.0,4.33
1790600400,0xB90134C652814890691671c849381A0B3cdD0247,4,8050.46,0.0,0.0,0.0,0.0,2.44
1790600400,0xBC8015FA779be6ac91e5616f37e1768b8DbC16df,1,0.0,268.53,0.0,5.8,0.0,0.0
1790600400,0xBFc18bd7c77B20e9611F1526043153Baf6c19ceE,1,0.0,13315.58,14.53,0.0,0.0,2.32
1790600400,0xE1DC5576b36c78C75e6Abf2E1B121Db20A6069b7,3,0.0,30056.6,144.9,9.0,-18.48,1.63
1790600400,0xEA2Eec3dc92E860ca7c00DDa51f1AfbCD1fC2E73,7,8825.74,0.0,0.0,0.0,0.0,1.32
1790600400,0xd05E4d9004BA8A84Fd3150DFb4e834282790578d,2,0.0,830.34,10.62,17.03,6.27,1.25
1790600400,0xd61092AAbD38E59037d3dACf8cb9753E661DACAc,1,0.0,295.48,0.0,11.3,-8.65,0.59
1790600400,0xfE6e3099dc514A63bd2Fe79BD3d9e8a653bBAF06,3,17910.0,0.0,0.0,0.0,651.74,0.0
1790601300,0x0597D49735262ab42F7Fc5D91aC9939489aDEF26,1,268.62,0.0,0.0,0.0,0.0,0.03
1790601300,0x15efc06FEa57Bda3ceA94A53D5426E78ed4651F3,11,29544.17,0.0,0.0,0.0,-8.2,5.91
1790601300,0x1f78Fb1234d2f9685fb35AcB1cf484eca83F8F63,3,1575.39,0.0,0.0,0.0,-2.52,0.16
1790601300,0x21aa6DC573DA62abFD7E43C84bEF2DA4FE514053,2,178.88,0.0,0.0,0.0,-1.66,0.0
1790601300,0x2Fd96bd26E7a3c694DBD5ae5E2C29249a83b8a98,5,10044.28,0.0,0.0,0.0,2.09,0.0
1790601300,0x2f1AD479C495CCa0eF1E3eCA6981feea47eaFc3d,3,268.38,0.0,0.0,0.0,-0.04,0.03
1790601300,0x3aAa2bB57a0eFeA8F6f89423A923f7107c33471B,10,92769.47,124045.51,0.0,6314.9,-83.0,0.0
1790601300,0x3bf64B8c8ce86abDBcF44Fa5a559E27eb9F63Efb,4,0.0,9735.61,129.26,111.26,-24.57,0.0
1790601300,0x5CE2268e9b9c66ec8d4bDd8E3a02D4e0e3D5d217,1,0.0,12597.0,287.66,0.0,0.0,4.28
1790601300,0x6FC7E62Fb7194D5c2BB9fF859E863AE90EDF8c2f,1,0.0,3114.67,293.25,0.0,0.0,1.43
1790601300,0x8E87D8308D439c88dDF48762AA5D3C99b8366a3a,12,66923.6,0.0,0.0,0.0,-127.74,6.51
1790601300,0x978e3eb7997a9575cdE1799176829073d2876Fb9,3,49216.46,0.0,0.0,0.0,0.8,7.38
1790601300,0xAAB98f1787EA33270626d44cEC3f184714643B91,1,0.0,1411.6,37.98,0.0,0.0,0.92
1790601300,0xBC8015FA779be6ac91e5616f37e1768b8DbC16df,1,0.0,19360.85,0.0,250.56,0.0,0.0
1790601300,0xBc4713b3B41726541D373e57518012302FfBFAa7,3,0.0,672169.19,300.0,0.0,0.0,37.5
1790601300,0xDe63BA23276DF0B376ea7E91ee20aE25e8A98488,2,0.0,8300.4,70.6,108.9,2.3,3.49
1790601300,0xE1DC5576b36c78C75e6Abf2E1B121Db20A6069b7,2,0.0,206931.52,0.0,2874.92,-504.32,0.0
1790601300,0xEA2Eec3dc92E860ca7c00DDa51f1AfbCD1fC2E73,4,4359.35,0.0,0.0,0.0,0.0,0.65
1790601300,0xEAc2374016613765cF31afDB4AEB6f5d13a63726,4,0.0,698897.92,0.0,655.85,0.0,39.5
1790601300,0xEd36621aa98134b01d10005a912aA3Ff0E38ED3f,3,59.63,0.0,0.0,0.0,-0.46,0.0
1790601300,0xEe3361A43B2290E9b72990771853d3817e296248,3,0.0,119519.24,5983.67,0.0,0.0,37.36
1790601300,0xF86fDfd001D7e7aD77E698FDd4dAC3B74518D999,3,0.0,240424.1,3193.68,0.0,0.0,67.28
1790601300,0xbD7f403814aAB81Da706d1966Bc3f4B0420571FD,2,0.0,1435.21,40.66,20.36,0.0,0.72
1790602200,0x021d21f43d6d8921eF876Ec72f59E45820883B8F,2,0.0,27891.33,7.83,104.84,0.0,0.0
1790602200,0x0597D49735262ab42F7Fc5D91aC9939489aDEF26,5,1346.59,0.0,0.0,0.0,0.0,0.13
1790602200,0x05cfF5B6DC5697AA54200b42c51ee54aFE5eF875,3,0.0,3123.46,14.5,15.45,17.49,2.44
1790602200,0x0E2ff7EBcaF4fA9bbceaf408346aA97A68746ee2,2,0.0,27891.33,104.84,7.83,10.81,4.68
1790602200,0x0ED2F5A37c29a605f47b12dBA90c46dee9c17580,1,149.36,0.0,0.0,0.0,2.38,0.01
1790602200,0x15efc06FEa57Bda3ceA94A53D5426E78ed4651F3,13,12728.37,0.0,0.0,0.0,-41.28,2.55
1790602200,0x1A091173A3C5cc9f462df710A5064b5a4cfd0895,1,0.0,3563.99,784.0,0.0,0.0,0.36
1790602200,0x1c847e46576ba210189381C0c512C58278121d42,3,994.53,1790.08,0.0,14.5,0.0,0.0
1790602200,0x1f78Fb1234d2f9685fb35AcB1cf484eca83F8F63,1,0.0,1333.38,15.45,0.0,0.0,0.0
1790602200,0x1fD0876eEAaB1Af9BbF3EeB70064bc03bf111718,2,1149.65,0.0,0.0,0.0,6.17,0.0
1790602200,0x21aa6DC573DA62abFD7E43C84bEF2DA4FE514053,17,2484.75,0.0,0.0,0.0,-27.93,0.0
1790602200,0x2Fd96bd26E7a3c694DBD5ae5E2C29249a83b8a98,17,47778.53,0.0,0.0,0.0,-74.82,0.0
1790602200,0x2f1AD479C495CCa0eF1E3eCA6981feea47eaFc3d,26,2323.96,0.0,0.0,0.0,-1.62,0.23
1790602200,0x31BDF187AC3faA563bF40f2a04cd6D822E1d34aa,1,0.0,895471.8,38600.0,0.0,0.0,269.14
1790602200,0x399155d8d94112d23679d00Dddf17F01022881C7,1,0.0,269.59,0.2,0.0,0.0,0.03
1790602200,0x3aAa2bB57a0eFeA8F6f89423A923f7107c33471B,47,910975.53,3557.0,0.0,784.4,-229.2,75.01
1790602200,0x3bf64B8c8ce86abDBcF44Fa5a559E27eb9F63Efb,4,0.0,195299.89,0.0,5818.96,0.0,0.0
1790602200,0x42974A167De3F098cEf1Ffbf5f250D33a9200520,2,0.0,41433.29,388.12,400.0,2.73,9.15
1790602200,0x42dd008715fB72CC7684aa867Cc2113126c6a018,2,0.0,538.21,12.88,0.0,0.0,0.58
1790602200,0x57D20F8aF5875aD611dC836f78e4992DDA5E6073,3,0.0,31677.42,1.2,43.6,9.2,0.0
1790602200,0x6bBE27Cc336Ed83f2eb230aA67dC90ea9705E8A4,1,0.0,32277.72,18.0,0.0,0.0,2.25
1790602200,0x801209Bf04cfB7D37135CcDeA450C680dB26995C,1,0.0,895471.8,0.0,38600.0,0.0,0.0
1790602200,0x8E87D8308D439c88dDF48762AA5D3C99b8366a3a,91,603481.87,0.0,0.0,0.0,-1478.63,41.0
1790602200,0x8da08d7346c9cc74461d46fb1B2Ec44507E444Cb,1,0.0,166931.32,5282.09,0.0,0.0,50.58
1790602200,0x92E174b9aE60b06853AF1078Dd73514780d99bD0,2,0.0,7649.84,148.75,0.0,0.0,2.79
1790602200,0x94ECb4C47D8E2CB07874A33a0141016254b46873,1,353.35,0.0,0.0,0.0,0.0,0.12
1790602200,0x978e3eb7997a9575cdE1799176829073d2876Fb9,6,39673.83,0.0,0.0,0.0,-601.75,3.29
1790602200,0x9eF009cA98fD2096c6B19abfd1dD0968615026F9,1,0.0,20714.55,400.0,0.0,0.0,2.07
1790602200,0xB90134C652814890691671c849381A0B3cdD0247,4,12126.36,0.0,0.0,0.0,0.0,3.67
1790602200,0xBC8015FA779be6ac91e5616f37e1768b8DbC16df,1,0.0,10027.15,14.4,0.0,0.0,0.0
1790602200,0xBFc18bd7c77B20e9611F1526043153Baf6c19ceE,2,0.0,13343.67,0.0,19.16,-0.32,2.63
1790602200,0xCDa43aF0E62ea12faE2BFF016557B6aB37Ec98B0,2,4998.98,0.0,0.0,0.0,0.0,1.5
1790602200,0xE1DC5576b36c78C75e6Abf2E1B121Db20A6069b7,6,0.0,268040.99,3196.42,90.35,34.13,1.82
1790602200,0xEA2Eec3dc92E860ca7c00DDa51f1AfbCD1fC2E73,20,16360.79,0.0,0.0,0.0,483.38,0.96
1790602200,0xEAc2374016613765cF31afDB4AEB6f5d13a63726,5,0.0,33759.59,22.5,31.08,-32.68,2.27
1790602200,0xEd36621aa98134b01d10005a912aA3Ff0E38ED3f,1,19.94,0.0,0.0,0.0,-0.22,0.0
1790602200,0xF86fDfd001D7e7aD77E698FDd4dAC3B74518D999,2,0.0,241137.28,0.0,3157.66,-176.64,73.34
1790602200,0xFfd6339DA9D6a8D84FD5b323a6088441947A10B3,2,0.0,7120.99,784.4,784.0,-1.47,1.07
1790602200,0xa53ea80f5564Be16a30Ef50E729d9086cf9Ad142,2,0.0,2687.59,90.35,0.0,0.0,1.81
1790602200,0xeaBe3142B8510D67270a7E10dA5609b317dd9f0A,3,10789.25,0.0,0.0,0.0,0.0,3.24
1790602200,0xef698DFC8Be573EE20cA86842C15deC0A9C9c44D,2,0.0,10777.83,9.6,1.2,-13.98,2.35
1790602200,0xfE6e3099dc514A63bd2Fe79BD3d9e8a653bBAF06,2,17820.0,0.0,0.0,0.0,741.74,0.0
1790603100,0x0597D49735262ab42F7Fc5D91aC9939489aDEF26,2,538.65,0.0,0.0,0.0,0.0,0.05
1790603100,0x05cfF5B6DC5697AA54200b42c51ee54aFE5eF875,2,0.0,1788.39,89.69,84.2,-64.6,1.54
1790603100,0x1A091173A3C5cc9f462df710A5064b5a4cfd0895,1,0.0,4011.46,729.0,0.0,0.0,0.4
1790603100,0x1f78Fb1234d2f9685fb35AcB1cf484eca83F8F63,3,1235.2,894.33,84.2,0.0,-6.81,0.0
1790603100,0x21aa6DC573DA62abFD7E43C84bEF2DA4FE514053,12,1322.9,0.0,0.0,0.0,-13.01,0.0
1790603100,0x2Fd96bd26E7a3c694DBD5ae5E2C29249a83b8a98,10,33969.91,0.0,0.0,0.0,-4.21,0.0
1790603100,0x37Dbb43A23f958481d66c60E79a3750D2988a495,2,0.0,13382.7,6.4,5.04,-3.79,2.43
1790603100,0x3aAa2bB57a0eFeA8F6f89423A923f7107c33471B,32,466148.12,42371.69,0.0,2585.39,-233.83,15.0
1790603100,0x3bf64B8c8ce86abDBcF44Fa5a559E27eb9F63Efb,1,0.0,134009.79,2822.4,0.0,0.0,0.0
1790603100,0x57D20F8aF5875aD611dC836f78e4992DDA5E6073,1,0.0,6691.35,0.0,6.4,0.0,0.0
1790603100,0x7835F994582B75fE0C0189d2bE5d4F727bF3c331,2,0.0,5384.1,50.3,5.1,8.68,1.31
1790603100,0x8E87D8308D439c88dDF48762AA5D3C99b8366a3a,50,479969.81,0.0,0.0,0.0,-1049.21,55.75
1790603100,0x978e3eb7997a9575cdE1799176829073d2876Fb9,2,15456.13,0.0,0.0,0.0,-440.29,2.32
1790603100,0xAAB98f1787EA33270626d44cEC3f184714643B91,1,0.0,674.07,0.0,22.5,6.58,0.7
1790603100,0xAB1FB502bC1733fe97A54680D6BA7a33299c86fc,1,0.0,37468.34,1771.2,0.0,0.0,11.74
1790603100,0xB90134C652814890691671c849381A0B3cdD0247,9,16182.53,0.0,0.0,0.0,0.0,4.89
1790603100,0xE1DC5576b36c78C75e6Abf2E1B121Db20A6069b7,1,0.0,6691.35,5.04,0.0,46.21,0.0
1790603100,0xEA2Eec3dc92E860ca7c00DDa51f1AfbCD1fC2E73,10,7982.61,0.0,0.0,0.0,30.89,1.2
1790603100,0xEAc2374016613765cF31afDB4AEB6f5d13a63726,4,0.0,182451.04,453.1,2872.7,7.07,10.05
1790603100,0xFfd6339DA9D6a8D84FD5b323a6088441947A10B3,2,0.0,8020.75,724.5,729.0,3.3,1.2
1790603100,0xa79A5d9A81016d09B0482a963504d6891366Cab8,1,0.0,43057.15,0.0,448.0,0.0,13.42
1790604000,0x0597D49735262ab42F7Fc5D91aC9939489aDEF26,2,536.82,0.0,0.0,0.0,0.0,0.05
1790604000,0x05aE8F713Cb10458E01bE336dC5C3Be4Bd75d166,1,0.0,788.42,3.63,0.0,0.0,0.74
1790604000,0x15efc06FEa57Bda3ceA94A53D5426E78ed4651F3,3,8331.98,0.0,0.0,0.0,-18.79,1.67
1790604000,0x1c847e46576ba210189381C0c512C58278121d42,1,443.25,0.0,0.0,0.0,34.77,0.0
1790604000,0x1f78Fb1234d2f9685fb35AcB1cf484eca83F8F63,3,1646.86,0.0,0.0,0.0,-13.39,0.0
1790604000,0x21aa6DC573DA62abFD7E43C84bEF2DA4FE514053,15,2068.14,0.0,0.0,0.0,-31.76,0.0
1790604000,0x2Fd96bd26E7a3c694DBD5ae5E2C29249a83b8a98,7,22356.89,0.0,0.0,0.0,4.86,0.0
1790604000,0x2f1AD479C495CCa0eF1E3eCA6981feea47eaFc3d,1,88.74,0.0,0.0,0.0,0.77,0.04
1790604000,0x34ca0bEA77377bE6D6B940442da3E0eA17E4C3B6,1,0.0,2750.26,0.0,52.7,0.0,0.28
1790604000,0x3aAa2bB57a0eFeA8F6f89423A923f7107c33471B,16,168789.55,2396.69,25.32,3.63,-487.86,0.0
1790604000,0x3bf64B8c8ce86abDBcF44Fa5a559E27eb9F63Efb,1,0.0,25149.84,0.0,138.89,-207.67,0.0
1790604000,0x42d30F10216Ad02c349023C29ba6F2A91A74F206,1,0.0,38910.08,252.55,0.0,0.0,12.17
1790604000,0x5fE7FB2493441c753e52e7fb34b69C285F26bE9E,2,10720.76,0.0,0.0,0.0,0.0,3.23
1790604000,0x60b6b61D8E0F2ae6d1a389C2774915A1588eE4F0,1,0.0,834.53,2.81,0.0,0.0,0.75
1790604000,0x87fa5065b2693a78bd6F41268D1DF4405C5068Ef,2,0.0,42143.41,298.63,0.0,0.0,13.64
1790604000,0x8B6458eC2E52f0281A413A2D7414ad7C6fc7eE8C,1,0.0,1608.28,0.0,25.32,-2.52,0.98
1790604000,0x8E87D8308D439c88dDF48762AA5D3C99b8366a3a,39,200277.2,0.0,0.0,0.0,-211.26,25.35
1790604000,0x94ECb4C47D8E2CB07874A33a0141016254b46873,1,332.32,0.0,0.0,0.0,-1.9,0.11
1790604000,0x978e3eb7997a9575cdE1799176829073d2876Fb9,4,17146.45,0.0,0.0,0.0,-407.44,2.05
1790604000,0xA48232D674F993126945B9158d8eD64320883567,4,8880.47,0.0,0.0,0.0,306.53,1.33
1790604000,0xBC8015FA779be6ac91e5616f37e1768b8DbC16df,1,0.0,5362.04,0.0,15.2,0.0,0.0
1790604000,0xD9884e6f8a8Bc801E24bB19E371d71D626C22680,2,0.0,268108.58,0.0,535.0,0.0,35.33
1790604000,0xE1DC5576b36c78C75e6Abf2E1B121Db20A6069b7,4,0.0,28548.46,19.8,162.56,0.0,0.0
1790604000,0xEA2Eec3dc92E860ca7c00DDa51f1AfbCD1fC2E73,11,18887.63,0.0,0.0,0.0,0.0,1.03
1790604000,0xEAc2374016613765cF31afDB4AEB6f5d13a63726,3,0.0,307018.66,535.0,252.55,0.0,0.0
1790604000,0xF7957c8b20DbD3FcA93686B07679aee8e6755c43,1,1888.98,0.0,0.0,0.0,0.0,0.0
1790604000,0xef698DFC8Be573EE20cA86842C15deC0A9C9c44D,3,0.0,16082.4,15.2,19.8,-12.27,5.57
1790604000,0xfE6e3099dc514A63bd2Fe79BD3d9e8a653bBAF06,11,26657.33,2750.26,52.7,0.0,1181.28,4.21
1790604900,0x0597D49735262ab42F7Fc5D91aC9939489aDEF26,3,804.11,0.0,0.0,0.0,0.0,0.08
1790604900,0x0ED2F5A37c29a605f47b12dBA90c46dee9c17580,1,132.92,0.0,0.0,0.0,3.47,0.01
1790604900,0x137c5E253d961e482D86f44DAb36071406D082A0,1,4999.43,0.0,0.0,0.0,0.0,0.0
1790604900,0x15efc06FEa57Bda3ceA94A53D5426E78ed4651F3,9,36849.3,0.0,0.0,0.0,-12.85,0.32
1790604900,0x1883BdaC804Bd044C2aa03bA51aa0838240B32B9,1,0.0,155.55,0.0,0.0,0.0,0.24
1790604900,0x1c847e46576ba210189381C0c512C58278121d42,3,2274.24,0.0,0.0,0.0,-4.52,0.0
1790604900,0x1f78Fb1234d2f9685fb35AcB1cf484eca83F8F63,7,5747.08,5192.9,104.72,0.0,0.0,0.0
1790604900,0x1fD0876eEAaB1Af9BbF3EeB70064bc03bf111718,1,681.8,0.0,0.0,0.0,24.92,0.0
1790604900,0x21aa6DC573DA62abFD7E43C84bEF2DA4FE514053,31,8305.48,0.0,0.0,0.0,-88.27,0.0
1790604900,0x2367C11Bf16bAa98184B0CB7ff20a14F22A17211,1,87.5,0.0,0.0,0.0,0.0,0.01
1790604900,0x2F7A0faAd97Db6A4f46DCF6fbf7db4Bf480bD479,3,0.0,26648.23,289.0,1165.0,0.0,4.5
1790604900,0x2Fd96bd26E7a3c694DBD5ae5E2C29249a83b8a98,9,24025.71,0.0,0.0,0.0,10.6,0.16
1790604900,0x2f1AD479C495CCa0eF1E3eCA6981feea47eaFc3d,25,1944.54,0.0,0.0,0.0,-0.95,0.19
1790604900,0x3aAa2bB57a0eFeA8F6f89423A923f7107c33471B,24,254319.04,18372.99,0.0,96.53,-89.23,15.0
1790604900,0x3bf64B8c8ce86abDBcF44Fa5a559E27eb9F63Efb,13,0.0,987309.51,6268.51,45922.27,355.3,0.0
1790604900,0x42d30F10216Ad02c349023C29ba6F2A91A74F206,3,0.0,66426.39,352.13,0.0,0.0,21.43
1790604900,0x49fbfca242C11033Fd05E6653Deb74DE938e31cA,2,0.0,10737.38,619.2,217.0,0.0,2.11
1790604900,0x628e602Ab895298245046DfA58622c6dbc14B837,1,0.0,8289.31,37.4,0.0,0.0,2.99
1790604900,0x7e040FC3950CeccCf16055aeA756a7a39c394CDC,1,0.0,34949.13,400.0,0.0,0.0,2.62
1790604900,0x801209Bf04cfB7D37135CcDeA450C680dB26995C,3,0.0,26648.23,1165.0,289.0,3.84,0.0
1790604900,0x82Cb56159C6C4f7E8467C0e708d741F6727e1B95,2,0.0,885524.67,41684.0,4778.0,0.0,133.33
1790604900,0x860e2FFDC6c961631D000ff7f0ed63FD31c571D4,1,0.0,34949.13,0.0,400.0,0.0,3.49
1790604900,0x8E87D8308D439c88dDF48762AA5D3C99b8366a3a,90,337509.08,0.0,0.0,0.0,-3.23,35.77
1790604900,0x978e3eb7997a9575cdE1799176829073d2876Fb9,5,5363.35,0.0,0.0,0.0,-140.95,0.8
1790604900,0xA48232D674F993126945B9158d8eD64320883567,1,0.0,4984.29,15.39,0.0,0.0,0.0
1790604900,0xA743829d789Ba3481B1566A9d8E2C3845a251D98,3,0.0,1250.92,6.87,2.94,-2.33,1.38
1790604900,0xBC8015FA779be6ac91e5616f37e1768b8DbC16df,4,1002.36,0.0,0.0,0.0,-8.18,0.15
1790604900,0xE1DC5576b36c78C75e6Abf2E1B121Db20A6069b7,3,0.0,7104.47,0.0,29.71,0.0,0.53
1790604900,0xEA2Eec3dc92E860ca7c00DDa51f1AfbCD1fC2E73,27,24730.92,0.0,0.0,0.0,0.0,3.71
1790604900,0xEAc2374016613765cF31afDB4AEB6f5d13a63726,9,0.0,111881.58,4411.0,874.8,7.77,3.98
1790604900,0xEd36621aa98134b01d10005a912aA3Ff0E38ED3f,2,39.7,0.0,0.0,0.0,0.17,0.0
1790604900,0xEe3361A43B2290E9b72990771853d3817e296248,1,0.0,39153.8,0.0,1487.56,-531.69,12.25
1790604900,0xF7957c8b20DbD3FcA93686B07679aee8e6755c43,2,18802.29,0.0,0.0,0.0,496.11,0.0
1790604900,0xa383a06bad613706708AE90499C20225cE636e76,1,0.0,4143.58,0.0,101.6,76.57,1.74
1790604900,0xda50a7E41BEb66B2a613bc22a206fb1cF34FFaE2,1,0.0,155.55,0.0,0.0,-9.85,0.0
1790604900,0xea19Fe621592b9aF895f2d8d5Af7288C02FbBbF3,37,1227.43,0.0,0.0,0.0,0.0,0.74
1790604900,0xef698DFC8Be573EE20cA86842C15deC0A9C9c44D,1,0.0,1070.87,11.2,0.0,0.0,0.11
1790604900,0xfE6e3099dc514A63bd2Fe79BD3d9e8a653bBAF06,2,17604.0,0.0,0.0,0.0,957.74,0.0
1790605800,0x021d21f43d6d8921eF876Ec72f59E45820883B8F,1,0.0,13886.28,144.67,0.0,-39.83,0.0
1790605800,0x0597D49735262ab42F7Fc5D91aC9939489aDEF26,4,1068.57,0.0,0.0,0.0,0.0,0.11
1790605800,0x0ED2F5A37c29a605f47b12dBA90c46dee9c17580,1,104.59,0.0,0.0,0.0,3.8,0.01
1790605800,0x0F9352C0156fbba24a8988f1a6BdAD25c709889E,4,0.0,115.71,0.0,0.0,0.0,0.21
1790605800,0x15efc06FEa57Bda3ceA94A53D5426E78ed4651F3,8,4497.83,0.0,0.0,0.0,19.93,0.9
1790605800,0x1c847e46576ba210189381C0c512C58278121d42,1,436.61,0.0,0.0,0.0,28.13,0.0
1790605800,0x1f78Fb1234d2f9685fb35AcB1cf484eca83F8F63,6,1483.9,0.0,0.0,0.0,1.16,0.08
1790605800,0x21aa6DC573DA62abFD7E43C84bEF2DA4FE514053,34,8091.73,0.0,0.0,0.0,-175.39,0.0
1790605800,0x29Ff79b4E62d47D2A1CbbD8f65f9Bddc54dD912e,2,0.0,2676.06,27.93,0.0,0.0,1.3
1790605800,0x2F7A0faAd97Db6A4f46DCF6fbf7db4Bf480bD479,3,0.0,26257.61,357.01,1320.3,0.0,4.44
1790605800,0x2Fd96bd26E7a3c694DBD5ae5E2C29249a83b8a98,18,36761.39,0.0,0.0,0.0,58.68,0.06
1790605800,0x2f1AD479C495CCa0eF1E3eCA6981feea47eaFc3d,7,558.3,0.0,0.0,0.0,-0.17,0.06
1790605800,0x37Dbb43A23f958481d66c60E79a3750D2988a495,2,0.0,36616.32,25.73,23.97,-8.97,7.21
1790605800,0x3aAa2bB57a0eFeA8F6f89423A923f7107c33471B,39,460833.51,369954.22,1384.38,2306.29,-2287.5,15.0
1790605800,0x3bf64B8c8ce86abDBcF44Fa5a559E27eb9F63Efb,2,0.0,195063.51,1423.42,6723.45,-10289.12,0.0
1790605800,0x42d30F10216Ad02c349023C29ba6F2A91A74F206,1,0.0,331096.54,1044.27,0.0,0.0,99.83
1790605800,0x47C2572AB3Dcb336cBC06E1C1Cda839144BCd1BE,1,0.0,8747.23,0.0,130.0,0.0,0.87
1790605800,0x4BFd78D7Ea1f8b11b88502a51A19c76C73b0d582,1,0.0,830.43,17.0,0.0,0.0,0.08
1790605800,0x57D20F8aF5875aD611dC836f78e4992DDA5E6073,1,0.0,18308.16,0.0,25.73,0.0,0.0
1790605800,0x801209Bf04cfB7D37135CcDeA450C680dB26995C,3,0.0,8771.14,61.0,73.0,0.0,0.0
1790605800,0x8B6458eC2E52f0281A413A2D7414ad7C6fc7eE8C,1,0.0,3852.57,0.0,64.08,-2.02,1.66
1790605800,0x8E87D8308D439c88dDF48762AA5D3C99b8366a3a,92,541895.09,0.0,0.0,0.0,1385.2,55.36
1790605800,0x94ECb4C47D8E2CB07874A33a0141016254b46873,1,327.47,0.0,0.0,0.0,-4.06,0.11
1790605800,0x978e3eb7997a9575cdE1799176829073d2876Fb9,4,19134.99,0.0,0.0,0.0,-852.28,1.53
1790605800,0xA48232D674F993126945B9158d8eD64320883567,5,8756.03,1980.28,0.0,20.65,430.99,1.31
1790605800,0xB4EA5CF83be5cE235800af2d3D2523F1210F2637,1,0.0,8747.49,905.0,0.0,0.0,3.12
1790605800,0xB90134C652814890691671c849381A0B3cdD0247,6,19766.1,0.0,0.0,0.0,-56.01,5.96
1790605800,0xBC8015FA779be6ac91e5616f37e1768b8DbC16df,2,1432.63,0.0,0.0,0.0,-61.48,0.0
1790605800,0xCDa43aF0E62ea12faE2BFF016557B6aB37Ec98B0,6,15003.54,0.0,0.0,0.0,0.0,4.5
1790605800,0xD1277d5fc6f804b796CDCf5926E35117e454bF38,4,26701.66,26729.11,0.0,71.0,0.0,16.55
1790605800,0xE04D579D3cD722ae66F58b48bB7881077Ac20c5B,1,0.0,1069.62,0.0,7.08,0.0,0.82
1790605800,0xE1DC5576b36c78C75e6Abf2E1B121Db20A6069b7,7,0.0,62586.71,114.25,168.95,-0.3,1.18
1790605800,0xE9a66f0e7208E45Dd9a6A5a3062D47ca76247c2a,3,0.0,8771.14,73.0,61.0,0.0,1.82
1790605800,0xEA2Eec3dc92E860ca7c00DDa51f1AfbCD1fC2E73,24,28186.08,0.0,0.0,0.0,-18.74,2.34
1790605800,0xEd36621aa98134b01d10005a912aA3Ff0E38ED3f,5,99.25,0.0,0.0,0.0,0.19,0.0
1790605800,0xEe3361A43B2290E9b72990771853d3817e296248,1,0.0,39096.09,0.0,1423.42,-595.82,12.23
1790605800,0xF7957c8b20DbD3FcA93686B07679aee8e6755c43,1,2741.18,0.0,0.0,0.0,0.0,0.0
1790605800,0xb4B8Bd706d926c579DDd24759bbb4C2460734Df9,1,0.0,155967.41,6723.45,0.0,10554.1,47.29
1790605800,0xda50a7E41BEb66B2a613bc22a206fb1cF34FFaE2,4,0.0,115.71,0.0,0.0,-8.45,0.0
1790605800,0xea19Fe621592b9aF895f2d8d5Af7288C02FbBbF3,21,697.43,0.0,0.0,0.0,0.0,0.42
1790605800,0xef698DFC8Be573EE20cA86842C15deC0A9C9c44D,1,0.0,1067.33,0.0,12.2,0.79,0.11
1790605800,0xf3aee1171f2D756922c1850f1E21a30ea71b581d,1,176.74,0.0,0.0,0.0,0.0,0.06
1790605800,0xfE6e3099dc514A63bd2Fe79BD3d9e8a653bBAF06,11,52455.03,8747.23,130.0,0.0,3223.63,7.22
1790606700,0x0597D49735262ab42F7Fc5D91aC9939489aDEF26,2,532.61,0.0,0.0,0.0,0.0,0.05
1790606700,0x06b8E96F67EaCCa3C789a69988aA7bA8B713368A,1,0.0,4124.18,343.4,0.0,0.0,1.74
1790606700,0x0D0FF3a1a018cc7f67FD948E3D1C8eC76ca49263,1,0.0,531.54,1.0,0.0,0.0,0.05
1790606700,0x0F9352C0156fbba24a8988f1a6BdAD25c709889E,4,0.0,115.48,0.0,0.0,0.0,0.21
1790606700,0x1189a06BB2E4bb592Ac9Fa55D0Af7233489A83FA,1,0.0,827.17,7.0,0.0,0.0,0.08
1790606700,0x15efc06FEa57Bda3ceA94A53D5426E78ed4651F3,34,13601.82,0.0,0.0,0.0,-260.73,2.72
1790606700,0x18731d55B669c463Ba1801f045881BA8673699d2,1,0.0,13973.0,184.97,0.0,0.0,1.4
1790606700,0x1c847e46576ba210189381C0c512C58278121d42,6,4899.44,0.0,0.0,0.0,-167.84,0.0
1790606700,0x1f78Fb1234d2f9685fb35AcB1cf484eca83F8F63,5,1834.92,0.0,0.0,0.0,0.0,0.11
1790606700,0x21aa6DC573DA62abFD7E43C84bEF2DA4FE514053,30,7735.87,0.0,0.0,0.0,-149.4,0.0
1790606700,0x2367C11Bf16bAa98184B0CB7ff20a14F22A17211,1,87.0,0.0,0.0,0.0,0.0,0.01
1790606700,0x269BdAe705b16B6c4cc8De75d6a7C4Ca390eb84c,10,0.0,382.45,0.0,0.0,0.0,0.57
1790606700,0x2D3fb860caAE86280D43e8Bd5fA10b3EcADC7E71,1,0.0,8239.24,77.0,0.0,0.0,2.97
1790606700,0x2Fd96bd26E7a3c694DBD5ae5E2C29249a83b8a98,27,70650.14,0.0,0.0,0.0,188.4,0.18
1790606700,0x3FCa696348a4D04313777F05Bb5f942f8Be43511,2,0.0,14928.12,179.01,0.0,0.0,2.74
1790606700,0x3aAa2bB57a0eFeA8F6f89423A923f7107c33471B,16,132722.04,159185.29,0.0,8400.5,1354.36,0.0
1790606700,0x3bf64B8c8ce86abDBcF44Fa5a559E27eb9F63Efb,11,0.0,1466458.98,9648.53,34628.63,858.63,0.0
1790606700,0x51efa467CC3B762063bfBE86Ee812E4D51193F68,1,1501.58,0.0,0.0,0.0,-18.57,0.46
1790606700,0x57D20F8aF5875aD611dC836f78e4992DDA5E6073,1,0.0,2662.63,0.0,3.0,0.0,0.0
1790606700,0x6FcDB8bd7366aD2F7dA412b99bb794A41d39669e,1,0.0,43595.27,96.58,0.0,0.0,12.57
1790606700,0x77Cc3454648A94Fb26d28a019C7a6a0Ea9A7A12e,1,0.0,2061.47,23.9,0.0,0.0,1.12
1790606700,0x8E87D8308D439c88dDF48762AA5D3C99b8366a3a,77,206759.18,0.0,0.0,0.0,585.22,25.18
1790606700,0x978e3eb7997a9575cdE1799176829073d2876Fb9,8,18629.98,0.0,0.0,0.0,-314.72,1.9
1790606700,0x97F0a007D8EaBb3ec1302E3198817d1b859a77Df,1,0.0,7995.89,0.0,78.0,0.0,0.8
1790606700,0x9801E9eA31867CF3215547413A38AFcF744Cf908,2,0.0,4126.24,3.0,4.35,-7.0,1.81
1790606700,0xA743829d789Ba3481B1566A9d8E2C3845a251D98,2,0.0,680.68,5.17,2.56,-1.03,1.2
1790606700,0xAAB98f1787EA33270626d44cEC3f184714643B91,1,0.0,824.23,18.38,0.0,0.0,0.75
1790606700,0xB90134C652814890691671c849381A0B3cdD0247,31,71929.0,0.0,0.0,0.0,0.0,21.76
1790606700,0xBC8015FA779be6ac91e5616f37e1768b8DbC16df,1,998.29,0.0,0.0,0.0,-13.13,0.15
1790606700,0xCDa43aF0E62ea12faE2BFF016557B6aB37Ec98B0,3,10001.21,0.0,0.0,0.0,0.0,3.0
1790606700,0xCa88536476b20b4e5F2F7f18f31c543A9c327099,1,0.0,829.69,9.05,0.0,0.0,0.75
1790606700,0xE1DC5576b36c78C75e6Abf2E1B121Db20A6069b7,15,0.0,1313121.8,20324.99,324.83,-756.0,94.99
1790606700,0xEA2Eec3dc92E860ca7c00DDa51f1AfbCD1fC2E73,13,6193.08,0.0,0.0,0.0,-23.64,0.48
1790606700,0xEd36621aa98134b01d10005a912aA3Ff0E38ED3f,28,557.5,0.0,0.0,0.0,0.82,0.0
1790606700,0xEe3361A43B2290E9b72990771853d3817e296248,1,0.0,15274.28,0.0,427.0,-380.89,5.08
1790606700,0xF7957c8b20DbD3FcA93686B07679aee8e6755c43,7,19992.83,0.0,0.0,0.0,263.42,0.0
1790606700,0xb4B8Bd706d926c579DDd24759bbb4C2460734Df9,1,0.0,155061.1,8057.1,0.0,5087.33,47.02
1790606700,0xc56317Bf1722C9DA30a3A4ba743540AddF58a639,2,0.0,184379.87,14100.34,9221.53,0.0,28.16
1790606700,0xda50a7E41BEb66B2a613bc22a206fb1cF34FFaE2,14,0.0,497.93,0.0,0.0,-39.42,0.19
1790606700,0xea19Fe621592b9aF895f2d8d5Af7288C02FbBbF3,10,330.59,0.0,0.0,0.0,0.0,0.2
1790606700,0xeaBe3142B8510D67270a7E10dA5609b317dd9f0A,1,1000.48,0.0,0.0,0.0,-14.32,0.31
1790606700,0xef698DFC8Be573EE20cA86842C15deC0A9C9c44D,3,0.0,2473.19,21.06,10.08,-0.58,0.25
1790606700,0xfE6e3099dc514A63bd2Fe79BD3d9e8a653bBAF06,3,17388.59,0.0,0.0,0.0,1171.85,1.31
1790607600,0x0597D49735262ab42F7Fc5D91aC9939489aDEF26,3,800.98,0.0,0.0,0.0,0.0,0.08
1790607600,0x0F9352C0156fbba24a8988f1a6BdAD25c709889E,4,0.0,116.3,0.0,0.0,0.0,0.21
1790607600,0x15efc06FEa57Bda3ceA94A53D5426E78ed4651F3,6,119.38,0.0,0.0,0.0,-0.92,0.02
1790607600,0x19e5008B1C8af6A6711e167ee94e167Bdb73A636,2,0.0,5336.69,2275.71,1016.18,-13.36,1.3
1790607600,0x1c847e46576ba210189381C0c512C58278121d42,1,0.0,1338.29,0.1,0.0,0.0,0.0
1790607600,0x21aa6DC573DA62abFD7E43C84bEF2DA4FE514053,26,6282.58,0.0,0.0,0.0,-117.26,0.0
1790607600,0x2Fd96bd26E7a3c694DBD5ae5E2C29249a83b8a98,20,57129.41,0.0,0.0,0.0,23.94,0.0
1790607600,0x3aAa2bB57a0eFeA8F6f89423A923f7107c33471B,9,94092.7,5192.61,7.96,123.6,-166.0,0.0
1790607600,0x3bf64B8c8ce86abDBcF44Fa5a559E27eb9F63Efb,7,0.0,67288.6,1930.96,2447.71,320.12,0.0
1790607600,0x57D20F8aF5875aD611dC836f78e4992DDA5E6073,1,0.0,10706.28,0.8,0.0,0.0,0.0
1790607600,0x8E87D8308D439c88dDF48762AA5D3C99b8366a3a,42,158972.73,0.0,0.0,0.0,287.65,23.54
1790607600,0xA9B0d4303B7EB50AdA291EE57c6b7754c7E52D38,1,0.0,13350.23,0.0,217.78,-4.53,4.51
1790607600,0xB80efabF261F1FA31b0afD96f55246A7e0825b93,1,0.0,415366.18,1395.0,0.0,0.0,125.11
1790607600,0xC5Ba75e85b9f5a60A828B7F6F976fA15E6a10642,1,2157.2,0.0,0.0,0.0,0.0,0.66
1790607600,0xCDa43aF0E62ea12faE2BFF016557B6aB37Ec98B0,5,15004.25,0.0,0.0,0.0,0.0,4.5
1790607600,0xDe099Eb5aD575591eC3F34A79B0bb441ccfC5BB7,3,0.0,191273.93,0.0,14.34,-674.33,2.29
1790607600,0xE04D579D3cD722ae66F58b48bB7881077Ac20c5B,1,0.0,1066.87,0.0,7.96,0.0,0.82
1790607600,0xE1DC5576b36c78C75e6Abf2E1B121Db20A6069b7,1,0.0,415366.18,0.0,1395.0,0.0,0.0
1790607600,0xEA2Eec3dc92E860ca7c00DDa51f1AfbCD1fC2E73,12,3741.22,0.0,0.0,0.0,0.0,0.56
1790607600,0xEAc2374016613765cF31afDB4AEB6f5d13a63726,1,0.0,179229.36,13.44,0.0,282.32,1.68
1790607600,0xEd36621aa98134b01d10005a912aA3Ff0E38ED3f,6,119.38,0.0,0.0,0.0,0.21,0.0
1790607600,0xFdDad116B09703225ac64979079F11C9D36b7aC9,2,0.0,8251.3,295.6,0.0,0.0,3.48
1790607600,0xd646D9fF68953690388141a1a6C69F282F965574,3,0.0,44476.12,0.0,697.0,-380.23,14.84
1790607600,0xda50a7E41BEb66B2a613bc22a206fb1cF34FFaE2,4,0.0,116.3,0.0,0.0,-7.79,0.0
1790607600,0xfE6e3099dc514A63bd2Fe79BD3d9e8a653bBAF06,2,17570.0,0.0,0.0,0.0,0.0,0.0
1790608500,0x01894eFdAADdfC8d15736aa50ff3C91D3f4AFC13,1,0.0,533.39,33.1,0.0,0.0,0.66
1790608500,0x0597D49735262ab42F7Fc5D91aC9939489aDEF26,3,798.76,0.0,0.0,0.0,0.0,0.08
1790608500,0x0ED2F5A37c29a605f47b12dBA90c46dee9c17580,5,935.73,1756.3,26.6,0.0,14.0,0.45
1790608500,0x0F9352C0156fbba24a8988f1a6BdAD25c709889E,4,0.0,115.37,0.0,0.0,0.0,0.21
1790608500,0x15efc06FEa57Bda3ceA94A53D5426E78ed4651F3,24,2203.87,0.0,0.0,0.0,-12.59,0.44
1790608500,0x1f78Fb1234d2f9685fb35AcB1cf484eca83F8F63,1,478.64,0.0,0.0,0.0,-4.29,0.07
1790608500,0x1fD0876eEAaB1Af9BbF3EeB70064bc03bf111718,4,2380.16,0.0,0.0,0.0,0.6,0.0
1790608500,0x21aa6DC573DA62abFD7E43C84bEF2DA4FE514053,18,5194.8,0.0,0.0,0.0,-89.99,0.0
1790608500,0x269BdAe705b16B6c4cc8De75d6a7C4Ca390eb84c,10,0.0,382.56,0.0,0.0,0.0,0.57
1790608500,0x29C08ac6Cf5aDbD5a436B58e735981D8495F0d92,4,0.0,51240.41,53.76,0.0,0.0,8.72
1790608500,0x2Fd96bd26E7a3c694DBD5ae5E2C29249a83b8a98,19,57979.68,0.0,0.0,0.0,140.3,0.0
1790608500,0x3aAa2bB57a0eFeA8F6f89423A923f7107c33471B,21,297991.84,0.0,0.0,0.0,-2786.51,0.0
1790608500,0x3bf64B8c8ce86abDBcF44Fa5a559E27eb9F63Efb,6,0.0,1676452.97,18470.0,7632.8,-111.22,0.0
1790608500,0x6aaBDB5a5C84EdC20E8b6c32B0f6f08611f350E7,1,0.0,877.64,0.0,12.9,0.0,0.76
1790608500,0x8A10321cbf199cf9DB276C56eC0271D4E57c12BA,1,0.0,26611.87,230.0,0.0,0.0,2.66
1790608500,0x8E87D8308D439c88dDF48762AA5D3C99b8366a3a,64,348931.42,0.0,0.0,0.0,1069.14,49.71
1790608500,0x978e3eb7997a9575cdE1799176829073d2876Fb9,3,28566.12,0.0,0.0,0.0,1009.42,4.29
1790608500,0xB90134C652814890691671c849381A0B3cdD0247,2,7708.53,0.0,0.0,0.0,0.0,2.33
1790608500,0xBC8015FA779be6ac91e5616f37e1768b8DbC16df,4,0.0,51240.41,0.0,53.76,0.0,0.0
1790608500,0xCDa43aF0E62ea12faE2BFF016557B6aB37Ec98B0,8,25002.87,0.0,0.0,0.0,0.0,7.5
1790608500,0xE1DC5576b36c78C75e6Abf2E1B121Db20A6069b7,8,0.0,1685940.83,7460.0,18355.2,356.47,126.41
1790608500,0xE5ddc4F1f192a44629f3720cd1f39dA5b10503B7,1,0.0,4129.08,172.8,0.0,0.0,1.74
1790608500,0xEA2Eec3dc92E860ca7c00DDa51f1AfbCD1fC2E73,1,478.64,0.0,0.0,0.0,25.03,0.0
1790608500,0xEd36621aa98134b01d10005a912aA3Ff0E38ED3f,22,438.58,0.0,0.0,0.0,0.51,0.0
1790608500,0xEe3361A43B2290E9b72990771853d3817e296248,1,0.0,15321.85,0.0,400.0,-407.9,5.1
1790608500,0xa58e2b15068a7Bf90fB4C9b9FE25eDB02C16623c,1,13280.0,0.0,0.0,0.0,-1167.63,1.33
1790608500,0xc2Bc5AA659e6944a8C6FB8da9322e6fF372dDc66,1,0.0,914.87,8.4,0.0,0.0,0.09
1790608500,0xda50a7E41BEb66B2a613bc22a206fb1cF34FFaE2,14,0.0,497.93,0.0,0.0,-39.76,0.19
1790609400,0x0597D49735262ab42F7Fc5D91aC9939489aDEF26,2,534.88,0.0,0.0,0.0,0.0,0.05
1790609400,0x0F9352C0156fbba24a8988f1a6BdAD25c709889E,4,0.0,114.62,0.0,0.0,0.0,0.21
1790609400,0x15efc06FEa57Bda3ceA94A53D5426E78ed4651F3,9,557.82,0.0,0.0,0.0,-6.89,0.11
1790609400,0x21aa6DC573DA62abFD7E43C84bEF2DA4FE514053,10,2286.52,0.0,0.0,0.0,-42.76,0.0
1790609400,0x269BdAe705b16B6c4cc8De75d6a7C4Ca390eb84c,1,0.0,31.31,0.0,0.0,0.0,0.05
1790609400,0x29C08ac6Cf5aDbD5a436B58e735981D8495F0d92,2,0.0,62996.36,74.78,0.0,0.0,10.35
1790609400,0x2Fd96bd26E7a3c694DBD5ae5E2C29249a83b8a98,7,19995.96,0.0,0.0,0.0,-5.34,0.0
1790609400,0x3aAa2bB57a0eFeA8F6f89423A923f7107c33471B,22,257117.5,154178.54,58.09,11965.96,713.72,0.0
1790609400,0x3bf64B8c8ce86abDBcF44Fa5a559E27eb9F63Efb,1,0.0,152382.99,0.0,12044.9,-15357.82,0.0
1790609400,0x42d30F10216Ad02c349023C29ba6F2A91A74F206,1,0.0,160.77,10.13,0.0,0.0,0.55
1790609400,0x49b7242E71F5A87732A109a07DA2400364819386,1,0.0,626.98,8.78,0.0,0.0,0.69
1790609400,0x57D20F8aF5875aD611dC836f78e4992DDA5E6073,1,0.0,10669.63,0.0,12.0,0.0,0.0
1790609400,0x7b0fb7aB846D27C34dAbdc95bfb6729edeaBcD89,2,0.0,3057.99,50.0,58.09,6.17,1.92
1790609400,0x801209Bf04cfB7D37135CcDeA450C680dB26995C,1,0.0,8787.21,132.0,0.0,0.0,0.0
1790609400,0x8668E720c56e1B0aaaa325F722f63442E3Ed0B77,1,0.0,8787.21,0.0,132.0,0.0,3.14
1790609400,0x8B6458eC2E52f0281A413A2D7414ad7C6fc7eE8C,1,0.0,4000.12,48.6,0.0,0.0,1.7
1790609400,0x8E87D8308D439c88dDF48762AA5D3C99b8366a3a,31,255752.01,0.0,0.0,0.0,23.62,37.05
1790609400,0xBC8015FA779be6ac91e5616f37e1768b8DbC16df,1,0.0,4000.12,0.0,48.6,-53.15,0.0
1790609400,0xC717DD4dBDdc98E62D264B0ca790195BF0579FAa,1,0.0,25967.91,476.76,0.0,0.0,8.29
1790609400,0xCDa43aF0E62ea12faE2BFF016557B6aB37Ec98B0,2,5005.44,0.0,0.0,0.0,0.0,1.5
1790609400,0xE1DC5576b36c78C75e6Abf2E1B121Db20A6069b7,2,0.0,78294.64,0.0,539.55,-26.1,0.0
1790609400,0xEA2Eec3dc92E860ca7c00DDa51f1AfbCD1fC2E73,7,27494.63,0.0,0.0,0.0,889.31,4.12
1790609400,0xEd36621aa98134b01d10005a912aA3Ff0E38ED3f,8,159.56,0.0,0.0,0.0,0.06,0.0
1790609400,0xb4B8Bd706d926c579DDd24759bbb4C2460734Df9,2,0.0,304872.2,24000.73,0.0,30642.82,92.46
1790609400,0xc5cE2C6e46e9492Ae0feC32fA1E31ac15c111711,1,0.0,1529.43,0.0,50.0,2.15,0.15
1790609400,0xd646D9fF68953690388141a1a6C69F282F965574,1,0.0,626.98,0.0,8.78,-8.86,0.06
1790609400,0xda50a7E41BEb66B2a613bc22a206fb1cF34FFaE2,5,0.0,145.93,0.0,0.0,-11.92,0.02
1790609400,0xfE6e3099dc514A63bd2Fe79BD3d9e8a653bBAF06,3,8799.03,0.0,0.0,0.0,0.0,1.32
1790610300,0x021d21f43d6d8921eF876Ec72f59E45820883B8F,1,0.0,133.75,0.0,8.14,0.0,0.0
1790610300,0x0ED2F5A37c29a605f47b12dBA90c46dee9c17580,5,758.69,1764.23,22.6,0.0,0.0,0.42
1790610300,0x0F9352C0156fbba24a8988f1a6BdAD25c709889E,5,0.0,143.44,0.0,0.0,0.0,0.27
1790610300,0x1f78Fb1234d2f9685fb35AcB1cf484eca83F8F63,3,1648.57,0.0,0.0,0.0,-12.95,0.0
1790610300,0x21aa6DC573DA62abFD7E43C84bEF2DA4FE514053,14,7123.28,14107.43,1036.8,0.0,-374.17,0.87
1790610300,0x29C08ac6Cf5aDbD5a436B58e735981D8495F0d92,1,0.0,43561.31,117.14,0.0,0.0,13.57
1790610300,0x2Fd96bd26E7a3c694DBD5ae5E2C29249a83b8a98,13,30956.26,0.0,0.0,0.0,-142.46,0.0
1790610300,0x3aAa2bB57a0eFeA8F6f89423A923f7107c33471B,3,32102.26,0.0,0.0,0.0,-108.68,0.0
1790610300,0x3bf64B8c8ce86abDBcF44Fa5a559E27eb9F63Efb,2,0.0,159731.78,518.4,12008.84,-15335.39,0.0
1790610300,0x42d30F10216Ad02c349023C29ba6F2A91A74F206,3,0.0,145981.47,354.62,0.0,0.0,44.45
1790610300,0x49b7242E71F5A87732A109a07DA2400364819386,1,0.0,1344.4,18.81,0.0,0.0,0.9
1790610300,0x51efa467CC3B762063bfBE86Ee812E4D51193F68,1,1308.75,0.0,0.0,0.0,0.0,0.4
1790610300,0x87b8df4f8a95b719fda56ca067BE9F4C5687A694,4,7095.85,0.0,0.0,0.0,314.08,2.15
1790610300,0x8E87D8308D439c88dDF48762AA5D3C99b8366a3a,19,58163.75,0.0,0.0,0.0,0.13,8.37
1790610300,0x8bECA95d65E94A20E54df095e78238425075F66e,3,0.0,21159.01,0.0,1555.2,-445.9,7.85
1790610300,0x94ECb4C47D8E2CB07874A33a0141016254b46873,1,337.65,0.0,0.0,0.0,0.0,0.11
1790610300,0x978e3eb7997a9575cdE1799176829073d2876Fb9,1,2891.36,0.0,0.0,0.0,0.0,0.43
1790610300,0xBC8015FA779be6ac91e5616f37e1768b8DbC16df,1,0.0,6654.44,9.6,0.0,12.0,0.0
1790610300,0xCDa43aF0E62ea12faE2BFF016557B6aB37Ec98B0,2,4996.44,0.0,0.0,0.0,0.0,1.5
1790610300,0xE1DC5576b36c78C75e6Abf2E1B121Db20A6069b7,4,0.0,64412.71,29.88,128.94,231.58,0.81
1790610300,0xEA2Eec3dc92E860ca7c00DDa51f1AfbCD1fC2E73,3,3979.36,0.0,0.0,0.0,0.0,0.16
1790610300,0xEAc2374016613765cF31afDB4AEB6f5d13a63726,2,0.0,145847.72,0.0,346.48,0.0,0.0
1790610300,0xb4B8Bd706d926c579DDd24759bbb4C2460734Df9,1,0.0,152680.2,12008.84,0.0,15312.86,46.3
1790610300,0xbb05319CD62Ff29BdEC1567718d12B1da3b66aEe,3,0.0,26623.46,0.0,39.48,0.0,5.13
1790610300,0xd646D9fF68953690388141a1a6C69F282F965574,1,0.0,1344.4,0.0,18.81,-18.99,0.13
1790610300,0xd95754330a4bf9A3C8e199ed140817AE07422ee9,1,0.0,881.85,0.0,10.8,0.0,0.76
1790610300,0xda50a7E41BEb66B2a613bc22a206fb1cF34FFaE2,5,0.0,143.44,0.0,0.0,-11.67,0.0
1790610300,0xfE6e3099dc514A63bd2Fe79BD3d9e8a653bBAF06,1,8820.0,0.0,0.0,0.0,0.0,0.0
1790611200,0x030a5ef17B30256f81D63C32Bc41359bef87d249,1,0.0,41661.91,638.5,0.0,0.0,13.0
1790611200,0x0F9352C0156fbba24a8988f1a6BdAD25c709889E,4,0.0,115.0,0.0,0.0,0.0,0.21
1790611200,0x15efc06FEa57Bda3ceA94A53D5426E78ed4651F3,5,2479.84,0.0,0.0,0.0,-14.24,0.5
1790611200,0x1f78Fb1234d2f9685fb35AcB1cf484eca83F8F63,2,593.02,0.0,0.0,0.0,0.0,0.0
1790611200,0x21aa6DC573DA62abFD7E43C84bEF2DA4FE514053,23,7381.02,7060.95,520.8,0.0,-220.28,0.0
1790611200,0x2Fd96bd26E7a3c694DBD5ae5E2C29249a83b8a98,14,23016.22,0.0,0.0,0.0,-204.86,0.42
1790611200,0x30bb4dB5f9eb4d47221d442931487C44934C1189,2,0.0,3858.93,0.0,158.65,0.0,2.54
1790611200,0x37Dbb43A23f958481d66c60E79a3750D2988a495,2,0.0,13349.5,5.52,4.8,-3.01,2.29
1790611200,0x3aAa2bB57a0eFeA8F6f89423A923f7107c33471B,15,152061.72,3965.78,158.65,6.62,-3667.21,0.0
1790611200,0x3bf64B8c8ce86abDBcF44Fa5a559E27eb9F63Efb,2,0.0,48261.66,3260.0,8.7,345.56,0.0
1790611200,0x42d30F10216Ad02c349023C29ba6F2A91A74F206,2,0.0,4554.57,17.61,0.0,0.0,2.37
1790611200,0x49b7242E71F5A87732A109a07DA2400364819386,1,0.0,1016.86,14.21,0.0,0.0,0.81
1790611200,0x57D20F8aF5875aD611dC836f78e4992DDA5E6073,1,0.0,6674.75,0.0,5.52,0.0,0.0
1790611200,0x801209Bf04cfB7D37135CcDeA450C680dB26995C,4,0.0,83302.3,194.0,1495.5,-32.25,0.0
1790611200,0x8E87D8308D439c88dDF48762AA5D3C99b8366a3a,66,122032.67,0.0,0.0,0.0,-23.14,17.75
1790611200,0x8bECA95d65E94A20E54df095e78238425075F66e,54,2248.2,51195.85,0.0,3780.8,-1134.98,17.55
1790611200,0x978e3eb7997a9575cdE1799176829073d2876Fb9,1,28871.46,0.0,0.0,0.0,1375.34,4.33
1790611200,0xA48232D674F993126945B9158d8eD64320883567,1,0.0,884.31,15.7,0.0,0.0,0.0
1790611200,0xBC8015FA779be6ac91e5616f37e1768b8DbC16df,1,0.0,6674.75,4.8,0.0,0.0,0.0
1790611200,0xCDa43aF0E62ea12faE2BFF016557B6aB37Ec98B0,5,10007.52,0.0,0.0,0.0,0.0,3.0
1790611200,0xE1DC5576b36c78C75e6Abf2E1B121Db20A6069b7,1,0.0,41661.91,0.0,638.5,-1323.55,0.0
1790611200,0xEA2Eec3dc92E860ca7c00DDa51f1AfbCD1fC2E73,8,31862.36,0.0,0.0,0.0,1754.36,4.51
1790611200,0xEAc2374016613765cF31afDB4AEB6f5d13a63726,1,0.0,4447.72,0.0,10.99,0.0,0.0
1790611200,0xEd36621aa98134b01d10005a912aA3Ff0E38ED3f,1,19.9,0.0,0.0,0.0,0.0,0.0
1790611200,0xF340800dFfb4465698AD2ed190f14A26aeC9926b,1,0.0,884.31,0.0,15.7,-2.24,0.77
1790611200,0xF7957c8b20DbD3FcA93686B07679aee8e6755c43,1,43.26,0.0,0.0,0.0,0.37,0.0
1790611200,0xa80ccEC311878c2ef368943cAF47B1CFd78dd4D3,4,0.0,83302.3,1495.5,194.0,0.0,13.5
1790611200,0xaC40127c7BE018Ba9C2A52E663bAf5b966Af0042,1,0.0,4126.76,8.7,0.0,0.0,1.59
1790611200,0xd646D9fF68953690388141a1a6C69F282F965574,1,0.0,1016.86,0.0,14.21,-14.35,0.1
1790611200,0xda50a7E41BEb66B2a613bc22a206fb1cF34FFaE2,4,0.0,115.0,0.0,0.0,-9.18,0.0
1790611200,0xfE6e3099dc514A63bd2Fe79BD3d9e8a653bBAF06,1,8842.0,0.0,0.0,0.0,0.0,0.0
1790612100,0x0ED2F5A37c29a605f47b12dBA90c46dee9c17580,1,408.09,0.0,0.0,0.0,3.26,0.04
1790612100,0x0F9352C0156fbba24a8988f1a6BdAD25c709889E,4,0.0,114.64,0.0,0.0,0.0,0.21
1790612100,0x15efc06FEa57Bda3ceA94A53D5426E78ed4651F3,21,192633.94,0.0,0.0,0.0,-232.46,38.51
1790612100,0x1c847e46576ba210189381C0c512C58278121d42,9,2877.5,5391.96,0.0,21.9,0.0,0.0
1790612100,0x1f78Fb1234d2f9685fb35AcB1cf484eca83F8F63,5,3996.52,0.0,0.0,0.0,-3.42,0.35
1790612100,0x21aa6DC573DA62abFD7E43C84bEF2DA4FE514053,25,5539.35,0.0,0.0,0.0,-52.14,0.0
1790612100,0x2Fd96bd26E7a3c694DBD5ae5E2C29249a83b8a98,29,101686.54,0.0,0.0,0.0,-82.19,0.0
1790612100,0x3aAa2bB57a0eFeA8F6f89423A923f7107c33471B,57,964552.34,12390.95,99.06,105.08,-49.05,76.71
1790612100,0x3bf64B8c8ce86abDBcF44Fa5a559E27eb9F63Efb,1,0.0,30063.72,0.0,800.0,0.0,0.0
1790612100,0x42d30F10216Ad02c349023C29ba6F2A91A74F206,2,0.0,268.42,17.07,0.0,0.0,1.08
1790612100,0x47C2572AB3Dcb336cBC06E1C1Cda839144BCd1BE,1,0.0,8897.45,0.0,30.0,0.0,0.89
1790612100,0x51efa467CC3B762063bfBE86Ee812E4D51193F68,1,1518.0,0.0,0.0,0.0,0.0,0.47
1790612100,0x57D20F8aF5875aD611dC836f78e4992DDA5E6073,1,0.0,20838.97,0.0,14.5,0.0,0.0
1790612100,0x60b6b61D8E0F2ae6d1a389C2774915A1588eE4F0,2,0.0,2519.64,0.0,5.66,-15.64,1.39
1790612100,0x66b08788899b22aFE17D3c2B167Ce037CcDe9cd2,3,0.0,39900.19,851.7,0.0,0.0,13.47
1790612100,0x8E87D8308D439c88dDF48762AA5D3C99b8366a3a,159,990625.65,0.0,0.0,0.0,-2686.5,56.55
1790612100,0x8bECA95d65E94A20E54df095e78238425075F66e,60,2615.35,0.0,0.0,0.0,-73.81,1.38
1790612100,0x978e3eb7997a9575cdE1799176829073d2876Fb9,2,6653.56,0.0,0.0,0.0,0.0,1.0
1790612100,0x97F0a007D8EaBb3ec1302E3198817d1b859a77Df,1,0.0,2684.71,90.0,0.0,0.0,0.27
1790612100,0x98e8f3442C2aE21a895aB94DC08AEB3eaB2EA36C,4,0.0,10774.22,82.71,99.06,0.0,2.12
1790612100,0xA0D678cb6F48CA52720232361BfB376C46c2c5B0,1,1399.98,0.0,0.0,0.0,0.0,0.14
1790612100,0xA48232D674F993126945B9158d8eD64320883567,2,0.0,9836.47,0.0,51.7,0.0,0.0
1790612100,0xB90134C652814890691671c849381A0B3cdD0247,6,12108.23,0.0,0.0,0.0,0.0,3.66
1790612100,0xBC8015FA779be6ac91e5616f37e1768b8DbC16df,2,1001.15,0.0,0.0,0.0,0.0,0.15
1790612100,0xCDa43aF0E62ea12faE2BFF016557B6aB37Ec98B0,5,20003.47,0.0,0.0,0.0,0.0,6.0
1790612100,0xD699eA52137Dc27027F1F72Ed2bba1a7A2065A26,5,0.0,6740.27,27.2,0.0,0.0,4.52
1790612100,0xE1DC5576b36c78C75e6Abf2E1B121Db20A6069b7,5,0.0,34940.76,50.16,90.0,6.17,2.43
1790612100,0xEA2Eec3dc92E860ca7c00DDa51f1AfbCD1fC2E73,4,9867.03,0.0,0.0,0.0,449.57,1.48
1790612100,0xF7957c8b20DbD3FcA93686B07679aee8e6755c43,3,2242.26,0.0,0.0,0.0,0.25,0.0
1790612100,0xda50a7E41BEb66B2a613bc22a206fb1cF34FFaE2,4,0.0,114.64,0.0,0.0,-9.24,0.0
1790612100,0xf3aee1171f2D756922c1850f1E21a30ea71b581d,1,185.38,0.0,0.0,0.0,-2.49,0.07
1790612100,0xfE6e3099dc514A63bd2Fe79BD3d9e8a653bBAF06,10,44649.91,0.0,0.0,0.0,0.0,6.7
1790613000,0x0F9352C0156fbba24a8988f1a6BdAD25c709889E,4,0.0,114.78,0.0,0.0,0.0,0.21
1790613000,0x15efc06FEa57Bda3ceA94A53D5426E78ed4651F3,4,1060.1,0.0,0.0,0.0,0.0,0.21
1790613000,0x1c847e46576ba210189381C0c512C58278121d42,2,0.0,3357.49,0.0,4.76,0.0,0.0
1790613000,0x1f78Fb1234d2f9685fb35AcB1cf484eca83F8F63,5,2121.82,0.0,0.0,0.0,1.11,0.07
1790613000,0x21aa6DC573DA62abFD7E43C84bEF2DA4FE514053,11,1142.61,0.0,0.0,0.0,-7.91,0.0
1790613000,0x2Fd96bd26E7a3c694DBD5ae5E2C29249a83b8a98,36,111127.67,0.0,0.0,0.0,-86.41,0.0
1790613000,0x2f1AD479C495CCa0eF1E3eCA6981feea47eaFc3d,4,265.44,0.0,0.0,0.0,-0.8,0.03
1790613000,0x3aAa2bB57a0eFeA8F6f89423A923f7107c33471B,48,498690.13,9444.66,0.0,37.81,481.56,48.77
1790613000,0x42d30F10216Ad02c349023C29ba6F2A91A74F206,1,0.0,26.86,1.71,0.0,0.0,0.51
1790613000,0x66b08788899b22aFE17D3c2B167Ce037CcDe9cd2,5,0.0,427986.1,548.78,0.0,0.0,69.6
1790613000,0x6FcDB8bd7366aD2F7dA412b99bb794A41d39669e,1,0.0,66467.87,141.19,0.0,0.0,18.15
1790613000,0x7b0fb7aB846D27C34dAbdc95bfb6729edeaBcD89,1,0.0,8083.4,0.0,10.5,2.9,0.81
1790613000,0x8B6458eC2E52f0281A413A2D7414ad7C6fc7eE8C,1,0.0,4041.9,0.0,61.5,9.49,1.71
1790613000,0x8E87D8308D439c88dDF48762AA5D3C99b8366a3a,103,458935.24,0.0,0.0,0.0,-1113.92,20.17
1790613000,0x8bECA95d65E94A20E54df095e78238425075F66e,60,2624.01,0.0,0.0,0.0,-65.16,1.39
1790613000,0x978e3eb7997a9575cdE1799176829073d2876Fb9,2,1067.35,0.0,0.0,0.0,-37.12,0.16
1790613000,0xBC8015FA779be6ac91e5616f37e1768b8DbC16df,2,0.0,16786.68,0.0,24.0,4.8,0.0
1790613000,0xC5Ba75e85b9f5a60A828B7F6F976fA15E6a10642,1,2185.01,0.0,0.0,0.0,26.49,0.67
1790613000,0xCDa43aF0E62ea12faE2BFF016557B6aB37Ec98B0,52,145039.24,0.0,0.0,0.0,0.0,43.49
1790613000,0xD699eA52137Dc27027F1F72Ed2bba1a7A2065A26,4,0.0,9417.8,36.1,0.0,0.0,4.83
1790613000,0xE1DC5576b36c78C75e6Abf2E1B121Db20A6069b7,5,0.0,105415.25,72.0,233.99,0.0,2.62
1790613000,0xEAc2374016613765cF31afDB4AEB6f5d13a63726,1,0.0,407841.93,0.0,520.02,0.0,0.0
1790613000,0xEd36621aa98134b01d10005a912aA3Ff0E38ED3f,3,59.62,0.0,0.0,0.0,-0.88,0.0
1790613000,0xbb05319CD62Ff29BdEC1567718d12B1da3b66aEe,2,0.0,26822.08,92.8,0.0,-61.14,2.68
1790613000,0xda50a7E41BEb66B2a613bc22a206fb1cF34FFaE2,4,0.0,114.78,0.0,0.0,-9.3,0.0
1790613900,0x021d21f43d6d8921eF876Ec72f59E45820883B8F,1,0.0,13942.38,0.0,1.17,-6.67,0.0
1790613900,0x0E2ff7EBcaF4fA9bbceaf408346aA97A68746ee2,2,0.0,26815.01,71.0,1.5,9.17,4.52
1790613900,0x0F9352C0156fbba24a8988f1a6BdAD25c709889E,4,0.0,114.64,0.0,0.0,0.0,0.21
1790613900,0x15efc06FEa57Bda3ceA94A53D5426E78ed4651F3,6,56859.27,0.0,0.0,0.0,112.98,11.37
1790613900,0x1f78Fb1234d2f9685fb35AcB1cf484eca83F8F63,2,514.77,0.0,0.0,0.0,0.0,0.0
1790613900,0x21aa6DC573DA62abFD7E43C84bEF2DA4FE514053,22,1958.46,0.0,0.0,0.0,-12.49,0.0
1790613900,0x2Fd96bd26E7a3c694DBD5ae5E2C29249a83b8a98,12,20247.03,0.0,0.0,0.0,-140.37,0.12
1790613900,0x3E9AEf7C6d2512f89549308254eaF455e388Fa3a,1,0.0,1067.2,0.0,23.92,4.7,0.11
1790613900,0x3aAa2bB57a0eFeA8F6f89423A923f7107c33471B,11,169005.19,167372.59,99.45,279.34,-199.19,0.0
1790613900,0x3bf64B8c8ce86abDBcF44Fa5a559E27eb9F63Efb,1,0.0,413.34,0.0,17.54,0.0,0.0
1790613900,0x66b08788899b22aFE17D3c2B167Ce037CcDe9cd2,1,0.0,161187.01,174.0,0.0,0.0,22.25
1790613900,0x8E87D8308D439c88dDF48762AA5D3C99b8366a3a,68,146985.59,0.0,0.0,0.0,-205.27,20.74
1790613900,0x8bECA95d65E94A20E54df095e78238425075F66e,59,2568.24,0.0,0.0,0.0,-76.1,1.36
1790613900,0x978e3eb7997a9575cdE1799176829073d2876Fb9,10,9948.21,0.0,0.0,0.0,-16.5,1.48
1790613900,0xE1DC5576b36c78C75e6Abf2E1B121Db20A6069b7,3,0.0,176196.59,25.08,174.0,-1661.86,0.23
1790613900,0xEA2Eec3dc92E860ca7c00DDa51f1AfbCD1fC2E73,5,8186.34,0.0,0.0,0.0,0.0,0.0
1790613900,0xEd36621aa98134b01d10005a912aA3Ff0E38ED3f,1,19.92,0.0,0.0,0.0,0.0,0.0
1790613900,0xF7957c8b20DbD3FcA93686B07679aee8e6755c43,1,484.03,0.0,0.0,0.0,3.72,0.0
1790613900,0xFfd4C80745B38813ef9bb84bc2ff1f469fB24496,2,0.0,167372.59,279.34,99.45,0.0,25.61
1790613900,0xd05E4d9004BA8A84Fd3150DFb4e834282790578d,1,0.0,413.34,17.54,0.0,0.0,0.62
1790613900,0xda50a7E41BEb66B2a613bc22a206fb1cF34FFaE2,4,0.0,114.64,0.0,0.0,-9.24,0.0
1790613900,0xebC11Ac4450E3eA74F5D65e5c0138A0C50a2DE4f,2,0.0,26815.01,1.5,71.0,0.0,0.0
1790613900,0xebF3b13a9A471264B7D505ef94f5A25179cf93D2,1,94.25,0.0,0.0,0.0,0.0,0.04
1790614800,0x021d21f43d6d8921eF876Ec72f59E45820883B8F,1,0.0,13929.0,137.0,0.0,58.33,0.0
1790614800,0x0F9352C0156fbba24a8988f1a6BdAD25c709889E,4,0.0,114.63,0.0,0.0,0.0,0.21
1790614800,0x137c5E253d961e482D86f44DAb36071406D082A0,1,0.0,26875.52,0.0,190.0,0.0,0.0
1790614800,0x15efc06FEa57Bda3ceA94A53D5426E78ed4651F3,37,512233.92,0.0,0.0,0.0,-1746.66,86.54
1790614800,0x1c847e46576ba210189381C0c512C58278121d42,1,839.78,0.0,0.0,0.0,0.73,0.0
1790614800,0x1e1e7c471B976dC39955F7fC8989dd3cF8D3Aea6,1,0.0,237.41,21.65,0.0,0.0,0.57
1790614800,0x1f78Fb1234d2f9685fb35AcB1cf484eca83F8F63,2,1322.95,0.0,0.0,0.0,-6.1,0.19
1790614800,0x1fD0876eEAaB1Af9BbF3EeB70064bc03bf111718,2,1194.38,0.0,0.0,0.0,-1.18,0.0
1790614800,0x21aa6DC573DA62abFD7E43C84bEF2DA4FE514053,18,2495.4,0.0,0.0,0.0,-24.0,0.0
1790614800,0x27932a02574719fAE0879070039851d79Ac8B944,1,0.0,13510.45,230.54,0.0,0.0,4.55
1790614800,0x2Fd96bd26E7a3c694DBD5ae5E2C29249a83b8a98,48,139658.95,0.0,0.0,0.0,-155.3,0.06
1790614800,0x399EC5E717a107210f5C90677bfB4aC5DC57C807,2,0.0,83614.33,0.0,365.0,0.0,26.08
1790614800,0x3aAa2bB57a0eFeA8F6f89423A923f7107c33471B,108,2117455.51,13510.45,0.0,230.54,801.66,205.09
1790614800,0x3bf64B8c8ce86abDBcF44Fa5a559E27eb9F63Efb,15,0.0,1897655.22,25848.15,5086.6,3185.25,0.0
1790614800,0x4321D7527B0a40921382cA81C44DD22E453193a8,2,0.0,81014.55,72.0,0.0,0.0,9.5
1790614800,0x5A602fD6d66bf428e774aaE430A9c858020595e1,1,0.0,2708.36,0.0,4.0,0.0,0.27
1790614800,0x8E87D8308D439c88dDF48762AA5D3C99b8366a3a,191,1702089.96,0.0,0.0,0.0,-2864.37,61.07
1790614800,0x8bECA95d65E94A20E54df095e78238425075F66e,60,2645.73,0.0,0.0,0.0,-80.92,1.39
1790614800,0x9162bC7e6586a2b197c7b1AcFf47C0fE31DAD0C8,1,836.87,0.0,0.0,0.0,0.0,0.0
1790614800,0x94ECb4C47D8E2CB07874A33a0141016254b46873,1,474.71,0.0,0.0,0.0,0.0,0.15
1790614800,0x978e3eb7997a9575cdE1799176829073d2876Fb9,1,8886.03,0.0,0.0,0.0,-18.88,0.0
1790614800,0x9ac96C969b32b7A7F6D2d1eB1E07083757067c12,4,0.0,5639.42,104.95,0.0,0.0,3.05
1790614800,0xA48232D674F993126945B9158d8eD64320883567,1,0.0,1988.79,0.0,33.97,0.0,0.0
1790614800,0xB90134C652814890691671c849381A0B3cdD0247,39,151601.29,0.0,0.0,0.0,31.17,45.68
1790614800,0xBC8015FA779be6ac91e5616f37e1768b8DbC16df,4,998.88,5652.36,0.0,61.24,0.0,0.15
1790614800,0xCDa43aF0E62ea12faE2BFF016557B6aB37Ec98B0,8,25005.39,0.0,0.0,0.0,0.0,7.5
1790614800,0xE1DC5576b36c78C75e6Abf2E1B121Db20A6069b7,8,0.0,624715.3,559.0,3188.74,-720.37,34.71
1790614800,0xEA2Eec3dc92E860ca7c00DDa51f1AfbCD1fC2E73,5,90388.39,0.0,0.0,0.0,-3150.95,4.49
1790614800,0xEAc2374016613765cF31afDB4AEB6f5d13a63726,13,0.0,1478842.56,5064.95,22878.15,145.92,110.91
1790614800,0xEd36621aa98134b01d10005a912aA3Ff0E38ED3f,2,39.88,0.0,0.0,0.0,0.03,0.0
1790614800,0xF7957c8b20DbD3FcA93686B07679aee8e6755c43,7,91541.86,0.0,0.0,0.0,95.29,0.0
1790614800,0xda50a7E41BEb66B2a613bc22a206fb1cF34FFaE2,4,0.0,114.63,0.0,0.0,-9.34,0.0
1790614800,0xfE6e3099dc514A63bd2Fe79BD3d9e8a653bBAF06,1,8863.6,0.0,0.0,0.0,348.47,1.33
1790615700,0x004ba33C4478FfCb6B28e658587A30c685bBF972,3,0.0,394143.59,248.0,0.0,0.0,23.68
1790615700,0x0D93c020896196db20A9abDE5094235Ead959ed9,2,0.0,13498.87,30.0,0.0,0.0,1.35
1790615700,0x0F9352C0156fbba24a8988f1a6BdAD25c709889E,4,0.0,115.45,0.0,0.0,0.0,0.21
1790615700,0x15efc06FEa57Bda3ceA94A53D5426E78ed4651F3,28,141863.96,0.0,0.0,0.0,-1.04,28.36
1790615700,0x1c847e46576ba210189381C0c512C58278121d42,1,0.0,1199.62,0.0,8.0,0.0,0.0
1790615700,0x1f78Fb1234d2f9685fb35AcB1cf484eca83F8F63,4,846.98,0.0,0.0,0.0,0.45,0.02
1790615700,0x21aa6DC573DA62abFD7E43C84bEF2DA4FE514053,19,2324.61,0.0,0.0,0.0,-10.3,0.0
1790615700,0x2D3fb860caAE86280D43e8Bd5fA10b3EcADC7E71,2,4329.58,0.0,0.0,0.0,-15.36,1.32
1790615700,0x2Fd96bd26E7a3c694DBD5ae5E2C29249a83b8a98,33,99868.08,0.0,0.0,0.0,-87.51,0.0
1790615700,0x33DBB588727CB87559daad7189E73d4B13ED88Bf,3,0.0,63120.63,5339.75,391.5,0.0,20.44
1790615700,0x3aAa2bB57a0eFeA8F6f89423A923f7107c33471B,154,2429153.2,63880.61,2122.88,139.6,4649.66,247.01
1790615700,0x3bf64B8c8ce86abDBcF44Fa5a559E27eb9F63Efb,7,0.0,170054.0,159.31,1222.5,53.94,0.0
1790615700,0x4a35A44093456376975cB1191Ef23A15f1380fA7,2,0.0,300.8,0.0,11.71,-8.01,1.09
1790615700,0x57D20F8aF5875aD611dC836f78e4992DDA5E6073,3,0.0,30807.55,0.0,57.83,0.0,0.0
1790615700,0x6626DFD8561d3E3585b2fEb87c0B3cCe1eCB0F7d,1,0.0,5415.44,34.4,0.0,11.93,2.12
1790615700,0x7b0fb7aB846D27C34dAbdc95bfb6729edeaBcD89,3,0.0,106252.05,0.0,159.56,-97.84,21.44
1790615700,0x8E87D8308D439c88dDF48762AA5D3C99b8366a3a,161,1347954.63,0.0,0.0,0.0,-3707.41,50.57
1790615700,0x8bECA95d65E94A20E54df095e78238425075F66e,60,2679.7,0.0,0.0,0.0,-64.33,1.4
1790615700,0x8da08d7346c9cc74461d46fb1B2Ec44507E444Cb,3,0.0,49817.86,0.0,2151.12,640.92,15.95
1790615700,0x978e3eb7997a9575cdE1799176829073d2876Fb9,7,41422.06,0.0,0.0,0.0,-239.42,0.24
1790615700,0xA48232D674F993126945B9158d8eD64320883567,2,0.0,9836.18,425.7,0.0,0.0,0.0
1790615700,0xAAB98f1787EA33270626d44cEC3f184714643B91,1,0.0,433.77,0.0,16.51,6.14,0.63
1790615700,0xB90134C652814890691671c849381A0B3cdD0247,6,10875.91,0.0,0.0,0.0,-15.83,3.29
1790615700,0xBB5033dBFfA041ADb87E87a2348DEdc81E8602e4,2,0.0,10826.22,183.7,0.0,0.0,4.25
1790615700,0xBC8015FA779be6ac91e5616f37e1768b8DbC16df,1,0.0,5415.44,0.0,34.4,0.0,0.0
1790615700,0xCDa43aF0E62ea12faE2BFF016557B6aB37Ec98B0,30,80033.89,0.0,0.0,0.0,0.0,24.0
1790615700,0xD15fB9d9FC203ED4530a0733546b4FB106C73f03,1,0.0,1630.58,6.48,0.0,14.35,0.99
1790615700,0xD984de5D21e29a4EfAe2c58ffBfac298D93859ad,1,0.0,21040.21,0.0,4756.25,0.0,2.1
1790615700,0xE1DC5576b36c78C75e6Abf2E1B121Db20A6069b7,3,0.0,410404.59,7.25,168.0,-715.91,1.72
1790615700,0xEA2Eec3dc92E860ca7c00DDa51f1AfbCD1fC2E73,2,30998.73,0.0,0.0,0.0,-1079.23,0.0
1790615700,0xEAc2374016613765cF31afDB4AEB6f5d13a63726,2,0.0,14829.25,16.51,96.0,-3.78,0.0
1790615700,0xEd36621aa98134b01d10005a912aA3Ff0E38ED3f,1,19.9,0.0,0.0,0.0,-0.18,0.0
1790615700,0xF7957c8b20DbD3FcA93686B07679aee8e6755c43,10,277362.37,0.0,0.0,0.0,-529.81,0.0
1790615700,0xa58e2b15068a7Bf90fB4C9b9FE25eDB02C16623c,4,26989.7,0.0,0.0,0.0,0.0,6.75
1790615700,0xd646D9fF68953690388141a1a6C69F282F965574,3,0.0,45313.17,639.0,0.0,0.0,15.09
1790615700,0xda50a7E41BEb66B2a613bc22a206fb1cF34FFaE2,4,0.0,115.45,0.0,0.0,-8.59,0.0
1790615700,0xfE6e3099dc514A63bd2Fe79BD3d9e8a653bBAF06,1,8952.0,0.0,0.0,0.0,0.0,0.0
1790616600,0x0F9352C0156fbba24a8988f1a6BdAD25c709889E,5,0.0,144.55,0.0,0.0,0.0,0.27
1790616600,0x0cf99e9D9b3E2ec20d5D0D189A071F4dF3572C54,2,0.0,419.54,102.2,0.0,0.0,0.63
1790616600,0x15efc06FEa57Bda3ceA94A53D5426E78ed4651F3,35,191864.05,0.0,0.0,0.0,0.0,34.18
1790616600,0x1c847e46576ba210189381C0c512C58278121d42,2,0.0,7763.64,0.0,466.5,0.0,0.57
1790616600,0x1f78Fb1234d2f9685fb35AcB1cf484eca83F8F63,8,2243.92,0.0,0.0,0.0,2.05,0.15
1790616600,0x21aa6DC573DA62abFD7E43C84bEF2DA4FE514053,10,1136.5,0.0,0.0,0.0,-6.75,0.0
1790616600,0x2Fd96bd26E7a3c694DBD5ae5E2C29249a83b8a98,16,47244.54,0.0,0.0,0.0,1.45,0.0
1790616600,0x3aAa2bB57a0eFeA8F6f89423A923f7107c33471B,77,950935.23,5397816.73,0.0,30822.52,-13316.1,66.03
1790616600,0x3bf64B8c8ce86abDBcF44Fa5a559E27eb9F63Efb,6,0.0,76407.39,549.57,843.0,-192.77,0.0
1790616600,0x4a35A44093456376975cB1191Ef23A15f1380fA7,2,0.0,467.67,11.15,0.0,0.0,1.13
1790616600,0x8C2E8224aB508eE456C0c2e15a33D2c4EE8282EC,5,0.0,22418.55,975.08,0.0,0.0,9.23
1790616600,0x8E87D8308D439c88dDF48762AA5D3C99b8366a3a,106,671190.13,0.0,0.0,0.0,-134.16,51.25
1790616600,0x8bECA95d65E94A20E54df095e78238425075F66e,60,2674.33,0.0,0.0,0.0,-69.7,1.4
1790616600,0x96B97d96AC85373307294E05DFd9D548E3BBa701,1,0.0,5397575.45,30811.87,0.0,13089.18,404.94
1790616600,0x978e3eb7997a9575cdE1799176829073d2876Fb9,3,26658.35,0.0,0.0,0.0,0.0,0.0
1790616600,0xE1DC5576b36c78C75e6Abf2E1B121Db20A6069b7,6,0.0,31045.57,0.0,1067.6,0.0,0.65
1790616600,0xEA2Eec3dc92E860ca7c00DDa51f1AfbCD1fC2E73,1,301.28,0.0,0.0,0.0,-17.96,0.0
1790616600,0xF7957c8b20DbD3FcA93686B07679aee8e6755c43,2,46374.98,0.0,0.0,0.0,0.0,0.0
1790616600,0xccC48463Bb7E1DB84b3f490A3549EDF344266Fab,1,0.0,219.27,0.0,0.0,179.25,0.34
1790616600,0xd646D9fF68953690388141a1a6C69F282F965574,4,0.0,60250.55,843.0,0.0,0.0,20.08
1790616600,0xda50a7E41BEb66B2a613bc22a206fb1cF34FFaE2,6,0.0,363.82,0.0,0.0,-10.2,0.0
1790616600,0xeE7D9E8e63F21f916f17038b297918E0F36b2409,2,0.0,17246.61,92.51,83.57,-12.89,3.95
1790616600,0xebC11Ac4450E3eA74F5D65e5c0138A0C50a2DE4f,4,0.0,54387.58,6236.0,4330.2,0.0,0.0
1790616600,0xf17a189c66Ef58E33e9AC49EA4370b686868C747,4,26882.79,53968.05,4228.0,6236.0,0.0,16.67
1790617500,0x0F9352C0156fbba24a8988f1a6BdAD25c709889E,4,0.0,115.49,0.0,0.0,0.0,0.21
1790617500,0x15efc06FEa57Bda3ceA94A53D5426E78ed4651F3,49,244794.46,0.0,0.0,0.0,0.0,48.93
1790617500,0x1c847e46576ba210189381C0c512C58278121d42,3,1986.49,7522.42,0.0,385.5,0.0,0.56
1790617500,0x1f78Fb1234d2f9685fb35AcB1cf484eca83F8F63,5,729.18,0.0,0.0,0.0,0.0,0.0
1790617500,0x21aa6DC573DA62abFD7E43C84bEF2DA4FE514053,7,475.67,0.0,0.0,0.0,-2.73,0.0
1790617500,0x2C7FB26a744dC15ea17c2b0263A4C997725F86c1,1,0.0,5384.65,10.0,0.0,0.0,0.54
1790617500,0x2Fd96bd26E7a3c694DBD5ae5E2C29249a83b8a98,16,44107.13,0.0,0.0,0.0,12.01,0.0
1790617500,0x30bb4dB5f9eb4d47221d442931487C44934C1189,2,0.0,1779.02,30.94,0.0,31.65,1.53
1790617500,0x3aAa2bB57a0eFeA8F6f89423A923f7107c33471B,69,708865.57,889.71,0.0,2.74,503.58,68.05
1790617500,0x3bf64B8c8ce86abDBcF44Fa5a559E27eb9F63Efb,7,0.0,76576.0,385.5,1120.01,-57.81,0.0
1790617500,0x587f254c8505618c8B82449F29dD48277442aD23,1,0.0,5397.47,0.0,53.4,0.0,2.12
1790617500,0x801209Bf04cfB7D37135CcDeA450C680dB26995C,1,0.0,889.31,0.0,28.2,0.0,0.0
1790617500,0x8B6458eC2E52f0281A413A2D7414ad7C6fc7eE8C,2,0.0,2695.11,86.5,0.0,0.0,1.17
1790617500,0x8C2E8224aB508eE456C0c2e15a33D2c4EE8282EC,28,0.0,125805.85,5437.58,0.0,0.0,51.74
1790617500,0x8E87D8308D439c88dDF48762AA5D3C99b8366a3a,77,608420.15,0.0,0.0,0.0,-47.01,16.23
1790617500,0x8bECA95d65E94A20E54df095e78238425075F66e,59,2645.55,0.0,0.0,0.0,-81.09,1.38
1790617500,0xA48232D674F993126945B9158d8eD64320883567,1,0.0,1994.45,0.0,64.01,0.0,0.0
1790617500,0xAaC9aaB825bE2EE261304E3eC6DEF57B37783B5a,1,0.0,5935.66,42.9,0.0,0.0,2.28
1790617500,0xB90134C652814890691671c849381A0B3cdD0247,5,8108.7,0.0,0.0,0.0,0.0,2.45
1790617500,0xE1DC5576b36c78C75e6Abf2E1B121Db20A6069b7,34,14999.76,142994.91,126.34,5311.71,-38.92,0.78
1790617500,0xd646D9fF68953690388141a1a6C69F282F965574,4,0.0,60235.52,841.0,0.0,0.0,20.07
1790617500,0xda50a7E41BEb66B2a613bc22a206fb1cF34FFaE2,4,0.0,115.49,0.0,0.0,-8.03,0.0
1790617500,0xeE7D9E8e63F21f916f17038b297918E0F36b2409,2,0.0,8588.69,77.75,72.94,-7.03,2.22
1790618400,0x0F9352C0156fbba24a8988f1a6BdAD25c709889E,4,0.0,115.35,0.0,0.0,0.0,0.21
1790618400,0x0cf99e9D9b3E2ec20d5D0D189A071F4dF3572C54,3,0.0,7048.7,22.65,0.05,-0.62,1.71
1790618400,0x15efc06FEa57Bda3ceA94A53D5426E78ed4651F3,14,14653.35,0.0,0.0,0.0,0.0,2.93
1790618400,0x1c847e46576ba210189381C0c512C58278121d42,2,1991.38,0.0,0.0,0.0,0.0,0.0
1790618400,0x1f78Fb1234d2f9685fb35AcB1cf484eca83F8F63,1,551.08,0.0,0.0,0.0,1.06,0.08
1790618400,0x21aa6DC573DA62abFD7E43C84bEF2DA4FE514053,9,657.31,0.0,0.0,0.0,-6.17,0.0
1790618400,0x2Fd96bd26E7a3c694DBD5ae5E2C29249a83b8a98,12,9147.58,0.0,0.0,0.0,13.24,0.0
1790618400,0x3aAa2bB57a0eFeA8F6f89423A923f7107c33471B,28,135191.78,2349.12,0.05,0.0,132.22,15.53
1790618400,0x53186E1ebc9F56b53AF4Fcc5DfE1C2653Bc8bDef,2,0.0,35042.42,199.34,0.0,0.0,11.51
1790618400,0x801209Bf04cfB7D37135CcDeA450C680dB26995C,2,0.0,4699.58,0.0,22.65,-134.61,0.0
1790618400,0x8C2E8224aB508eE456C0c2e15a33D2c4EE8282EC,29,0.0,132830.22,5746.89,0.0,0.0,54.35
1790618400,0x8E87D8308D439c88dDF48762AA5D3C99b8366a3a,44,149226.15,0.0,0.0,0.0,-44.86,5.37
1790618400,0x8bECA95d65E94A20E54df095e78238425075F66e,60,2718.17,0.0,0.0,0.0,-80.72,1.42
1790618400,0xBC8015FA779be6ac91e5616f37e1768b8DbC16df,1,0.0,19413.01,0.0,109.44,0.0,0.0
1790618400,0xE1DC5576b36c78C75e6Abf2E1B121Db20A6069b7,30,0.0,148459.62,0.0,5836.79,-33.64,0.0
1790618400,0xE5ddc4F1f192a44629f3720cd1f39dA5b10503B7,2,0.0,26962.98,252.5,66.5,0.0,4.54
1790618400,0xEA2Eec3dc92E860ca7c00DDa51f1AfbCD1fC2E73,1,551.08,0.0,0.0,0.0,-32.8,0.0
1790618400,0xda50a7E41BEb66B2a613bc22a206fb1cF34FFaE2,4,0.0,115.35,0.0,0.0,-8.17,0.0
1790618400,0xebC11Ac4450E3eA74F5D65e5c0138A0C50a2DE4f,2,0.0,26962.98,66.5,252.5,0.0,0.0
1790619300,0x01Dcaac133D35f0EA80724E7f4170D32fD9feF0F,1,33.59,0.0,0.0,0.0,0.0,0.02
1790619300,0x0F9352C0156fbba24a8988f1a6BdAD25c709889E,4,0.0,115.55,0.0,0.0,0.0,0.21
1790619300,0x15efc06FEa57Bda3ceA94A53D5426E78ed4651F3,13,8121.4,0.0,0.0,0.0,-1.06,1.62
1790619300,0x1c847e46576ba210189381C0c512C58278121d42,1,999.19,0.0,0.0,0.0,0.0,0.0
1790619300,0x21aa6DC573DA62abFD7E43C84bEF2DA4FE514053,13,1166.66,0.0,0.0,0.0,-6.32,0.0
1790619300,0x2Fd96bd26E7a3c694DBD5ae5E2C29249a83b8a98,14,21275.05,0.0,0.0,0.0,20.84,0.0
1790619300,0x37Dbb43A23f958481d66c60E79a3750D2988a495,2,0.0,86626.25,32.12,25.7,-14.65,8.23
1790619300,0x3aAa2bB57a0eFeA8F6f89423A923f7107c33471B,31,148910.94,53.91,3.43,3.53,254.97,11.67
1790619300,0x42db6ad62D14920e0094bF769A42C23509449C15,2,0.0,31339.07,181.27,0.0,0.0,7.52
1790619300,0x666127374567e740413E1796Dcc1855D26117BC0,1,0.0,539659.82,3120.0,0.0,0.0,162.4
1790619300,0x8C2E8224aB508eE456C0c2e15a33D2c4EE8282EC,28,0.0,133370.0,5809.84,0.0,0.0,54.01
1790619300,0x8E87D8308D439c88dDF48762AA5D3C99b8366a3a,61,166307.8,0.0,0.0,0.0,-115.4,11.03
1790619300,0x8bECA95d65E94A20E54df095e78238425075F66e,60,2719.15,0.0,0.0,0.0,-85.23,1.42
1790619300,0x9E8edbF9da32C33f8D1eD3F1Fc28e9F952FdE66C,2,0.0,53.91,3.53,3.43,-0.1,0.0
1790619300,0xBC8015FA779be6ac91e5616f37e1768b8DbC16df,1,0.0,19424.24,0.0,112.32,0.0,0.0
1790619300,0xBD806701A38f94478Ce1868F9bEc5081085516Ec,1,0.0,43315.97,0.0,32.12,0.0,4.01
1790619300,0xCDa43aF0E62ea12faE2BFF016557B6aB37Ec98B0,10,25009.97,0.0,0.0,0.0,0.0,7.5
1790619300,0xE1DC5576b36c78C75e6Abf2E1B121Db20A6069b7,30,0.0,188595.11,25.7,5878.79,137.7,0.89
1790619300,0xEAc2374016613765cF31afDB4AEB6f5d13a63726,1,0.0,539659.82,0.0,3120.0,0.0,0.0
1790619300,0xda50a7E41BEb66B2a613bc22a206fb1cF34FFaE2,4,0.0,115.55,0.0,0.0,-7.96,0.0
1790620200,0x01a800A44E2E23FaA9dcB22521ec8ad026666EBd,1,0.0,2694.18,11.0,0.0,0.0,0.27
1790620200,0x0F9352C0156fbba24a8988f1a6BdAD25c709889E,4,0.0,115.54,0.0,0.0,0.0,0.21
1790620200,0x15efc06FEa57Bda3ceA94A53D5426E78ed4651F3,14,22504.17,0.0,0.0,0.0,-15.12,4.5
1790620200,0x1fD0876eEAaB1Af9BbF3EeB70064bc03bf111718,1,603.37,0.0,0.0,0.0,0.0,0.0
1790620200,0x21aa6DC573DA62abFD7E43C84bEF2DA4FE514053,11,1082.82,0.0,0.0,0.0,-8.54,0.0
1790620200,0x2Fd96bd26E7a3c694DBD5ae5E2C29249a83b8a98,48,124821.88,0.0,0.0,0.0,100.18,0.0
1790620200,0x3aAa2bB57a0eFeA8F6f89423A923f7107c33471B,52,392785.38,6651.98,10.72,583.02,7.72,40.76
1790620200,0x3bf64B8c8ce86abDBcF44Fa5a559E27eb9F63Efb,1,0.0,537.51,0.0,22.18,0.0,0.0
1790620200,0x8C2E8224aB508eE456C0c2e15a33D2c4EE8282EC,26,0.0,124475.41,5334.84,0.0,0.0,50.34
1790620200,0x8E87D8308D439c88dDF48762AA5D3C99b8366a3a,96,329774.56,0.0,0.0,0.0,436.18,13.14
1790620200,0x8bECA95d65E94A20E54df095e78238425075F66e,60,2759.35,0.0,0.0,0.0,-94.41,1.43
1790620200,0x9B2A6B704ba9AC49e142A1e425c3d75fB7348E4F,1,0.0,5376.08,485.4,0.0,0.0,2.11
1790620200,0xBD806701A38f94478Ce1868F9bEc5081085516Ec,2,0.0,107907.21,0.0,167.88,0.0,10.62
1790620200,0xC6739cFC12620d5260a4315C7CbBc9aE53335Df2,2,49.52,354.21,0.0,10.72,0.0,0.63
1790620200,0xC98169d8835b905fa27A2e1b2ef175EC0e70DE14,1,0.0,26909.3,152.0,0.0,0.0,8.57
1790620200,0xCDa43aF0E62ea12faE2BFF016557B6aB37Ec98B0,41,105037.34,0.0,0.0,0.0,0.0,31.5
1790620200,0xE1DC5576b36c78C75e6Abf2E1B121Db20A6069b7,31,0.0,262389.29,167.88,5562.5,-2.66,8.3
1790620200,0xEd36621aa98134b01d10005a912aA3Ff0E38ED3f,1,19.9,0.0,0.0,0.0,0.0,0.0
1790620200,0xF7957c8b20DbD3FcA93686B07679aee8e6755c43,2,92.08,0.0,0.0,0.0,0.5,0.0
1790620200,0xda50a7E41BEb66B2a613bc22a206fb1cF34FFaE2,4,0.0,115.54,0.0,0.0,-7.83,0.0
1790620200,0xf1B8022Fc068DCf75921354AaBf4a25A00f5a47A,3,0.0,1862.39,184.47,0.0,0.0,2.06
1790621100,0x0F9352C0156fbba24a8988f1a6BdAD25c709889E,4,0.0,115.3,0.0,0.0,0.0,0.21
1790621100,0x15efc06FEa57Bda3ceA94A53D5426E78ed4651F3,4,5002.39,0.0,0.0,0.0,10.82,1.0
1790621100,0x21aa6DC573DA62abFD7E43C84bEF2DA4FE514053,11,907.99,0.0,0.0,0.0,-10.38,0.0
1790621100,0x2Fd96bd26E7a3c694DBD5ae5E2C29249a83b8a98,21,58125.08,0.0,0.0,0.0,0.54,0.0
1790621100,0x3897B8691E481a99a1A78a790a2Ae1Ce01b3a5F9,1,0.0,887.06,0.0,42.1,0.0,0.77
1790621100,0x3aAa2bB57a0eFeA8F6f89423A923f7107c33471B,49,226426.03,17109.08,229.22,417.14,-2490.6,15.0
1790621100,0x54c6cA65F53Bf4E6A19FD656e6964F2Fa815C136,4,0.0,47381.29,150.49,684.43,103.72,8.11
1790621100,0x7601063AaEB955565848422ca9430576f06a9152,1,0.0,134889.15,795.0,0.0,0.0,40.97
1790621100,0x8E87D8308D439c88dDF48762AA5D3C99b8366a3a,66,221791.12,0.0,0.0,0.0,-12.18,15.01
1790621100,0x8bECA95d65E94A20E54df095e78238425075F66e,59,2748.87,0.0,0.0,0.0,-88.42,1.42
1790621100,0x978e3eb7997a9575cdE1799176829073d2876Fb9,3,35218.5,0.0,0.0,0.0,1589.28,5.28
1790621100,0x9B2A6B704ba9AC49e142A1e425c3d75fB7348E4F,1,0.0,3008.82,355.64,0.0,0.0,1.4
1790621100,0xB5501a392fDcCFc1F3e68C11515FD9a9afAE2991,2,0.0,188820.86,1589.0,388.5,0.0,7.21
1790621100,0xB80efabF261F1FA31b0afD96f55246A7e0825b93,1,0.0,10062.09,39.6,0.0,0.0,3.52
1790621100,0xBC8015FA779be6ac91e5616f37e1768b8DbC16df,1,0.0,10062.09,0.0,39.6,0.0,0.0
1790621100,0xCDa43aF0E62ea12faE2BFF016557B6aB37Ec98B0,26,55016.81,0.0,0.0,0.0,0.0,16.5
1790621100,0xE1DC5576b36c78C75e6Abf2E1B121Db20A6069b7,1,0.0,134889.15,0.0,795.0,0.0,0.0
1790621100,0xEA2Eec3dc92E860ca7c00DDa51f1AfbCD1fC2E73,2,11003.69,0.0,0.0,0.0,592.78,1.5
1790621100,0xF54d55a4E5cC063a8460a767393e956375259027,4,0.0,13266.99,108.26,410.54,24.44,2.99
1790621100,0xbDcB07F7590346Ba48331Fb92579A21e49e86354,2,0.0,890450.6,9273.0,0.0,0.0,267.64
1790621100,0xda50a7E41BEb66B2a613bc22a206fb1cF34FFaE2,4,0.0,115.3,0.0,0.0,-8.16,0.0
1790621100,0xebC11Ac4450E3eA74F5D65e5c0138A0C50a2DE4f,9,0.0,1126706.54,1296.35,11059.25,0.0,0.0
1790622000,0x0ED2F5A37c29a605f47b12dBA90c46dee9c17580,1,47.53,0.0,0.0,0.0,0.0,0.0
1790622000,0x0F9352C0156fbba24a8988f1a6BdAD25c709889E,4,0.0,115.49,0.0,0.0,0.0,0.21
1790622000,0x15efc06FEa57Bda3ceA94A53D5426E78ed4651F3,5,18461.68,0.0,0.0,0.0,-155.92,3.69
1790622000,0x1B09203f73fC8C23C91383947423eE621054D406,2,0.0,86052.45,435.2,169.6,0.0,13.41
1790622000,0x21aa6DC573DA62abFD7E43C84bEF2DA4FE514053,22,1967.57,0.0,0.0,0.0,-8.19,0.0
1790622000,0x2Fd96bd26E7a3c694DBD5ae5E2C29249a83b8a98,15,41416.19,0.0,0.0,0.0,42.75,0.0
1790622000,0x3Dd2EA3c4256E3Da9D2e03D0eC02119CDaCdcdFc,1,0.0,1489.07,0.0,95.0,-81.64,0.15
1790622000,0x3aAa2bB57a0eFeA8F6f89423A923f7107c33471B,52,360665.57,487387.6,6120.5,11563.84,-399.56,36.16
1790622000,0x603766b471C34aB062c9D2ce229cf0BDa3Ea32fC,1,0.0,880.67,0.0,43.5,0.0,0.09
1790622000,0x7e040FC3950CeccCf16055aeA756a7a39c394CDC,2,0.0,15028.27,3012.0,0.0,-1130.95,1.13
1790622000,0x8E87D8308D439c88dDF48762AA5D3C99b8366a3a,59,323657.42,0.0,0.0,0.0,149.68,15.29
1790622000,0x8bECA95d65E94A20E54df095e78238425075F66e,60,2823.12,0.0,0.0,0.0,-104.71,1.45
1790622000,0x94ECb4C47D8E2CB07874A33a0141016254b46873,1,348.99,0.0,0.0,0.0,-1.2,0.11
1790622000,0xB80efabF261F1FA31b0afD96f55246A7e0825b93,1,0.0,157461.2,620.4,0.0,0.0,15.75
1790622000,0xBC8015FA779be6ac91e5616f37e1768b8DbC16df,2,0.0,38781.25,0.0,227.52,0.0,0.0
1790622000,0xCDa43aF0E62ea12faE2BFF016557B6aB37Ec98B0,5,10000.79,0.0,0.0,0.0,0.0,3.0
1790622000,0xE1DC5576b36c78C75e6Abf2E1B121Db20A6069b7,5,0.0,403215.36,8630.82,1895.52,-0.33,13.37
1790622000,0xEA2Eec3dc92E860ca7c00DDa51f1AfbCD1fC2E73,1,10003.61,0.0,0.0,0.0,737.93,1.5
1790622000,0xEAc2374016613765cF31afDB4AEB6f5d13a63726,2,0.0,712496.86,0.0,4340.42,0.0,53.44
1790622000,0xEe3361A43B2290E9b72990771853d3817e296248,1,0.0,7471.46,0.0,164.0,-240.14,2.74
1790622000,0xbDcB07F7590346Ba48331Fb92579A21e49e86354,6,0.0,1419280.49,5843.06,5956.5,-895.05,284.78
1790622000,0xc5cE2C6e46e9492Ae0feC32fA1E31ac15c111711,1,0.0,1489.07,95.0,0.0,0.0,0.95
1790622000,0xda50a7E41BEb66B2a613bc22a206fb1cF34FFaE2,4,0.0,115.49,0.0,0.0,-8.12,0.0
1790622000,0xe50B1E1ccCD0Cb9Bd022e98096f113d530a1CF09,1,0.0,1868.11,0.0,35.48,-1.78,1.06
1790622000,0xebC11Ac4450E3eA74F5D65e5c0138A0C50a2DE4f,2,0.0,86052.45,169.6,435.2,0.0,0.0
1790622900,0x0ED2F5A37c29a605f47b12dBA90c46dee9c17580,6,391.72,0.0,0.0,0.0,0.0,0.04
1790622900,0x0F9352C0156fbba24a8988f1a6BdAD25c709889E,5,0.0,144.36,0.0,0.0,0.0,0.27
1790622900,0x0a0e87813cBEB122fFb93eD93611470810661803,1,0.0,23742.33,1350.0,0.0,0.0,2.37
1790622900,0x15efc06FEa57Bda3ceA94A53D5426E78ed4651F3,4,1160.44,0.0,0.0,0.0,3.86,0.23
1790622900,0x17EFb1F4b5b97876A201201Bef7298F4766Fa25C,1,0.0,2572.96,29.57,0.0,0.0,1.27
1790622900,0x18731d55B669c463Ba1801f045881BA8673699d2,1,0.0,14069.22,0.0,223.53,32.44,4.72
1790622900,0x1c847e46576ba210189381C0c512C58278121d42,15,4833.77,17572.89,4091.0,0.0,328.83,1.78
1790622900,0x21aa6DC573DA62abFD7E43C84bEF2DA4FE514053,13,1131.54,0.0,0.0,0.0,-10.11,0.0
1790622900,0x2Fd96bd26E7a3c694DBD5ae5E2C29249a83b8a98,11,31796.24,0.0,0.0,0.0,-25.82,0.12
1790622900,0x3aAa2bB57a0eFeA8F6f89423A923f7107c33471B,39,137538.96,88486.27,459.29,13444.78,-3626.32,6.59
1790622900,0x55fC1a187CB29DDbbA27C33A07222862BCedb30e,1,0.0,13409.89,12.5,0.0,0.0,2.06
1790622900,0x5f04C939ECa1FA86B1E6e7330138664191b27018,4,0.0,10731.47,57.6,0.0,0.0,5.22
1790622900,0x69BBc57Ba99bcd9EA4baEAEF4d1A6F0061a9F1ff,1,0.0,2682.99,14.4,0.0,0.0,1.3
1790622900,0x8E87D8308D439c88dDF48762AA5D3C99b8366a3a,59,133918.16,0.0,0.0,0.0,86.23,11.63
1790622900,0x8bECA95d65E94A20E54df095e78238425075F66e,60,2870.38,0.0,0.0,0.0,-116.89,1.46
1790622900,0x978e3eb7997a9575cdE1799176829073d2876Fb9,1,28878.52,0.0,0.0,0.0,2178.15,4.33
1790622900,0x9F8e8dDBf981EF38d20908B775FEDE319F2648d7,1,0.0,5369.11,28.8,0.0,0.0,2.11
1790622900,0xBC8015FA779be6ac91e5616f37e1768b8DbC16df,7,0.0,21356.52,0.0,130.37,0.0,0.0
1790622900,0xCDa43aF0E62ea12faE2BFF016557B6aB37Ec98B0,3,9996.99,0.0,0.0,0.0,0.0,3.0
1790622900,0xD063A49E2B926c46122a6fEEE5a255CDa9B105F9,1,0.0,17543.95,0.0,235.76,0.0,5.76
1790622900,0xE1DC5576b36c78C75e6Abf2E1B121Db20A6069b7,3,0.0,63042.54,9353.78,1350.0,-4769.63,4.73
1790622900,0xEA2Eec3dc92E860ca7c00DDa51f1AfbCD1fC2E73,2,15998.33,0.0,0.0,0.0,823.29,2.41
1790622900,0xEd36621aa98134b01d10005a912aA3Ff0E38ED3f,2,39.78,0.0,0.0,0.0,0.0,0.0
1790622900,0xda50a7E41BEb66B2a613bc22a206fb1cF34FFaE2,5,0.0,144.36,0.0,0.0,-10.12,0.0
1790622900,0xebC11Ac4450E3eA74F5D65e5c0138A0C50a2DE4f,1,0.0,13409.89,0.0,12.5,0.0,0.0
1790622900,0xfE6e3099dc514A63bd2Fe79BD3d9e8a653bBAF06,9,35152.95,0.0,0.0,0.0,1680.97,2.63
1790623800,0x021d21f43d6d8921eF876Ec72f59E45820883B8F,1,0.0,13860.84,0.0,33.0,-11.17,0.0
1790623800,0x0F9352C0156fbba24a8988f1a6BdAD25c709889E,4,0.0,115.04,0.0,0.0,0.0,0.21
1790623800,0x15efc06FEa57Bda3ceA94A53D5426E78ed4651F3,3,15689.76,0.0,0.0,0.0,-193.05,3.14
1790623800,0x1a200438225C83010e3c7A62c74B3f536C840178,5,0.0,58768.53,143.25,0.0,0.0,19.6
1790623800,0x1c847e46576ba210189381C0c512C58278121d42,8,3071.82,4158.15,0.0,10.75,205.34,0.0
1790623800,0x1f78Fb1234d2f9685fb35AcB1cf484eca83F8F63,4,1196.61,0.0,0.0,0.0,-4.07,0.0
1790623800,0x21aa6DC573DA62abFD7E43C84bEF2DA4FE514053,19,1927.47,0.0,0.0,0.0,-38.13,0.0
1790623800,0x2Fd96bd26E7a3c694DBD5ae5E2C29249a83b8a98,8,22488.75,0.0,0.0,0.0,-161.24,0.0
1790623800,0x3580Ab9a98e50d959b881CB6c66ae3B14b07357A,2,0.0,2366.24,44.0,0.0,0.0,0.24
1790623800,0x3aAa2bB57a0eFeA8F6f89423A923f7107c33471B,55,286831.32,127886.02,0.0,50900.82,-1038.97,14.41
1790623800,0x51efa467CC3B762063bfBE86Ee812E4D51193F68,1,1491.17,0.0,0.0,0.0,-9.03,0.46
1790623800,0x57D20F8aF5875aD611dC836f78e4992DDA5E6073,1,0.0,20789.38,0.0,51.5,0.0,0.0
1790623800,0x5f04C939ECa1FA86B1E6e7330138664191b27018,1,0.0,2679.86,14.0,0.0,0.0,1.3
1790623800,0x6223038275e55fc879EB7e9a792e9165C73AF1a7,1,0.0,28658.45,256.56,0.0,0.0,2.87
1790623800,0x8B6458eC2E52f0281A413A2D7414ad7C6fc7eE8C,1,0.0,2667.8,0.0,98.8,9.83,1.3
1790623800,0x8E87D8308D439c88dDF48762AA5D3C99b8366a3a,91,353391.75,0.0,0.0,0.0,1296.35,43.12
1790623800,0x8bECA95d65E94A20E54df095e78238425075F66e,60,2951.66,0.0,0.0,0.0,-123.4,1.49
1790623800,0x978e3eb7997a9575cdE1799176829073d2876Fb9,3,48097.08,0.0,0.0,0.0,3711.41,6.46
1790623800,0xA0D678cb6F48CA52720232361BfB376C46c2c5B0,1,1537.03,0.0,0.0,0.0,-20.05,0.15
1790623800,0xBC8015FA779be6ac91e5616f37e1768b8DbC16df,4,0.0,25307.82,98.8,62.0,-1.49,0.0
1790623800,0xCDa43aF0E62ea12faE2BFF016557B6aB37Ec98B0,2,5000.8,0.0,0.0,0.0,0.0,1.5
1790623800,0xD15fB9d9FC203ED4530a0733546b4FB106C73f03,2,0.0,2366.24,0.0,44.0,0.0,1.71
1790623800,0xE1DC5576b36c78C75e6Abf2E1B121Db20A6069b7,17,139997.43,156544.46,50900.82,256.56,-7977.83,11.74
1790623800,0xEA2Eec3dc92E860ca7c00DDa51f1AfbCD1fC2E73,1,5999.94,0.0,0.0,0.0,0.0,0.0
1790623800,0xF7957c8b20DbD3FcA93686B07679aee8e6755c43,3,13983.78,0.0,0.0,0.0,0.0,0.0
1790623800,0xda50a7E41BEb66B2a613bc22a206fb1cF34FFaE2,4,0.0,115.04,0.0,0.0,-8.43,0.0
1790624700,0x0F9352C0156fbba24a8988f1a6BdAD25c709889E,4,0.0,114.27,0.0,0.0,0.0,0.21
1790624700,0x15efc06FEa57Bda3ceA94A53D5426E78ed4651F3,6,21272.82,0.0,0.0,0.0,-229.36,4.25
1790624700,0x1c847e46576ba210189381C0c512C58278121d42,15,5703.78,17551.67,2462.0,0.0,380.11,1.51
1790624700,0x1f78Fb1234d2f9685fb35AcB1cf484eca83F8F63,10,4817.98,0.0,0.0,0.0,3.73,0.37
1790624700,0x1fD0876eEAaB1Af9BbF3EeB70064bc03bf111718,5,2966.05,0.0,0.0,0.0,7.38,0.18
1790624700,0x21aa6DC573DA62abFD7E43C84bEF2DA4FE514053,13,2153.41,0.0,0.0,0.0,-20.71,0.0
1790624700,0x2Fd96bd26E7a3c694DBD5ae5E2C29249a83b8a98,5,14996.51,0.0,0.0,0.0,29.26,0.0
1790624700,0x3aAa2bB57a0eFeA8F6f89423A923f7107c33471B,29,135734.21,43369.86,0.0,14048.17,-357.17,3.6
1790624700,0x513Dc0e3407CA3A6E073A2f2d43fd61498db5739,2,171.16,266.1,0.0,0.0,0.0,0.03
1790624700,0x587b04ee05ee299BE059D8558FC033F05D5fD4aF,1,0.0,266.1,0.0,0.0,-24.65,0.41
1790624700,0x8E87D8308D439c88dDF48762AA5D3C99b8366a3a,89,133428.07,0.0,0.0,0.0,434.31,13.93
1790624700,0x8bECA95d65E94A20E54df095e78238425075F66e,59,3139.58,0.0,0.0,0.0,-132.07,1.53
1790624700,0x978e3eb7997a9575cdE1799176829073d2876Fb9,10,59130.95,0.0,0.0,0.0,-793.65,6.34
1790624700,0xE1DC5576b36c78C75e6Abf2E1B121Db20A6069b7,2,0.0,25818.19,11586.17,0.0,-7620.33,1.94
1790624700,0xEA2Eec3dc92E860ca7c00DDa51f1AfbCD1fC2E73,9,11707.38,0.0,0.0,0.0,0.0,1.34
1790624700,0xEd36621aa98134b01d10005a912aA3Ff0E38ED3f,1,19.87,0.0,0.0,0.0,0.21,0.0
1790624700,0xc3a2aF64Ee09A0e10F51033ea8373C79c0B7F876,2,0.0,160422.84,5946.0,1701.0,0.0,24.56
1790624700,0xda50a7E41BEb66B2a613bc22a206fb1cF34FFaE2,4,0.0,114.27,0.0,0.0,-9.04,0.0
1790624700,0xebC11Ac4450E3eA74F5D65e5c0138A0C50a2DE4f,2,0.0,160422.84,1701.0,5946.0,-705.13,0.0
1790625600,0x0ED2F5A37c29a605f47b12dBA90c46dee9c17580,1,467.15,0.0,0.0,0.0,0.0,0.05
1790625600,0x0F9352C0156fbba24a8988f1a6BdAD25c709889E,4,0.0,114.81,0.0,0.0,0.0,0.21
1790625600,0x0bc091C77Ff0D4Df68331B4e2eD6BcDC687F7dFb,2,0.0,14713.97,113.81,177.15,-140.1,2.44
1790625600,0x15efc06FEa57Bda3ceA94A53D5426E78ed4651F3,6,1377.14,0.0,0.0,0.0,-2.32,0.28
1790625600,0x1c847e46576ba210189381C0c512C58278121d42,37,14462.38,26279.99,1417.0,1491.0,948.21,2.69
1790625600,0x1f78Fb1234d2f9685fb35AcB1cf484eca83F8F63,5,2354.24,0.0,0.0,0.0,0.42,0.03
1790625600,0x1fD0876eEAaB1Af9BbF3EeB70064bc03bf111718,8,4917.17,0.0,0.0,0.0,-2.94,0.32
1790625600,0x21aa6DC573DA62abFD7E43C84bEF2DA4FE514053,26,4017.85,0.0,0.0,0.0,-69.52,0.0
1790625600,0x2Fd96bd26E7a3c694DBD5ae5E2C29249a83b8a98,6,16035.72,0.0,0.0,0.0,-7.13,0.0
1790625600,0x3897B8691E481a99a1A78a790a2Ae1Ce01b3a5F9,1,87.25,0.0,0.0,0.0,0.0,0.01
1790625600,0x3aAa2bB57a0eFeA8F6f89423A923f7107c33471B,17,23037.76,50453.71,1732.67,1581.04,-142.13,0.0
1790625600,0x5C15D393488b7A342243Eb9B0D570D09F76c0ABf,6,0.0,4327.2,46.02,34.3,2.86,2.15
1790625600,0x792de3191c74B09C4AF59E0042C694CdEFeCfbFe,1,0.0,174258.48,921.72,0.0,0.0,52.78
1790625600,0x8E87D8308D439c88dDF48762AA5D3C99b8366a3a,81,91489.7,0.0,0.0,0.0,192.26,7.91
1790625600,0x8bECA95d65E94A20E54df095e78238425075F66e,1,56.89,0.0,0.0,0.0,-2.56,0.03
1790625600,0x978e3eb7997a9575cdE1799176829073d2876Fb9,14,5133.58,0.0,0.0,0.0,-202.4,0.19
1790625600,0xA48232D674F993126945B9158d8eD64320883567,2,4282.63,0.0,0.0,0.0,230.04,0.64
1790625600,0xCDa43aF0E62ea12faE2BFF016557B6aB37Ec98B0,10,25012.72,0.0,0.0,0.0,0.0,7.5
1790625600,0xD2F6043c157BAd709952af1b1582F58602e0A95E,1,0.0,26.84,1.98,0.0,0.0,0.51
1790625600,0xE1DC5576b36c78C75e6Abf2E1B121Db20A6069b7,2,0.0,174285.32,0.0,923.7,0.0,0.0
1790625600,0xEA2Eec3dc92E860ca7c00DDa51f1AfbCD1fC2E73,8,7955.72,0.0,0.0,0.0,0.0,1.19
1790625600,0xEd36621aa98134b01d10005a912aA3Ff0E38ED3f,12,238.37,0.0,0.0,0.0,0.48,0.0
1790625600,0xF7957c8b20DbD3FcA93686B07679aee8e6755c43,1,785.26,0.0,0.0,0.0,0.0,0.0
1790625600,0xFEa1694e5C8d85B44f35813d4856239D4885f096,3,0.0,250.61,28.61,0.45,-0.63,1.05
1790625600,0xc7d0BdcdA368fE24623d8c4D23A505FE53576a2a,2,0.0,5368.77,11.11,32.42,0.0,1.31
1790625600,0xda50a7E41BEb66B2a613bc22a206fb1cF34FFaE2,4,0.0,114.81,0.0,0.0,-8.74,0.0
1790625600,0xebC11Ac4450E3eA74F5D65e5c0138A0C50a2DE4f,5,0.0,486.83,2.65,35.51,0.11,0.0
1790625600,0xf3aee1171f2D756922c1850f1E21a30ea71b581d,1,190.11,0.0,0.0,0.0,0.0,0.07
1790625600,0xfE6e3099dc514A63bd2Fe79BD3d9e8a653bBAF06,7,19182.83,0.0,0.0,0.0,1035.19,1.57
1790626500,0x0320D502b0F5Ab31c1d851fD31C93a3A36412A9F,1,0.0,2681.66,111.1,0.0,0.0,1.3
1790626500,0x0F9352C0156fbba24a8988f1a6BdAD25c709889E,4,0.0,114.78,0.0,0.0,0.0,0.21
1790626500,0x15efc06FEa57Bda3ceA94A53D5426E78ed4651F3,14,83213.25,0.0,0.0,0.0,505.13,12.64
1790626500,0x1c847e46576ba210189381C0c512C58278121d42,24,10113.75,8807.18,0.0,2089.0,271.65,1.32
1790626500,0x1f78Fb1234d2f9685fb35AcB1cf484eca83F8F63,3,1647.93,0.0,0.0,0.0,0.0,0.0
1790626500,0x21aa6DC573DA62abFD7E43C84bEF2DA4FE514053,4,353.44,0.0,0.0,0.0,-6.52,0.0
1790626500,0x2Fd96bd26E7a3c694DBD5ae5E2C29249a83b8a98,10,26927.98,0.0,0.0,0.0,21.4,0.14
1790626500,0x34AA2071fce769F12bB2237523c9B2281b1e436c,2,0.0,1752.52,43.48,0.0,0.0,1.53
1790626500,0x3aAa2bB57a0eFeA8F6f89423A923f7107c33471B,4,3014.5,62844.58,2089.0,567.49,-395.76,0.0
1790626500,0x792de3191c74B09C4AF59E0042C694CdEFeCfbFe,1,0.0,8331.22,26.12,0.0,0.0,3.0
1790626500,0x8E87D8308D439c88dDF48762AA5D3C99b8366a3a,71,147281.83,0.0,0.0,0.0,252.82,6.1
1790626500,0xA48232D674F993126945B9158d8eD64320883567,1,0.0,1071.89,0.0,10.08,0.0,0.0
1790626500,0xAF049F588AE503B9cfbA5d61baB5B128dc3B1016,1,0.0,1071.89,10.08,0.0,0.0,0.82
1790626500,0xBC8015FA779be6ac91e5616f37e1768b8DbC16df,1,0.0,8331.22,0.0,26.12,0.0,0.0
1790626500,0xC717DD4dBDdc98E62D264B0ca790195BF0579FAa,1,0.0,40622.36,472.99,0.0,0.0,12.69
1790626500,0xCDa43aF0E62ea12faE2BFF016557B6aB37Ec98B0,26,55010.67,0.0,0.0,0.0,0.0,16.5
1790626500,0xD699eA52137Dc27027F1F72Ed2bba1a7A2065A26,1,0.0,13415.04,94.5,0.0,0.0,4.52
1790626500,0xE1DC5576b36c78C75e6Abf2E1B121Db20A6069b7,4,878.93,4350.69,0.0,138.58,1.44,0.0
1790626500,0xEA2Eec3dc92E860ca7c00DDa51f1AfbCD1fC2E73,1,88.02,0.0,0.0,0.0,0.0,0.01
1790626500,0xEAc2374016613765cF31afDB4AEB6f5d13a63726,1,0.0,83.49,0.0,16.0,0.0,0.0
1790626500,0xEd36621aa98134b01d10005a912aA3Ff0E38ED3f,1,19.98,0.0,0.0,0.0,0.12,0.0
1790626500,0xda50a7E41BEb66B2a613bc22a206fb1cF34FFaE2,4,0.0,114.78,0.0,0.0,-8.62,0.0
1790627400,0x0320D502b0F5Ab31c1d851fD31C93a3A36412A9F,1,0.0,4258.86,178.24,0.0,0.0,0.43
1790627400,0x0F9352C0156fbba24a8988f1a6BdAD25c709889E,4,0.0,114.87,0.0,0.0,0.0,0.21
1790627400,0x15efc06FEa57Bda3ceA94A53D5426E78ed4651F3,9,3591.29,0.0,0.0,0.0,-14.86,0.72
1790627400,0x1c847e46576ba210189381C0c512C58278121d42,8,2738.51,0.0,0.0,0.0,0.0,0.0
1790627400,0x1f78Fb1234d2f9685fb35AcB1cf484eca83F8F63,2,3290.13,0.0,0.0,0.0,6.13,0.49
1790627400,0x21aa6DC573DA62abFD7E43C84bEF2DA4FE514053,6,1353.56,0.0,0.0,0.0,-10.52,0.05
1790627400,0x2Fd96bd26E7a3c694DBD5ae5E2C29249a83b8a98,6,17001.14,0.0,0.0,0.0,-1.57,0.0
1790627400,0x34AA2071fce769F12bB2237523c9B2281b1e436c,1,0.0,83.51,0.0,15.65,-1.4,0.53
1790627400,0x34E832769aa14403c388Eb99ec41702FcD58A6De,1,0.0,834.49,6.9,0.0,0.0,0.75
1790627400,0x3aAa2bB57a0eFeA8F6f89423A923f7107c33471B,13,22288.33,53274.91,15.65,4152.87,1.65,1.8
1790627400,0x3bf64B8c8ce86abDBcF44Fa5a559E27eb9F63Efb,2,0.0,3502.85,0.0,143.21,0.0,0.0
1790627400,0x4008A90249838cc4ab3117b530d313Ad818f97b8,10,2374.6,53191.4,4152.87,0.0,-0.75,19.69
1790627400,0x42d30F10216Ad02c349023C29ba6F2A91A74F206,2,0.0,53978.5,495.96,131.79,0.0,8.6
1790627400,0x57f687B498a4FF6cAA185b7ce1CBbF84651De66e,2,0.0,3502.9,175.69,0.0,0.0,1.22
1790627400,0x889a18bc957a848c89000812706A5A9E0397E39f,2,0.0,3296.93,67.52,100.0,30.49,1.99
1790627400,0x8A89a4A31B0551428589c28293636A597f4EAEEE,9,0.0,1072104.33,5648.24,0.0,0.0,324.63
1790627400,0x8E87D8308D439c88dDF48762AA5D3C99b8366a3a,30,51596.98,0.0,0.0,0.0,82.71,2.79
1790627400,0xB80efabF261F1FA31b0afD96f55246A7e0825b93,1,0.0,10015.57,33.6,0.0,0.0,3.5
1790627400,0xBC8015FA779be6ac91e5616f37e1768b8DbC16df,5,0.0,68731.79,0.0,337.14,0.0,0.0
1790627400,0xCDa43aF0E62ea12faE2BFF016557B6aB37Ec98B0,10,20007.61,0.0,0.0,0.0,0.0,6.0
1790627400,0xE1DC5576b36c78C75e6Abf2E1B121Db20A6069b7,5,187.47,616274.03,0.0,3369.84,0.0,0.32
1790627400,0xEA2Eec3dc92E860ca7c00DDa51f1AfbCD1fC2E73,3,6405.77,134083.74,0.0,735.0,0.0,0.96
1790627400,0xEAc2374016613765cF31afDB4AEB6f5d13a63726,1,0.0,134072.63,0.0,715.0,0.0,0.0
1790627400,0xEd36621aa98134b01d10005a912aA3Ff0E38ED3f,5,99.93,0.0,0.0,0.0,0.6,0.0
1790627400,0xF7957c8b20DbD3FcA93686B07679aee8e6755c43,1,2290.01,0.0,0.0,0.0,0.0,0.0
1790627400,0xda50a7E41BEb66B2a613bc22a206fb1cF34FFaE2,4,0.0,114.87,0.0,0.0,-8.49,0.0
1790627400,0xebC11Ac4450E3eA74F5D65e5c0138A0C50a2DE4f,3,0.0,188029.57,131.79,1205.96,0.0,0.0
1790628300,0x0F9352C0156fbba24a8988f1a6BdAD25c709889E,5,0.0,143.57,0.0,0.0,0.0,0.27
1790628300,0x0a0e87813cBEB122fFb93eD93611470810661803,1,0.0,439.19,25.0,0.0,0.0,0.04
1790628300,0x15efc06FEa57Bda3ceA94A53D5426E78ed4651F3,4,11101.29,0.0,0.0,0.0,51.04,2.22
1790628300,0x17E42103D7cB7AE387a15896c9543E18c707d851,1,0.0,76.44,0.0,0.0,0.0,0.11
1790628300,0x1c847e46576ba210189381C0c512C58278121d42,3,1316.61,0.0,0.0,0.0,0.0,0.0
1790628300,0x1e8343be6393a190cC5c36e7EeDeFc0E9A46489C,1,0.0,24712.85,1008.6,0.0,0.0,7.91
1790628300,0x1f78Fb1234d2f9685fb35AcB1cf484eca83F8F63,4,1547.93,0.0,0.0,0.0,-0.54,0.07
1790628300,0x21aa6DC573DA62abFD7E43C84bEF2DA4FE514053,4,639.65,0.0,0.0,0.0,-12.91,0.0
1790628300,0x2Fd96bd26E7a3c694DBD5ae5E2C29249a83b8a98,15,39604.48,0.0,0.0,0.0,47.73,0.13
1790628300,0x2d4a3304E17036c6A9dec27e0116730080a2Ef19,4,0.0,10723.42,46.79,64.35,0.0,2.11
1790628300,0x3aAa2bB57a0eFeA8F6f89423A923f7107c33471B,11,13156.31,12661.46,314.61,46.79,4.52,0.0
1790628300,0x3bf64B8c8ce86abDBcF44Fa5a559E27eb9F63Efb,5,0.0,46796.03,10.18,1410.53,-8.52,0.0
1790628300,0x42d30F10216Ad02c349023C29ba6F2A91A74F206,3,0.0,32699.54,362.99,26.91,0.0,9.15
1790628300,0x57D20F8aF5875aD611dC836f78e4992DDA5E6073,1,0.0,267.98,0.03,0.0,0.27,0.0
1790628300,0x57f687B498a4FF6cAA185b7ce1CBbF84651De66e,1,0.0,946.98,38.66,0.0,0.0,0.78
1790628300,0x615641d624CFB98683176F491E4C28F68E2AbA09,4,0.0,1071.92,0.23,0.1,-1.66,1.53
1790628300,0x7b0fb7aB846D27C34dAbdc95bfb6729edeaBcD89,2,0.0,41199.24,355.61,375.0,6.03,13.36
1790628300,0x8E87D8308D439c88dDF48762AA5D3C99b8366a3a,29,77168.96,0.0,0.0,0.0,565.12,3.81
1790628300,0x978e3eb7997a9575cdE1799176829073d2876Fb9,3,29338.69,0.0,0.0,0.0,-17.59,4.33
1790628300,0x9eF009cA98fD2096c6B19abfd1dD0968615026F9,1,0.0,20599.45,375.0,0.0,0.0,2.06
1790628300,0xB80efabF261F1FA31b0afD96f55246A7e0825b93,1,0.0,73431.54,246.4,0.0,0.0,7.34
1790628300,0xCDa43aF0E62ea12faE2BFF016557B6aB37Ec98B0,19,40018.21,0.0,0.0,0.0,0.0,12.0
1790628300,0xE1DC5576b36c78C75e6Abf2E1B121Db20A6069b7,1,0.0,73431.54,0.0,246.4,0.0,5.51
1790628300,0xEA2Eec3dc92E860ca7c00DDa51f1AfbCD1fC2E73,1,434.18,0.0,0.0,0.0,0.0,0.07
1790628300,0xEAc2374016613765cF31afDB4AEB6f5d13a63726,3,0.0,22148.18,0.0,261.37,35.46,0.0
1790628300,0xFF40d665b5fB6193a7135e97895cCC73d106C91F,1,0.0,835.07,0.0,175.29,1.29,0.75
1790628300,0xc6D0ac574f0DF967fAD1DdfCAF2230eC2809b43E,2,0.0,536.42,7.65,10.18,0.0,0.58
1790628300,0xcac789eCc340F4E82edC9c1387c521f0a5761BA1,1,0.0,834.98,0.0,74.9,49.5,0.75
1790628300,0xdA14B0ab7c8F82F1587902B86ae2562f8AF0d62b,1,0.0,76.44,0.0,0.0,-10.9,0.12
1790628300,0xda50a7E41BEb66B2a613bc22a206fb1cF34FFaE2,5,0.0,143.57,0.0,0.0,-10.53,0.0
1790628300,0xebC11Ac4450E3eA74F5D65e5c0138A0C50a2DE4f,2,0.0,11087.32,26.91,101.84,0.0,0.0
1790628300,0xfE6e3099dc514A63bd2Fe79BD3d9e8a653bBAF06,1,0.0,439.19,0.0,25.0,0.0,0.03
1790629200,0x0F9352C0156fbba24a8988f1a6BdAD25c709889E,4,0.0,114.81,0.0,0.0,0.0,0.21
1790629200,0x15efc06FEa57Bda3ceA94A53D5426E78ed4651F3,7,23619.38,0.0,0.0,0.0,22.78,1.2
1790629200,0x17E42103D7cB7AE387a15896c9543E18c707d851,2,0.0,112.45,0.0,0.0,0.0,0.17
1790629200,0x1f78Fb1234d2f9685fb35AcB1cf484eca83F8F63,1,549.44,0.0,0.0,0.0,0.0,0.0
1790629200,0x1fD0876eEAaB1Af9BbF3EeB70064bc03bf111718,4,3161.84,0.0,0.0,0.0,-1.18,0.12
1790629200,0x21aa6DC573DA62abFD7E43C84bEF2DA4FE514053,9,2361.45,0.0,0.0,0.0,-18.59,0.0
1790629200,0x288346281B618f0943ACADe420D1A406C7eE91bb,4,0.0,38745.94,51.84,0.0,3.67,8.1
1790629200,0x2Fd96bd26E7a3c694DBD5ae5E2C29249a83b8a98,8,26967.0,0.0,0.0,0.0,2.67,0.0
1790629200,0x355D463f0152A21D147e31B3D8b06711b767b068,2,0.0,1074.32,4.02,2.2,0.0,0.66
1790629200,0x3aAa2bB57a0eFeA8F6f89423A923f7107c33471B,14,214811.63,0.0,0.0,0.0,-163.46,20.91
1790629200,0x3bf64B8c8ce86abDBcF44Fa5a559E27eb9F63Efb,6,0.0,14674.22,3.25,168.07,-592.65,0.0
1790629200,0x42d30F10216Ad02c349023C29ba6F2A91A74F206,3,0.0,4781.8,52.85,5.28,0.0,2.11
1790629200,0x8E87D8308D439c88dDF48762AA5D3C99b8366a3a,35,240673.48,0.0,0.0,0.0,240.58,14.47
1790629200,0x97d177a55D01998019407b4375Df700C706CDF8E,1,0.0,41.62,0.0,0.0,-0.19,0.07
1790629200,0xA3da9Eee0549ec8322c1A2DAd825C16e87888583,1,0.0,12536.21,116.55,0.0,0.0,4.26
1790629200,0xA6A182E6EA1e8b448E0EC974Cee3497039F4aDB1,4,0.0,107.42,4.96,4.92,-0.48,1.02
1790629200,0xB90134C652814890691671c849381A0B3cdD0247,3,7708.72,0.0,0.0,0.0,0.0,2.33
1790629200,0xBC8015FA779be6ac91e5616f37e1768b8DbC16df,7,1998.91,38675.11,0.0,51.84,-10.79,0.3
1790629200,0xCDa43aF0E62ea12faE2BFF016557B6aB37Ec98B0,5,10002.26,0.0,0.0,0.0,0.0,3.0
1790629200,0xEA2Eec3dc92E860ca7c00DDa51f1AfbCD1fC2E73,4,7008.83,0.0,0.0,0.0,0.0,1.05
1790629200,0xEAc2374016613765cF31afDB4AEB6f5d13a63726,1,0.0,2632.63,0.0,32.73,5.29,0.0
1790629200,0xcac789eCc340F4E82edC9c1387c521f0a5761BA1,3,0.0,2084.29,49.84,0.0,0.0,2.13
1790629200,0xda50a7E41BEb66B2a613bc22a206fb1cF34FFaE2,4,0.0,114.81,0.0,0.0,-8.51,0.0
1790629200,0xebC11Ac4450E3eA74F5D65e5c0138A0C50a2DE4f,6,0.0,3277.2,9.15,27.42,0.0,0.0
1790630100,0x0F9352C0156fbba24a8988f1a6BdAD25c709889E,4,0.0,114.08,0.0,0.0,0.0,0.21
1790630100,0x15efc06FEa57Bda3ceA94A53D5426E78ed4651F3,6,21911.71,0.0,0.0,0.0,139.97,4.38
1790630100,0x1c847e46576ba210189381C0c512C58278121d42,1,436.07,0.0,0.0,0.0,0.0,0.0
1790630100,0x1f78Fb1234d2f9685fb35AcB1cf484eca83F8F63,4,1646.95,0.0,0.0,0.0,2.33,0.16
1790630100,0x1fD0876eEAaB1Af9BbF3EeB70064bc03bf111718,4,2763.0,0.0,0.0,0.0,-3.48,0.32
1790630100,0x21aa6DC573DA62abFD7E43C84bEF2DA4FE514053,14,3071.03,0.0,0.0,0.0,-44.58,0.0
1790630100,0x288346281B618f0943ACADe420D1A406C7eE91bb,1,0.0,9799.92,8.76,0.0,0.0,1.59
1790630100,0x2Fd96bd26E7a3c694DBD5ae5E2C29249a83b8a98,10,25998.02,0.0,0.0,0.0,36.27,0.0
1790630100,0x2f1AD479C495CCa0eF1E3eCA6981feea47eaFc3d,10,827.23,0.0,0.0,0.0,-1.22,0.1
1790630100,0x3aAa2bB57a0eFeA8F6f89423A923f7107c33471B,2,9994.27,2679.87,0.0,21.6,-295.54,0.0
1790630100,0x42974A167De3F098cEf1Ffbf5f250D33a9200520,1,0.0,148.96,0.0,10.18,0.0,0.0
1790630100,0x67419aFABe571b1016D73321E55baaDdC568ce89,1,0.0,28.48,0.0,0.0,-6.75,0.04
1790630100,0x8E87D8308D439c88dDF48762AA5D3C99b8366a3a,40,72929.0,0.0,0.0,0.0,193.81,4.65
1790630100,0x978e3eb7997a9575cdE1799176829073d2876Fb9,1,595.88,0.0,0.0,0.0,-10.51,0.09
1790630100,0xA48232D674F993126945B9158d8eD64320883567,1,0.0,1983.11,0.0,25.38,0.0,0.0
1790630100,0xAAB98f1787EA33270626d44cEC3f184714643B91,1,0.0,2679.87,21.6,0.0,0.0,1.3
1790630100,0xBC8015FA779be6ac91e5616f37e1768b8DbC16df,2,0.0,29095.07,0.0,256.44,0.0,0.0
1790630100,0xCDa43aF0E62ea12faE2BFF016557B6aB37Ec98B0,15,35001.64,0.0,0.0,0.0,0.0,10.5
1790630100,0xE1DC5576b36c78C75e6Abf2E1B121Db20A6069b7,3,14999.15,268.54,0.0,10.84,2.42,0.0
1790630100,0xEA2Eec3dc92E860ca7c00DDa51f1AfbCD1fC2E73,5,6858.31,0.0,0.0,0.0,-28.98,0.94
1790630100,0xEd36621aa98134b01d10005a912aA3Ff0E38ED3f,2,39.95,0.0,0.0,0.0,0.19,0.0
1790630100,0xF8459aEb9e5823C5A10E9Ba112363fCd88CB10c4,2,0.0,21278.26,273.06,0.0,0.0,6.88
1790630100,0xcac789eCc340F4E82edC9c1387c521f0a5761BA1,2,0.0,417.5,21.02,0.0,0.0,1.13
1790630100,0xda50a7E41BEb66B2a613bc22a206fb1cF34FFaE2,3,0.0,85.6,0.0,0.0,-6.79,0.0
1790630100,0xfE6e3099dc514A63bd2Fe79BD3d9e8a653bBAF06,3,911.42,0.0,0.0,0.0,50.8,0.14
1790631000,0x0F9352C0156fbba24a8988f1a6BdAD25c709889E,4,0.0,113.25,0.0,0.0,0.0,0.21
1790631000,0x15efc06FEa57Bda3ceA94A53D5426E78ed4651F3,1,88.21,0.0,0.0,0.0,-1.52,0.02
1790631000,0x17E42103D7cB7AE387a15896c9543E18c707d851,13,0.0,440.23,0.0,0.0,0.0,0.66
1790631000,0x1c847e46576ba210189381C0c512C58278121d42,2,436.25,3488.75,179.2,0.0,0.0,0.26
1790631000,0x1f78Fb1234d2f9685fb35AcB1cf484eca83F8F63,2,1099.6,0.0,0.0,0.0,-1.54,0.0
1790631000,0x21aa6DC573DA62abFD7E43C84bEF2DA4FE514053,10,1232.38,0.0,0.0,0.0,-13.79,0.0
1790631000,0x2Fd96bd26E7a3c694DBD5ae5E2C29249a83b8a98,6,17964.22,0.0,0.0,0.0,5.03,0.0
1790631000,0x2f1AD479C495CCa0eF1E3eCA6981feea47eaFc3d,2,174.56,0.0,0.0,0.0,0.1,0.02
1790631000,0x3aAa2bB57a0eFeA8F6f89423A923f7107c33471B,4,10747.95,22976.73,0.0,423.03,-128.42,0.0
1790631000,0x3bf64B8c8ce86abDBcF44Fa5a559E27eb9F63Efb,1,0.0,87312.94,4548.2,0.0,69.51,0.0
1790631000,0x42d30F10216Ad02c349023C29ba6F2A91A74F206,2,0.0,41170.19,500.28,0.0,0.0,13.35
1790631000,0x4F93343988D49daf988782D32670bacb5a006b47,2,0.0,53.58,0.64,0.0,0.0,0.51
1790631000,0x55c9BD55Da057558889410a842658002a095a083,1,0.0,87312.94,0.0,4548.2,0.0,26.69
1790631000,0x67419aFABe571b1016D73321E55baaDdC568ce89,6,0.0,182.67,0.0,0.0,-7.68,0.27
1790631000,0x7806b1058aB9C0D0BbC1ECD2DB2f21f3c203C0C2,2,0.0,53602.65,488.0,129.0,0.0,8.54
1790631000,0x8E87D8308D439c88dDF48762AA5D3C99b8366a3a,28,46232.14,0.0,0.0,0.0,73.59,4.57
1790631000,0x978e3eb7997a9575cdE1799176829073d2876Fb9,1,7185.16,0.0,0.0,0.0,-417.08,0.0
1790631000,0xBC8015FA779be6ac91e5616f37e1768b8DbC16df,2,0.0,16349.1,0.66,211.58,0.03,0.0
1790631000,0xCDa43aF0E62ea12faE2BFF016557B6aB37Ec98B0,3,4999.11,0.0,0.0,0.0,0.0,1.5
1790631000,0xEA2Eec3dc92E860ca7c00DDa51f1AfbCD1fC2E73,3,1705.3,0.0,0.0,0.0,0.0,0.26
1790631000,0xEAc2374016613765cF31afDB4AEB6f5d13a63726,3,0.0,21735.8,0.0,257.09,25.38,0.0
1790631000,0xF8459aEb9e5823C5A10E9Ba112363fCd88CB10c4,2,0.0,16349.1,211.58,0.66,-0.56,5.9
1790631000,0xa60d9Cacaa6Cc7d4Aad4941a7586a618AC3f01d6,1,0.0,26802.21,1742.0,0.0,0.0,8.54
1790631000,0xda276881b8526674e5BCD1b0755eE98bd3d07f2A,1,162.69,0.0,0.0,0.0,12.12,0.02
1790631000,0xda50a7E41BEb66B2a613bc22a206fb1cF34FFaE2,19,0.0,622.74,0.0,0.0,-54.75,0.28
1790631000,0xea19Fe621592b9aF895f2d8d5Af7288C02FbBbF3,1,33.06,0.0,0.0,0.0,0.0,0.02
1790631000,0xebC11Ac4450E3eA74F5D65e5c0138A0C50a2DE4f,3,0.0,80404.86,129.0,2230.0,0.0,0.0
1790631000,0xfE6e3099dc514A63bd2Fe79BD3d9e8a653bBAF06,5,17414.7,0.0,0.0,0.0,1000.97,2.61
1790631900,0x0F9352C0156fbba24a8988f1a6BdAD25c709889E,4,0.0,113.1,0.0,0.0,0.0,0.21
1790631900,0x1163f0E0A9210E389a53F138Ed0e27129d4eC7a4,1,0.0,2080.19,107.93,0.0,0.0,1.12
1790631900,0x15efc06FEa57Bda3ceA94A53D5426E78ed4651F3,1,86.85,0.0,0.0,0.0,-2.0,0.02
1790631900,0x17E42103D7cB7AE387a15896c9543E18c707d851,5,0.0,164.76,0.0,0.0,0.0,0.25
1790631900,0x1A091173A3C5cc9f462df710A5064b5a4cfd0895,2,0.0,7385.81,1386.0,0.0,0.0,0.74
1790631900,0x1c847e46576ba210189381C0c512C58278121d42,1,434.03,0.0,0.0,0.0,0.0,0.0
1790631900,0x1f78Fb1234d2f9685fb35AcB1cf484eca83F8F63,1,549.48,0.0,0.0,0.0,0.0,0.0
1790631900,0x21aa6DC573DA62abFD7E43C84bEF2DA4FE514053,4,502.21,0.0,0.0,0.0,-8.21,0.0
1790631900,0x2Fd96bd26E7a3c694DBD5ae5E2C29249a83b8a98,8,14190.82,0.0,0.0,0.0,60.54,0.32
1790631900,0x2f1AD479C495CCa0eF1E3eCA6981feea47eaFc3d,4,239.83,0.0,0.0,0.0,-0.46,0.04
1790631900,0x3aAa2bB57a0eFeA8F6f89423A923f7107c33471B,5,1473.56,8481.25,0.0,1367.6,-173.03,0.0
1790631900,0x42d30F10216Ad02c349023C29ba6F2A91A74F206,6,0.0,376171.17,3620.08,884.19,0.0,59.03
1790631900,0x8E87D8308D439c88dDF48762AA5D3C99b8366a3a,28,49267.37,0.0,0.0,0.0,57.03,2.39
1790631900,0x978e3eb7997a9575cdE1799176829073d2876Fb9,2,28886.45,0.0,0.0,0.0,293.74,4.33
1790631900,0xE1DC5576b36c78C75e6Abf2E1B121Db20A6069b7,1,0.0,2080.19,0.0,107.93,0.0,0.0
1790631900,0xEA2Eec3dc92E860ca7c00DDa51f1AfbCD1fC2E73,3,1087.3,2944.78,0.0,35.86,0.0,0.16
1790631900,0xEAc2374016613765cF31afDB4AEB6f5d13a63726,4,0.0,372128.79,884.19,3571.29,476.86,0.0
1790631900,0xFfd6339DA9D6a8D84FD5b323a6088441947A10B3,4,0.0,14769.46,1354.67,1386.0,28.19,3.13
1790631900,0xda50a7E41BEb66B2a613bc22a206fb1cF34FFaE2,9,0.0,277.85,0.0,0.0,-25.01,0.08
1790631900,0xea19Fe621592b9aF895f2d8d5Af7288C02FbBbF3,9,297.02,0.0,0.0,0.0,0.0,0.18
1790632800,0x0F9352C0156fbba24a8988f1a6BdAD25c709889E,4,0.0,112.36,0.0,0.0,0.0,0.21
1790632800,0x15efc06FEa57Bda3ceA94A53D5426E78ed4651F3,11,42864.2,0.0,0.0,0.0,-167.32,8.57
1790632800,0x1B71034053dBbb4382EF006DC365e43d71413899,2,0.0,116.38,19.44,0.0,0.0,0.52
1790632800,0x1c847e46576ba210189381C0c512C58278121d42,3,432.08,4156.33,0.0,11.95,0.0,0.0
1790632800,0x1f78Fb1234d2f9685fb35AcB1cf484eca83F8F63,2,1098.89,0.0,0.0,0.0,0.12,0.0
1790632800,0x1fD0876eEAaB1Af9BbF3EeB70064bc03bf111718,1,593.1,0.0,0.0,0.0,0.0,0.0
1790632800,0x21aa6DC573DA62abFD7E43C84bEF2DA4FE514053,28,5324.68,0.0,0.0,0.0,-82.91,0.0
1790632800,0x2Fd96bd26E7a3c694DBD5ae5E2C29249a83b8a98,21,60571.14,0.0,0.0,0.0,56.75,0.09
1790632800,0x2f1AD479C495CCa0eF1E3eCA6981feea47eaFc3d,12,931.56,0.0,0.0,0.0,-0.86,0.11
1790632800,0x3aAa2bB57a0eFeA8F6f89423A923f7107c33471B,53,206778.37,26014.83,3924.24,0.0,-2999.75,27.01
1790632800,0x3bf64B8c8ce86abDBcF44Fa5a559E27eb9F63Efb,2,0.0,533932.18,461.72,4694.95,0.0,0.0
1790632800,0x42d30F10216Ad02c349023C29ba6F2A91A74F206,2,0.0,16064.78,152.31,38.83,0.0,2.91
1790632800,0x4F5885b98d9D00EE545825b6345eA93d6940c407,5,0.0,28608.92,0.0,4374.24,903.43,10.06
1790632800,0x6223038275e55fc879EB7e9a792e9165C73AF1a7,1,0.0,9970.75,54.0,0.0,0.0,3.49
1790632800,0x8E87D8308D439c88dDF48762AA5D3C99b8366a3a,100,301664.05,0.0,0.0,0.0,1241.39,12.03
1790632800,0xB80efabF261F1FA31b0afD96f55246A7e0825b93,2,0.0,160518.76,500.75,0.0,0.0,17.38
1790632800,0xBC8015FA779be6ac91e5616f37e1768b8DbC16df,1,0.0,9970.75,0.0,54.0,0.0,0.0
1790632800,0xE1DC5576b36c78C75e6Abf2E1B121Db20A6069b7,3,14999.24,158956.53,450.0,488.8,-120.4,11.92
1790632800,0xEA2Eec3dc92E860ca7c00DDa51f1AfbCD1fC2E73,6,12410.91,0.0,0.0,0.0,0.0,1.86
1790632800,0xEAc2374016613765cF31afDB4AEB6f5d13a63726,2,0.0,16064.78,38.83,152.31,18.33,0.0
1790632800,0xF7957c8b20DbD3FcA93686B07679aee8e6755c43,3,5173.67,0.0,0.0,0.0,77.0,0.0
1790632800,0xc64038626FE7Fa35B870AD3f9d33e52656DE93fc,2,0.0,533932.18,4694.95,461.72,0.0,80.59
1790632800,0xda50a7E41BEb66B2a613bc22a206fb1cF34FFaE2,4,0.0,112.36,0.0,0.0,-10.89,0.0
1790632800,0xea19Fe621592b9aF895f2d8d5Af7288C02FbBbF3,15,492.98,0.0,0.0,0.0,0.0,0.3
1790632800,0xebC11Ac4450E3eA74F5D65e5c0138A0C50a2DE4f,3,0.0,21796.64,4362.5,19.44,0.0,0.0
1790632800,0xfE6e3099dc514A63bd2Fe79BD3d9e8a653bBAF06,10,49336.58,21680.26,0.0,4362.5,1975.07,6.95
1790633700,0x06CdF6401D77a21cbb061355e32Edea097A1dbbc,1,0.0,74.28,0.0,0.0,0.0,0.11
1790633700,0x0F9352C0156fbba24a8988f1a6BdAD25c709889E,4,0.0,110.62,0.0,0.0,0.0,0.21
1790633700,0x15efc06FEa57Bda3ceA94A53D5426E78ed4651F3,1,2990.72,0.0,0.0,0.0,-67.44,0.6
1790633700,0x1f78Fb1234d2f9685fb35AcB1cf484eca83F8F63,1,549.44,0.0,0.0,0.0,-2.51,0.0
1790633700,0x209572A59770F98cc3916aE96006F4913D58dD73,1,0.0,20788.86,0.0,0.0,0.0,31.18
1790633700,0x21aa6DC573DA62abFD7E43C84bEF2DA4FE514053,8,8594.95,20818.65,1408.8,0.0,-437.54,0.92
1790633700,0x2Fd96bd26E7a3c694DBD5ae5E2C29249a83b8a98,1,2994.94,0.0,0.0,0.0,18.36,0.0
1790633700,0x2f1AD479C495CCa0eF1E3eCA6981feea47eaFc3d,3,260.24,0.0,0.0,0.0,-0.07,0.03
1790633700,0x3aAa2bB57a0eFeA8F6f89423A923f7107c33471B,18,60816.04,585558.79,8769.33,4520.29,373.14,0.0
1790633700,0x3bf64B8c8ce86abDBcF44Fa5a559E27eb9F63Efb,3,0.0,294644.18,2472.17,1955.19,-12.38,0.0
1790633700,0x42974A167De3F098cEf1Ffbf5f250D33a9200520,1,0.0,422.71,0.0,46.08,0.0,0.0
1790633700,0x42d30F10216Ad02c349023C29ba6F2A91A74F206,4,0.0,5025.11,45.82,12.03,0.0,1.75
1790633700,0x4F5885b98d9D00EE545825b6345eA93d6940c407,2,0.0,32046.39,0.0,4997.51,1257.78,10.61
1790633700,0x793F59010D878848327aF4052790273D01215D62,1,0.0,3672.45,0.0,0.0,0.0,0.0
1790633700,0x79e2296Ec5ee1D19cd58a44DDAe57dFCaf6066a1,2,0.0,11742.0,1280.0,0.0,0.0,4.02
1790633700,0x8E87D8308D439c88dDF48762AA5D3C99b8366a3a,14,45966.56,0.0,0.0,0.0,35.68,5.95
1790633700,0x8bECA95d65E94A20E54df095e78238425075F66e,8,0.0,318829.29,1958.7,1650.8,2056.58,99.65
1790633700,0x94e002669D90cf09f8Cb9F6A9846B0A6A0873Ff3,1,0.0,3672.45,0.0,0.0,0.0,3.67
1790633700,0x9cc5a10733F45D306a437d397212DdE83b52DBD5,1,0.0,8678.34,242.0,0.0,0.0,0.87
1790633700,0xBC8015FA779be6ac91e5616f37e1768b8DbC16df,1,0.0,19233.18,708.48,0.0,0.0,0.0
1790633700,0xD346cf90e5e7fDe0AAdaAac50877553fdd54250a,8,0.0,51711.76,0.0,0.0,38437.92,46.54
1790633700,0xE1DC5576b36c78C75e6Abf2E1B121Db20A6069b7,1,0.0,19233.18,0.0,708.48,0.0,1.44
1790633700,0xE89544E0ef15934509c2240f65eB611be3E47a65,1,4340.0,0.0,0.0,0.0,-349.55,0.43
1790633700,0xEA2Eec3dc92E860ca7c00DDa51f1AfbCD1fC2E73,7,28975.93,0.0,0.0,0.0,0.0,4.34
1790633700,0xd34bFc021AC39722490Db9a38D5e22c2A593e78a,1,0.0,22034.73,0.0,0.0,0.0,33.05
1790633700,0xda50a7E41BEb66B2a613bc22a206fb1cF34FFaE2,7,0.0,1579.6,0.0,0.0,-9.29,0.0
1790633700,0xebC11Ac4450E3eA74F5D65e5c0138A0C50a2DE4f,4,0.0,5025.11,12.03,45.82,0.0,0.0
1790633700,0xfB39EEE697e63A5d13b6c104fA2E043C87E4A816,5,0.0,547505.0,3282.86,6244.0,-317.38,86.81
1790634600,0x0F9352C0156fbba24a8988f1a6BdAD25c709889E,5,0.0,137.83,0.0,0.0,0.0,0.26
1790634600,0x15efc06FEa57Bda3ceA94A53D5426E78ed4651F3,2,1098.9,0.0,0.0,0.0,-12.25,0.22
1790634600,0x1c847e46576ba210189381C0c512C58278121d42,5,0.0,4942.53,0.0,77.6,0.0,0.0
1790634600,0x1f78Fb1234d2f9685fb35AcB1cf484eca83F8F63,1,550.05,0.0,0.0,0.0,0.0,0.0
1790634600,0x21aa6DC573DA62abFD7E43C84bEF2DA4FE514053,2,301.13,0.0,0.0,0.0,-9.45,0.0
1790634600,0x2367C11Bf16bAa98184B0CB7ff20a14F22A17211,1,0.0,173.9,0.0,16.78,0.0,0.55
1790634600,0x2Fd96bd26E7a3c694DBD5ae5E2C29249a83b8a98,2,3927.14,0.0,0.0,0.0,0.0,0.14
1790634600,0x2f1AD479C495CCa0eF1E3eCA6981feea47eaFc3d,1,86.97,0.0,0.0,0.0,0.0,0.01
1790634600,0x34E832769aa14403c388Eb99ec41702FcD58A6De,1,0.0,832.63,0.0,5.4,-2.33,0.08
1790634600,0x3aAa2bB57a0eFeA8F6f89423A923f7107c33471B,4,40537.61,173.9,16.78,0.0,-137.11,0.0
1790634600,0x3bf64B8c8ce86abDBcF44Fa5a559E27eb9F63Efb,1,0.0,8022.27,324.9,0.0,-24.57,0.0
1790634600,0x79e2296Ec5ee1D19cd58a44DDAe57dFCaf6066a1,5,0.0,4942.53,77.6,0.0,0.0,3.98
1790634600,0x7E34731E3ab4a4438A26138A3136cDe1c182925a,1,0.0,2683.16,0.9,0.0,0.0,0.61
1790634600,0x8E87D8308D439c88dDF48762AA5D3C99b8366a3a,7,44303.99,0.0,0.0,0.0,188.73,6.5
1790634600,0xBC8015FA779be6ac91e5616f37e1768b8DbC16df,1,0.0,12848.68,24.96,0.0,0.0,0.0
1790634600,0xE1DC5576b36c78C75e6Abf2E1B121Db20A6069b7,4,0.0,24898.54,5.4,619.4,3.47,1.03
1790634600,0xEAc2374016613765cF31afDB4AEB6f5d13a63726,1,0.0,2683.16,0.0,0.9,0.0,0.0
1790634600,0xa6a8a0c7bef042f39DB1c1a5d76b90BB85d479E3,2,0.0,16046.45,561.0,324.9,0.0,5.81
1790634600,0xda50a7E41BEb66B2a613bc22a206fb1cF34FFaE2,5,0.0,137.83,0.0,0.0,-7.41,0.0
1790634600,0xe50B1E1ccCD0Cb9Bd022e98096f113d530a1CF09,1,0.0,3193.06,33.44,0.0,0.0,1.46
1790635500,0x0F9352C0156fbba24a8988f1a6BdAD25c709889E,4,0.0,110.54,0.0,0.0,0.0,0.21
1790635500,0x15efc06FEa57Bda3ceA94A53D5426E78ed4651F3,7,32404.88,0.0,0.0,0.0,-577.3,6.48
1790635500,0x1f78Fb1234d2f9685fb35AcB1cf484eca83F8F63,1,549.79,0.0,0.0,0.0,-0.04,0.0
1790635500,0x21aa6DC573DA62abFD7E43C84bEF2DA4FE514053,3,1184.92,0.0,0.0,0.0,-22.59,0.0
1790635500,0x2Fd96bd26E7a3c694DBD5ae5E2C29249a83b8a98,1,999.78,0.0,0.0,0.0,0.0,0.15
1790635500,0x3aAa2bB57a0eFeA8F6f89423A923f7107c33471B,2,1254.69,0.0,0.0,0.0,4.05,0.0
1790635500,0x42d30F10216Ad02c349023C29ba6F2A91A74F206,2,0.0,120153.78,1125.71,293.18,0.0,18.52
1790635500,0x8E87D8308D439c88dDF48762AA5D3C99b8366a3a,4,3582.06,0.0,0.0,0.0,30.42,0.24
1790635500,0xBC8015FA779be6ac91e5616f37e1768b8DbC16df,2,0.0,1476.0,7.66,7.04,0.0,0.0
1790635500,0xE1DC5576b36c78C75e6Abf2E1B121Db20A6069b7,2,29999.02,0.0,0.0,0.0,0.0,0.0
1790635500,0xda50a7E41BEb66B2a613bc22a206fb1cF34FFaE2,4,0.0,110.54,0.0,0.0,-5.55,0.0
1790635500,0xebC11Ac4450E3eA74F5D65e5c0138A0C50a2DE4f,3,0.0,141956.95,4745.68,1125.71,0.0,0.0
1790635500,0xef698DFC8Be573EE20cA86842C15deC0A9C9c44D,2,0.0,1476.0,7.04,7.66,-3.76,1.44
1790635500,0xfE6e3099dc514A63bd2Fe79BD3d9e8a653bBAF06,1,0.0,21803.17,0.0,4452.5,-1034.59,1.76
1790636400,0x0F9352C0156fbba24a8988f1a6BdAD25c709889E,4,0.0,110.44,0.0,0.0,0.0,0.21
1790636400,0x15efc06FEa57Bda3ceA94A53D5426E78ed4651F3,8,16986.1,0.0,0.0,0.0,-300.71,3.4
1790636400,0x1c847e46576ba210189381C0c512C58278121d42,3,0.0,2506.99,0.0,9.2,0.0,0.0
1790636400,0x1f78Fb1234d2f9685fb35AcB1cf484eca83F8F63,4,2165.95,0.0,0.0,0.0,2.23,0.16
1790636400,0x21aa6DC573DA62abFD7E43C84bEF2DA4FE514053,8,1299.63,0.0,0.0,0.0,-29.41,0.0
1790636400,0x2Fd96bd26E7a3c694DBD5ae5E2C29249a83b8a98,2,7995.37,0.0,0.0,0.0,0.0,0.0
1790636400,0x2f1AD479C495CCa0eF1E3eCA6981feea47eaFc3d,2,174.72,0.0,0.0,0.0,-0.48,0.02
1790636400,0x3aAa2bB57a0eFeA8F6f89423A923f7107c33471B,5,87384.77,0.0,0.0,0.0,-49.63,10.11
1790636400,0x42d30F10216Ad02c349023C29ba6F2A91A74F206,4,0.0,25045.37,235.04,61.05,0.0,4.76
1790636400,0x8E87D8308D439c88dDF48762AA5D3C99b8366a3a,12,83044.5,0.0,0.0,0.0,53.16,3.23
1790636400,0x90B4557e823c73b6850bCee8CAB9b8aB79cf66cE,2,0.0,107409.89,6188.0,938.0,0.0,16.61
1790636400,0xE1DC5576b36c78C75e6Abf2E1B121Db20A6069b7,1,14999.28,0.0,0.0,0.0,0.0,0.0
1790636400,0xda50a7E41BEb66B2a613bc22a206fb1cF34FFaE2,4,0.0,110.44,0.0,0.0,-5.79,0.0
1790636400,0xebC11Ac4450E3eA74F5D65e5c0138A0C50a2DE4f,6,0.0,132455.26,999.05,6423.04,74.18,0.0
1790636400,0xfa01529bD217BD76A28305ad1851cC2491D26B59,3,0.0,2506.99,9.2,0.0,0.0,2.25
1790637300,0x0F9352C0156fbba24a8988f1a6BdAD25c709889E,4,0.0,111.12,0.0,0.0,0.0,0.21
1790637300,0x15efc06FEa57Bda3ceA94A53D5426E78ed4651F3,6,24885.97,0.0,0.0,0.0,0.0,4.98
1790637300,0x1f78Fb1234d2f9685fb35AcB1cf484eca83F8F63,2,1214.68,0.0,0.0,0.0,-4.06,0.1
1790637300,0x21aa6DC573DA62abFD7E43C84bEF2DA4FE514053,2,253.76,0.0,0.0,0.0,-6.48,0.0
1790637300,0x2Fd96bd26E7a3c694DBD5ae5E2C29249a83b8a98,1,997.69,0.0,0.0,0.0,0.0,0.15
1790637300,0x2d5E3844E825A91607D15265b120b63Cfb55B84D,2,0.0,129206.7,0.0,5211.0,0.0,39.76
1790637300,0x2f1AD479C495CCa0eF1E3eCA6981feea47eaFc3d,1,87.5,0.0,0.0,0.0,0.19,0.01
1790637300,0x3aAa2bB57a0eFeA8F6f89423A923f7107c33471B,4,48872.44,61142.67,601.0,265.7,-670.64,0.0
1790637300,0x7E34731E3ab4a4438A26138A3136cDe1c182925a,4,0.0,10759.98,2.6,0.0,0.0,2.33
1790637300,0x8E87D8308D439c88dDF48762AA5D3C99b8366a3a,14,48762.12,0.0,0.0,0.0,96.9,3.28
1790637300,0x978e3eb7997a9575cdE1799176829073d2876Fb9,1,28884.5,0.0,0.0,0.0,0.0,4.33
1790637300,0xEA2Eec3dc92E860ca7c00DDa51f1AfbCD1fC2E73,1,664.91,0.0,0.0,0.0,34.14,0.0
1790637300,0xEAc2374016613765cF31afDB4AEB6f5d13a63726,4,0.0,10759.98,0.0,2.6,0.0,0.0
1790637300,0xd34bFc021AC39722490Db9a38D5e22c2A593e78a,7,0.0,1854.76,0.0,0.0,31.34,2.85
1790637300,0xda50a7E41BEb66B2a613bc22a206fb1cF34FFaE2,11,0.0,1965.88,0.0,0.0,-4.38,0.0
1790637300,0xdcDC2eB3b6fFedA40337B2b558A324bf1CCA8005,1,0.0,19401.44,265.7,0.0,0.0,6.32
1790637300,0xebC11Ac4450E3eA74F5D65e5c0138A0C50a2DE4f,1,0.0,87465.47,4610.0,0.0,0.0,0.0
1790638200,0x0F9352C0156fbba24a8988f1a6BdAD25c709889E,4,0.0,110.87,0.0,0.0,0.0,0.21
1790638200,0x11a945E87EF48FDeF594fA4d70f7F16265fC39Cf,4,0.0,538005.3,5537.5,1005.0,0.0,139.3
1790638200,0x15efc06FEa57Bda3ceA94A53D5426E78ed4651F3,8,33487.44,0.0,0.0,0.0,-26.1,6.69
1790638200,0x1f78Fb1234d2f9685fb35AcB1cf484eca83F8F63,2,1099.2,0.0,0.0,0.0,1.0,0.0
1790638200,0x21aa6DC573DA62abFD7E43C84bEF2DA4FE514053,3,576.87,0.0,0.0,0.0,-4.74,0.0
1790638200,0x2f1AD479C495CCa0eF1E3eCA6981feea47eaFc3d,1,87.41,0.0,0.0,0.0,0.0,0.01
1790638200,0x3aAa2bB57a0eFeA8F6f89423A923f7107c33471B,5,20819.88,530028.18,2000.91,611.1,3553.68,0.0
1790638200,0x8E87D8308D439c88dDF48762AA5D3C99b8366a3a,8,25092.54,0.0,0.0,0.0,33.88,3.31
1790638200,0xD9884e6f8a8Bc801E24bB19E371d71D626C22680,2,0.0,269094.68,0.0,2000.91,0.0,36.78
1790638200,0xE1DC5576b36c78C75e6Abf2E1B121Db20A6069b7,3,29998.51,142571.91,0.0,333.9,0.0,0.0
1790638200,0xda50a7E41BEb66B2a613bc22a206fb1cF34FFaE2,4,0.0,110.87,0.0,0.0,-2.74,0.0
1790638200,0xebC11Ac4450E3eA74F5D65e5c0138A0C50a2DE4f,2,0.0,134499.89,1005.0,4592.5,0.0,0.0
1790639100,0x0F9352C0156fbba24a8988f1a6BdAD25c709889E,4,0.0,110.71,0.0,0.0,0.0,0.21
1790639100,0x15efc06FEa57Bda3ceA94A53D5426E78ed4651F3,2,28364.47,0.0,0.0,0.0,0.0,5.67
1790639100,0x21aa6DC573DA62abFD7E43C84bEF2DA4FE514053,6,1643.44,0.0,0.0,0.0,-18.75,0.05
1790639100,0x2Fd96bd26E7a3c694DBD5ae5E2C29249a83b8a98,11,18704.91,0.0,0.0,0.0,0.0,0.56
1790639100,0x3aAa2bB57a0eFeA8F6f89423A923f7107c33471B,1,0.0,4451.38,0.0,330.0,-62.87,0.0
1790639100,0x3bf64B8c8ce86abDBcF44Fa5a559E27eb9F63Efb,3,0.0,365182.26,12048.23,7173.33,-2725.31,0.0
1790639100,0x5575837C337Ed4B33E7cC425d1ba2B77F83d6F5B,1,0.0,4451.38,330.0,0.0,0.0,1.84
1790639100,0x8E87D8308D439c88dDF48762AA5D3C99b8366a3a,17,47440.5,0.0,0.0,0.0,158.05,2.35
1790639100,0xAB1FB502bC1733fe97A54680D6BA7a33299c86fc,1,0.0,37133.44,1600.2,0.0,0.0,11.64
1790639100,0xEAc2374016613765cF31afDB4AEB6f5d13a63726,2,0.0,699033.85,663.0,3107.0,-2051.68,0.0
1790639100,0xafbAFB6e4cb5268dF843542012FEe9d3B9345A34,2,0.0,699033.85,3107.0,663.0,0.0,105.36
1790639100,0xda50a7E41BEb66B2a613bc22a206fb1cF34FFaE2,4,0.0,110.71,0.0,0.0,-2.85,0.0
1790639100,0xe9377e88E5f3E01b4732bE0f23A189F8550FB8C7,2,0.0,328048.82,5573.13,12048.23,798.49,49.71
