bucket_ts,wallet,legs,perp_notional_usd,option_notional_usd,premium_bought_usd,premium_sold_usd,realized_pnl_usd,fees_usd
1790812800,0x15efc06FEa57Bda3ceA94A53D5426E78ed4651F3,2,1091.35,0.0,0.0,0.0,-1.66,0.16
1790812800,0x1f78Fb1234d2f9685fb35AcB1cf484eca83F8F63,3,1648.63,0.0,0.0,0.0,0.0,0.0
1790812800,0x21aa6DC573DA62abFD7E43C84bEF2DA4FE514053,2,353.9,0.0,0.0,0.0,2.17,0.04
1790812800,0x2Fd96bd26E7a3c694DBD5ae5E2C29249a83b8a98,20,51266.85,0.0,0.0,0.0,-13.36,0.25
1790812800,0x3aAa2bB57a0eFeA8F6f89423A923f7107c33471B,18,147914.89,104615.56,0.0,39.0,-359.75,18.92
1790812800,0x4321D7527B0a40921382cA81C44DD22E453193a8,2,0.0,104615.56,39.0,0.0,0.0,5.88
1790812800,0x6Cf144eb80f885376Ce31c87521c2f34E0887431,5,249.68,0.0,0.0,0.0,-1.47,0.12
1790812800,0x6eCAfc045F42372bbb4aF64a3Ec8904237739EB1,1,0.0,148.83,20.0,0.0,0.0,0.01
1790812800,0x87b8df4f8a95b719fda56ca067BE9F4C5687A694,4,4541.05,4459.23,0.0,56.0,2.23,3.72
1790812800,0x8E87D8308D439c88dDF48762AA5D3C99b8366a3a,63,244393.76,0.0,0.0,0.0,70.28,10.04
1790812800,0x94Ba2811ddc8b22D81AB48073FaB8f845d6EC850,3,0.0,892.82,0.0,0.0,0.0,1.35
1790812800,0xCDa43aF0E62ea12faE2BFF016557B6aB37Ec98B0,35,65012.73,0.0,0.0,0.0,0.0,19.5
1790812800,0xEA2Eec3dc92E860ca7c00DDa51f1AfbCD1fC2E73,2,3.95,0.0,0.0,0.0,0.04,0.0
1790812800,0xF657d1E7860bEA6828252ba65f027459eEB6F7dE,1,0.0,4310.41,36.0,0.0,92.26,0.43
1790812800,0xF7957c8b20DbD3FcA93686B07679aee8e6755c43,1,10006.21,0.0,0.0,0.0,-142.3,0.0
1790812800,0xb919aCEDE6aD150683Fb4b081724a990198b8781,1,834.21,0.0,0.0,0.0,11.26,0.08
1790812800,0xda50a7E41BEb66B2a613bc22a206fb1cF34FFaE2,3,0.0,892.82,0.0,0.0,23.0,0.0
1790812800,0xfE6e3099dc514A63bd2Fe79BD3d9e8a653bBAF06,8,31646.12,0.0,0.0,0.0,-266.94,2.03
1790813700,0x0d6CB814aAd836DA19de93a3F68A025369f78A72,2,0.0,16085.03,137.7,31.8,0.0,2.91
1790813700,0x15efc06FEa57Bda3ceA94A53D5426E78ed4651F3,5,37608.39,0.0,0.0,0.0,-32.12,5.64
1790813700,0x1f78Fb1234d2f9685fb35AcB1cf484eca83F8F63,1,630.09,0.0,0.0,0.0,0.0,0.0
1790813700,0x1fD0876eEAaB1Af9BbF3EeB70064bc03bf111718,1,1625.22,0.0,0.0,0.0,-15.56,0.0
1790813700,0x21aa6DC573DA62abFD7E43C84bEF2DA4FE514053,1,145.32,0.0,0.0,0.0,3.33,0.0
1790813700,0x2Fd96bd26E7a3c694DBD5ae5E2C29249a83b8a98,10,23992.61,0.0,0.0,0.0,19.89,0.45
1790813700,0x3aAa2bB57a0eFeA8F6f89423A923f7107c33471B,19,107129.75,450714.14,4072.9,12461.08,-6994.64,15.31
1790813700,0x3bf64B8c8ce86abDBcF44Fa5a559E27eb9F63Efb,5,0.0,1168328.73,1226.47,4308.27,-20.67,0.0
1790813700,0x3d49C68670466128a3EDE5CfCF1EE6d5F9ef006B,4,0.0,1167707.12,4263.41,1226.47,0.0,176.16
1790813700,0x4A0F9137A15Af38f9a3640DC3fAa8982DEC22df5,1,0.0,2680.05,4.0,0.0,0.0,1.0
1790813700,0x5323F6E9Df2F3501Ef25eeAC6352140bDC19FB78,6,0.0,450714.14,12461.08,4072.9,0.0,69.11
1790813700,0x5767508B41cff5B45bdC932834B1e165B5880B8b,3,0.0,570.76,0.0,0.0,16.45,0.86
1790813700,0x889a18bc957a848c89000812706A5A9E0397E39f,2,0.0,1243.23,44.85,46.5,0.27,1.37
1790813700,0x8E87D8308D439c88dDF48762AA5D3C99b8366a3a,34,177226.41,0.0,0.0,0.0,200.1,2.19
1790813700,0x978e3eb7997a9575cdE1799176829073d2876Fb9,1,630.09,0.0,0.0,0.0,0.0,0.09
1790813700,0xBC8015FA779be6ac91e5616f37e1768b8DbC16df,2,1002.03,2680.05,0.0,4.0,6.95,0.15
1790813700,0xCDa43aF0E62ea12faE2BFF016557B6aB37Ec98B0,7,15007.47,0.0,0.0,0.0,0.0,4.5
1790813700,0xF03fe62773455c21b7B3ACD92fF2bbD8641Af9a0,1,0.0,621.62,46.5,0.0,0.0,0.06
1790813700,0xF410a21c69dD8fACD85c8413217556A574Dbc296,3,0.0,570.76,0.0,0.0,0.0,0.51
1790813700,0xF7957c8b20DbD3FcA93686B07679aee8e6755c43,1,1002.03,0.0,0.0,0.0,0.0,0.0
1790813700,0xebC11Ac4450E3eA74F5D65e5c0138A0C50a2DE4f,2,0.0,16085.03,31.8,137.7,0.0,0.0
1790813700,0xfE6e3099dc514A63bd2Fe79BD3d9e8a653bBAF06,5,18007.5,0.0,0.0,0.0,-78.08,2.7
1790814600,0x021d21f43d6d8921eF876Ec72f59E45820883B8F,3,0.0,2212.94,19.8,56.78,0.0,0.0
1790814600,0x15efc06FEa57Bda3ceA94A53D5426E78ed4651F3,4,30085.54,0.0,0.0,0.0,-1.3,4.41
1790814600,0x1f78Fb1234d2f9685fb35AcB1cf484eca83F8F63,2,1019.3,0.0,0.0,0.0,0.0,0.07
1790814600,0x21aa6DC573DA62abFD7E43C84bEF2DA4FE514053,1,99.09,0.0,0.0,0.0,2.08,0.0
1790814600,0x2Fd96bd26E7a3c694DBD5ae5E2C29249a83b8a98,5,10217.15,0.0,0.0,0.0,10.01,0.18
1790814600,0x37Dbb43A23f958481d66c60E79a3750D2988a495,4,0.0,27532.05,26.54,24.37,-4.24,2.06
1790814600,0x3aAa2bB57a0eFeA8F6f89423A923f7107c33471B,7,47651.57,0.0,0.0,0.0,-135.56,2.82
1790814600,0x3bf64B8c8ce86abDBcF44Fa5a559E27eb9F63Efb,1,0.0,834.31,0.0,18.89,-78.85,0.0
1790814600,0x3d49dc57389da315394AeB6984C39Ea0dc4fa9C8,1,0.0,4955.88,13.2,0.0,44.41,1.99
1790814600,0x6c0837576101A0D37656eF8f65a724c674AffB0c,2,0.0,924.43,28.87,0.0,7.89,1.28
1790814600,0x8E87D8308D439c88dDF48762AA5D3C99b8366a3a,12,73747.09,0.0,0.0,0.0,45.99,4.11
1790814600,0x978e3eb7997a9575cdE1799176829073d2876Fb9,2,8654.62,0.0,0.0,0.0,0.0,1.3
1790814600,0xA48232D674F993126945B9158d8eD64320883567,1,0.0,4955.88,0.0,13.2,-52.92,0.0
1790814600,0xBC8015FA779be6ac91e5616f37e1768b8DbC16df,2,0.0,13765.77,0.0,26.54,0.0,0.0
1790814600,0xE1DC5576b36c78C75e6Abf2E1B121Db20A6069b7,2,0.0,13766.28,24.37,0.0,22.32,0.0
1790814600,0xF7957c8b20DbD3FcA93686B07679aee8e6755c43,1,472.43,0.0,0.0,0.0,-1.32,0.0
1790814600,0xbD7f403814aAB81Da706d1966Bc3f4B0420571FD,2,0.0,2122.83,46.8,19.8,0.0,0.82
1790815500,0x15efc06FEa57Bda3ceA94A53D5426E78ed4651F3,2,19297.49,0.0,0.0,0.0,-41.84,2.89
1790815500,0x21aa6DC573DA62abFD7E43C84bEF2DA4FE514053,1,408.38,0.0,0.0,0.0,0.0,0.06
1790815500,0x2Fd96bd26E7a3c694DBD5ae5E2C29249a83b8a98,3,2880.69,0.0,0.0,0.0,22.13,0.43
1790815500,0x3aAa2bB57a0eFeA8F6f89423A923f7107c33471B,5,20004.59,21469.22,7.68,18.18,0.0,0.0
1790815500,0x3bf64B8c8ce86abDBcF44Fa5a559E27eb9F63Efb,1,0.0,1321.32,0.0,22.69,0.0,0.0
1790815500,0x4321D7527B0a40921382cA81C44DD22E453193a8,3,0.0,131546.98,98.0,0.0,0.0,13.25
1790815500,0x80e93386C24B88609919Fbfd6D47124184afBE57,1,63.4,0.0,0.0,0.0,0.0,0.03
1790815500,0x8E87D8308D439c88dDF48762AA5D3C99b8366a3a,12,65979.94,0.0,0.0,0.0,16.53,5.99
1790815500,0x978e3eb7997a9575cdE1799176829073d2876Fb9,1,63.4,0.0,0.0,0.0,0.0,0.0
1790815500,0xA48232D674F993126945B9158d8eD64320883567,1,0.0,1887.7,42.84,0.0,0.0,0.0
1790815500,0xBC8015FA779be6ac91e5616f37e1768b8DbC16df,2,0.0,4429.99,40.3,2.0,5.86,0.0
1790815500,0xC41077487FA95167e319E2d78EC36ca382E8DCAF,3,1429.07,3489.96,0.0,89.38,-2.0,1.64
1790815500,0xE1DC5576b36c78C75e6Abf2E1B121Db20A6069b7,3,0.0,130606.95,49.08,96.0,23.14,0.13
1790815500,0xEAc2374016613765cF31afDB4AEB6f5d13a63726,2,0.0,16104.12,0.0,216.3,0.0,0.0
1790815500,0xb7D5a0188995Df4335CfaB17f20eED1889F1f59A,2,0.0,3209.03,22.69,42.84,-32.25,1.96
1790815500,0xdA14B0ab7c8F82F1587902B86ae2562f8AF0d62b,6,0.0,37573.35,234.48,7.68,5.51,5.58
1790815500,0xfE6e3099dc514A63bd2Fe79BD3d9e8a653bBAF06,2,17960.0,0.0,0.0,0.0,-27.88,0.0
1790816400,0x15efc06FEa57Bda3ceA94A53D5426E78ed4651F3,5,15227.64,0.0,0.0,0.0,0.77,2.28
1790816400,0x1f78Fb1234d2f9685fb35AcB1cf484eca83F8F63,1,898.04,0.0,0.0,0.0,-1.45,0.13
1790816400,0x21aa6DC573DA62abFD7E43C84bEF2DA4FE514053,1,277.57,0.0,0.0,0.0,4.99,0.04
1790816400,0x2Fd96bd26E7a3c694DBD5ae5E2C29249a83b8a98,4,7160.53,0.0,0.0,0.0,3.52,0.17
1790816400,0x3aAa2bB57a0eFeA8F6f89423A923f7107c33471B,1,164.24,0.0,0.0,0.0,-4.27,0.0
1790816400,0x3d10912816524e3F9fe219e4D2801e79c35bCDcD,4,0.0,63658.13,133.55,433.46,0.0,10.55
1790816400,0x57D20F8aF5875aD611dC836f78e4992DDA5E6073,1,0.0,5366.47,0.0,11.2,0.0,0.0
1790816400,0x8E87D8308D439c88dDF48762AA5D3C99b8366a3a,9,22501.51,0.0,0.0,0.0,5.9,0.9
1790816400,0xE1DC5576b36c78C75e6Abf2E1B121Db20A6069b7,1,0.0,4859.16,31.68,0.0,0.0,0.0
1790816400,0xEAc2374016613765cF31afDB4AEB6f5d13a63726,4,0.0,122225.82,190.67,41.54,0.0,0.0
1790816400,0xEE8173A6C17356Aa0f36A9Ac94E66a1e9Db154d2,2,0.0,10225.63,11.2,31.68,21.6,3.86
1790816400,0xF7957c8b20DbD3FcA93686B07679aee8e6755c43,1,898.04,0.0,0.0,0.0,0.0,0.0
1790816400,0xe138ddC133a13F3eC9Ad0926016A7Ec0B20fbA6B,2,0.0,94384.63,8.04,0.0,0.0,2.0
1790816400,0xebC11Ac4450E3eA74F5D65e5c0138A0C50a2DE4f,2,0.0,35816.95,242.79,100.05,0.0,0.0
1790817300,0x6772329A85E1333570d277180b4FB91C88d4C7FE,1,0.0,1479.43,12.04,0.0,0.0,0.15
1790817300,0xE1DC5576b36c78C75e6Abf2E1B121Db20A6069b7,1,0.0,1479.43,0.0,12.04,0.0,0.11
1790818200,0x006C1E28F9A8423F57bd8eB8C1A5edcebb74EEd6,2,1180.13,0.0,0.0,0.0,0.41,0.37
1790818200,0x15efc06FEa57Bda3ceA94A53D5426E78ed4651F3,6,5994.55,0.0,0.0,0.0,-3.74,0.8
1790818200,0x21aa6DC573DA62abFD7E43C84bEF2DA4FE514053,2,788.84,0.0,0.0,0.0,5.79,0.07
1790818200,0x2Fd96bd26E7a3c694DBD5ae5E2C29249a83b8a98,4,9992.78,0.0,0.0,0.0,6.08,0.15
1790818200,0x3aAa2bB57a0eFeA8F6f89423A923f7107c33471B,3,1524.31,0.0,0.0,0.0,1.32,0.0
1790818200,0x3bf64B8c8ce86abDBcF44Fa5a559E27eb9F63Efb,1,0.0,74908.32,3186.0,0.0,7.2,0.0
1790818200,0x8E87D8308D439c88dDF48762AA5D3C99b8366a3a,19,25065.9,0.0,0.0,0.0,22.42,2.2
1790818200,0xAB1FB502bC1733fe97A54680D6BA7a33299c86fc,1,0.0,74908.32,0.0,3186.0,-231.75,22.97
1790818200,0xD73467b55b9236f89619F426cC71dbB173F09e6B,1,494.63,0.0,0.0,0.0,0.0,0.05
1790818200,0xEA2Eec3dc92E860ca7c00DDa51f1AfbCD1fC2E73,1,283.7,0.0,0.0,0.0,0.0,0.0
1790819100,0x15efc06FEa57Bda3ceA94A53D5426E78ed4651F3,1,89.62,0.0,0.0,0.0,0.0,0.01
1790819100,0x21aa6DC573DA62abFD7E43C84bEF2DA4FE514053,3,452.81,0.0,0.0,0.0,6.47,0.0
1790819100,0x2Fd96bd26E7a3c694DBD5ae5E2C29249a83b8a98,4,7158.19,0.0,0.0,0.0,0.33,0.17
1790819100,0x3aAa2bB57a0eFeA8F6f89423A923f7107c33471B,1,159.79,0.0,0.0,0.0,-3.89,0.0
1790819100,0x3bf64B8c8ce86abDBcF44Fa5a559E27eb9F63Efb,2,0.0,212858.12,15903.72,22303.34,42.35,0.0
1790819100,0x4d717A71e2337eb68bb0FafaBdeF5986CE20df4B,3,0.0,17068.85,0.0,0.0,10993.77,17.07
1790819100,0x793F59010D878848327aF4052790273D01215D62,2,0.0,8046.5,0.0,0.0,0.0,4.02
1790819100,0x80e93386C24B88609919Fbfd6D47124184afBE57,1,71.9,0.0,0.0,0.0,0.0,0.03
1790819100,0x8E87D8308D439c88dDF48762AA5D3C99b8366a3a,10,39938.02,0.0,0.0,0.0,-20.6,3.63
1790819100,0xB90134C652814890691671c849381A0B3cdD0247,1,7708.53,0.0,0.0,0.0,0.0,2.32
1790819100,0xDeDB60e5DD188b74cF4814CDB434FcE267fa49aA,2,20866.1,0.0,0.0,0.0,0.0,3.1
1790819100,0xEA2Eec3dc92E860ca7c00DDa51f1AfbCD1fC2E73,1,71.9,0.0,0.0,0.0,0.22,0.0
1790819100,0xF410a21c69dD8fACD85c8413217556A574Dbc296,1,0.0,9022.35,0.0,0.0,0.0,8.12
1790819100,0xf9272b7C86d846038cb0c9664354A00bA62E2cCC,2,0.0,212858.12,22303.34,15903.72,0.0,32.43
1790820000,0x15efc06FEa57Bda3ceA94A53D5426E78ed4651F3,1,996.68,0.0,0.0,0.0,-3.33,0.15
1790820000,0x1c847e46576ba210189381C0c512C58278121d42,1,996.68,0.0,0.0,0.0,-35.4,0.0
1790820000,0x21aa6DC573DA62abFD7E43C84bEF2DA4FE514053,1,389.32,0.0,0.0,0.0,0.0,0.06
1790820000,0x2Fd96bd26E7a3c694DBD5ae5E2C29249a83b8a98,3,6070.4,0.0,0.0,0.0,0.0,0.0
1790820000,0x3aAa2bB57a0eFeA8F6f89423A923f7107c33471B,1,0.0,26874.23,0.0,26.14,-196.97,0.0
1790820000,0x80e93386C24B88609919Fbfd6D47124184afBE57,1,71.46,0.0,0.0,0.0,0.0,0.03
1790820000,0x8E87D8308D439c88dDF48762AA5D3C99b8366a3a,8,68167.24,0.0,0.0,0.0,649.03,1.2
1790820000,0x978e3eb7997a9575cdE1799176829073d2876Fb9,3,57779.32,0.0,0.0,0.0,0.0,8.67
1790820000,0xB3D11Ee445CA160384A0E84451fEA7E8137035e3,1,0.0,26874.23,26.14,0.0,0.0,3.77
1790820000,0xC36717ADB70F7fB9bfFb37b1277ec4C0d00d60c6,1,0.0,269.24,0.1,0.0,0.58,0.01
1790820000,0xE1DC5576b36c78C75e6Abf2E1B121Db20A6069b7,1,0.0,269.24,0.0,0.1,0.0,0.01
1790820900,0x06fCE0901B4FD85dADf2a46f04634C500e859E2c,1,669.0,0.0,0.0,0.0,0.0,0.07
1790820900,0x15efc06FEa57Bda3ceA94A53D5426E78ed4651F3,83,1171164.46,0.0,0.0,0.0,4.47,115.11
1790820900,0x19e5008B1C8af6A6711e167ee94e167Bdb73A636,2,0.0,26861.34,893.0,219.0,0.0,4.53
1790820900,0x1f78Fb1234d2f9685fb35AcB1cf484eca83F8F63,5,1473.55,0.0,0.0,0.0,-3.17,0.0
1790820900,0x21aa6DC573DA62abFD7E43C84bEF2DA4FE514053,1,264.58,0.0,0.0,0.0,2.58,0.0
1790820900,0x2Fd96bd26E7a3c694DBD5ae5E2C29249a83b8a98,58,177017.75,0.0,0.0,0.0,-0.88,0.18
1790820900,0x346D8C1365Da6f7a03720969B66df4371b54c55F,1,0.0,5421.38,204.81,0.0,0.0,0.54
1790820900,0x3aAa2bB57a0eFeA8F6f89423A923f7107c33471B,313,6025961.29,5371342.63,370134.95,0.0,-149966.3,762.41
1790820900,0x8E87D8308D439c88dDF48762AA5D3C99b8366a3a,182,3376248.6,0.0,0.0,0.0,24.17,17.88
1790820900,0x8da08d7346c9cc74461d46fb1B2Ec44507E444Cb,1,0.0,536643.58,180.0,0.0,0.0,23.0
1790820900,0x9162bC7e6586a2b197c7b1AcFf47C0fE31DAD0C8,4,3214.42,0.0,0.0,0.0,-13.08,0.0
1790820900,0x96B97d96AC85373307294E05DFd9D548E3BBa701,1,0.0,5371342.63,0.0,370134.95,119432.18,402.98
1790820900,0x978e3eb7997a9575cdE1799176829073d2876Fb9,38,419375.22,0.0,0.0,0.0,213.67,12.33
1790820900,0xB63b235536A7B383F0B342a980c8466AdC475795,1,0.0,53775.12,94.0,0.0,0.0,12.25
1790820900,0xBC8015FA779be6ac91e5616f37e1768b8DbC16df,13,12979.8,0.0,0.0,0.0,26.14,0.0
1790820900,0xE1DC5576b36c78C75e6Abf2E1B121Db20A6069b7,1,0.0,5421.38,0.0,204.81,0.0,0.41
1790820900,0xEA2Eec3dc92E860ca7c00DDa51f1AfbCD1fC2E73,8,134094.34,0.0,0.0,0.0,-2944.49,6.01
1790820900,0xEAc2374016613765cF31afDB4AEB6f5d13a63726,3,0.0,563504.92,219.0,1073.0,-1517.62,0.0
1790820900,0xF7957c8b20DbD3FcA93686B07679aee8e6755c43,27,855386.18,0.0,0.0,0.0,-951.04,0.0
1790820900,0xebC11Ac4450E3eA74F5D65e5c0138A0C50a2DE4f,1,0.0,53775.12,0.0,94.0,0.0,0.0
1790821800,0x19e5008B1C8af6A6711e167ee94e167Bdb73A636,4,0.0,53763.92,1788.0,437.0,0.0,9.06
1790821800,0x1f78Fb1234d2f9685fb35AcB1cf484eca83F8F63,4,2645.66,0.0,0.0,0.0,1.2,0.08
1790821800,0x209572A59770F98cc3916aE96006F4913D58dD73,8,99457.65,0.0,0.0,0.0,0.0,30.01
1790821800,0x21aa6DC573DA62abFD7E43C84bEF2DA4FE514053,3,486.07,0.0,0.0,0.0,2.35,0.04
1790821800,0x2Fd96bd26E7a3c694DBD5ae5E2C29249a83b8a98,42,130262.15,0.0,0.0,0.0,1245.88,0.0
1790821800,0x3aAa2bB57a0eFeA8F6f89423A923f7107c33471B,185,2999928.08,2951426.11,84771.04,29170.85,-64335.39,350.87
1790821800,0x57D20F8aF5875aD611dC836f78e4992DDA5E6073,1,0.0,10757.16,0.0,54.4,0.0,0.0
1790821800,0x6772329A85E1333570d277180b4FB91C88d4C7FE,1,0.0,1476.35,0.0,3.3,-9.81,0.91
1790821800,0x8E87D8308D439c88dDF48762AA5D3C99b8366a3a,193,2868280.53,0.0,0.0,0.0,504.69,57.67
1790821800,0x8da08d7346c9cc74461d46fb1B2Ec44507E444Cb,4,0.0,402790.43,1595.0,0.0,0.0,85.66
1790821800,0x9162bC7e6586a2b197c7b1AcFf47C0fE31DAD0C8,1,757.2,0.0,0.0,0.0,-36.57,0.0
1790821800,0x94e002669D90cf09f8Cb9F6A9846B0A6A0873Ff3,1,0.0,42.22,0.0,0.0,0.0,0.04
1790821800,0x96B97d96AC85373307294E05DFd9D548E3BBa701,2,0.0,4911065.96,93750.0,84771.04,47332.82,368.58
1790821800,0x978e3eb7997a9575cdE1799176829073d2876Fb9,45,241173.34,0.0,0.0,0.0,2628.64,7.77
1790821800,0xB90134C652814890691671c849381A0B3cdD0247,2,2098.84,0.0,0.0,0.0,11.55,0.63
1790821800,0xBC8015FA779be6ac91e5616f37e1768b8DbC16df,43,40953.66,38687.46,0.0,221.76,-45.44,0.0
1790821800,0xD9d6380c1BEBb11C47b0C60F56ad5Fc2BC44E6e6,2,0.0,10739.5,169.4,0.0,0.0,4.22
1790821800,0xE1DC5576b36c78C75e6Abf2E1B121Db20A6069b7,4,0.0,169869.45,123.52,299.8,-123.56,2.26
1790821800,0xEA2Eec3dc92E860ca7c00DDa51f1AfbCD1fC2E73,117,1886192.24,0.0,0.0,0.0,-43829.4,216.18
1790821800,0xEAc2374016613765cF31afDB4AEB6f5d13a63726,6,0.0,170114.1,440.3,2695.36,15.03,8.62
1790821800,0xF7957c8b20DbD3FcA93686B07679aee8e6755c43,29,349637.46,0.0,0.0,0.0,0.0,0.0
1790821800,0xb4B8Bd706d926c579DDd24759bbb4C2460734Df9,1,0.0,127496.57,28766.25,0.0,1493.2,38.75
1790821800,0xdA14B0ab7c8F82F1587902B86ae2562f8AF0d62b,1,0.0,42.22,0.0,0.0,-1.65,0.06
1790821800,0xebC11Ac4450E3eA74F5D65e5c0138A0C50a2DE4f,1,0.0,2226718.53,0.0,93750.0,0.0,0.0
1790822700,0x15efc06FEa57Bda3ceA94A53D5426E78ed4651F3,9,33819.15,0.0,0.0,0.0,-547.01,2.89
1790822700,0x1c847e46576ba210189381C0c512C58278121d42,1,0.0,1178.98,0.0,10.0,0.0,0.0
1790822700,0x1f78Fb1234d2f9685fb35AcB1cf484eca83F8F63,1,1495.58,0.0,0.0,0.0,2.8,0.22
1790822700,0x209572A59770F98cc3916aE96006F4913D58dD73,4,100188.19,0.0,0.0,0.0,0.0,10.03
1790822700,0x21aa6DC573DA62abFD7E43C84bEF2DA4FE514053,1,100.16,0.0,0.0,0.0,1.35,0.0
1790822700,0x2Fd96bd26E7a3c694DBD5ae5E2C29249a83b8a98,18,51957.12,0.0,0.0,0.0,-11.04,0.15
1790822700,0x3aAa2bB57a0eFeA8F6f89423A923f7107c33471B,24,464389.22,0.0,0.0,0.0,-2647.0,0.0
1790822700,0x3bf64B8c8ce86abDBcF44Fa5a559E27eb9F63Efb,2,0.0,12515948.87,75914.95,100940.45,0.0,0.0
1790822700,0x80e93386C24B88609919Fbfd6D47124184afBE57,1,59.05,0.0,0.0,0.0,0.0,0.03
1790822700,0x8E87D8308D439c88dDF48762AA5D3C99b8366a3a,112,1093756.58,0.0,0.0,0.0,-53.57,67.87
1790822700,0x94e002669D90cf09f8Cb9F6A9846B0A6A0873Ff3,1,0.0,42.14,0.0,0.0,-0.31,0.04
1790822700,0x96B97d96AC85373307294E05DFd9D548E3BBa701,2,0.0,12515948.87,100940.45,75914.95,0.0,625.92
1790822700,0x978e3eb7997a9575cdE1799176829073d2876Fb9,19,226427.45,0.0,0.0,0.0,13.14,25.7
1790822700,0x9e959325eE8438D25a76Be8C1660BC087521E2C3,1,297.44,0.0,0.0,0.0,2.73,0.1
1790822700,0xBC8015FA779be6ac91e5616f37e1768b8DbC16df,18,16977.61,19319.42,0.0,83.52,0.0,0.0
1790822700,0xD9d6380c1BEBb11C47b0C60F56ad5Fc2BC44E6e6,2,0.0,8488.64,72.0,0.0,0.0,1.58
1790822700,0xE1DC5576b36c78C75e6Abf2E1B121Db20A6069b7,1,0.0,19319.42,83.52,0.0,0.0,1.45
1790822700,0xEA2Eec3dc92E860ca7c00DDa51f1AfbCD1fC2E73,70,870625.9,0.0,0.0,0.0,-7395.07,97.24
1790822700,0xF7957c8b20DbD3FcA93686B07679aee8e6755c43,16,147164.28,0.0,0.0,0.0,0.0,0.0
1790822700,0xd95754330a4bf9A3C8e199ed140817AE07422ee9,1,0.0,7309.66,0.0,62.0,0.0,2.69
1790822700,0xda50a7E41BEb66B2a613bc22a206fb1cF34FFaE2,1,0.0,42.14,0.0,0.0,0.0,0.0
1790822700,0xebC11Ac4450E3eA74F5D65e5c0138A0C50a2DE4f,55,423288.24,0.0,0.0,0.0,0.0,63.47
1790823600,0x15efc06FEa57Bda3ceA94A53D5426E78ed4651F3,12,66744.2,0.0,0.0,0.0,-760.77,2.28
1790823600,0x1f78Fb1234d2f9685fb35AcB1cf484eca83F8F63,2,1081.9,0.0,0.0,0.0,-1.01,0.0
1790823600,0x201D9E8fe6d8F2b471dDD1fE76b6C1fB5a66AE82,1,0.0,939.96,0.0,4.87,0.0,0.09
1790823600,0x21aa6DC573DA62abFD7E43C84bEF2DA4FE514053,3,565.3,0.0,0.0,0.0,3.38,0.05
1790823600,0x2ABccEfE32f7F477EF6979a31A9B3Eee82ba1464,1,0.0,895.48,36.19,0.0,0.0,0.77
1790823600,0x2Fd96bd26E7a3c694DBD5ae5E2C29249a83b8a98,4,11998.8,0.0,0.0,0.0,3.34,0.0
1790823600,0x32D4061aB669668111c53ebB1C6abf414Be66Eac,2,0.0,8509.93,485.92,0.0,0.0,1.78
1790823600,0x3aAa2bB57a0eFeA8F6f89423A923f7107c33471B,5,37443.56,0.0,0.0,0.0,0.24,0.0
1790823600,0x3bf64B8c8ce86abDBcF44Fa5a559E27eb9F63Efb,3,0.0,9405.41,0.0,522.12,0.0,0.0
1790823600,0x8E87D8308D439c88dDF48762AA5D3C99b8366a3a,37,202717.58,0.0,0.0,0.0,85.38,2.11
1790823600,0x978e3eb7997a9575cdE1799176829073d2876Fb9,17,109729.25,0.0,0.0,0.0,2.75,0.16
1790823600,0xBC8015FA779be6ac91e5616f37e1768b8DbC16df,10,11425.74,0.0,0.0,0.0,-154.6,0.0
1790823600,0xE1DC5576b36c78C75e6Abf2E1B121Db20A6069b7,1,0.0,939.96,4.87,0.0,6.9,0.07
1790823600,0xEA2Eec3dc92E860ca7c00DDa51f1AfbCD1fC2E73,18,135449.89,0.0,0.0,0.0,0.0,12.76
1790823600,0xF7957c8b20DbD3FcA93686B07679aee8e6755c43,9,78967.83,0.0,0.0,0.0,0.0,0.0
1790823600,0xebC11Ac4450E3eA74F5D65e5c0138A0C50a2DE4f,65,424897.26,0.0,0.0,0.0,0.0,63.68
1790824500,0x15efc06FEa57Bda3ceA94A53D5426E78ed4651F3,3,28204.75,0.0,0.0,0.0,-241.39,1.34
1790824500,0x21aa6DC573DA62abFD7E43C84bEF2DA4FE514053,1,141.51,0.0,0.0,0.0,0.0,0.02
1790824500,0x2ABccEfE32f7F477EF6979a31A9B3Eee82ba1464,2,0.0,3754.06,22.6,29.06,0.0,1.25
1790824500,0x2Fd96bd26E7a3c694DBD5ae5E2C29249a83b8a98,9,9986.03,0.0,0.0,0.0,0.0,0.6
1790824500,0x3aAa2bB57a0eFeA8F6f89423A923f7107c33471B,7,25294.67,0.0,0.0,0.0,-12.56,1.61
1790824500,0x3bf64B8c8ce86abDBcF44Fa5a559E27eb9F63Efb,3,0.0,26193.58,29.06,533.55,1.14,0.0
1790824500,0x3d10912816524e3F9fe219e4D2801e79c35bCDcD,3,0.0,50264.98,540.12,122.34,0.0,11.91
1790824500,0x5A0112f2A133adCB5Ed21D351a154055198Cd5D4,1,0.0,20846.81,604.75,0.0,0.0,6.75
1790824500,0x8E87D8308D439c88dDF48762AA5D3C99b8366a3a,14,22265.94,0.0,0.0,0.0,65.2,0.45
1790824500,0x978e3eb7997a9575cdE1799176829073d2876Fb9,2,9029.26,0.0,0.0,0.0,0.0,0.0
1790824500,0x9e04AE45913AE8E9F2aC1793a8BE28fA06821172,6,0.0,1269203.56,6075.45,0.0,0.0,252.83
1790824500,0x9e959325eE8438D25a76Be8C1660BC087521E2C3,1,1218.29,0.0,0.0,0.0,9.46,0.38
1790824500,0xBC8015FA779be6ac91e5616f37e1768b8DbC16df,2,1399.17,19325.4,0.0,89.28,-80.87,0.0
1790824500,0xE1DC5576b36c78C75e6Abf2E1B121Db20A6069b7,3,0.0,600222.82,0.0,2876.47,-87.99,0.0
1790824500,0xEA2Eec3dc92E860ca7c00DDa51f1AfbCD1fC2E73,4,6974.55,0.0,0.0,0.0,0.0,0.89
1790824500,0xEAc2374016613765cF31afDB4AEB6f5d13a63726,2,0.0,649655.33,0.0,3109.7,-29.6,48.72
1790824500,0xebC11Ac4450E3eA74F5D65e5c0138A0C50a2DE4f,10,44711.22,48672.28,122.34,633.92,0.0,6.7
1790824500,0xfE6e3099dc514A63bd2Fe79BD3d9e8a653bBAF06,1,7945.87,0.0,0.0,0.0,69.79,0.0
1790825400,0x15efc06FEa57Bda3ceA94A53D5426E78ed4651F3,7,52069.26,0.0,0.0,0.0,0.0,7.81
1790825400,0x1f78Fb1234d2f9685fb35AcB1cf484eca83F8F63,3,1988.65,0.0,0.0,0.0,1.44,0.14
1790825400,0x2Fd96bd26E7a3c694DBD5ae5E2C29249a83b8a98,10,31940.05,0.0,0.0,0.0,26.45,0.0
1790825400,0x3aAa2bB57a0eFeA8F6f89423A923f7107c33471B,40,517074.73,1215423.7,0.0,6593.48,-3248.31,45.0
1790825400,0x3d10912816524e3F9fe219e4D2801e79c35bCDcD,2,0.0,35819.18,114.06,254.79,0.0,5.87
1790825400,0x66b08788899b22aFE17D3c2B167Ce037CcDe9cd2,1,0.0,161473.15,246.0,0.0,0.0,31.25
1790825400,0x8BF0FFB41B02d0425Af717c5fD3570DC208B3c82,2,0.0,85985.11,902.4,827.2,-102.0,26.8
1790825400,0x8E87D8308D439c88dDF48762AA5D3C99b8366a3a,46,364168.4,0.0,0.0,0.0,263.63,29.09
1790825400,0x978e3eb7997a9575cdE1799176829073d2876Fb9,9,125865.26,0.0,0.0,0.0,23.54,14.9
1790825400,0x9e04AE45913AE8E9F2aC1793a8BE28fA06821172,3,0.0,1549750.69,8217.24,0.0,0.0,466.43
1790825400,0xE1DC5576b36c78C75e6Abf2E1B121Db20A6069b7,5,0.0,581785.24,827.2,2772.16,-617.87,0.0
1790825400,0xEA2Eec3dc92E860ca7c00DDa51f1AfbCD1fC2E73,29,218200.33,0.0,0.0,0.0,0.0,4.28
1790825400,0xebC11Ac4450E3eA74F5D65e5c0138A0C50a2DE4f,2,0.0,35819.18,254.79,114.06,0.0,0.0
1790825400,0xfE6e3099dc514A63bd2Fe79BD3d9e8a653bBAF06,3,36494.13,0.0,0.0,0.0,320.51,0.0
1790826300,0x15efc06FEa57Bda3ceA94A53D5426E78ed4651F3,2,1234.1,0.0,0.0,0.0,0.0,0.18
1790826300,0x1f78Fb1234d2f9685fb35AcB1cf484eca83F8F63,3,961.51,0.0,0.0,0.0,1.39,0.07
1790826300,0x1fD0876eEAaB1Af9BbF3EeB70064bc03bf111718,1,591.78,0.0,0.0,0.0,0.0,0.0
1790826300,0x21aa6DC573DA62abFD7E43C84bEF2DA4FE514053,3,622.34,0.0,0.0,0.0,2.79,0.05
1790826300,0x2Fd96bd26E7a3c694DBD5ae5E2C29249a83b8a98,1,2993.89,0.0,0.0,0.0,10.38,0.0
1790826300,0x3aAa2bB57a0eFeA8F6f89423A923f7107c33471B,6,233.67,77890.25,709.82,1112.76,-162.1,0.0
1790826300,0x3d10912816524e3F9fe219e4D2801e79c35bCDcD,1,0.0,20933.57,532.93,0.0,0.0,6.78
1790826300,0x895A87BF65898aDfFBA8547D21a7C4a0797F1eaA,2,29.99,0.0,0.0,0.0,-0.04,0.03
1790826300,0x8E87D8308D439c88dDF48762AA5D3C99b8366a3a,21,62394.26,0.0,0.0,0.0,90.23,4.85
1790826300,0x9162bC7e6586a2b197c7b1AcFf47C0fE31DAD0C8,2,1612.74,0.0,0.0,0.0,-2.58,0.12
1790826300,0x978e3eb7997a9575cdE1799176829073d2876Fb9,3,18271.19,0.0,0.0,0.0,-0.08,0.07
1790826300,0xBC8015FA779be6ac91e5616f37e1768b8DbC16df,2,2799.05,0.0,0.0,0.0,-73.17,0.0
1790826300,0xE1DC5576b36c78C75e6Abf2E1B121Db20A6069b7,1,0.0,1673.35,116.0,0.0,0.0,0.13
1790826300,0xEA2Eec3dc92E860ca7c00DDa51f1AfbCD1fC2E73,17,49548.6,0.0,0.0,0.0,33.25,1.92
1790826300,0xEd36621aa98134b01d10005a912aA3Ff0E38ED3f,1,15.0,0.0,0.0,0.0,0.12,0.0
1790826300,0xF657d1E7860bEA6828252ba65f027459eEB6F7dE,4,0.0,56956.68,579.83,709.82,0.0,9.04
1790826300,0xfE6e3099dc514A63bd2Fe79BD3d9e8a653bBAF06,9,44499.41,0.0,0.0,0.0,324.22,6.67
1790826300,0xfa01529bD217BD76A28305ad1851cC2491D26B59,1,0.0,1673.35,0.0,116.0,-1.83,0.17
1790827200,0x11e736F1CEFDEE2BbA428Ba099Abb0Bda4294F76,1,0.0,592.87,27.06,0.0,0.0,0.06
1790827200,0x15efc06FEa57Bda3ceA94A53D5426E78ed4651F3,2,38.97,0.0,0.0,0.0,-0.42,0.0
1790827200,0x21aa6DC573DA62abFD7E43C84bEF2DA4FE514053,5,651.7,0.0,0.0,0.0,4.98,0.0
1790827200,0x2Fd96bd26E7a3c694DBD5ae5E2C29249a83b8a98,10,23067.22,0.0,0.0,0.0,9.02,0.0
1790827200,0x3aAa2bB57a0eFeA8F6f89423A923f7107c33471B,14,117235.41,0.0,0.0,0.0,-216.39,13.24
1790827200,0x3bf64B8c8ce86abDBcF44Fa5a559E27eb9F63Efb,2,0.0,107860.85,46.67,147.83,189.33,0.0
1790827200,0x6Cf144eb80f885376Ce31c87521c2f34E0887431,2,87.59,0.0,0.0,0.0,-0.3,0.05
1790827200,0x725244B462059A2CAea69e602f203B994A05d198,1,0.0,18868.35,24.5,0.0,0.0,3.56
1790827200,0x895A87BF65898aDfFBA8547D21a7C4a0797F1eaA,4,77.96,0.0,0.0,0.0,-0.09,0.06
1790827200,0x8E87D8308D439c88dDF48762AA5D3C99b8366a3a,38,287158.47,0.0,0.0,0.0,766.12,16.96
1790827200,0x978e3eb7997a9575cdE1799176829073d2876Fb9,2,31774.66,0.0,0.0,0.0,0.0,4.77
1790827200,0xB63b235536A7B383F0B342a980c8466AdC475795,2,0.0,107860.85,147.83,46.67,0.0,16.68
1790827200,0xBC8015FA779be6ac91e5616f37e1768b8DbC16df,2,999.79,0.0,0.0,0.0,-0.6,0.15
1790827200,0xE1DC5576b36c78C75e6Abf2E1B121Db20A6069b7,2,0.0,1431.01,37.03,27.06,-0.75,0.04
1790827200,0xEA2Eec3dc92E860ca7c00DDa51f1AfbCD1fC2E73,17,154552.49,0.0,0.0,0.0,0.0,11.06
1790827200,0xEAc2374016613765cF31afDB4AEB6f5d13a63726,1,0.0,18868.35,0.0,24.5,-15.39,0.0
1790827200,0xfa01529bD217BD76A28305ad1851cC2491D26B59,1,0.0,838.14,0.0,37.03,0.0,0.75
1790828100,0x0B544773962a13aabB0f03377bD7B260419680eA,1,0.0,45495.78,970.33,0.0,0.0,14.15
1790828100,0x15efc06FEa57Bda3ceA94A53D5426E78ed4651F3,2,2806.42,0.0,0.0,0.0,-18.81,0.35
1790828100,0x1c847e46576ba210189381C0c512C58278121d42,1,0.0,1675.02,0.0,2.32,0.0,0.0
1790828100,0x21aa6DC573DA62abFD7E43C84bEF2DA4FE514053,2,582.39,0.0,0.0,0.0,0.62,0.07
1790828100,0x2B1eB2323DA774b9748D6BA511696C9ebd17ebE2,1,0.0,17753.23,886.0,0.0,0.0,5.83
1790828100,0x2Fd96bd26E7a3c694DBD5ae5E2C29249a83b8a98,9,25845.34,0.0,0.0,0.0,21.88,0.0
1790828100,0x334F0CeaB0D8B3509f0304FC65ea8Ae99a76993c,1,0.0,33536.79,0.0,38.8,0.0,5.35
1790828100,0x3aAa2bB57a0eFeA8F6f89423A923f7107c33471B,10,139748.58,0.0,0.0,0.0,-176.25,14.2
1790828100,0x3bf64B8c8ce86abDBcF44Fa5a559E27eb9F63Efb,3,0.0,4933.06,114.65,239.7,-54.52,0.0
1790828100,0x66b08788899b22aFE17D3c2B167Ce037CcDe9cd2,5,0.0,572499.8,1563.02,0.0,0.0,123.11
1790828100,0x8E87D8308D439c88dDF48762AA5D3C99b8366a3a,21,157591.73,0.0,0.0,0.0,40.04,9.43
1790828100,0x96B97d96AC85373307294E05DFd9D548E3BBa701,2,5384.59,0.0,0.0,0.0,0.0,1.08
1790828100,0xBC8015FA779be6ac91e5616f37e1768b8DbC16df,1,0.0,10052.58,0.0,26.4,-5.5,0.0
1790828100,0xDb227793EbCD52d469D1c3813b6943188F1F335f,3,0.0,4933.06,239.7,114.65,55.06,1.85
1790828100,0xE1DC5576b36c78C75e6Abf2E1B121Db20A6069b7,5,0.0,639804.76,38.8,2504.63,-86.96,18.72
1790828100,0xEA2Eec3dc92E860ca7c00DDa51f1AfbCD1fC2E73,2,466.71,17753.23,0.0,886.0,4.13,0.07
1790828100,0xfa01529bD217BD76A28305ad1851cC2491D26B59,1,90.55,0.0,0.0,0.0,-8.52,0.04
1790829000,0x15efc06FEa57Bda3ceA94A53D5426E78ed4651F3,3,3999.56,0.0,0.0,0.0,0.64,0.6
1790829000,0x1c847e46576ba210189381C0c512C58278121d42,4,838.33,12576.73,0.0,30.6,1.14,0.0
1790829000,0x1fD0876eEAaB1Af9BbF3EeB70064bc03bf111718,4,6389.53,0.0,0.0,0.0,-8.98,0.0
1790829000,0x21aa6DC573DA62abFD7E43C84bEF2DA4FE514053,3,481.17,0.0,0.0,0.0,2.94,0.0
1790829000,0x2Fd96bd26E7a3c694DBD5ae5E2C29249a83b8a98,20,54134.46,0.0,0.0,0.0,72.36,0.49
1790829000,0x3aAa2bB57a0eFeA8F6f89423A923f7107c33471B,26,126941.34,8892.88,379.18,202.79,-205.37,16.11
1790829000,0x3bf64B8c8ce86abDBcF44Fa5a559E27eb9F63Efb,1,0.0,409137.87,0.0,1024.8,0.0,0.0
1790829000,0x41487b401e4Da497eCc0b6032947FF05f8d46f44,2,0.0,3354.09,300.92,0.0,0.0,1.03
1790829000,0x42974A167De3F098cEf1Ffbf5f250D33a9200520,1,0.0,1066.64,0.0,27.0,0.0,0.0
1790829000,0x5575837C337Ed4B33E7cC425d1ba2B77F83d6F5B,2,0.0,5148.0,35.37,324.39,-45.36,2.54
1790829000,0x793F59010D878848327aF4052790273D01215D62,2,0.0,662.27,0.0,0.0,0.0,0.33
1790829000,0x87AF4Ff974526dCeb6256e6f7Dfa16EA03DdC624,3,0.0,3399.04,42.5,0.0,0.0,2.02
1790829000,0x8BF0FFB41B02d0425Af717c5fD3570DC208B3c82,3,0.0,45796.13,897.0,0.0,0.0,13.93
1790829000,0x8E87D8308D439c88dDF48762AA5D3C99b8366a3a,79,227337.02,0.0,0.0,0.0,560.52,3.81
1790829000,0x92E174b9aE60b06853AF1078Dd73514780d99bD0,1,0.0,2858.7,167.42,0.0,0.0,1.36
1790829000,0x96B97d96AC85373307294E05DFd9D548E3BBa701,10,18839.53,0.0,0.0,0.0,0.0,3.77
1790829000,0x99f234842631aF24F8659CA6F1CFDB997534a301,2,0.0,5432.76,52.8,3.0,28.8,0.0
1790829000,0xAAB98f1787EA33270626d44cEC3f184714643B91,1,0.0,886.18,0.0,54.79,9.65,0.77
1790829000,0xB80efabF261F1FA31b0afD96f55246A7e0825b93,7,0.0,446869.77,1118.4,0.0,0.0,137.06
1790829000,0xB90134C652814890691671c849381A0B3cdD0247,56,139060.22,0.0,0.0,0.0,12.41,41.75
1790829000,0xBC8015FA779be6ac91e5616f37e1768b8DbC16df,6,3316.02,25155.18,0.0,63.0,-72.09,0.15
1790829000,0xD9884e6f8a8Bc801E24bB19E371d71D626C22680,1,0.0,5314.24,0.0,52.8,0.0,0.8
1790829000,0xE1DC5576b36c78C75e6Abf2E1B121Db20A6069b7,3,0.0,7139.83,0.0,95.35,-48.69,0.3
1790829000,0xEA2Eec3dc92E860ca7c00DDa51f1AfbCD1fC2E73,2,1594.4,40408.53,0.0,792.0,0.0,0.24
1790829000,0xEA2c92d0b61Fdb32676A6B3e00Ec4374314177e0,2,519.26,1346.92,0.0,26.25,0.0,0.08
1790829000,0xF7957c8b20DbD3FcA93686B07679aee8e6755c43,5,18838.74,0.0,0.0,0.0,68.44,0.0
1790829000,0xc602fdD05Bc8E8B27B012a90e65B099890BD7e84,1,0.0,885.27,4.1,0.0,0.0,0.77
1790829000,0xda50a7E41BEb66B2a613bc22a206fb1cF34FFaE2,2,0.0,662.27,0.0,0.0,52.14,0.0
1790829000,0xebC11Ac4450E3eA74F5D65e5c0138A0C50a2DE4f,2,0.0,3354.09,0.0,300.92,0.0,0.0
1790829900,0x137c5E253d961e482D86f44DAb36071406D082A0,1,0.0,13491.77,8.0,0.0,135.0,0.0
1790829900,0x15efc06FEa57Bda3ceA94A53D5426E78ed4651F3,1,3588.37,0.0,0.0,0.0,0.0,0.54
1790829900,0x1f78Fb1234d2f9685fb35AcB1cf484eca83F8F63,2,1309.52,0.0,0.0,0.0,2.64,0.2
1790829900,0x1fD0876eEAaB1Af9BbF3EeB70064bc03bf111718,1,998.24,0.0,0.0,0.0,-2.7,0.0
1790829900,0x21aa6DC573DA62abFD7E43C84bEF2DA4FE514053,1,459.04,0.0,0.0,0.0,0.0,0.07
1790829900,0x2ABccEfE32f7F477EF6979a31A9B3Eee82ba1464,2,0.0,5344.63,67.21,29.31,0.0,1.3
1790829900,0x2Fd96bd26E7a3c694DBD5ae5E2C29249a83b8a98,17,44285.21,0.0,0.0,0.0,90.25,0.0
1790829900,0x3aAa2bB57a0eFeA8F6f89423A923f7107c33471B,6,36184.12,233575.92,0.0,874.58,-10.36,0.0
1790829900,0x3bf64B8c8ce86abDBcF44Fa5a559E27eb9F63Efb,2,0.0,5344.63,29.31,67.21,0.1,0.0
1790829900,0x41487b401e4Da497eCc0b6032947FF05f8d46f44,1,0.0,1681.38,0.0,0.28,-0.46,0.54
1790829900,0x4A0F9137A15Af38f9a3640DC3fAa8982DEC22df5,1,0.0,2706.25,0.0,10.0,4.73,0.27
1790829900,0x57D20F8aF5875aD611dC836f78e4992DDA5E6073,1,0.0,1681.38,0.28,0.0,0.0,0.0
1790829900,0x87b8df4f8a95b719fda56ca067BE9F4C5687A694,1,0.0,119.1,39.9,0.0,0.0,0.54
1790829900,0x8AE8a479e61D5b3cBaDc57CB7b1437BaB966aA2B,2,0.0,5406.56,15.1,33.5,0.0,1.31
1790829900,0x8BF0FFB41B02d0425Af717c5fD3570DC208B3c82,4,0.0,173281.12,1877.7,752.05,-164.26,28.33
1790829900,0x8E87D8308D439c88dDF48762AA5D3C99b8366a3a,40,105899.42,0.0,0.0,0.0,430.91,9.39
1790829900,0x96B97d96AC85373307294E05DFd9D548E3BBa701,11,16222.01,17804696.4,221642.23,96642.23,0.0,671.05
1790829900,0xB90134C652814890691671c849381A0B3cdD0247,28,64800.97,0.0,0.0,0.0,0.0,19.47
1790829900,0xBC8015FA779be6ac91e5616f37e1768b8DbC16df,1,998.24,0.0,0.0,0.0,0.0,0.15
1790829900,0xE1DC5576b36c78C75e6Abf2E1B121Db20A6069b7,7,0.0,143659.63,903.3,1147.7,8.19,10.76
1790829900,0xEA2Eec3dc92E860ca7c00DDa51f1AfbCD1fC2E73,2,1309.52,0.0,0.0,0.0,49.66,0.0
1790829900,0xEA2c92d0b61Fdb32676A6B3e00Ec4374314177e0,2,521.96,1355.12,22.75,0.0,0.64,0.08
1790829900,0xEAc2374016613765cF31afDB4AEB6f5d13a63726,12,0.0,3346038.67,33.5,4367.24,-4537.15,47.61
1790829900,0xF07D12A746e989F15D79E207a37BA7bDA1661a03,11,0.0,3525546.5,4488.72,0.0,0.0,457.9
1790829900,0xF7957c8b20DbD3FcA93686B07679aee8e6755c43,7,24351.47,0.0,0.0,0.0,161.92,0.0
1790829900,0xc64B06581bf001Fc439fABc86FC9191EBf3bf607,1,0.0,119.1,0.0,39.9,0.0,0.01
1790829900,0xebC11Ac4450E3eA74F5D65e5c0138A0C50a2DE4f,2,0.0,17804696.4,96642.23,221642.23,0.0,0.0
1790829900,0xfa01529bD217BD76A28305ad1851cC2491D26B59,3,0.0,4197.13,0.0,164.0,-21.67,0.42
1790830800,0x15efc06FEa57Bda3ceA94A53D5426E78ed4651F3,4,37243.52,0.0,0.0,0.0,291.57,5.58
1790830800,0x21aa6DC573DA62abFD7E43C84bEF2DA4FE514053,1,88.74,0.0,0.0,0.0,0.5,0.0
1790830800,0x2F7A0faAd97Db6A4f46DCF6fbf7db4Bf480bD479,1,0.0,13538.51,339.0,0.0,0.0,4.56
1790830800,0x2Fd96bd26E7a3c694DBD5ae5E2C29249a83b8a98,11,28232.5,0.0,0.0,0.0,41.03,0.0
1790830800,0x3aAa2bB57a0eFeA8F6f89423A923f7107c33471B,9,143689.0,0.0,0.0,0.0,206.89,0.0
1790830800,0x51efa467CC3B762063bfBE86Ee812E4D51193F68,1,1271.05,0.0,0.0,0.0,0.0,0.39
1790830800,0x8AE8a479e61D5b3cBaDc57CB7b1437BaB966aA2B,2,0.0,5415.67,35.9,15.3,-4.82,1.31
1790830800,0x8C3f32E0cE7c3451AdA37D2506E8b75bdFf49354,1,0.0,42070.39,2.0,0.0,0.0,0.25
1790830800,0x8E87D8308D439c88dDF48762AA5D3C99b8366a3a,37,228625.56,0.0,0.0,0.0,232.42,24.13
1790830800,0x96B97d96AC85373307294E05DFd9D548E3BBa701,10,16234.69,0.0,0.0,0.0,0.0,3.25
1790830800,0xB90134C652814890691671c849381A0B3cdD0247,13,24350.35,0.0,0.0,0.0,0.0,7.31
1790830800,0xE1DC5576b36c78C75e6Abf2E1B121Db20A6069b7,2,0.0,118889.92,2870.0,15.01,0.0,8.92
1790830800,0xE7D1D33f73486C75165aAc1145F40dD704101666,1,0.0,117780.95,0.0,2870.0,0.0,11.78
1790830800,0xEA2Eec3dc92E860ca7c00DDa51f1AfbCD1fC2E73,1,0.0,13538.51,0.0,339.0,0.0,0.0
1790830800,0xEAc2374016613765cF31afDB4AEB6f5d13a63726,5,0.0,50194.73,18.05,42.75,-36.74,0.25
1790830800,0xbf58a2eA49E15A71A9636f1967CD40F275c5DF65,1,0.0,1108.96,15.01,0.0,0.0,0.11
1790830800,0xc6D0ac574f0DF967fAD1DdfCAF2230eC2809b43E,2,0.0,2708.67,4.85,2.75,0.0,0.91
1790831700,0x15efc06FEa57Bda3ceA94A53D5426E78ed4651F3,3,32071.84,0.0,0.0,0.0,0.0,0.35
1790831700,0x1f78Fb1234d2f9685fb35AcB1cf484eca83F8F63,2,1018.07,0.0,0.0,0.0,2.01,0.0
1790831700,0x21aa6DC573DA62abFD7E43C84bEF2DA4FE514053,2,437.77,0.0,0.0,0.0,1.09,0.04
1790831700,0x2Fd96bd26E7a3c694DBD5ae5E2C29249a83b8a98,7,12355.56,0.0,0.0,0.0,36.02,0.08
1790831700,0x3aAa2bB57a0eFeA8F6f89423A923f7107c33471B,5,3822.47,57113.53,401.7,416.1,-4.55,0.0
1790831700,0x8E87D8308D439c88dDF48762AA5D3C99b8366a3a,49,139121.27,0.0,0.0,0.0,543.13,3.63
1790831700,0x9170Fd4b32bf660b34fc87D7398Fd9AE4fb36187,1,0.0,5588.76,0.0,401.7,0.0,2.18
1790831700,0x94ECb4C47D8E2CB07874A33a0141016254b46873,1,327.9,0.0,0.0,0.0,0.0,0.11
1790831700,0x96B97d96AC85373307294E05DFd9D548E3BBa701,9,16255.27,0.0,0.0,0.0,0.0,3.25
1790831700,0x978e3eb7997a9575cdE1799176829073d2876Fb9,2,9355.65,0.0,0.0,0.0,-1.06,0.07
1790831700,0xB90134C652814890691671c849381A0B3cdD0247,26,52825.93,0.0,0.0,0.0,0.0,15.87
1790831700,0xBC8015FA779be6ac91e5616f37e1768b8DbC16df,1,1399.22,0.0,0.0,0.0,-40.09,0.0
1790831700,0xC58288b2A1E1cE364A1A05b4b75b4FE42549f680,1,0.0,2712.86,9.3,0.0,0.0,1.31
1790831700,0xD1277d5fc6f804b796CDCf5926E35117e454bF38,3,13542.78,0.0,0.0,0.0,132.91,4.08
1790831700,0xE1DC5576b36c78C75e6Abf2E1B121Db20A6069b7,2,20001.77,842.1,11.0,0.0,153.87,0.06
1790831700,0xEA2Eec3dc92E860ca7c00DDa51f1AfbCD1fC2E73,3,15149.16,0.0,0.0,0.0,0.0,0.0
1790831700,0xF7957c8b20DbD3FcA93686B07679aee8e6755c43,1,2709.48,0.0,0.0,0.0,28.01,0.0
1790831700,0xb684beA054f5C6d14e9cCf3B64AEDf4dFc4Ebe79,3,3167.33,48817.37,406.8,0.0,0.31,16.12
1790831700,0xda50a7E41BEb66B2a613bc22a206fb1cF34FFaE2,1,0.0,5.47,0.0,0.0,0.0,0.0
1790831700,0xebC11Ac4450E3eA74F5D65e5c0138A0C50a2DE4f,17,95788.21,0.0,0.0,0.0,0.0,14.36
1790831700,0xfa01529bD217BD76A28305ad1851cC2491D26B59,1,0.0,842.1,0.0,11.0,-3.62,0.08
1790832600,0x15efc06FEa57Bda3ceA94A53D5426E78ed4651F3,6,41432.06,0.0,0.0,0.0,-9.2,0.4
1790832600,0x1f78Fb1234d2f9685fb35AcB1cf484eca83F8F63,2,994.66,0.0,0.0,0.0,3.5,0.08
1790832600,0x1fD0876eEAaB1Af9BbF3EeB70064bc03bf111718,1,997.3,0.0,0.0,0.0,0.0,0.0
1790832600,0x21aa6DC573DA62abFD7E43C84bEF2DA4FE514053,1,96.3,0.0,0.0,0.0,1.0,0.0
1790832600,0x2354fF5a805A861FA80F82A70616B0F00AdAb158,2,1355.59,0.0,0.0,0.0,50.51,0.42
1790832600,0x260453e2900152fc04d0F1ae204B81A0F917e6b7,1,0.0,5433.64,0.0,19.0,0.0,0.54
1790832600,0x2Fd96bd26E7a3c694DBD5ae5E2C29249a83b8a98,7,14829.19,0.0,0.0,0.0,23.82,0.0
1790832600,0x3aAa2bB57a0eFeA8F6f89423A923f7107c33471B,2,6243.38,0.0,0.0,0.0,-2.93,0.0
1790832600,0x3bf64B8c8ce86abDBcF44Fa5a559E27eb9F63Efb,3,0.0,13247.75,451.54,60.37,786.43,0.0
1790832600,0x5A602fD6d66bf428e774aaE430A9c858020595e1,1,0.0,2713.54,0.0,3.9,0.0,0.27
1790832600,0x6A3921183afbd29Fd6a9e6Ec4fa456B1fF7d75e2,7,0.0,31408.1,753.03,713.15,-494.11,9.53
1790832600,0x8E87D8308D439c88dDF48762AA5D3C99b8366a3a,35,166916.9,0.0,0.0,0.0,387.05,5.49
1790832600,0x96B97d96AC85373307294E05DFd9D548E3BBa701,11,16268.86,0.0,0.0,0.0,0.0,3.26
1790832600,0x978e3eb7997a9575cdE1799176829073d2876Fb9,5,31539.97,0.0,0.0,0.0,-1.58,0.07
1790832600,0xB90134C652814890691671c849381A0B3cdD0247,6,16271.39,0.0,0.0,0.0,0.0,4.89
1790832600,0xBC8015FA779be6ac91e5616f37e1768b8DbC16df,9,10795.5,10107.1,0.0,38.4,-257.23,0.15
1790832600,0xE1DC5576b36c78C75e6Abf2E1B121Db20A6069b7,5,19998.91,20018.16,61.3,111.02,154.69,1.5
1790832600,0xEA2Eec3dc92E860ca7c00DDa51f1AfbCD1fC2E73,11,62566.34,0.0,0.0,0.0,0.0,0.0
1790832600,0xEAc2374016613765cF31afDB4AEB6f5d13a63726,5,0.0,18542.2,290.24,642.01,-1494.2,0.0
1790832600,0xbD7f403814aAB81Da706d1966Bc3f4B0420571FD,2,0.0,2145.72,60.37,28.63,0.0,0.82
1790832600,0xebC11Ac4450E3eA74F5D65e5c0138A0C50a2DE4f,38,240076.09,0.0,0.0,0.0,0.0,35.99
1790833500,0x15efc06FEa57Bda3ceA94A53D5426E78ed4651F3,13,37210.77,0.0,0.0,0.0,0.0,5.58
1790833500,0x1c8A2254A33C937a541D31152b62A871fF8E27Ea,2,0.0,16130.86,185.6,180.53,-10.92,5.84
1790833500,0x1fD0876eEAaB1Af9BbF3EeB70064bc03bf111718,2,1605.13,0.0,0.0,0.0,-2.76,0.0
1790833500,0x21aa6DC573DA62abFD7E43C84bEF2DA4FE514053,2,437.76,0.0,0.0,0.0,5.38,0.0
1790833500,0x2Fd96bd26E7a3c694DBD5ae5E2C29249a83b8a98,10,24208.42,0.0,0.0,0.0,34.6,0.0
1790833500,0x3aAa2bB57a0eFeA8F6f89423A923f7107c33471B,7,65640.42,0.0,0.0,0.0,326.55,0.0
1790833500,0x3bf64B8c8ce86abDBcF44Fa5a559E27eb9F63Efb,1,0.0,8063.45,0.0,185.6,-4.74,0.0
1790833500,0x8E87D8308D439c88dDF48762AA5D3C99b8366a3a,71,329183.89,0.0,0.0,0.0,539.92,18.5
1790833500,0x96B97d96AC85373307294E05DFd9D548E3BBa701,10,18989.23,0.0,0.0,0.0,0.0,3.8
1790833500,0x978e3eb7997a9575cdE1799176829073d2876Fb9,4,39127.89,0.0,0.0,0.0,-235.11,4.58
1790833500,0xB90134C652814890691671c849381A0B3cdD0247,14,32558.47,0.0,0.0,0.0,0.0,9.78
1790833500,0xBC8015FA779be6ac91e5616f37e1768b8DbC16df,14,17492.09,0.0,0.0,0.0,-338.75,0.3
1790833500,0xE1DC5576b36c78C75e6Abf2E1B121Db20A6069b7,5,40003.39,9752.75,202.53,0.0,283.31,0.13
1790833500,0xEA2Eec3dc92E860ca7c00DDa51f1AfbCD1fC2E73,7,41999.65,0.0,0.0,0.0,0.0,0.0
1790833500,0xF7957c8b20DbD3FcA93686B07679aee8e6755c43,1,996.88,0.0,0.0,0.0,2.8,0.0
1790833500,0xebC11Ac4450E3eA74F5D65e5c0138A0C50a2DE4f,37,160342.6,0.0,0.0,0.0,0.0,24.03
1790833500,0xfa01529bD217BD76A28305ad1851cC2491D26B59,2,0.0,1685.34,0.0,22.0,-7.3,0.17
1790834400,0x15efc06FEa57Bda3ceA94A53D5426E78ed4651F3,1,999.68,0.0,0.0,0.0,0.0,0.15
1790834400,0x21aa6DC573DA62abFD7E43C84bEF2DA4FE514053,2,375.44,0.0,0.0,0.0,1.09,0.04
1790834400,0x2Fd96bd26E7a3c694DBD5ae5E2C29249a83b8a98,5,13416.36,0.0,0.0,0.0,20.07,0.0
1790834400,0x3aAa2bB57a0eFeA8F6f89423A923f7107c33471B,3,0.0,74281.14,1342.29,3904.98,286.79,0.0
1790834400,0x3bf64B8c8ce86abDBcF44Fa5a559E27eb9F63Efb,3,0.0,117456.62,362.76,1816.73,59.51,0.0
1790834400,0x5dDbf040466dC00C64d76daE0a64fA64D37Ff7aA,4,0.0,180222.62,5157.52,1705.04,0.0,28.03
1790834400,0x80e93386C24B88609919Fbfd6D47124184afBE57,1,62.7,0.0,0.0,0.0,-4.23,0.03
1790834400,0x8E87D8308D439c88dDF48762AA5D3C99b8366a3a,35,128422.44,0.0,0.0,0.0,383.37,8.71
1790834400,0x96B97d96AC85373307294E05DFd9D548E3BBa701,9,16274.48,0.0,0.0,0.0,0.0,3.26
1790834400,0x978e3eb7997a9575cdE1799176829073d2876Fb9,1,28888.0,0.0,0.0,0.0,-220.76,4.33
1790834400,0xAF6F4e481706A288AbeFac829e3742f553206a2D,1,0.0,8924.76,242.0,0.0,0.0,3.18
1790834400,0xB90134C652814890691671c849381A0B3cdD0247,17,28481.98,0.0,0.0,0.0,0.0,8.55
1790834400,0xE1DC5576b36c78C75e6Abf2E1B121Db20A6069b7,5,49992.11,51669.31,114.98,0.0,356.22,0.13
1790834400,0xEA2Eec3dc92E860ca7c00DDa51f1AfbCD1fC2E73,1,62.7,0.0,0.0,0.0,1.47,0.0
1790834400,0xbE93C7e421B1907e0eF9c85E2799d21490741fa0,1,0.0,49982.83,0.0,107.98,0.0,14.0
1790834400,0xd355Cec36286200327db1Ef9DCb32aac2F13451c,1,0.0,2590.39,322.19,0.0,0.0,1.28
1790834400,0xeeF9421b5B5F982DA902999f19284b13f1bFc004,1,842.37,0.0,0.0,0.0,0.0,0.26
1790834400,0xfa01529bD217BD76A28305ad1851cC2491D26B59,1,0.0,1686.48,0.0,7.0,-3.88,0.17
1790835300,0x134AF814fDf5Faeda0Ff735e9C0f01eCaf23E139,1,0.0,13586.81,0.0,181.0,-81.72,1.36
1790835300,0x15efc06FEa57Bda3ceA94A53D5426E78ed4651F3,2,3999.34,0.0,0.0,0.0,0.0,0.6
1790835300,0x1c847e46576ba210189381C0c512C58278121d42,3,2528.63,0.0,0.0,0.0,-10.22,0.0
1790835300,0x2Fd96bd26E7a3c694DBD5ae5E2C29249a83b8a98,9,27679.68,0.0,0.0,0.0,2.57,0.0
1790835300,0x3aAa2bB57a0eFeA8F6f89423A923f7107c33471B,11,46008.84,123294.58,1478.41,4893.35,120.02,0.0
1790835300,0x3bf64B8c8ce86abDBcF44Fa5a559E27eb9F63Efb,2,0.0,178874.66,1026.2,2348.5,0.0,0.0
1790835300,0x529E1602E33cdb49Aae0E4E6768384Dd96b14108,2,0.0,50597.15,54.0,12.6,0.0,7.25
1790835300,0x5dDbf040466dC00C64d76daE0a64fA64D37Ff7aA,2,0.0,86114.32,2734.9,1313.91,0.0,13.42
1790835300,0x8630D9A6d2bB2672e61073c87cAdF89d70d28472,2,0.0,178874.66,2348.5,1026.2,0.0,27.33
1790835300,0x8E87D8308D439c88dDF48762AA5D3C99b8366a3a,44,122652.71,0.0,0.0,0.0,556.76,10.89
1790835300,0x9223ec2af1523d4A6b4230190960BF77D8BF5F72,3,0.0,10875.6,95.25,135.73,0.64,2.13
1790835300,0x96B97d96AC85373307294E05DFd9D548E3BBa701,9,16287.35,0.0,0.0,0.0,0.0,3.26
1790835300,0x9DEEC4DDe294dd839833BF5331a04D78a8202F97,1,0.0,23914.23,1998.48,0.0,0.0,7.67
1790835300,0xB90134C652814890691671c849381A0B3cdD0247,17,32560.75,0.0,0.0,0.0,0.0,9.78
1790835300,0xBC8015FA779be6ac91e5616f37e1768b8DbC16df,1,1004.66,0.0,0.0,0.0,0.0,0.15
1790835300,0xE1DC5576b36c78C75e6Abf2E1B121Db20A6069b7,2,0.0,16360.46,181.0,35.7,730.26,1.23
1790835300,0xEAc2374016613765cF31afDB4AEB6f5d13a63726,2,0.0,50597.15,12.6,54.0,0.0,0.0
1790835300,0xbD7f403814aAB81Da706d1966Bc3f4B0420571FD,2,0.0,2390.43,64.72,28.77,0.0,0.86
1790835300,0xef698DFC8Be573EE20cA86842C15deC0A9C9c44D,1,0.0,2773.65,35.7,0.0,0.0,0.28
1790836200,0x15efc06FEa57Bda3ceA94A53D5426E78ed4651F3,3,7716.69,0.0,0.0,0.0,0.0,1.16
1790836200,0x1c847e46576ba210189381C0c512C58278121d42,1,0.0,542.96,2.04,0.0,0.0,0.0
1790836200,0x1fD0876eEAaB1Af9BbF3EeB70064bc03bf111718,1,1001.6,0.0,0.0,0.0,-5.13,0.0
1790836200,0x21aa6DC573DA62abFD7E43C84bEF2DA4FE514053,4,566.33,0.0,0.0,0.0,4.06,0.0
1790836200,0x2Fd96bd26E7a3c694DBD5ae5E2C29249a83b8a98,7,11127.12,0.0,0.0,0.0,13.35,0.0
1790836200,0x3aAa2bB57a0eFeA8F6f89423A923f7107c33471B,9,58968.09,30352.24,0.0,729.05,-4.53,0.0
1790836200,0x3bf64B8c8ce86abDBcF44Fa5a559E27eb9F63Efb,2,0.0,5434.26,133.37,157.89,53.96,0.0
1790836200,0x57D20F8aF5875aD611dC836f78e4992DDA5E6073,2,0.0,4696.19,37.17,0.0,2.5,0.0
1790836200,0x8B6458eC2E52f0281A413A2D7414ad7C6fc7eE8C,5,0.0,10855.94,0.0,88.54,7.96,4.16
1790836200,0x8C2E8224aB508eE456C0c2e15a33D2c4EE8282EC,1,0.0,27146.34,692.0,0.0,0.0,8.64
1790836200,0x8E87D8308D439c88dDF48762AA5D3C99b8366a3a,30,104837.2,0.0,0.0,0.0,440.6,7.89
1790836200,0x96B97d96AC85373307294E05DFd9D548E3BBa701,11,16271.86,0.0,0.0,0.0,0.0,3.26
1790836200,0xB90134C652814890691671c849381A0B3cdD0247,12,24397.5,0.0,0.0,0.0,0.0,7.33
1790836200,0xBC8015FA779be6ac91e5616f37e1768b8DbC16df,3,1001.6,5426.35,68.0,0.0,-3.62,0.15
1790836200,0xE1DC5576b36c78C75e6Abf2E1B121Db20A6069b7,1,0.0,2959.13,11.12,0.0,0.0,0.22
1790836200,0xF7957c8b20DbD3FcA93686B07679aee8e6755c43,1,419.91,0.0,0.0,0.0,-1.82,0.0
1790836200,0xbD7f403814aAB81Da706d1966Bc3f4B0420571FD,2,0.0,5434.26,157.89,133.37,0.0,1.32
1790836200,0xef698DFC8Be573EE20cA86842C15deC0A9C9c44D,2,0.0,5974.59,37.05,29.78,-7.52,2.79
1790836200,0xfE6e3099dc514A63bd2Fe79BD3d9e8a653bBAF06,3,22434.56,0.0,0.0,0.0,0.0,3.37
1790837100,0x047617D49fdFb2127B3cE510Aca31B9d1733A28A,1,0.0,135.73,10.43,0.0,0.0,0.54
1790837100,0x15efc06FEa57Bda3ceA94A53D5426E78ed4651F3,5,8153.76,0.0,0.0,0.0,0.0,1.22
1790837100,0x1fD0876eEAaB1Af9BbF3EeB70064bc03bf111718,1,595.65,0.0,0.0,0.0,-3.88,0.0
1790837100,0x21aa6DC573DA62abFD7E43C84bEF2DA4FE514053,5,538.69,0.0,0.0,0.0,1.93,0.0
1790837100,0x2Fd96bd26E7a3c694DBD5ae5E2C29249a83b8a98,8,18769.0,0.0,0.0,0.0,9.45,0.16
1790837100,0x3aAa2bB57a0eFeA8F6f89423A923f7107c33471B,12,19081.2,22932.49,2.69,72.16,5.39,0.0
1790837100,0x3bf64B8c8ce86abDBcF44Fa5a559E27eb9F63Efb,1,0.0,813.98,0.0,7.17,3.46,0.0
1790837100,0x66b08788899b22aFE17D3c2B167Ce037CcDe9cd2,1,0.0,18995.67,28.7,0.0,0.0,4.09
1790837100,0x80e93386C24B88609919Fbfd6D47124184afBE57,1,62.5,0.0,0.0,0.0,0.0,0.03
1790837100,0x8B6458eC2E52f0281A413A2D7414ad7C6fc7eE8C,2,0.0,4887.59,94.44,0.0,0.0,1.42
1790837100,0x8E87D8308D439c88dDF48762AA5D3C99b8366a3a,25,60575.47,0.0,0.0,0.0,185.31,5.12
1790837100,0x96B97d96AC85373307294E05DFd9D548E3BBa701,10,18982.5,0.0,0.0,0.0,0.0,3.8
1790837100,0xAF049F588AE503B9cfbA5d61baB5B128dc3B1016,2,0.0,1628.5,0.0,2.69,-8.89,0.74
1790837100,0xB90134C652814890691671c849381A0B3cdD0247,12,24402.66,0.0,0.0,0.0,0.0,7.33
1790837100,0xE77C66370b41104fc9C6675932C27c3173C65330,1,0.0,2714.81,0.0,27.6,0.0,0.27
1790837100,0xEA2Eec3dc92E860ca7c00DDa51f1AfbCD1fC2E73,1,62.5,0.0,0.0,0.0,0.0,0.0
1790837100,0xEAc2374016613765cF31afDB4AEB6f5d13a63726,2,0.0,5429.81,27.6,61.4,0.0,0.41
1790837100,0xfA8d7e4a106Ce810DA21780bE02112e04B427387,1,0.0,813.98,7.17,0.0,-2.5,0.74
1790837100,0xfE6e3099dc514A63bd2Fe79BD3d9e8a653bBAF06,3,22450.0,0.0,0.0,0.0,0.0,0.0
1790838000,0x134AF814fDf5Faeda0Ff735e9C0f01eCaf23E139,1,0.0,4472.88,0.0,104.0,8.08,0.45
1790838000,0x15efc06FEa57Bda3ceA94A53D5426E78ed4651F3,2,183.25,0.0,0.0,0.0,0.0,0.03
1790838000,0x21aa6DC573DA62abFD7E43C84bEF2DA4FE514053,4,383.92,0.0,0.0,0.0,2.97,0.0
1790838000,0x2Fd96bd26E7a3c694DBD5ae5E2C29249a83b8a98,7,20115.76,0.0,0.0,0.0,9.78,0.0
1790838000,0x3aAa2bB57a0eFeA8F6f89423A923f7107c33471B,7,34574.38,2235.05,192.75,0.0,43.04,1.8
1790838000,0x87b8df4f8a95b719fda56ca067BE9F4C5687A694,2,0.0,6707.93,104.0,192.75,0.24,3.01
1790838000,0x8E87D8308D439c88dDF48762AA5D3C99b8366a3a,31,122397.3,0.0,0.0,0.0,255.02,13.4
1790838000,0x96B97d96AC85373307294E05DFd9D548E3BBa701,9,16269.32,0.0,0.0,0.0,0.0,3.26
1790838000,0xB90134C652814890691671c849381A0B3cdD0247,4,12220.09,0.0,0.0,0.0,0.0,3.67
1790838000,0xBC8015FA779be6ac91e5616f37e1768b8DbC16df,1,214.75,0.0,0.0,0.0,0.0,0.03
1790838000,0xE1DC5576b36c78C75e6Abf2E1B121Db20A6069b7,3,49992.41,0.0,0.0,0.0,417.12,0.0
1790838000,0xF7957c8b20DbD3FcA93686B07679aee8e6755c43,1,4073.92,0.0,0.0,0.0,51.72,0.0
1790838900,0x08363926b18277735DF2422dDD4564CAebAe77CB,1,0.0,2134.88,0.0,102.6,1.31,1.14
1790838900,0x15efc06FEa57Bda3ceA94A53D5426E78ed4651F3,13,20600.14,0.0,0.0,0.0,-69.7,3.09
1790838900,0x1DfA762116D96b53e057aef20E94576d4ca2D6B4,1,0.0,83688.8,0.0,209.0,0.0,25.61
1790838900,0x1c847e46576ba210189381C0c512C58278121d42,1,993.52,0.0,0.0,0.0,-38.56,0.0
1790838900,0x1f78Fb1234d2f9685fb35AcB1cf484eca83F8F63,4,2314.1,0.0,0.0,0.0,0.0,0.26
1790838900,0x1fD0876eEAaB1Af9BbF3EeB70064bc03bf111718,1,702.52,0.0,0.0,0.0,0.0,0.0
1790838900,0x21aa6DC573DA62abFD7E43C84bEF2DA4FE514053,11,1293.46,0.0,0.0,0.0,4.51,0.0
1790838900,0x2Fd96bd26E7a3c694DBD5ae5E2C29249a83b8a98,44,131598.6,0.0,0.0,0.0,-203.08,0.0
1790838900,0x3aAa2bB57a0eFeA8F6f89423A923f7107c33471B,84,1451640.28,328002.38,0.0,305.0,-5098.02,135.67
1790838900,0x3bf64B8c8ce86abDBcF44Fa5a559E27eb9F63Efb,1,0.0,2134.88,102.6,0.0,-3.6,0.0
1790838900,0x4887FEA4d44D2fEd5085919fB7eceF1604bC8868,1,0.0,33572.01,19.2,0.0,0.0,2.9
1790838900,0x51efa467CC3B762063bfBE86Ee812E4D51193F68,1,1254.21,0.0,0.0,0.0,-8.19,0.39
1790838900,0x57D20F8aF5875aD611dC836f78e4992DDA5E6073,2,0.0,21607.36,0.0,108.0,0.0,0.0
1790838900,0x69aD4077408Da1911F5b6F30466b91B2502ff2Be,1,0.0,2063.79,119.35,0.0,0.0,0.21
1790838900,0x6A3921183afbd29Fd6a9e6Ec4fa456B1fF7d75e2,1,0.0,1349.69,0.0,33.5,-175.19,0.13
1790838900,0x6eCAfc045F42372bbb4aF64a3Ec8904237739EB1,1,0.0,2708.34,23.6,0.0,0.0,1.31
1790838900,0x8E87D8308D439c88dDF48762AA5D3C99b8366a3a,141,1045900.39,0.0,0.0,0.0,-189.66,54.06
1790838900,0x9162bC7e6586a2b197c7b1AcFf47C0fE31DAD0C8,1,804.36,0.0,0.0,0.0,-0.28,0.0
1790838900,0x94ECb4C47D8E2CB07874A33a0141016254b46873,1,341.67,0.0,0.0,0.0,-0.71,0.11
1790838900,0x96B97d96AC85373307294E05DFd9D548E3BBa701,6,16149.13,0.0,0.0,0.0,0.0,3.23
1790838900,0x9754E5734daf717E73E1DB643a1f4CF1D593cF5c,1,442.89,0.0,0.0,0.0,0.0,0.14
1790838900,0x978e3eb7997a9575cdE1799176829073d2876Fb9,10,60344.31,0.0,0.0,0.0,429.65,6.39
1790838900,0xB90134C652814890691671c849381A0B3cdD0247,102,269814.08,0.0,0.0,0.0,0.0,81.05
1790838900,0xE1DC5576b36c78C75e6Abf2E1B121Db20A6069b7,5,0.0,108709.63,350.5,119.35,665.58,1.88
1790838900,0xEA2Eec3dc92E860ca7c00DDa51f1AfbCD1fC2E73,1,10001.21,0.0,0.0,0.0,0.0,1.5
1790838900,0xEAc2374016613765cF31afDB4AEB6f5d13a63726,3,0.0,364282.74,305.0,42.8,180.52,24.6
1790838900,0xEd36621aa98134b01d10005a912aA3Ff0E38ED3f,1,19.91,0.0,0.0,0.0,0.0,0.0
1790838900,0xF7957c8b20DbD3FcA93686B07679aee8e6755c43,34,239658.23,0.0,0.0,0.0,-100.66,0.0
1790839800,0x15efc06FEa57Bda3ceA94A53D5426E78ed4651F3,22,10677.41,0.0,0.0,0.0,-0.7,1.6
1790839800,0x1c847e46576ba210189381C0c512C58278121d42,1,0.0,4174.13,0.0,6.6,0.0,0.0
1790839800,0x21aa6DC573DA62abFD7E43C84bEF2DA4FE514053,13,2103.04,0.0,0.0,0.0,6.86,0.0
1790839800,0x2Fd96bd26E7a3c694DBD5ae5E2C29249a83b8a98,12,30480.57,0.0,0.0,0.0,-19.01,0.0
1790839800,0x3Bd935c0895858387bcfD978525DacD0B1771cD9,1,0.0,70.52,0.0,13.56,5.12,0.52
1790839800,0x3aAa2bB57a0eFeA8F6f89423A923f7107c33471B,24,299311.14,0.0,0.0,0.0,-209.78,10.04
1790839800,0x3bf64B8c8ce86abDBcF44Fa5a559E27eb9F63Efb,2,0.0,69361.13,13.56,109.56,-144.18,0.0
1790839800,0x7888B3a0c2Cc892670757440e8a78117fb0B9bbf,1,0.0,8349.5,46.0,0.0,0.0,0.83
1790839800,0x8AE8a479e61D5b3cBaDc57CB7b1437BaB966aA2B,1,0.0,1340.79,0.0,38.85,0.0,0.13
1790839800,0x8B6458eC2E52f0281A413A2D7414ad7C6fc7eE8C,4,0.0,7517.93,56.95,64.4,-33.91,3.49
1790839800,0x8E87D8308D439c88dDF48762AA5D3C99b8366a3a,47,309221.44,0.0,0.0,0.0,-95.93,37.17
1790839800,0x9162bC7e6586a2b197c7b1AcFf47C0fE31DAD0C8,7,5570.32,0.0,0.0,0.0,-44.33,0.36
1790839800,0x96B97d96AC85373307294E05DFd9D548E3BBa701,9,16099.22,0.0,0.0,0.0,0.0,3.22
1790839800,0x978e3eb7997a9575cdE1799176829073d2876Fb9,5,15248.73,0.0,0.0,0.0,-1.86,0.3
1790839800,0xB90134C652814890691671c849381A0B3cdD0247,2,4016.28,0.0,0.0,0.0,0.0,1.21
1790839800,0xBC8015FA779be6ac91e5616f37e1768b8DbC16df,7,2431.67,24867.98,64.4,43.2,8.38,0.36
1790839800,0xE1DC5576b36c78C75e6Abf2E1B121Db20A6069b7,3,0.0,10107.56,38.85,47.15,16.7,0.76
1790839800,0xEA2Eec3dc92E860ca7c00DDa51f1AfbCD1fC2E73,3,1609.27,0.0,0.0,0.0,26.97,0.13
1790839800,0xEA2c92d0b61Fdb32676A6B3e00Ec4374314177e0,2,536.9,1343.42,0.0,28.4,0.0,0.08
1790839800,0xEAc2374016613765cF31afDB4AEB6f5d13a63726,1,0.0,1343.42,0.0,28.55,0.0,0.1
1790839800,0xEd36621aa98134b01d10005a912aA3Ff0E38ED3f,14,278.85,0.0,0.0,0.0,-0.09,0.0
1790839800,0xF7957c8b20DbD3FcA93686B07679aee8e6755c43,3,17978.28,0.0,0.0,0.0,12.42,0.0
1790839800,0xb684beA054f5C6d14e9cCf3B64AEDf4dFc4Ebe79,7,3138.28,93918.89,160.51,0.0,-30.97,21.97
1790839800,0xfE6e3099dc514A63bd2Fe79BD3d9e8a653bBAF06,5,22204.7,0.0,0.0,0.0,209.91,2.06
1790840700,0x15efc06FEa57Bda3ceA94A53D5426E78ed4651F3,7,39427.43,0.0,0.0,0.0,-0.28,5.91
1790840700,0x21aa6DC573DA62abFD7E43C84bEF2DA4FE514053,7,794.35,0.0,0.0,0.0,2.67,0.0
1790840700,0x2FC9Fa30B6Aa7E18aE1148cD25a40083Cd26A431,3,0.0,496388.16,5569.44,735.56,0.0,101.61
1790840700,0x2Fd96bd26E7a3c694DBD5ae5E2C29249a83b8a98,8,16698.84,0.0,0.0,0.0,-28.01,0.15
1790840700,0x2fF87C9e0DCe752997B33c50785B21eCd5AB4CE1,3,0.0,334.64,0.0,62.67,28.47,1.6
1790840700,0x3aAa2bB57a0eFeA8F6f89423A923f7107c33471B,8,39116.82,41785.01,0.0,1400.0,-9.79,0.88
1790840700,0x3bf64B8c8ce86abDBcF44Fa5a559E27eb9F63Efb,6,0.0,496722.8,798.24,5569.44,-27.44,0.0
1790840700,0x698A0aba098528637f0C8a90373900564B27931F,2,0.0,83548.27,3336.0,0.0,0.0,12.53
1790840700,0x7996Be6B844aAF57Cc0b6f151895386eC55598D4,1,0.0,2675.59,38.0,0.0,0.0,0.27
1790840700,0x87b8df4f8a95b719fda56ca067BE9F4C5687A694,1,0.0,1551.97,113.3,0.0,0.0,0.97
1790840700,0x8E87D8308D439c88dDF48762AA5D3C99b8366a3a,26,125512.53,0.0,0.0,0.0,120.27,5.61
1790840700,0x9170Fd4b32bf660b34fc87D7398Fd9AE4fb36187,1,0.0,1551.97,0.0,113.3,0.0,0.16
1790840700,0x96B97d96AC85373307294E05DFd9D548E3BBa701,10,18743.67,0.0,0.0,0.0,0.0,3.75
1790840700,0x978e3eb7997a9575cdE1799176829073d2876Fb9,6,36366.57,0.0,0.0,0.0,-39.07,4.49
1790840700,0xB90134C652814890691671c849381A0B3cdD0247,5,12056.03,0.0,0.0,0.0,0.0,3.62
1790840700,0xE1DC5576b36c78C75e6Abf2E1B121Db20A6069b7,3,0.0,47598.09,59.0,1974.0,-6.26,0.44
1790840700,0xef698DFC8Be573EE20cA86842C15deC0A9C9c44D,1,0.0,3159.25,0.0,59.0,20.17,0.32
1790841600,0x07238B65Ec9Efc3A093f6ebb2E2880378ee36D3e,5,0.0,4637.33,210.72,0.0,-5.05,2.15
1790841600,0x15efc06FEa57Bda3ceA94A53D5426E78ed4651F3,15,4733.22,0.0,0.0,0.0,-1.49,0.71
1790841600,0x1c847e46576ba210189381C0c512C58278121d42,5,994.34,3541.09,26.82,2.5,-37.74,0.0
1790841600,0x1f78Fb1234d2f9685fb35AcB1cf484eca83F8F63,1,550.0,0.0,0.0,0.0,0.0,0.0
1790841600,0x1fD0876eEAaB1Af9BbF3EeB70064bc03bf111718,2,1698.84,0.0,0.0,0.0,0.64,0.0
1790841600,0x21aa6DC573DA62abFD7E43C84bEF2DA4FE514053,16,2712.61,0.0,0.0,0.0,5.74,0.0
1790841600,0x2Fd96bd26E7a3c694DBD5ae5E2C29249a83b8a98,9,24321.91,0.0,0.0,0.0,-44.14,0.0
1790841600,0x3556b809156585Ae22561fE51372339bb81EdE45,2,2217.96,0.0,0.0,0.0,0.82,0.0
1790841600,0x3aAa2bB57a0eFeA8F6f89423A923f7107c33471B,32,129130.88,787471.11,4953.55,14336.36,-1401.48,6.52
1790841600,0x3bf64B8c8ce86abDBcF44Fa5a559E27eb9F63Efb,2,0.0,86131.17,0.0,338.12,-168.31,0.0
1790841600,0x3d10912816524e3F9fe219e4D2801e79c35bCDcD,6,0.0,111914.42,1394.85,652.99,0.0,24.87
1790841600,0x42974A167De3F098cEf1Ffbf5f250D33a9200520,1,0.0,352.07,0.0,10.2,0.0,0.0
1790841600,0x5323F6E9Df2F3501Ef25eeAC6352140bDC19FB78,6,0.0,531997.31,13793.85,4491.31,0.0,81.3
1790841600,0x6Cf144eb80f885376Ce31c87521c2f34E0887431,2,245.1,0.0,0.0,0.0,-0.08,0.09
1790841600,0x7996Be6B844aAF57Cc0b6f151895386eC55598D4,1,0.0,2677.13,41.0,0.0,0.0,0.27
1790841600,0x7e040FC3950CeccCf16055aeA756a7a39c394CDC,1,0.0,37472.73,0.0,170.8,0.0,2.81
1790841600,0x8E87D8308D439c88dDF48762AA5D3C99b8366a3a,56,170429.71,0.0,0.0,0.0,-5.6,10.47
1790841600,0x96B97d96AC85373307294E05DFd9D548E3BBa701,8,16042.66,0.0,0.0,0.0,0.0,3.21
1790841600,0x978e3eb7997a9575cdE1799176829073d2876Fb9,15,75501.59,0.0,0.0,0.0,-243.85,9.98
1790841600,0xB90134C652814890691671c849381A0B3cdD0247,5,8022.46,0.0,0.0,0.0,0.0,2.41
1790841600,0xBC8015FA779be6ac91e5616f37e1768b8DbC16df,16,8998.28,54037.08,305.2,0.0,159.3,0.69
1790841600,0xE1DC5576b36c78C75e6Abf2E1B121Db20A6069b7,6,0.0,249481.89,58.24,581.44,-462.48,17.3
1790841600,0xE77C66370b41104fc9C6675932C27c3173C65330,1,0.0,2674.73,0.0,36.4,0.0,1.3
1790841600,0xEA2Eec3dc92E860ca7c00DDa51f1AfbCD1fC2E73,2,10161.52,0.0,0.0,0.0,0.0,1.53
1790841600,0xEAc2374016613765cF31afDB4AEB6f5d13a63726,1,0.0,2677.13,0.0,41.0,0.0,0.2
1790841600,0xEd36621aa98134b01d10005a912aA3Ff0E38ED3f,5,99.46,0.0,0.0,0.0,0.14,0.0
1790841600,0xa283a5AC02Dd26E429045541C99FeBbc257f8957,3,0.0,1245.25,0.0,0.0,0.0,0.62
1790841600,0xb684beA054f5C6d14e9cCf3B64AEDf4dFc4Ebe79,6,0.0,155609.83,177.38,213.76,-293.37,36.91
1790841600,0xda50a7E41BEb66B2a613bc22a206fb1cF34FFaE2,7,0.0,1448.2,0.0,0.0,84.24,0.03
1790841600,0xe29599d02aCBE3b7216e554231ae05B1ecE9E2db,5,0.0,4099.55,88.74,26.82,-97.78,2.86
1790841600,0xe40DdC7Cf5F81b19505684dE865FE9fBA1a58D64,1,0.0,1042.67,50.7,0.0,0.0,0.1
1790841600,0xebC11Ac4450E3eA74F5D65e5c0138A0C50a2DE4f,5,0.0,93896.05,652.99,852.34,0.0,0.0
1790841600,0xfE6e3099dc514A63bd2Fe79BD3d9e8a653bBAF06,4,8864.71,0.0,0.0,0.0,100.63,1.33
1790842500,0x1432bc666deabbcaeD28511dF2E9299e6427c81D,2,16642.4,0.0,0.0,0.0,0.0,5.01
1790842500,0x15efc06FEa57Bda3ceA94A53D5426E78ed4651F3,11,24049.5,0.0,0.0,0.0,-0.57,3.61
1790842500,0x1c847e46576ba210189381C0c512C58278121d42,1,993.95,0.0,0.0,0.0,-38.14,0.0
1790842500,0x21aa6DC573DA62abFD7E43C84bEF2DA4FE514053,12,2061.42,0.0,0.0,0.0,5.05,0.0
1790842500,0x2Fd96bd26E7a3c694DBD5ae5E2C29249a83b8a98,7,21009.51,0.0,0.0,0.0,-17.19,0.0
1790842500,0x2fF87C9e0DCe752997B33c50785B21eCd5AB4CE1,1,0.0,26.65,0.0,7.86,2.15,0.51
1790842500,0x3580Ab9a98e50d959b881CB6c66ae3B14b07357A,1,0.0,22219.39,416.24,0.0,0.0,2.22
1790842500,0x3aAa2bB57a0eFeA8F6f89423A923f7107c33471B,30,150542.19,840691.81,3708.9,6815.04,11276.94,1.8
1790842500,0x3bf64B8c8ce86abDBcF44Fa5a559E27eb9F63Efb,1,0.0,26.65,7.86,0.0,0.0,0.0
1790842500,0x5323F6E9Df2F3501Ef25eeAC6352140bDC19FB78,2,0.0,176965.44,4558.79,1470.49,0.0,27.04
1790842500,0x54a07571CB9A7edd9a9F39f665797bbD2AA5de65,1,0.0,294615.93,0.0,1361.97,0.0,22.22
1790842500,0x552e2c85321a2ecAc2133022721Bd31D712b3570,2,0.0,28223.74,1304.46,681.22,0.0,4.73
1790842500,0x57D20F8aF5875aD611dC836f78e4992DDA5E6073,2,0.0,27388.78,0.0,57.0,0.0,0.0
1790842500,0x63Cb9165E6795C20A5e2BEA49C12639F54a7B21C,9,0.0,7436.32,100.21,94.42,0.0,2.62
1790842500,0x7b0fb7aB846D27C34dAbdc95bfb6729edeaBcD89,2,0.0,27388.78,57.0,0.0,0.0,8.12
1790842500,0x87b8df4f8a95b719fda56ca067BE9F4C5687A694,2,4693.6,22219.39,0.0,416.24,0.0,8.58
1790842500,0x8E87D8308D439c88dDF48762AA5D3C99b8366a3a,48,144643.72,0.0,0.0,0.0,-150.82,11.67
1790842500,0x9162bC7e6586a2b197c7b1AcFf47C0fE31DAD0C8,1,736.2,0.0,0.0,0.0,0.0,0.0
1790842500,0x96B97d96AC85373307294E05DFd9D548E3BBa701,9,16056.95,0.0,0.0,0.0,0.0,3.21
1790842500,0x978e3eb7997a9575cdE1799176829073d2876Fb9,9,91402.39,0.0,0.0,0.0,-253.76,13.72
1790842500,0xAAB98f1787EA33270626d44cEC3f184714643B91,1,0.0,4165.66,0.0,59.85,23.33,1.75
1790842500,0xBC8015FA779be6ac91e5616f37e1768b8DbC16df,14,3185.15,2409.12,19.08,0.0,40.39,0.48
1790842500,0xDb58e5B95b64FAe6541242572dD2d0c6DBf7e19B,2,0.0,107.14,0.99,0.0,0.0,0.52
1790842500,0xEA2c92d0b61Fdb32676A6B3e00Ec4374314177e0,4,1104.33,2677.12,59.3,0.0,0.41,0.17
1790842500,0xEAc2374016613765cF31afDB4AEB6f5d13a63726,3,0.0,6842.78,59.85,59.3,0.0,0.2
1790842500,0xEE8173A6C17356Aa0f36A9Ac94E66a1e9Db154d2,1,0.0,2409.12,0.0,19.08,0.0,1.22
1790842500,0xF7957c8b20DbD3FcA93686B07679aee8e6755c43,2,16642.4,0.0,0.0,0.0,2.43,0.0
1790842500,0xFfd4C80745B38813ef9bb84bc2ff1f469fB24496,2,0.0,333343.24,850.58,100.8,0.0,50.5
1790843400,0x001864F4859D68Ba61B05A11dF1C69456FA88cc4,1,0.0,2674.85,2.5,0.0,0.0,0.27
1790843400,0x021d21f43d6d8921eF876Ec72f59E45820883B8F,1,0.0,5357.6,37.6,0.0,39.2,0.0
1790843400,0x1432bc666deabbcaeD28511dF2E9299e6427c81D,35,534657.6,0.0,0.0,0.0,0.0,160.61
1790843400,0x15efc06FEa57Bda3ceA94A53D5426E78ed4651F3,9,9814.91,0.0,0.0,0.0,-142.94,1.47
1790843400,0x1c847e46576ba210189381C0c512C58278121d42,1,990.05,0.0,0.0,0.0,-42.03,0.0
1790843400,0x1f78Fb1234d2f9685fb35AcB1cf484eca83F8F63,2,548.76,0.0,0.0,0.0,1.16,0.08
1790843400,0x1fD0876eEAaB1Af9BbF3EeB70064bc03bf111718,1,591.1,0.0,0.0,0.0,0.0,0.0
1790843400,0x21aa6DC573DA62abFD7E43C84bEF2DA4FE514053,11,1773.54,0.0,0.0,0.0,6.57,0.0
1790843400,0x2Fd96bd26E7a3c694DBD5ae5E2C29249a83b8a98,18,46319.72,0.0,0.0,0.0,-57.06,0.0
1790843400,0x3aAa2bB57a0eFeA8F6f89423A923f7107c33471B,3,3718.38,29671.52,0.0,1326.34,14.83,0.0
1790843400,0x3bf64B8c8ce86abDBcF44Fa5a559E27eb9F63Efb,4,0.0,31408.42,809.03,2038.23,511.02,0.0
1790843400,0x42974A167De3F098cEf1Ffbf5f250D33a9200520,1,0.0,148.28,0.0,10.87,0.0,0.0
1790843400,0x4BFd78D7Ea1f8b11b88502a51A19c76C73b0d582,1,0.0,832.06,16.0,0.0,0.0,0.08
1790843400,0x552e2c85321a2ecAc2133022721Bd31D712b3570,3,0.0,56228.87,3310.06,788.17,-7.6,13.66
1790843400,0x57D20F8aF5875aD611dC836f78e4992DDA5E6073,1,0.0,3333.27,0.0,2.32,0.0,0.0
1790843400,0x629F534091Ff959697d655826c19aB56046ec977,2,0.0,3326.67,30.17,20.86,0.0,1.0
1790843400,0x7888B3a0c2Cc892670757440e8a78117fb0B9bbf,1,0.0,3333.27,2.32,0.0,0.0,0.79
1790843400,0x8E87D8308D439c88dDF48762AA5D3C99b8366a3a,68,649208.34,0.0,0.0,0.0,-442.49,17.3
1790843400,0x9162bC7e6586a2b197c7b1AcFf47C0fE31DAD0C8,2,1664.37,0.0,0.0,0.0,8.48,0.12
1790843400,0x96B97d96AC85373307294E05DFd9D548E3BBa701,8,16064.31,0.0,0.0,0.0,0.0,3.21
1790843400,0x978e3eb7997a9575cdE1799176829073d2876Fb9,39,261388.31,0.0,0.0,0.0,-768.49,14.99
1790843400,0xC36717ADB70F7fB9bfFb37b1277ec4C0d00d60c6,1,0.0,1524.4,24.34,0.0,0.0,0.96
1790843400,0xD87890df93bf74173b51077e5c6cD12121d87903,1,0.0,5246.01,4.12,0.0,7.04,0.0
1790843400,0xE1DC5576b36c78C75e6Abf2E1B121Db20A6069b7,3,0.0,8864.51,0.0,56.1,-1.91,0.66
1790843400,0xEA2Eec3dc92E860ca7c00DDa51f1AfbCD1fC2E73,1,3718.38,0.0,0.0,0.0,0.0,0.56
1790843400,0xEAc2374016613765cF31afDB4AEB6f5d13a63726,1,0.0,5246.01,0.0,4.12,0.0,0.39
1790843400,0xF7957c8b20DbD3FcA93686B07679aee8e6755c43,4,29495.11,0.0,0.0,0.0,-73.48,0.0
1790843400,0xb919aCEDE6aD150683Fb4b081724a990198b8781,2,1663.84,0.0,0.0,0.0,27.11,0.17
1790843400,0xe29599d02aCBE3b7216e554231ae05B1ecE9E2db,1,0.0,148.28,10.87,0.0,0.0,0.54
1790844300,0x15efc06FEa57Bda3ceA94A53D5426E78ed4651F3,4,32971.65,0.0,0.0,0.0,2.95,4.95
1790844300,0x1f78Fb1234d2f9685fb35AcB1cf484eca83F8F63,1,549.16,0.0,0.0,0.0,0.0,0.0
1790844300,0x21aa6DC573DA62abFD7E43C84bEF2DA4FE514053,5,733.69,0.0,0.0,0.0,2.82,0.0
1790844300,0x2Fd96bd26E7a3c694DBD5ae5E2C29249a83b8a98,7,15755.16,0.0,0.0,0.0,14.02,0.15
1790844300,0x30F9f98426C245d7FC84c598F5A163C1307Ac75b,2,0.0,53643.59,15.63,0.04,0.0,2.45
1790844300,0x3aAa2bB57a0eFeA8F6f89423A923f7107c33471B,4,39993.5,53643.59,0.04,15.63,-114.69,0.0
1790844300,0x3bf64B8c8ce86abDBcF44Fa5a559E27eb9F63Efb,2,0.0,17790.48,189.81,522.42,0.0,0.0
1790844300,0x552e2c85321a2ecAc2133022721Bd31D712b3570,2,0.0,17790.48,522.42,189.81,0.0,3.17
1790844300,0x8AE8a479e61D5b3cBaDc57CB7b1437BaB966aA2B,1,0.0,1340.51,40.75,0.0,-2.94,0.9
1790844300,0x8E87D8308D439c88dDF48762AA5D3C99b8366a3a,20,85456.2,0.0,0.0,0.0,47.13,10.56
1790844300,0x96B97d96AC85373307294E05DFd9D548E3BBa701,7,16091.12,0.0,0.0,0.0,0.0,3.22
1790844300,0x978e3eb7997a9575cdE1799176829073d2876Fb9,4,4914.97,0.0,0.0,0.0,96.17,0.23
1790844300,0xBC8015FA779be6ac91e5616f37e1768b8DbC16df,2,1003.84,0.0,0.0,0.0,0.0,0.15
1790844300,0xE1DC5576b36c78C75e6Abf2E1B121Db20A6069b7,5,49997.69,30887.36,860.0,125.15,836.16,2.32
1790844300,0xEA2c92d0b61Fdb32676A6B3e00Ec4374314177e0,4,1417.82,2681.49,40.15,40.75,1.7,0.21
1790844300,0xEAc2374016613765cF31afDB4AEB6f5d13a63726,2,0.0,5368.17,81.3,57.3,0.0,0.0
1790844300,0xF54b31bAd5aEB21a26AD3FF0f15A6589Ec58107b,3,0.0,8051.05,142.3,81.3,23.15,1.57
1790844300,0xd85AB585c57e42Ce67285328147A7508a3eBaF00,1,0.0,26863.5,0.0,860.0,259.99,2.69
1790845200,0x15efc06FEa57Bda3ceA94A53D5426E78ed4651F3,40,357522.59,0.0,0.0,0.0,895.48,53.35
1790845200,0x1f78Fb1234d2f9685fb35AcB1cf484eca83F8F63,1,550.46,0.0,0.0,0.0,1.21,0.08
1790845200,0x21aa6DC573DA62abFD7E43C84bEF2DA4FE514053,5,1061.4,0.0,0.0,0.0,7.97,0.0
1790845200,0x2Fd96bd26E7a3c694DBD5ae5E2C29249a83b8a98,26,88951.71,0.0,0.0,0.0,-4.37,0.3
1790845200,0x33DBB588727CB87559daad7189E73d4B13ED88Bf,35,0.0,2610604.78,67040.64,93214.98,0.0,784.89
1790845200,0x3aAa2bB57a0eFeA8F6f89423A923f7107c33471B,130,1008836.9,2579218.46,98326.17,54144.74,-170.86,105.0
1790845200,0x3bf64B8c8ce86abDBcF44Fa5a559E27eb9F63Efb,59,0.0,3618868.38,84583.33,36597.49,5333.84,0.0
1790845200,0x570FE25FBB57f45BF043d7ef3F20D95E5A1fC699,1,0.0,89.04,0.0,6.26,0.0,0.53
1790845200,0x57D20F8aF5875aD611dC836f78e4992DDA5E6073,2,0.0,16129.66,0.0,29.2,0.0,0.0
1790845200,0x889a18bc957a848c89000812706A5A9E0397E39f,138,0.0,2900602.9,60018.94,63834.45,2876.33,939.18
1790845200,0x8AE8a479e61D5b3cBaDc57CB7b1437BaB966aA2B,1,0.0,268.52,0.0,7.41,0.0,0.58
1790845200,0x8B6458eC2E52f0281A413A2D7414ad7C6fc7eE8C,1,0.0,5375.01,5.6,0.0,0.0,1.2
1790845200,0x8E87D8308D439c88dDF48762AA5D3C99b8366a3a,49,849410.41,0.0,0.0,0.0,5.14,15.19
1790845200,0x96B97d96AC85373307294E05DFd9D548E3BBa701,9,18801.24,0.0,0.0,0.0,0.0,3.76
1790845200,0x978e3eb7997a9575cdE1799176829073d2876Fb9,18,192452.25,0.0,0.0,0.0,-18.38,13.0
1790845200,0xBC8015FA779be6ac91e5616f37e1768b8DbC16df,1,1002.14,0.0,0.0,0.0,0.0,0.15
1790845200,0xD9d6380c1BEBb11C47b0C60F56ad5Fc2BC44E6e6,1,0.0,2688.35,73.5,0.0,0.0,1.31
1790845200,0xE1DC5576b36c78C75e6Abf2E1B121Db20A6069b7,1,697.92,0.0,0.0,0.0,0.0,0.0
1790845200,0xEA2Eec3dc92E860ca7c00DDa51f1AfbCD1fC2E73,4,767.68,42982.81,0.0,2324.8,-96.92,0.03
1790845200,0xEA2c92d0b61Fdb32676A6B3e00Ec4374314177e0,1,0.0,268.52,7.41,0.0,0.0,0.0
1790845200,0xEAc2374016613765cF31afDB4AEB6f5d13a63726,8,0.0,1461581.48,0.0,30700.55,0.0,109.62
1790845200,0xF54b31bAd5aEB21a26AD3FF0f15A6589Ec58107b,1,0.0,2686.43,0.0,15.8,-10.79,1.31
1790845200,0xF7957c8b20DbD3FcA93686B07679aee8e6755c43,1,12546.3,0.0,0.0,0.0,52.8,0.0
1790845200,0xFF40d665b5fB6193a7135e97895cCC73d106C91F,3,0.0,2507.83,147.75,12.24,1.21,2.25
1790845200,0xd66d4a6D66B779bc167eC078B3c6a7260945f162,2,0.0,90271.06,3244.08,2271.36,0.0,14.04
1790845200,0xd95754330a4bf9A3C8e199ed140817AE07422ee9,4,0.0,594166.8,10315.0,7644.78,0.0,180.25
1790845200,0xebC11Ac4450E3eA74F5D65e5c0138A0C50a2DE4f,66,0.0,1434883.67,14817.31,47772.88,0.0,0.0
1790845200,0xf17a189c66Ef58E33e9AC49EA4370b686868C747,2,0.0,21509.3,23.6,26.4,0.0,7.18
1790846100,0x15efc06FEa57Bda3ceA94A53D5426E78ed4651F3,56,430040.54,0.0,0.0,0.0,714.8,64.49
1790846100,0x21aa6DC573DA62abFD7E43C84bEF2DA4FE514053,7,1144.18,0.0,0.0,0.0,11.24,0.0
1790846100,0x2A672736E3017C931D7b1927732420795AD873A6,3,0.0,23019.1,23.66,23.4,-7.64,7.38
1790846100,0x2Fd96bd26E7a3c694DBD5ae5E2C29249a83b8a98,42,118626.52,0.0,0.0,0.0,-53.68,0.0
1790846100,0x3aAa2bB57a0eFeA8F6f89423A923f7107c33471B,18,215110.58,39126.06,338.7,771.6,8.98,0.0
1790846100,0x3bf64B8c8ce86abDBcF44Fa5a559E27eb9F63Efb,40,0.0,793293.13,12623.45,12470.25,-2435.67,0.0
1790846100,0x4e69B180B898eCEA50Fe336F3712FAba43Ad582a,1,0.0,134.52,50.01,0.0,0.0,0.54
1790846100,0x57D20F8aF5875aD611dC836f78e4992DDA5E6073,2,0.0,22270.56,0.0,37.26,0.0,0.0
1790846100,0x889a18bc957a848c89000812706A5A9E0397E39f,52,0.0,1062753.32,18877.19,20601.95,1379.94,344.83
1790846100,0x8E87D8308D439c88dDF48762AA5D3C99b8366a3a,44,200495.03,0.0,0.0,0.0,-91.87,6.61
1790846100,0x96B97d96AC85373307294E05DFd9D548E3BBa701,9,16132.19,0.0,0.0,0.0,0.0,3.23
1790846100,0xBC8015FA779be6ac91e5616f37e1768b8DbC16df,3,1000.48,10041.6,20.4,0.0,0.0,0.15
1790846100,0xE01013883729f121c4eeb3bcc3a6ECbEdD9A42db,2,0.0,237.7,0.0,0.0,-2.76,0.37
1790846100,0xFEEb540516a76bcAd6a2A11E635fa657112d529B,2,0.0,16735.92,220.9,351.1,0.0,6.02
1790846100,0xda50a7E41BEb66B2a613bc22a206fb1cF34FFaE2,2,0.0,237.7,0.0,0.0,0.0,0.0
1790846100,0xebC11Ac4450E3eA74F5D65e5c0138A0C50a2DE4f,13,0.0,259432.39,8009.5,5906.25,63.67,0.0
1790846100,0xf17a189c66Ef58E33e9AC49EA4370b686868C747,2,0.0,21520.89,13.6,15.6,6.87,4.65
1790847000,0x15efc06FEa57Bda3ceA94A53D5426E78ed4651F3,8,19937.45,0.0,0.0,0.0,6.67,2.99
1790847000,0x1f78Fb1234d2f9685fb35AcB1cf484eca83F8F63,1,428.4,0.0,0.0,0.0,-0.41,0.0
1790847000,0x2Fd96bd26E7a3c694DBD5ae5E2C29249a83b8a98,7,20670.09,0.0,0.0,0.0,10.63,0.15
1790847000,0x2bdC1A6e79de5c1c7d81b1A5577f7ee90d25316a,3,0.0,41880.51,627.64,585.86,0.0,8.04
1790847000,0x3aAa2bB57a0eFeA8F6f89423A923f7107c33471B,21,89884.58,183574.0,5864.24,10204.9,-1010.37,7.62
1790847000,0x3bf64B8c8ce86abDBcF44Fa5a559E27eb9F63Efb,24,0.0,482460.78,10330.41,14989.39,-1619.64,0.0
1790847000,0x48e23f3De3599B0FAfFB746b5119895184baA127,1,0.0,269.68,45.59,0.0,0.0,0.58
1790847000,0x57D20F8aF5875aD611dC836f78e4992DDA5E6073,4,0.0,43112.32,62.8,0.0,133.2,0.0
1790847000,0x889a18bc957a848c89000812706A5A9E0397E39f,42,0.0,881158.65,23489.13,25105.17,1330.69,285.35
1790847000,0x8E87D8308D439c88dDF48762AA5D3C99b8366a3a,19,90320.14,0.0,0.0,0.0,-50.31,4.71
1790847000,0x96B97d96AC85373307294E05DFd9D548E3BBa701,11,16163.4,0.0,0.0,0.0,0.0,3.23
1790847000,0x978e3eb7997a9575cdE1799176829073d2876Fb9,1,428.4,0.0,0.0,0.0,1.29,0.06
1790847000,0xBC8015FA779be6ac91e5616f37e1768b8DbC16df,1,0.0,12927.12,15.36,0.0,0.0,0.0
1790847000,0xD1277d5fc6f804b796CDCf5926E35117e454bF38,5,0.0,56039.44,0.0,78.16,0.0,12.27
1790847000,0xE1DC5576b36c78C75e6Abf2E1B121Db20A6069b7,1,1694.0,0.0,0.0,0.0,0.0,0.0
1790847000,0xFEEb540516a76bcAd6a2A11E635fa657112d529B,8,0.0,140810.03,7019.68,6963.37,352.33,36.7
1790847000,0xebC11Ac4450E3eA74F5D65e5c0138A0C50a2DE4f,19,0.0,398084.09,16459.75,5987.75,34.25,0.0
1790847900,0x1432bc666deabbcaeD28511dF2E9299e6427c81D,4,33280.18,0.0,0.0,0.0,0.0,10.02
1790847900,0x15efc06FEa57Bda3ceA94A53D5426E78ed4651F3,16,36915.31,0.0,0.0,0.0,0.0,5.54
1790847900,0x21aa6DC573DA62abFD7E43C84bEF2DA4FE514053,1,232.35,0.0,0.0,0.0,0.0,0.03
1790847900,0x24D0D122ea733eEC50B128787f1c77B79B6BDD52,1,0.0,2690.12,0.0,18.8,0.0,1.31
1790847900,0x2Fd96bd26E7a3c694DBD5ae5E2C29249a83b8a98,22,63152.16,0.0,0.0,0.0,-3.76,0.15
1790847900,0x3556b809156585Ae22561fE51372339bb81EdE45,2,1675.06,0.0,0.0,0.0,-0.27,0.13
1790847900,0x3aAa2bB57a0eFeA8F6f89423A923f7107c33471B,56,351380.9,868874.5,79287.03,16543.54,-466.03,50.39
1790847900,0x3bf64B8c8ce86abDBcF44Fa5a559E27eb9F63Efb,41,0.0,818790.23,22197.37,19070.97,-1564.39,0.0
1790847900,0x57D20F8aF5875aD611dC836f78e4992DDA5E6073,4,0.0,31801.06,15.2,35.01,0.0,0.0
1790847900,0x75D71628Fa20F016b538B456e2A5F54Fd691CdB0,6,0.0,18293.08,42.52,59.81,4.09,6.81
1790847900,0x7E2E468D4ad19Ab5DeB133E5593adC2036E6686b,2,0.0,53861.71,775.15,77.62,0.0,8.58
1790847900,0x7E34731E3ab4a4438A26138A3136cDe1c182925a,1,0.0,8375.31,206.3,0.0,0.0,3.01
1790847900,0x889a18bc957a848c89000812706A5A9E0397E39f,92,0.0,1930484.9,107812.72,110680.18,2242.32,625.15
1790847900,0x8E87D8308D439c88dDF48762AA5D3C99b8366a3a,35,455934.75,0.0,0.0,0.0,-408.53,10.05
1790847900,0x96B97d96AC85373307294E05DFd9D548E3BBa701,10,16145.68,0.0,0.0,0.0,0.0,3.23
1790847900,0xBC8015FA779be6ac91e5616f37e1768b8DbC16df,7,998.59,109896.44,285.12,0.0,44.64,0.15
1790847900,0xC36717ADB70F7fB9bfFb37b1277ec4C0d00d60c6,1,0.0,1506.61,0.0,32.03,6.23,0.95
1790847900,0xCDa43aF0E62ea12faE2BFF016557B6aB37Ec98B0,2,4965.73,0.0,0.0,0.0,-303.33,1.49
1790847900,0xD1277d5fc6f804b796CDCf5926E35117e454bF38,10,45783.89,244599.51,0.0,676.52,190.44,76.53
1790847900,0xE1DC5576b36c78C75e6Abf2E1B121Db20A6069b7,5,52687.03,0.0,0.0,0.0,650.47,0.0
1790847900,0xEA2Eec3dc92E860ca7c00DDa51f1AfbCD1fC2E73,1,9997.99,0.0,0.0,0.0,0.0,1.5
1790847900,0xF7957c8b20DbD3FcA93686B07679aee8e6755c43,4,33280.18,0.0,0.0,0.0,0.0,0.0
1790847900,0xFEEb540516a76bcAd6a2A11E635fa657112d529B,22,0.0,477701.94,8703.72,9848.38,998.39,146.27
1790847900,0xd95754330a4bf9A3C8e199ed140817AE07422ee9,1,0.0,8375.31,0.0,206.3,-3.35,0.84
1790847900,0xdfe996189dA1C72C98953F6E26e973cf57655A36,2,0.0,30213.03,16.41,18.21,-3.52,5.33
1790847900,0xebC11Ac4450E3eA74F5D65e5c0138A0C50a2DE4f,44,0.0,929988.66,19626.85,81701.0,239.0,0.0
1790848800,0x15efc06FEa57Bda3ceA94A53D5426E78ed4651F3,30,246202.06,0.0,0.0,0.0,-49.18,36.93
1790848800,0x1f78Fb1234d2f9685fb35AcB1cf484eca83F8F63,4,1632.7,0.0,0.0,0.0,-16.99,0.08
1790848800,0x1fD0876eEAaB1Af9BbF3EeB70064bc03bf111718,42,40001.38,0.0,0.0,0.0,-68.11,5.26
1790848800,0x21aa6DC573DA62abFD7E43C84bEF2DA4FE514053,11,3403.39,0.0,0.0,0.0,4.42,0.0
1790848800,0x2Fd96bd26E7a3c694DBD5ae5E2C29249a83b8a98,22,43704.24,0.0,0.0,0.0,35.71,0.0
1790848800,0x33DBB588727CB87559daad7189E73d4B13ED88Bf,8,0.0,718530.36,11930.75,6549.88,-58.63,200.27
1790848800,0x3556b809156585Ae22561fE51372339bb81EdE45,17,14206.43,0.0,0.0,0.0,-2.29,1.25
1790848800,0x376BC1c21DC2Aa69c992cb0a9A20A73B715a3843,2,0.0,15038.86,371.34,0.0,0.0,5.51
1790848800,0x3aAa2bB57a0eFeA8F6f89423A923f7107c33471B,72,333699.39,4875537.16,131558.62,7332.1,514.65,3.78
1790848800,0x3bf64B8c8ce86abDBcF44Fa5a559E27eb9F63Efb,17,0.0,1933126.67,42616.38,30298.1,-3381.39,0.0
1790848800,0x42974A167De3F098cEf1Ffbf5f250D33a9200520,2,0.0,253062.43,3127.14,4545.94,1380.85,37.96
1790848800,0x57D20F8aF5875aD611dC836f78e4992DDA5E6073,1,0.0,724.11,0.0,0.97,0.27,0.0
1790848800,0x657D1C97C70541a84868350D3B803C888804c029,1,0.0,1570.6,300.64,0.0,0.0,0.16
1790848800,0x67d612038A1757d98504165D193841C706498296,1,0.0,268.2,2.68,0.0,0.0,0.03
1790848800,0x75D71628Fa20F016b538B456e2A5F54Fd691CdB0,4,0.0,6826.81,8.44,7.66,0.42,2.65
1790848800,0x7E34731E3ab4a4438A26138A3136cDe1c182925a,1,0.0,16733.31,412.6,0.0,0.0,5.52
1790848800,0x7e040FC3950CeccCf16055aeA756a7a39c394CDC,2,0.0,65152.69,1609.14,0.0,0.0,4.89
1790848800,0x80e93386C24B88609919Fbfd6D47124184afBE57,1,88.81,0.0,0.0,0.0,0.0,0.01
1790848800,0x889a18bc957a848c89000812706A5A9E0397E39f,6,0.0,125506.86,6931.5,7014.52,42.37,40.65
1790848800,0x8E87D8308D439c88dDF48762AA5D3C99b8366a3a,67,331717.8,0.0,0.0,0.0,395.25,36.36
1790848800,0x9510e225165363C31b09462AEA128D81Eb86402a,1,0.0,723.82,4.86,0.0,0.0,0.07
1790848800,0x96B97d96AC85373307294E05DFd9D548E3BBa701,8,18775.08,0.0,0.0,0.0,0.0,3.76
1790848800,0x978e3eb7997a9575cdE1799176829073d2876Fb9,2,2092.73,0.0,0.0,0.0,-17.11,0.1
1790848800,0xBC8015FA779be6ac91e5616f37e1768b8DbC16df,12,2058.84,89824.53,683.84,43.2,54.34,0.31
1790848800,0xD1277d5fc6f804b796CDCf5926E35117e454bF38,1,0.0,14996.12,0.0,33.6,0.0,1.5
1790848800,0xE1DC5576b36c78C75e6Abf2E1B121Db20A6069b7,6,106416.28,0.0,0.0,0.0,1644.28,0.0
1790848800,0xEA2Eec3dc92E860ca7c00DDa51f1AfbCD1fC2E73,27,24704.27,0.0,0.0,0.0,380.13,1.43
1790848800,0xEA2c92d0b61Fdb32676A6B3e00Ec4374314177e0,3,690.49,1606.73,0.0,42.84,-1.25,0.1
1790848800,0xEAc2374016613765cF31afDB4AEB6f5d13a63726,47,0.0,6032880.55,20114.99,161232.26,637.76,452.47
1790848800,0xF7957c8b20DbD3FcA93686B07679aee8e6755c43,3,9610.37,0.0,0.0,0.0,13.75,0.0
1790848800,0xd95754330a4bf9A3C8e199ed140817AE07422ee9,7,0.0,273514.85,0.0,6755.09,-109.77,27.35
1790848800,0xebC11Ac4450E3eA74F5D65e5c0138A0C50a2DE4f,2,0.0,41839.08,4183.25,0.0,0.0,0.0
1790849700,0x15efc06FEa57Bda3ceA94A53D5426E78ed4651F3,20,133184.23,0.0,0.0,0.0,72.17,19.98
1790849700,0x21aa6DC573DA62abFD7E43C84bEF2DA4FE514053,4,570.08,0.0,0.0,0.0,0.0,0.0
1790849700,0x24D0D122ea733eEC50B128787f1c77B79B6BDD52,2,0.0,8057.71,0.0,51.0,0.0,2.91
1790849700,0x2Fd96bd26E7a3c694DBD5ae5E2C29249a83b8a98,11,27863.33,0.0,0.0,0.0,24.44,0.0
1790849700,0x3556b809156585Ae22561fE51372339bb81EdE45,8,6692.36,0.0,0.0,0.0,-1.34,0.75
1790849700,0x3aAa2bB57a0eFeA8F6f89423A923f7107c33471B,22,224227.95,22153.68,78.51,453.73,-125.47,0.4
1790849700,0x57D20F8aF5875aD611dC836f78e4992DDA5E6073,1,0.0,8003.99,50.66,0.0,30.99,0.0
1790849700,0x75D71628Fa20F016b538B456e2A5F54Fd691CdB0,2,0.0,1449.14,3.97,0.84,-1.3,0.72
1790849700,0x8E87D8308D439c88dDF48762AA5D3C99b8366a3a,39,261431.93,0.0,0.0,0.0,-43.43,28.37
1790849700,0x96B97d96AC85373307294E05DFd9D548E3BBa701,8,16110.23,0.0,0.0,0.0,0.0,3.22
1790849700,0xE1DC5576b36c78C75e6Abf2E1B121Db20A6069b7,2,19999.42,53.72,0.34,0.0,300.18,0.0
1790849700,0xEA2Eec3dc92E860ca7c00DDa51f1AfbCD1fC2E73,5,3208.23,0.0,0.0,0.0,0.0,0.09
1790849700,0xEAc2374016613765cF31afDB4AEB6f5d13a63726,2,0.0,1449.14,0.84,3.97,-25.51,0.0
1790849700,0xabe4CF71C6777d60501fFa572e7AaC6037b94993,2,0.0,22153.68,453.73,78.51,0.0,3.82
1790850600,0x15efc06FEa57Bda3ceA94A53D5426E78ed4651F3,16,142829.57,0.0,0.0,0.0,-124.65,21.43
1790850600,0x21aa6DC573DA62abFD7E43C84bEF2DA4FE514053,7,981.94,0.0,0.0,0.0,5.59,0.0
1790850600,0x2Fd96bd26E7a3c694DBD5ae5E2C29249a83b8a98,6,12907.78,0.0,0.0,0.0,10.68,0.0
1790850600,0x33DBB588727CB87559daad7189E73d4B13ED88Bf,1,0.0,200373.72,0.0,11910.4,-1004.27,60.61
1790850600,0x3556b809156585Ae22561fE51372339bb81EdE45,1,838.13,0.0,0.0,0.0,0.79,0.13
1790850600,0x3aAa2bB57a0eFeA8F6f89423A923f7107c33471B,14,203835.79,200373.72,11910.4,0.0,2249.11,0.0
1790850600,0x3bf64B8c8ce86abDBcF44Fa5a559E27eb9F63Efb,1,0.0,14861.98,383.0,0.0,0.0,0.0
1790850600,0x87b8df4f8a95b719fda56ca067BE9F4C5687A694,1,0.0,14861.98,0.0,383.0,0.0,4.96
1790850600,0x8B6458eC2E52f0281A413A2D7414ad7C6fc7eE8C,1,0.0,5387.76,0.0,4.4,-3.45,1.05
1790850600,0x8E87D8308D439c88dDF48762AA5D3C99b8366a3a,27,161439.12,0.0,0.0,0.0,-153.25,15.31
1790850600,0x9510e225165363C31b09462AEA128D81Eb86402a,1,0.0,887.8,4.95,0.0,0.0,0.09
1790850600,0x96B97d96AC85373307294E05DFd9D548E3BBa701,8,16144.34,0.0,0.0,0.0,0.0,3.23
1790850600,0x978e3eb7997a9575cdE1799176829073d2876Fb9,1,23836.99,0.0,0.0,0.0,-30.25,3.58
1790850600,0xE1DC5576b36c78C75e6Abf2E1B121Db20A6069b7,2,0.0,6733.35,4.4,13.4,0.0,0.0
1790850600,0xEA2Eec3dc92E860ca7c00DDa51f1AfbCD1fC2E73,3,398.1,0.0,0.0,0.0,0.0,0.06
1790850600,0xEAc2374016613765cF31afDB4AEB6f5d13a63726,1,0.0,887.8,0.0,4.95,0.0,0.07
1790850600,0xe40DdC7Cf5F81b19505684dE865FE9fBA1a58D64,1,0.0,1345.6,13.4,0.0,0.0,0.9
1790850600,0xfE6e3099dc514A63bd2Fe79BD3d9e8a653bBAF06,4,26898.01,0.0,0.0,0.0,0.0,1.34
1790851500,0x1432bc666deabbcaeD28511dF2E9299e6427c81D,2,16697.16,0.0,0.0,0.0,0.0,5.03
1790851500,0x15efc06FEa57Bda3ceA94A53D5426E78ed4651F3,9,41067.31,0.0,0.0,0.0,172.08,6.16
1790851500,0x1f78Fb1234d2f9685fb35AcB1cf484eca83F8F63,1,463.06,0.0,0.0,0.0,0.95,0.0
1790851500,0x21aa6DC573DA62abFD7E43C84bEF2DA4FE514053,1,175.89,0.0,0.0,0.0,0.0,0.0
1790851500,0x2Fd96bd26E7a3c694DBD5ae5E2C29249a83b8a98,25,76028.66,0.0,0.0,0.0,-22.13,0.0
1790851500,0x3556b809156585Ae22561fE51372339bb81EdE45,3,12593.95,0.0,0.0,0.0,-1.11,0.63
1790851500,0x3D11eA2f906ab8B8De93a621D3399ed9E0870Aff,1,0.0,26986.83,80.0,0.0,0.0,2.7
1790851500,0x3aAa2bB57a0eFeA8F6f89423A923f7107c33471B,35,458938.96,0.0,0.0,0.0,59.29,40.91
1790851500,0x4e3D89183110003Cb00984DC293dBF2cd1103485,1,0.0,2519.4,492.78,0.0,0.0,1.26
1790851500,0x5767508B41cff5B45bdC932834B1e165B5880B8b,1,0.0,398.77,0.0,40.0,-0.42,0.04
1790851500,0x7996Be6B844aAF57Cc0b6f151895386eC55598D4,2,0.0,5392.69,0.0,88.0,7.03,1.44
1790851500,0x7b0fb7aB846D27C34dAbdc95bfb6729edeaBcD89,1,0.0,16784.48,0.0,58.4,9.84,5.54
1790851500,0x8B6458eC2E52f0281A413A2D7414ad7C6fc7eE8C,1,0.0,242.55,4.5,0.0,0.0,0.57
1790851500,0x8E87D8308D439c88dDF48762AA5D3C99b8366a3a,39,305238.19,0.0,0.0,0.0,-253.98,17.99
1790851500,0x96B97d96AC85373307294E05DFd9D548E3BBa701,8,16182.96,0.0,0.0,0.0,0.0,3.24
1790851500,0x978e3eb7997a9575cdE1799176829073d2876Fb9,1,999.68,0.0,0.0,0.0,5.79,0.15
1790851500,0xA24eBCEa074088b611D1e140697A15ACC7654fe2,1,0.0,398.77,40.0,0.0,0.0,0.62
1790851500,0xA48232D674F993126945B9158d8eD64320883567,1,0.0,1995.3,32.56,0.0,0.0,0.0
1790851500,0xBC8015FA779be6ac91e5616f37e1768b8DbC16df,2,1041.92,242.55,0.0,4.5,0.0,0.16
1790851500,0xE1DC5576b36c78C75e6Abf2E1B121Db20A6069b7,2,0.0,20181.88,113.84,0.0,-6.4,0.25
1790851500,0xEA2Eec3dc92E860ca7c00DDa51f1AfbCD1fC2E73,1,463.06,0.0,0.0,0.0,18.45,0.07
1790851500,0xEAc2374016613765cF31afDB4AEB6f5d13a63726,3,0.0,30345.67,167.99,572.78,-45.02,2.09
1790851500,0xF7957c8b20DbD3FcA93686B07679aee8e6755c43,2,16697.16,0.0,0.0,0.0,0.0,0.0
1790851500,0xFF40d665b5fB6193a7135e97895cCC73d106C91F,1,0.0,839.45,0.0,167.99,-5.34,0.08
1790852400,0x1432bc666deabbcaeD28511dF2E9299e6427c81D,2,8345.52,0.0,0.0,0.0,0.0,2.51
1790852400,0x21aa6DC573DA62abFD7E43C84bEF2DA4FE514053,3,372.3,0.0,0.0,0.0,3.55,0.0
1790852400,0x2Fd96bd26E7a3c694DBD5ae5E2C29249a83b8a98,10,28463.73,0.0,0.0,0.0,-7.24,0.0
1790852400,0x3881e696131331d327FB2cE84431e2ce6A62c130,2,0.0,3351.17,30.1,21.15,0.0,1.0
1790852400,0x3aAa2bB57a0eFeA8F6f89423A923f7107c33471B,9,58545.08,50823.46,0.0,5333.91,-50.75,0.56
1790852400,0x3bf64B8c8ce86abDBcF44Fa5a559E27eb9F63Efb,2,0.0,3351.17,21.15,30.1,8.51,0.0
1790852400,0x6fEa45F6698b3447F7e58bFA15Ae93A5E2BD77ea,2,0.0,50823.46,5333.91,0.0,0.0,16.25
1790852400,0x8E87D8308D439c88dDF48762AA5D3C99b8366a3a,19,81170.87,0.0,0.0,0.0,-64.72,10.77
1790852400,0x96B97d96AC85373307294E05DFd9D548E3BBa701,8,18871.11,0.0,0.0,0.0,0.0,3.78
1790852400,0x978e3eb7997a9575cdE1799176829073d2876Fb9,2,7277.44,0.0,0.0,0.0,16.36,0.34
1790852400,0xA48232D674F993126945B9158d8eD64320883567,1,0.0,26.97,0.48,0.0,0.0,0.0
1790852400,0xC36717ADB70F7fB9bfFb37b1277ec4C0d00d60c6,1,0.0,26.97,0.0,0.48,-0.47,0.51
1790852400,0xEA2Eec3dc92E860ca7c00DDa51f1AfbCD1fC2E73,2,3849.57,0.0,0.0,0.0,0.0,0.01
1790852400,0xF7957c8b20DbD3FcA93686B07679aee8e6755c43,1,3337.52,0.0,0.0,0.0,0.0,0.0
1790853300,0x1432bc666deabbcaeD28511dF2E9299e6427c81D,5,25000.98,0.0,0.0,0.0,0.0,7.53
1790853300,0x15efc06FEa57Bda3ceA94A53D5426E78ed4651F3,1,999.78,0.0,0.0,0.0,4.21,0.15
1790853300,0x1f78Fb1234d2f9685fb35AcB1cf484eca83F8F63,1,549.93,0.0,0.0,0.0,0.0,0.0
1790853300,0x21aa6DC573DA62abFD7E43C84bEF2DA4FE514053,3,558.06,0.0,0.0,0.0,4.44,0.0
1790853300,0x2Fd96bd26E7a3c694DBD5ae5E2C29249a83b8a98,8,14288.52,0.0,0.0,0.0,7.87,0.18
1790853300,0x3556b809156585Ae22561fE51372339bb81EdE45,1,2998.86,0.0,0.0,0.0,8.31,0.45
1790853300,0x3aAa2bB57a0eFeA8F6f89423A923f7107c33471B,5,63042.72,0.0,0.0,0.0,2.48,0.0
1790853300,0x3bf64B8c8ce86abDBcF44Fa5a559E27eb9F63Efb,4,0.0,18844.56,66.39,618.29,-25.67,0.0
1790853300,0x3d49C68670466128a3EDE5CfCF1EE6d5F9ef006B,1,0.0,13450.99,547.73,0.0,0.0,4.54
1790853300,0x7E2E468D4ad19Ab5DeB133E5593adC2036E6686b,2,0.0,53889.71,1175.0,544.0,0.0,8.58
1790853300,0x8E87D8308D439c88dDF48762AA5D3C99b8366a3a,19,80941.29,0.0,0.0,0.0,-8.12,10.25
1790853300,0x96B97d96AC85373307294E05DFd9D548E3BBa701,9,16169.38,0.0,0.0,0.0,0.0,3.23
1790853300,0x978e3eb7997a9575cdE1799176829073d2876Fb9,1,4451.97,0.0,0.0,0.0,0.0,0.0
1790853300,0xBC8015FA779be6ac91e5616f37e1768b8DbC16df,4,1988.43,0.0,0.0,0.0,0.0,0.3
1790853300,0xC36717ADB70F7fB9bfFb37b1277ec4C0d00d60c6,3,0.0,5393.56,70.57,66.39,0.0,1.31
1790853300,0xE1DC5576b36c78C75e6Abf2E1B121Db20A6069b7,1,2695.01,0.0,0.0,0.0,0.0,0.0
1790853300,0xEA2Eec3dc92E860ca7c00DDa51f1AfbCD1fC2E73,1,233.82,0.0,0.0,0.0,0.0,0.04
1790853300,0xF7957c8b20DbD3FcA93686B07679aee8e6755c43,3,19999.08,0.0,0.0,0.0,0.0,0.0
1790853300,0xda50a7E41BEb66B2a613bc22a206fb1cF34FFaE2,1,0.0,12.03,0.0,0.0,0.0,0.0
1790853300,0xebC11Ac4450E3eA74F5D65e5c0138A0C50a2DE4f,2,0.0,53889.71,544.0,1175.0,0.0,0.0
1790853300,0xf553bE682e0Fa372D3c6f51a0AE74769266960a9,1,0.0,12.03,0.0,0.0,-0.13,0.03
1790854200,0x15efc06FEa57Bda3ceA94A53D5426E78ed4651F3,10,66028.56,0.0,0.0,0.0,87.38,9.9
1790854200,0x1c847e46576ba210189381C0c512C58278121d42,1,0.0,1393.77,0.0,3.42,0.0,0.0
1790854200,0x1f78Fb1234d2f9685fb35AcB1cf484eca83F8F63,1,467.5,0.0,0.0,0.0,1.23,0.0
1790854200,0x21aa6DC573DA62abFD7E43C84bEF2DA4FE514053,8,1524.9,0.0,0.0,0.0,10.13,0.0
1790854200,0x2Fd96bd26E7a3c694DBD5ae5E2C29249a83b8a98,16,38864.14,0.0,0.0,0.0,-13.28,0.0
1790854200,0x32188f57C336D007C3325f753003cd573C175CE7,1,0.0,1.25,0.0,0.0,-0.02,0.01
1790854200,0x3556b809156585Ae22561fE51372339bb81EdE45,1,1189.77,0.0,0.0,0.0,3.02,0.18
1790854200,0x3aAa2bB57a0eFeA8F6f89423A923f7107c33471B,22,254353.01,180048.93,1596.25,4964.87,-43.77,20.85
1790854200,0x3bf64B8c8ce86abDBcF44Fa5a559E27eb9F63Efb,1,0.0,2197.18,0.0,3.56,0.0,0.0
1790854200,0x5323F6E9Df2F3501Ef25eeAC6352140bDC19FB78,2,0.0,180048.93,4964.87,1596.25,0.0,27.51
1790854200,0x558077d8D5c007C37a86FA4e2634807E55b6E37f,2,0.0,269970.77,335.0,300.0,-4341.74,41.0
1790854200,0x6eCAfc045F42372bbb4aF64a3Ec8904237739EB1,1,0.0,2702.51,20.0,0.0,0.0,0.27
1790854200,0x8E87D8308D439c88dDF48762AA5D3C99b8366a3a,36,283161.38,0.0,0.0,0.0,-415.92,17.9
1790854200,0x96B97d96AC85373307294E05DFd9D548E3BBa701,12,16188.63,0.0,0.0,0.0,0.0,3.24
1790854200,0x978e3eb7997a9575cdE1799176829073d2876Fb9,1,467.5,0.0,0.0,0.0,-0.31,0.07
1790854200,0xBC8015FA779be6ac91e5616f37e1768b8DbC16df,5,3215.68,0.0,0.0,0.0,0.0,0.48
1790854200,0xBFc18bd7c77B20e9611F1526043153Baf6c19ceE,2,0.0,3590.95,6.98,0.0,0.0,1.86
1790854200,0xEA2Eec3dc92E860ca7c00DDa51f1AfbCD1fC2E73,1,1647.25,0.0,0.0,0.0,0.0,0.25
1790854200,0xEAc2374016613765cF31afDB4AEB6f5d13a63726,3,0.0,272673.28,300.0,355.0,861.03,0.2
1790854200,0xda50a7E41BEb66B2a613bc22a206fb1cF34FFaE2,1,0.0,1.25,0.0,0.0,0.0,0.0
1790854200,0xfE6e3099dc514A63bd2Fe79BD3d9e8a653bBAF06,3,27040.0,0.0,0.0,0.0,0.0,0.0
1790855100,0x15efc06FEa57Bda3ceA94A53D5426E78ed4651F3,4,56759.14,0.0,0.0,0.0,-68.69,4.87
1790855100,0x1c847e46576ba210189381C0c512C58278121d42,1,0.0,1306.43,0.0,3.22,0.0,0.0
1790855100,0x21aa6DC573DA62abFD7E43C84bEF2DA4FE514053,3,519.19,0.0,0.0,0.0,5.66,0.0
1790855100,0x2Fd96bd26E7a3c694DBD5ae5E2C29249a83b8a98,22,68966.85,0.0,0.0,0.0,-6.96,0.0
1790855100,0x3556b809156585Ae22561fE51372339bb81EdE45,3,8395.84,0.0,0.0,0.0,-0.64,0.63
1790855100,0x3aAa2bB57a0eFeA8F6f89423A923f7107c33471B,41,395878.42,0.0,0.0,0.0,54.03,51.66
1790855100,0x3bf64B8c8ce86abDBcF44Fa5a559E27eb9F63Efb,2,0.0,4888.15,0.0,201.17,0.0,0.0
1790855100,0x57D20F8aF5875aD611dC836f78e4992DDA5E6073,1,0.0,20998.84,0.0,80.25,0.0,0.0
1790855100,0x6fEa45F6698b3447F7e58bFA15Ae93A5E2BD77ea,1,0.0,20977.56,0.0,181.75,0.0,6.79
1790855100,0x8E87D8308D439c88dDF48762AA5D3C99b8366a3a,43,411884.1,0.0,0.0,0.0,-201.64,12.71
1790855100,0x96B97d96AC85373307294E05DFd9D548E3BBa701,9,16226.37,0.0,0.0,0.0,0.0,3.25
1790855100,0x978e3eb7997a9575cdE1799176829073d2876Fb9,1,8881.29,0.0,0.0,0.0,-21.45,0.0
1790855100,0xBC8015FA779be6ac91e5616f37e1768b8DbC16df,3,3096.5,0.0,0.0,0.0,0.0,0.46
1790855100,0xBFc18bd7c77B20e9611F1526043153Baf6c19ceE,3,0.0,4919.08,4.39,3.88,-3.43,2.52
1790855100,0xE1DC5576b36c78C75e6Abf2E1B121Db20A6069b7,4,0.0,46234.35,265.88,25.0,-23.61,1.68
1790855100,0xEA2c92d0b61Fdb32676A6B3e00Ec4374314177e0,2,567.46,1353.03,25.0,0.0,0.0,0.09
1790855100,0xe76A8Ec8A22D8d705A28787561F9005eA8cc4784,1,0.0,4180.4,200.0,0.0,0.0,1.75
1790856000,0x15efc06FEa57Bda3ceA94A53D5426E78ed4651F3,10,47022.2,0.0,0.0,0.0,-95.33,7.05
1790856000,0x1f78Fb1234d2f9685fb35AcB1cf484eca83F8F63,1,518.28,0.0,0.0,0.0,1.97,0.08
1790856000,0x21aa6DC573DA62abFD7E43C84bEF2DA4FE514053,3,324.7,0.0,0.0,0.0,7.45,0.0
1790856000,0x2779b203aE6248aA883bb461838099C2bcEf3dA2,3,0.0,54564.87,277.19,0.0,0.0,17.87
1790856000,0x2Fd96bd26E7a3c694DBD5ae5E2C29249a83b8a98,16,54247.29,0.0,0.0,0.0,-50.93,0.0
1790856000,0x3556b809156585Ae22561fE51372339bb81EdE45,1,4198.69,0.0,0.0,0.0,0.0,0.0
1790856000,0x37Dbb43A23f958481d66c60E79a3750D2988a495,6,0.0,48691.52,56.12,53.75,-6.03,3.65
1790856000,0x3aAa2bB57a0eFeA8F6f89423A923f7107c33471B,27,176899.05,52046.62,0.0,262.85,39.12,19.05
1790856000,0x3bf64B8c8ce86abDBcF44Fa5a559E27eb9F63Efb,3,0.0,19307.14,0.0,188.09,-20.17,0.0
1790856000,0x411a3A7f6BFee3d87C83fCaaB58f3E7a877a4758,2,0.0,990.52,151.58,0.0,0.0,1.3
1790856000,0x57D20F8aF5875aD611dC836f78e4992DDA5E6073,1,0.0,20989.22,0.0,25.0,0.0,0.0
1790856000,0x6Cf144eb80f885376Ce31c87521c2f34E0887431,2,211.03,0.0,0.0,0.0,0.0,0.08
1790856000,0x72b335Be5998cc85abc8E056739739C275A1D335,1,0.0,405.89,6.28,0.0,0.0,0.04
1790856000,0x7c1c15FA178846cA7a6eE22c40c24E936705d474,2,0.0,16788.88,173.75,0.0,0.0,3.02
1790856000,0x80e93386C24B88609919Fbfd6D47124184afBE57,1,90.46,0.0,0.0,0.0,0.25,0.04
1790856000,0x8E87D8308D439c88dDF48762AA5D3C99b8366a3a,41,231440.01,0.0,0.0,0.0,-264.98,11.74
1790856000,0x9040220eD3BE28E5d65B3631C88F2e3bDb7C3788,2,14062.45,0.0,0.0,0.0,352.59,4.24
1790856000,0x96B97d96AC85373307294E05DFd9D548E3BBa701,8,16231.86,0.0,0.0,0.0,0.0,3.25
1790856000,0x978e3eb7997a9575cdE1799176829073d2876Fb9,4,16515.86,0.0,0.0,0.0,-45.09,0.0
1790856000,0xA48232D674F993126945B9158d8eD64320883567,2,0.0,3356.53,0.0,31.12,0.0,0.0
1790856000,0xBC8015FA779be6ac91e5616f37e1768b8DbC16df,3,2009.29,0.0,0.0,0.0,0.0,0.3
1790856000,0xE1DC5576b36c78C75e6Abf2E1B121Db20A6069b7,6,14999.81,22385.63,22.75,157.86,238.52,0.03
1790856000,0xEA2Eec3dc92E860ca7c00DDa51f1AfbCD1fC2E73,2,13031.12,0.0,0.0,0.0,-9.06,0.9
1790856000,0xef698DFC8Be573EE20cA86842C15deC0A9C9c44D,2,0.0,3356.53,31.0,0.0,0.0,0.34
1790856000,0xfE6e3099dc514A63bd2Fe79BD3d9e8a653bBAF06,3,9052.2,0.0,0.0,0.0,0.0,1.36
1790856900,0x15efc06FEa57Bda3ceA94A53D5426E78ed4651F3,8,46855.35,0.0,0.0,0.0,206.36,4.03
1790856900,0x21aa6DC573DA62abFD7E43C84bEF2DA4FE514053,3,402.74,0.0,0.0,0.0,0.0,0.0
1790856900,0x26F671A4A3641e8F9581c45357027991a5D38DF2,1,0.0,2705.11,17.4,0.0,0.0,1.31
1790856900,0x2Fd96bd26E7a3c694DBD5ae5E2C29249a83b8a98,16,46236.6,0.0,0.0,0.0,-10.63,0.0
1790856900,0x3556b809156585Ae22561fE51372339bb81EdE45,3,12585.74,0.0,0.0,0.0,1.77,1.26
1790856900,0x37Dbb43A23f958481d66c60E79a3750D2988a495,4,0.0,58400.87,50.36,47.85,-6.89,4.38
1790856900,0x3aAa2bB57a0eFeA8F6f89423A923f7107c33471B,28,225598.87,2705.11,0.0,17.4,-296.68,9.06
1790856900,0x46F49fFdAb0938C638e7607B5518f3d9E1e8cB22,1,0.0,108.23,6.74,0.0,0.0,0.53
1790856900,0x57D20F8aF5875aD611dC836f78e4992DDA5E6073,1,0.0,16213.3,0.0,35.0,0.0,0.0
1790856900,0x7e040FC3950CeccCf16055aeA756a7a39c394CDC,1,19.02,0.0,0.0,0.0,0.66,0.0
1790856900,0x8E87D8308D439c88dDF48762AA5D3C99b8366a3a,41,219873.74,0.0,0.0,0.0,-177.93,25.6
1790856900,0x96B97d96AC85373307294E05DFd9D548E3BBa701,8,13522.38,0.0,0.0,0.0,0.0,2.71
1790856900,0x978e3eb7997a9575cdE1799176829073d2876Fb9,3,2066.84,0.0,0.0,0.0,14.23,0.3
1790856900,0x9e04AE45913AE8E9F2aC1793a8BE28fA06821172,3,0.0,8253032.99,54200.0,17565.0,-13818.08,983.19
1790856900,0xBC8015FA779be6ac91e5616f37e1768b8DbC16df,8,3456.44,12987.14,0.0,15.36,0.0,0.52
1790856900,0xE1DC5576b36c78C75e6Abf2E1B121Db20A6069b7,3,0.0,29308.66,47.85,6.74,47.66,0.0
1790856900,0xEA2Eec3dc92E860ca7c00DDa51f1AfbCD1fC2E73,1,115.01,0.0,0.0,0.0,0.0,0.02
1790856900,0xebC11Ac4450E3eA74F5D65e5c0138A0C50a2DE4f,3,0.0,8253032.99,17565.0,54200.0,70.0,0.0
1790857800,0x1f78Fb1234d2f9685fb35AcB1cf484eca83F8F63,1,547.56,0.0,0.0,0.0,0.0,0.0
1790857800,0x21aa6DC573DA62abFD7E43C84bEF2DA4FE514053,2,211.32,0.0,0.0,0.0,2.66,0.0
1790857800,0x2Fd96bd26E7a3c694DBD5ae5E2C29249a83b8a98,4,13991.54,0.0,0.0,0.0,-4.57,0.0
1790857800,0x3556b809156585Ae22561fE51372339bb81EdE45,4,9601.07,0.0,0.0,0.0,-0.16,0.18
1790857800,0x37Dbb43A23f958481d66c60E79a3750D2988a495,8,0.0,81644.76,122.08,119.07,-9.14,6.12
1790857800,0x3aAa2bB57a0eFeA8F6f89423A923f7107c33471B,12,175354.39,0.0,0.0,0.0,117.91,19.69
1790857800,0x3bf64B8c8ce86abDBcF44Fa5a559E27eb9F63Efb,2,0.0,10819740.62,4256.4,18920.4,0.0,0.0
1790857800,0x57D20F8aF5875aD611dC836f78e4992DDA5E6073,1,0.0,20988.35,0.0,13.75,0.0,0.0
1790857800,0x685314be6Fe66Cd5255350F8BA08242f681b6C7f,3,0.0,109110.57,66.6,0.0,0.0,9.33
1790857800,0x8E87D8308D439c88dDF48762AA5D3C99b8366a3a,17,192945.65,0.0,0.0,0.0,-162.64,7.82
1790857800,0x978e3eb7997a9575cdE1799176829073d2876Fb9,8,41346.69,0.0,0.0,0.0,209.89,4.87
1790857800,0x9e04AE45913AE8E9F2aC1793a8BE28fA06821172,4,0.0,16228936.46,40120.4,11156.4,0.0,2435.34
1790857800,0xBC8015FA779be6ac91e5616f37e1768b8DbC16df,4,0.0,40822.38,0.0,122.08,0.0,0.0
1790857800,0xE1DC5576b36c78C75e6Abf2E1B121Db20A6069b7,4,0.0,40822.38,119.07,0.0,45.74,0.0
1790857800,0xEAc2374016613765cF31afDB4AEB6f5d13a63726,2,0.0,88122.23,0.0,52.85,0.0,0.0
1790857800,0xebC11Ac4450E3eA74F5D65e5c0138A0C50a2DE4f,2,0.0,5409195.85,6900.0,21200.0,0.0,0.0
1790858700,0x006C1E28F9A8423F57bd8eB8C1A5edcebb74EEd6,3,2693.62,0.0,0.0,0.0,124.09,0.84
1790858700,0x021d21f43d6d8921eF876Ec72f59E45820883B8F,1,0.0,13456.53,0.0,2.5,-28.0,0.0
1790858700,0x15efc06FEa57Bda3ceA94A53D5426E78ed4651F3,8,62942.02,0.0,0.0,0.0,-193.68,9.44
1790858700,0x21aa6DC573DA62abFD7E43C84bEF2DA4FE514053,11,1977.94,0.0,0.0,0.0,14.34,0.0
1790858700,0x2Fd96bd26E7a3c694DBD5ae5E2C29249a83b8a98,23,52867.26,0.0,0.0,0.0,106.64,0.5
1790858700,0x3556b809156585Ae22561fE51372339bb81EdE45,29,42204.25,0.0,0.0,0.0,-7.26,5.64
1790858700,0x37Dbb43A23f958481d66c60E79a3750D2988a495,2,0.0,21590.57,26.0,25.2,-2.42,1.62
1790858700,0x3aAa2bB57a0eFeA8F6f89423A923f7107c33471B,24,274229.96,16197.02,383.56,306.42,-236.52,1.8
1790858700,0x57D20F8aF5875aD611dC836f78e4992DDA5E6073,1,0.0,10795.28,0.0,26.0,8.6,0.0
1790858700,0x7835F994582B75fE0C0189d2bE5d4F727bF3c331,3,0.0,21594.96,336.02,383.56,-11.21,5.05
1790858700,0x8630D9A6d2bB2672e61073c87cAdF89d70d28472,2,0.0,26925.79,245.0,58.5,0.0,4.54
1790858700,0x8E87D8308D439c88dDF48762AA5D3C99b8366a3a,90,417151.59,0.0,0.0,0.0,660.92,39.9
1790858700,0x978e3eb7997a9575cdE1799176829073d2876Fb9,16,40619.12,0.0,0.0,0.0,3.02,4.49
1790858700,0xB90134C652814890691671c849381A0B3cdD0247,3,1986.11,0.0,0.0,0.0,0.0,0.6
1790858700,0xBC8015FA779be6ac91e5616f37e1768b8DbC16df,7,3033.45,5397.95,0.0,29.6,0.0,0.46
1790858700,0xD1277d5fc6f804b796CDCf5926E35117e454bF38,1,0.0,26963.3,0.0,28.0,0.0,4.0
1790858700,0xE1DC5576b36c78C75e6Abf2E1B121Db20A6069b7,4,0.0,52560.78,91.95,0.0,18.88,0.41
1790858700,0xEA2Eec3dc92E860ca7c00DDa51f1AfbCD1fC2E73,1,820.91,0.0,0.0,0.0,0.0,0.0
1790858700,0xEA2c92d0b61Fdb32676A6B3e00Ec4374314177e0,2,642.53,1345.65,0.0,36.25,0.0,0.1
1790858700,0xEAc2374016613765cF31afDB4AEB6f5d13a63726,2,0.0,26925.79,58.5,245.0,22.59,0.0
1790858700,0xebC11Ac4450E3eA74F5D65e5c0138A0C50a2DE4f,45,60955.43,0.0,0.0,0.0,0.0,9.13
1790858700,0xfE6e3099dc514A63bd2Fe79BD3d9e8a653bBAF06,10,35730.36,0.0,0.0,0.0,143.82,2.68
1790859600,0x15efc06FEa57Bda3ceA94A53D5426E78ed4651F3,3,1606.82,0.0,0.0,0.0,0.0,0.24
1790859600,0x19e5008B1C8af6A6711e167ee94e167Bdb73A636,2,0.0,26864.21,217.25,869.72,-52.49,4.53
1790859600,0x1c847e46576ba210189381C0c512C58278121d42,1,989.64,0.0,0.0,0.0,-42.44,0.0
1790859600,0x1f78Fb1234d2f9685fb35AcB1cf484eca83F8F63,3,1583.98,0.0,0.0,0.0,-1.26,0.07
1790859600,0x1fD0876eEAaB1Af9BbF3EeB70064bc03bf111718,1,873.65,0.0,0.0,0.0,0.0,0.0
1790859600,0x21aa6DC573DA62abFD7E43C84bEF2DA4FE514053,15,2273.06,0.0,0.0,0.0,8.14,0.0
1790859600,0x2Fd96bd26E7a3c694DBD5ae5E2C29249a83b8a98,29,64245.76,0.0,0.0,0.0,-5.89,0.0
1790859600,0x3556b809156585Ae22561fE51372339bb81EdE45,40,34900.12,0.0,0.0,0.0,4.56,0.77
1790859600,0x37Dbb43A23f958481d66c60E79a3750D2988a495,2,0.0,24726.42,34.96,34.04,-2.77,1.85
1790859600,0x3aAa2bB57a0eFeA8F6f89423A923f7107c33471B,9,11555.16,274803.06,179.38,715.24,23.05,0.0
1790859600,0x3bf64B8c8ce86abDBcF44Fa5a559E27eb9F63Efb,2,0.0,26864.21,869.72,217.25,-120.34,0.0
1790859600,0x8E87D8308D439c88dDF48762AA5D3C99b8366a3a,89,149242.97,0.0,0.0,0.0,31.94,5.88
1790859600,0x901C7233bcA7756ECB3108ee272e539aE3bDC802,5,0.0,191.78,0.0,0.0,0.0,0.29
1790859600,0x978e3eb7997a9575cdE1799176829073d2876Fb9,29,51043.12,0.0,0.0,0.0,131.44,4.56
1790859600,0xBC8015FA779be6ac91e5616f37e1768b8DbC16df,63,38716.33,12363.21,0.0,34.96,0.0,4.69
1790859600,0xE1DC5576b36c78C75e6Abf2E1B121Db20A6069b7,2,0.0,13706.37,34.04,16.5,0.0,0.1
1790859600,0xEA2Eec3dc92E860ca7c00DDa51f1AfbCD1fC2E73,12,18142.76,0.0,0.0,0.0,0.0,1.93
1790859600,0xEAc2374016613765cF31afDB4AEB6f5d13a63726,2,0.0,698737.15,520.0,91.0,0.0,0.0
1790859600,0xEd36621aa98134b01d10005a912aA3Ff0E38ED3f,1,19.91,0.0,0.0,0.0,0.01,0.0
1790859600,0xF7957c8b20DbD3FcA93686B07679aee8e6755c43,2,8.89,0.0,0.0,0.0,0.05,0.0
1790859600,0xFfd4C80745B38813ef9bb84bc2ff1f469fB24496,2,0.0,167305.45,258.32,28.82,0.0,25.6
1790859600,0xafbAFB6e4cb5268dF843542012FEe9d3B9345A34,4,0.0,806234.76,547.92,670.56,-2185.86,82.12
1790859600,0xda50a7E41BEb66B2a613bc22a206fb1cF34FFaE2,5,0.0,191.78,0.0,0.0,13.07,0.1
1790859600,0xe40DdC7Cf5F81b19505684dE865FE9fBA1a58D64,1,0.0,1343.16,16.5,0.0,0.0,0.13
1790859600,0xebC11Ac4450E3eA74F5D65e5c0138A0C50a2DE4f,112,131861.21,0.0,0.0,0.0,0.0,19.77
1790859600,0xfE6e3099dc514A63bd2Fe79BD3d9e8a653bBAF06,12,19122.72,0.0,0.0,0.0,130.86,1.53
1790860500,0x15efc06FEa57Bda3ceA94A53D5426E78ed4651F3,4,4341.72,0.0,0.0,0.0,5.32,0.65
1790860500,0x1c847e46576ba210189381C0c512C58278121d42,1,989.91,0.0,0.0,0.0,-42.17,0.0
1790860500,0x1f78Fb1234d2f9685fb35AcB1cf484eca83F8F63,1,550.07,0.0,0.0,0.0,0.0,0.0
1790860500,0x21aa6DC573DA62abFD7E43C84bEF2DA4FE514053,10,1849.06,0.0,0.0,0.0,6.36,0.0
1790860500,0x2Fd96bd26E7a3c694DBD5ae5E2C29249a83b8a98,35,65573.9,0.0,0.0,0.0,-3.54,0.15
1790860500,0x3556b809156585Ae22561fE51372339bb81EdE45,41,35024.2,0.0,0.0,0.0,4.71,2.43
1790860500,0x3aAa2bB57a0eFeA8F6f89423A923f7107c33471B,5,5698.38,0.0,0.0,0.0,-3.73,0.0
1790860500,0x3bf64B8c8ce86abDBcF44Fa5a559E27eb9F63Efb,2,0.0,27540.22,0.0,1034.88,0.0,0.0
1790860500,0x6626DFD8561d3E3585b2fEb87c0B3cCe1eCB0F7d,1,0.0,10735.68,9.2,0.0,90.65,1.07
1790860500,0x7BBa443F980f4a34d956d6c8c03B403D8772536D,1,0.0,889.44,27.3,0.0,0.0,0.77
1790860500,0x8630D9A6d2bB2672e61073c87cAdF89d70d28472,2,0.0,35523.69,1341.58,0.0,0.0,9.38
1790860500,0x8E87D8308D439c88dDF48762AA5D3C99b8366a3a,72,131899.89,0.0,0.0,0.0,120.36,8.4
1790860500,0x978e3eb7997a9575cdE1799176829073d2876Fb9,26,21361.7,0.0,0.0,0.0,0.0,0.0
1790860500,0xBC8015FA779be6ac91e5616f37e1768b8DbC16df,34,27197.77,0.0,0.0,0.0,-120.91,2.41
1790860500,0xBFc18bd7c77B20e9611F1526043153Baf6c19ceE,1,0.0,2685.84,0.0,3.83,-5.6,0.98
1790860500,0xE1DC5576b36c78C75e6Abf2E1B121Db20A6069b7,6,24465.72,19912.39,67.93,334.0,0.0,0.67
1790860500,0xEA2Eec3dc92E860ca7c00DDa51f1AfbCD1fC2E73,11,11774.4,0.0,0.0,0.0,0.0,0.81
1790860500,0xEAc2374016613765cF31afDB4AEB6f5d13a63726,1,0.0,10735.68,0.0,9.2,0.0,0.81
1790860500,0xF7957c8b20DbD3FcA93686B07679aee8e6755c43,2,2007.78,0.0,0.0,0.0,11.23,0.0
1790860500,0xd166e0a1cb4603132d011128D6b6d7D56827fc93,1,0.0,8353.64,0.0,64.1,0.0,3.01
1790860500,0xebC11Ac4450E3eA74F5D65e5c0138A0C50a2DE4f,114,134696.79,0.0,0.0,0.0,0.0,20.19
1790860500,0xfE6e3099dc514A63bd2Fe79BD3d9e8a653bBAF06,7,17764.92,0.0,0.0,0.0,172.18,1.33
1790861400,0x15efc06FEa57Bda3ceA94A53D5426E78ed4651F3,9,85928.45,0.0,0.0,0.0,-22.08,12.89
1790861400,0x1f78Fb1234d2f9685fb35AcB1cf484eca83F8F63,1,1640.37,0.0,0.0,0.0,3.08,0.25
1790861400,0x1fD0876eEAaB1Af9BbF3EeB70064bc03bf111718,1,446.11,0.0,0.0,0.0,-0.15,0.07
1790861400,0x21aa6DC573DA62abFD7E43C84bEF2DA4FE514053,17,2994.65,0.0,0.0,0.0,9.91,0.0
1790861400,0x2779b203aE6248aA883bb461838099C2bcEf3dA2,1,0.0,16138.87,198.0,0.0,0.0,1.61
1790861400,0x2Fd96bd26E7a3c694DBD5ae5E2C29249a83b8a98,28,74836.01,0.0,0.0,0.0,-27.43,0.0
1790861400,0x3556b809156585Ae22561fE51372339bb81EdE45,29,42404.41,0.0,0.0,0.0,11.91,3.85
1790861400,0x37Dbb43A23f958481d66c60E79a3750D2988a495,3,0.0,11299.78,34.86,31.15,-4.55,0.85
1790861400,0x3aAa2bB57a0eFeA8F6f89423A923f7107c33471B,22,379566.73,16123.73,0.0,190.14,-307.81,23.55
1790861400,0x403bd54bfbD48839BFDA7269ED1750a69759E089,2,0.0,26834.97,184.5,0.0,0.0,4.53
1790861400,0x4eC90FB04C25406006A7D88ecd0A26E22a07B37C,2,355.74,0.0,0.0,0.0,-0.17,0.08
1790861400,0x57D20F8aF5875aD611dC836f78e4992DDA5E6073,1,0.0,10759.72,0.0,66.0,0.0,0.0
1790861400,0x8E87D8308D439c88dDF48762AA5D3C99b8366a3a,97,673686.78,0.0,0.0,0.0,800.42,50.05
1790861400,0x978e3eb7997a9575cdE1799176829073d2876Fb9,31,54331.54,0.0,0.0,0.0,0.0,4.33
1790861400,0xA48232D674F993126945B9158d8eD64320883567,1,0.0,1990.75,11.03,0.0,0.0,0.0
1790861400,0xBC8015FA779be6ac91e5616f37e1768b8DbC16df,7,7509.5,3659.78,20.13,0.0,-182.02,0.0
1790861400,0xC36717ADB70F7fB9bfFb37b1277ec4C0d00d60c6,1,0.0,858.47,13.44,0.0,0.0,0.09
1790861400,0xC717DD4dBDdc98E62D264B0ca790195BF0579FAa,2,0.0,26900.46,165.0,0.0,0.0,5.34
1790861400,0xE1DC5576b36c78C75e6Abf2E1B121Db20A6069b7,10,81228.06,22648.46,0.0,147.3,0.0,1.27
1790861400,0xEA2Eec3dc92E860ca7c00DDa51f1AfbCD1fC2E73,19,13914.41,0.0,0.0,0.0,0.0,1.19
1790861400,0xEAc2374016613765cF31afDB4AEB6f5d13a63726,2,0.0,26834.97,0.0,184.5,-10.6,0.0
1790861400,0xEd36621aa98134b01d10005a912aA3Ff0E38ED3f,4,79.74,0.0,0.0,0.0,-0.06,0.0
1790861400,0xFfd6339DA9D6a8D84FD5b323a6088441947A10B3,2,0.0,32262.6,190.14,198.0,0.63,7.22
1790861400,0xebC11Ac4450E3eA74F5D65e5c0138A0C50a2DE4f,112,136372.72,0.0,0.0,0.0,0.0,20.45
1790862300,0x15efc06FEa57Bda3ceA94A53D5426E78ed4651F3,8,136104.13,0.0,0.0,0.0,-0.22,20.41
1790862300,0x1f78Fb1234d2f9685fb35AcB1cf484eca83F8F63,2,998.82,0.0,0.0,0.0,0.0,0.0
1790862300,0x21aa6DC573DA62abFD7E43C84bEF2DA4FE514053,14,2805.81,0.0,0.0,0.0,12.56,0.0
1790862300,0x2Fd96bd26E7a3c694DBD5ae5E2C29249a83b8a98,47,136567.84,0.0,0.0,0.0,-21.64,0.0
1790862300,0x3556b809156585Ae22561fE51372339bb81EdE45,22,36521.08,0.0,0.0,0.0,38.83,1.7
1790862300,0x3aAa2bB57a0eFeA8F6f89423A923f7107c33471B,42,620481.35,17859.98,809.0,1296.0,-107.52,60.34
1790862300,0x3bf64B8c8ce86abDBcF44Fa5a559E27eb9F63Efb,1,0.0,416.3,0.0,31.19,-12.49,0.0
1790862300,0x411a3A7f6BFee3d87C83fCaaB58f3E7a877a4758,1,0.0,416.29,32.79,0.0,0.0,0.04
1790862300,0x7d83C9F2A558d1630c14CBA58A4b869CBFAb121d,1,0.0,891.93,8.2,0.0,0.0,0.77
1790862300,0x889a18bc957a848c89000812706A5A9E0397E39f,2,0.0,832.59,31.19,32.79,0.35,1.25
1790862300,0x8E87D8308D439c88dDF48762AA5D3C99b8366a3a,103,774066.74,0.0,0.0,0.0,-82.42,36.2
1790862300,0x978e3eb7997a9575cdE1799176829073d2876Fb9,22,47934.17,0.0,0.0,0.0,38.51,4.48
1790862300,0xA48232D674F993126945B9158d8eD64320883567,1,0.0,891.93,0.0,8.2,-8.77,0.0
1790862300,0xB90134C652814890691671c849381A0B3cdD0247,3,7706.03,0.0,0.0,0.0,49.94,2.31
1790862300,0xBC8015FA779be6ac91e5616f37e1768b8DbC16df,11,15394.58,0.0,0.0,0.0,-363.8,0.0
1790862300,0xE1DC5576b36c78C75e6Abf2E1B121Db20A6069b7,2,0.0,17859.98,1296.0,809.0,0.0,1.34
1790862300,0xEA2Eec3dc92E860ca7c00DDa51f1AfbCD1fC2E73,17,21654.09,0.0,0.0,0.0,11.47,1.34
1790862300,0xEd36621aa98134b01d10005a912aA3Ff0E38ED3f,2,39.95,0.0,0.0,0.0,0.03,0.0
1790862300,0xebC11Ac4450E3eA74F5D65e5c0138A0C50a2DE4f,105,125113.64,0.0,0.0,0.0,0.0,18.76
1790863200,0x15efc06FEa57Bda3ceA94A53D5426E78ed4651F3,12,51384.73,0.0,0.0,0.0,111.19,7.71
1790863200,0x19e5008B1C8af6A6711e167ee94e167Bdb73A636,7,0.0,101901.42,3817.54,1709.68,-203.97,18.33
1790863200,0x1f78Fb1234d2f9685fb35AcB1cf484eca83F8F63,2,1065.34,0.0,0.0,0.0,0.0,0.08
1790863200,0x21aa6DC573DA62abFD7E43C84bEF2DA4FE514053,26,3847.2,0.0,0.0,0.0,10.77,0.0
1790863200,0x26F671A4A3641e8F9581c45357027991a5D38DF2,1,0.0,2689.69,0.0,22.0,1.98,1.31
1790863200,0x2Fd96bd26E7a3c694DBD5ae5E2C29249a83b8a98,54,143625.69,0.0,0.0,0.0,18.54,0.0
1790863200,0x309B408fEd3948EEf95b7e8809B530eD2a63f565,2,0.0,268714.48,2450.0,1150.0,-624.91,20.4
1790863200,0x3556b809156585Ae22561fE51372339bb81EdE45,22,26672.41,0.0,0.0,0.0,-2.29,1.93
1790863200,0x38E6e6F0FC90EC15D8f39908E83B11a662bda89F,1,0.0,268.54,0.0,92.36,62.61,0.58
1790863200,0x3aAa2bB57a0eFeA8F6f89423A923f7107c33471B,21,299481.5,268.54,92.36,0.0,-177.3,17.06
1790863200,0x3bf64B8c8ce86abDBcF44Fa5a559E27eb9F63Efb,7,0.0,467889.24,1260.68,8819.41,182.83,0.0
1790863200,0x411a3A7f6BFee3d87C83fCaaB58f3E7a877a4758,1,0.0,83.13,6.56,0.0,0.0,0.01
1790863200,0x42974A167De3F098cEf1Ffbf5f250D33a9200520,2,0.0,124.69,0.0,9.66,0.0,0.02
1790863200,0x54c6cA65F53Bf4E6A19FD656e6964F2Fa815C136,1,0.0,8382.02,230.0,0.0,0.0,0.84
1790863200,0x7c87A808B52e49A257768cA00a0e47AF3Ace4F74,3,0.0,523.79,0.0,0.0,-8.52,0.8
1790863200,0x7d83C9F2A558d1630c14CBA58A4b869CBFAb121d,1,0.0,891.98,6.5,0.0,0.0,0.09
1790863200,0x80e93386C24B88609919Fbfd6D47124184afBE57,1,88.9,0.0,0.0,0.0,0.0,0.01
1790863200,0x8BF0FFB41B02d0425Af717c5fD3570DC208B3c82,3,0.0,124990.32,0.0,1179.17,-731.23,28.57
1790863200,0x8E87D8308D439c88dDF48762AA5D3C99b8366a3a,109,500378.27,0.0,0.0,0.0,96.28,39.1
1790863200,0xA48232D674F993126945B9158d8eD64320883567,1,0.0,1986.99,19.61,0.0,0.0,0.0
1790863200,0xB90134C652814890691671c849381A0B3cdD0247,32,87852.1,0.0,0.0,0.0,440.35,26.35
1790863200,0xBC8015FA779be6ac91e5616f37e1768b8DbC16df,9,8435.05,2689.69,22.0,0.0,-189.78,0.0
1790863200,0xC36717ADB70F7fB9bfFb37b1277ec4C0d00d60c6,1,0.0,536.87,8.38,0.0,0.0,0.05
1790863200,0xE1DC5576b36c78C75e6Abf2E1B121Db20A6069b7,6,0.0,551929.49,7989.56,244.88,861.05,35.7
1790863200,0xEA2Eec3dc92E860ca7c00DDa51f1AfbCD1fC2E73,25,43246.38,0.0,0.0,0.0,88.77,1.66
1790863200,0xEAc2374016613765cF31afDB4AEB6f5d13a63726,4,0.0,322678.64,1599.0,4286.0,310.54,0.0
1790863200,0xEd36621aa98134b01d10005a912aA3Ff0E38ED3f,1,19.84,0.0,0.0,0.0,0.11,0.0
1790863200,0xF03fe62773455c21b7B3ACD92fF2bbD8641Af9a0,1,0.0,41.56,3.1,0.0,0.0,0.0
1790863200,0xF7957c8b20DbD3FcA93686B07679aee8e6755c43,5,21800.42,0.0,0.0,0.0,96.45,0.0
1790863200,0xda50a7E41BEb66B2a613bc22a206fb1cF34FFaE2,3,0.0,523.79,0.0,0.0,0.0,0.0
1790863200,0xdaB9CBbFc3c695dBD840352c4f1492A5BFe8320F,1,0.0,836.7,7.87,0.0,0.0,0.75
1790863200,0xebC11Ac4450E3eA74F5D65e5c0138A0C50a2DE4f,87,111719.54,0.0,0.0,0.0,0.0,16.76
1790864100,0x021d21f43d6d8921eF876Ec72f59E45820883B8F,2,0.0,50315.33,9.0,51.3,0.0,0.0
1790864100,0x15efc06FEa57Bda3ceA94A53D5426E78ed4651F3,14,37303.72,0.0,0.0,0.0,130.31,5.6
1790864100,0x1c847e46576ba210189381C0c512C58278121d42,2,443.06,4205.42,1.2,0.0,112.98,0.0
1790864100,0x1f78Fb1234d2f9685fb35AcB1cf484eca83F8F63,1,549.24,0.0,0.0,0.0,0.0,0.0
1790864100,0x21aa6DC573DA62abFD7E43C84bEF2DA4FE514053,18,5051.62,0.0,0.0,0.0,4.18,0.0
1790864100,0x2Fd96bd26E7a3c694DBD5ae5E2C29249a83b8a98,38,99853.7,0.0,0.0,0.0,-5.8,0.15
1790864100,0x309B408fEd3948EEf95b7e8809B530eD2a63f565,2,0.0,269008.94,2515.0,1190.0,0.0,20.43
1790864100,0x3556b809156585Ae22561fE51372339bb81EdE45,14,10212.86,0.0,0.0,0.0,13.56,0.44
1790864100,0x3aAa2bB57a0eFeA8F6f89423A923f7107c33471B,19,384784.37,0.0,0.0,0.0,2.61,55.85
1790864100,0x416C19fF7710EDD091E29eD51fbDd92158B43B6E,3,0.0,32596.24,0.0,10.8,-516.17,1.85
1790864100,0x47C2572AB3Dcb336cBC06E1C1Cda839144BCd1BE,1,0.0,8854.05,0.0,65.0,0.0,3.16
1790864100,0x51efa467CC3B762063bfBE86Ee812E4D51193F68,1,1326.5,0.0,0.0,0.0,0.0,0.41
1790864100,0x529E1602E33cdb49Aae0E4E6768384Dd96b14108,2,0.0,50315.33,51.3,9.0,-52.25,6.91
1790864100,0x57D20F8aF5875aD611dC836f78e4992DDA5E6073,1,0.0,21027.12,7.5,0.0,81.35,0.0
1790864100,0x7d83C9F2A558d1630c14CBA58A4b869CBFAb121d,1,0.0,19.97,0.0,0.0,0.0,0.03
1790864100,0x80e93386C24B88609919Fbfd6D47124184afBE57,1,0.0,1063.91,32.88,0.0,0.0,0.11
1790864100,0x8E87D8308D439c88dDF48762AA5D3C99b8366a3a,99,574854.61,0.0,0.0,0.0,-126.88,9.69
1790864100,0x978e3eb7997a9575cdE1799176829073d2876Fb9,6,32394.57,0.0,0.0,0.0,0.0,4.49
1790864100,0xB90134C652814890691671c849381A0B3cdD0247,1,10238.27,0.0,0.0,0.0,-16.6,3.06
1790864100,0xBC8015FA779be6ac91e5616f37e1768b8DbC16df,15,20086.5,0.0,0.0,0.0,-536.84,0.0
1790864100,0xC36717ADB70F7fB9bfFb37b1277ec4C0d00d60c6,1,0.0,863.75,0.0,15.62,2.02,0.09
1790864100,0xD1277d5fc6f804b796CDCf5926E35117e454bF38,3,0.0,80816.26,0.0,120.5,0.0,16.56
1790864100,0xE1DC5576b36c78C75e6Abf2E1B121Db20A6069b7,6,0.0,90107.62,138.22,32.88,-22.88,0.41
1790864100,0xEA2Eec3dc92E860ca7c00DDa51f1AfbCD1fC2E73,36,59699.62,0.0,0.0,0.0,152.21,7.1
1790864100,0xEAc2374016613765cF31afDB4AEB6f5d13a63726,2,0.0,269008.94,1190.0,2515.0,270.54,0.0
1790864100,0xEd36621aa98134b01d10005a912aA3Ff0E38ED3f,9,179.08,0.0,0.0,0.0,0.0,0.0
1790864100,0xda50a7E41BEb66B2a613bc22a206fb1cF34FFaE2,1,0.0,19.97,0.0,0.0,0.6,0.01
1790864100,0xebC11Ac4450E3eA74F5D65e5c0138A0C50a2DE4f,92,111741.48,8854.05,65.0,0.0,9.5,16.76
1790864100,0xfE6e3099dc514A63bd2Fe79BD3d9e8a653bBAF06,1,8860.0,0.0,0.0,0.0,109.22,0.0
1790865000,0x021d21f43d6d8921eF876Ec72f59E45820883B8F,1,0.0,1062.76,0.0,78.6,-3.8,0.0
1790865000,0x05cfF5B6DC5697AA54200b42c51ee54aFE5eF875,1,0.0,1062.76,78.6,0.0,11.12,0.82
1790865000,0x15efc06FEa57Bda3ceA94A53D5426E78ed4651F3,7,30411.98,0.0,0.0,0.0,93.88,4.56
1790865000,0x1c847e46576ba210189381C0c512C58278121d42,1,442.63,0.0,0.0,0.0,0.0,0.0
1790865000,0x1f78Fb1234d2f9685fb35AcB1cf484eca83F8F63,2,499.91,974.49,88.11,0.0,0.32,0.0
1790865000,0x21aa6DC573DA62abFD7E43C84bEF2DA4FE514053,18,5715.74,0.0,0.0,0.0,4.84,0.0
1790865000,0x2Fd96bd26E7a3c694DBD5ae5E2C29249a83b8a98,31,75012.57,0.0,0.0,0.0,7.27,0.0
1790865000,0x3556b809156585Ae22561fE51372339bb81EdE45,31,28296.06,0.0,0.0,0.0,0.02,1.82
1790865000,0x3aAa2bB57a0eFeA8F6f89423A923f7107c33471B,17,180234.36,0.0,0.0,0.0,-4.8,1.43
1790865000,0x3bf64B8c8ce86abDBcF44Fa5a559E27eb9F63Efb,4,0.0,3811380.98,54848.13,27903.29,-1363.37,0.0
1790865000,0x5323F6E9Df2F3501Ef25eeAC6352140bDC19FB78,2,0.0,3537764.51,22386.0,50776.0,0.0,531.16
1790865000,0x80e93386C24B88609919Fbfd6D47124184afBE57,3,505.77,0.0,0.0,0.0,-5.82,0.15
1790865000,0x87b8df4f8a95b719fda56ca067BE9F4C5687A694,2,0.0,13293.18,0.0,398.0,0.0,4.99
1790865000,0x8E87D8308D439c88dDF48762AA5D3C99b8366a3a,78,284662.23,0.0,0.0,0.0,-60.97,29.44
1790865000,0x94ECb4C47D8E2CB07874A33a0141016254b46873,1,336.45,0.0,0.0,0.0,-0.54,0.11
1790865000,0x978e3eb7997a9575cdE1799176829073d2876Fb9,3,3876.26,0.0,0.0,0.0,0.0,0.21
1790865000,0x9cc5a10733F45D306a437d397212DdE83b52DBD5,1,0.0,8867.2,260.0,0.0,0.0,0.89
1790865000,0xA24eBCEa074088b611D1e140697A15ACC7654fe2,1,0.0,4425.99,138.0,0.0,0.0,0.44
1790865000,0xBC8015FA779be6ac91e5616f37e1768b8DbC16df,15,20237.53,0.0,0.0,0.0,-611.39,0.0
1790865000,0xC36717ADB70F7fB9bfFb37b1277ec4C0d00d60c6,1,0.0,539.99,0.0,9.78,1.28,0.05
1790865000,0xDe099Eb5aD575591eC3F34A79B0bb441ccfC5BB7,3,0.0,1027310.17,11796.76,0.0,0.0,136.92
1790865000,0xE1DC5576b36c78C75e6Abf2E1B121Db20A6069b7,4,0.0,860248.68,17.28,9808.76,20.84,64.52
1790865000,0xE5d8E1d228145ab71aF271F3e7aA7f8d1430f9d7,1,0.0,44367.1,0.0,630.0,0.0,13.81
1790865000,0xEA2Eec3dc92E860ca7c00DDa51f1AfbCD1fC2E73,24,40244.37,168443.92,0.0,1988.0,138.28,4.34
1790865000,0xd95754330a4bf9A3C8e199ed140817AE07422ee9,2,0.0,273616.47,5517.29,4072.13,1110.84,83.08
1790865000,0xebC11Ac4450E3eA74F5D65e5c0138A0C50a2DE4f,92,111710.62,44367.1,630.0,0.0,0.0,16.75
1790865000,0xfa01529bD217BD76A28305ad1851cC2491D26B59,1,0.0,842.44,0.0,7.5,-2.56,0.08
1790865900,0x021d21f43d6d8921eF876Ec72f59E45820883B8F,2,0.0,3957.52,42.07,0.0,0.0,0.0
1790865900,0x05cfF5B6DC5697AA54200b42c51ee54aFE5eF875,2,0.0,1860.72,0.0,117.11,0.0,1.56
1790865900,0x15efc06FEa57Bda3ceA94A53D5426E78ed4651F3,10,37735.03,0.0,0.0,0.0,0.3,5.66
1790865900,0x1c847e46576ba210189381C0c512C58278121d42,3,988.15,11724.84,0.0,150.0,-43.93,0.88
1790865900,0x1f78Fb1234d2f9685fb35AcB1cf484eca83F8F63,4,1812.96,0.0,0.0,0.0,-18.59,0.27
1790865900,0x21aa6DC573DA62abFD7E43C84bEF2DA4FE514053,18,3207.5,0.0,0.0,0.0,1.33,0.0
1790865900,0x2Fd96bd26E7a3c694DBD5ae5E2C29249a83b8a98,27,68738.94,0.0,0.0,0.0,38.38,0.45
1790865900,0x3556b809156585Ae22561fE51372339bb81EdE45,27,26990.25,0.0,0.0,0.0,2.86,1.98
1790865900,0x3aAa2bB57a0eFeA8F6f89423A923f7107c33471B,34,349853.59,217963.24,15196.72,3473.38,-271.38,21.87
1790865900,0x4eC90FB04C25406006A7D88ecd0A26E22a07B37C,1,221.04,0.0,0.0,0.0,0.0,0.02
1790865900,0x68354c9e47098ACd6d12DB54837086764459fe21,2,0.0,3522.62,94.51,109.78,-74.5,0.35
1790865900,0x752cEC19Ab4459aA3146073d7b40abC3EAEB7A64,1,0.0,3071.29,0.0,13.07,-76.56,1.42
1790865900,0x87b8df4f8a95b719fda56ca067BE9F4C5687A694,1,0.0,8861.7,0.0,976.0,0.0,3.16
1790865900,0x8E87D8308D439c88dDF48762AA5D3C99b8366a3a,76,431866.33,0.0,0.0,0.0,279.09,32.0
1790865900,0x978e3eb7997a9575cdE1799176829073d2876Fb9,3,3726.22,0.0,0.0,0.0,-3.02,0.22
1790865900,0xA24eBCEa074088b611D1e140697A15ACC7654fe2,1,0.0,5862.42,75.0,0.0,0.0,0.59
1790865900,0xAeE7CA8d99Ab6FB184aee01EFA3158Dc94846FC4,1,0.0,5862.42,75.0,0.0,0.0,0.59
1790865900,0xB90134C652814890691671c849381A0B3cdD0247,1,7706.78,0.0,0.0,0.0,4.53,2.31
1790865900,0xBC8015FA779be6ac91e5616f37e1768b8DbC16df,23,29133.44,0.0,0.0,0.0,-715.75,0.0
1790865900,0xE1DC5576b36c78C75e6Abf2E1B121Db20A6069b7,10,4869.01,92010.93,109.78,13065.51,-17.22,6.9
1790865900,0xEA2Eec3dc92E860ca7c00DDa51f1AfbCD1fC2E73,28,66869.7,0.0,0.0,0.0,-48.9,6.17
1790865900,0xEd36621aa98134b01d10005a912aA3Ff0E38ED3f,8,159.82,0.0,0.0,0.0,-0.55,0.0
1790865900,0xF7957c8b20DbD3FcA93686B07679aee8e6755c43,1,482.06,0.0,0.0,0.0,5.69,0.0
1790865900,0xafbAFB6e4cb5268dF843542012FEe9d3B9345A34,2,0.0,107355.79,3473.38,1082.26,0.0,16.6
1790865900,0xb8B7561D1afD942027100bA2eCd16B9f001694aF,1,0.0,13257.43,0.0,167.46,0.0,4.48
1790865900,0xebC11Ac4450E3eA74F5D65e5c0138A0C50a2DE4f,93,112877.43,0.0,0.0,0.0,0.0,16.93
1790865900,0xfE6e3099dc514A63bd2Fe79BD3d9e8a653bBAF06,1,8840.0,0.0,0.0,0.0,129.22,0.0
1790866800,0x15efc06FEa57Bda3ceA94A53D5426E78ed4651F3,12,122564.98,0.0,0.0,0.0,429.76,9.91
1790866800,0x1f78Fb1234d2f9685fb35AcB1cf484eca83F8F63,5,2398.09,0.0,0.0,0.0,0.15,0.2
1790866800,0x21aa6DC573DA62abFD7E43C84bEF2DA4FE514053,6,685.78,0.0,0.0,0.0,-0.33,0.0
1790866800,0x2Fd96bd26E7a3c694DBD5ae5E2C29249a83b8a98,22,59292.07,0.0,0.0,0.0,-16.3,0.0
1790866800,0x3556b809156585Ae22561fE51372339bb81EdE45,14,28285.03,0.0,0.0,0.0,43.45,1.48
1790866800,0x38E6e6F0FC90EC15D8f39908E83B11a662bda89F,1,0.0,945.3,24.62,0.0,0.0,0.09
1790866800,0x3aAa2bB57a0eFeA8F6f89423A923f7107c33471B,48,461748.48,41158.12,1647.4,0.0,1292.88,2.72
1790866800,0x3bf64B8c8ce86abDBcF44Fa5a559E27eb9F63Efb,7,0.0,4921935.57,13089.11,15627.62,9794.37,0.0
1790866800,0x53C693A973E5560d1A8811ED501B5a783BFfD2b9,1,0.0,44057.75,265.0,0.0,0.0,13.72
1790866800,0x7DC5808dD4459E9De54CaE87f51A63c46362Fc11,1,0.0,274639.17,3132.62,0.0,0.0,82.89
1790866800,0x8C841906e79CA4a46D3011a046f1022CA04cfD9b,1,0.0,4644.57,35.39,0.0,0.0,0.46
1790866800,0x8E87D8308D439c88dDF48762AA5D3C99b8366a3a,83,551688.43,0.0,0.0,0.0,423.5,54.69
1790866800,0x978e3eb7997a9575cdE1799176829073d2876Fb9,24,425617.23,0.0,0.0,0.0,-1032.18,62.48
1790866800,0x9aa2A1b73a4FD71a60C888fEe9E73b11c4c90e36,1,0.0,3327792.99,0.0,6031.11,-14189.28,754.39
1790866800,0xBC8015FA779be6ac91e5616f37e1768b8DbC16df,2,2799.46,0.0,0.0,0.0,0.0,0.0
1790866800,0xC36717ADB70F7fB9bfFb37b1277ec4C0d00d60c6,1,0.0,966.33,14.65,0.0,0.0,0.1
1790866800,0xCe13033221cB2a2cd7294dD00601f6EE589E0575,2,0.0,53788.21,321.0,140.0,0.0,8.57
1790866800,0xE1DC5576b36c78C75e6Abf2E1B121Db20A6069b7,16,36925.68,1327173.24,12230.0,18822.16,204.26,99.54
1790866800,0xEA2Eec3dc92E860ca7c00DDa51f1AfbCD1fC2E73,16,129274.77,0.0,0.0,0.0,114.0,1.97
1790866800,0xEAc2374016613765cF31afDB4AEB6f5d13a63726,3,0.0,112686.4,12407.5,321.0,52.91,0.0
1790866800,0xEe3361A43B2290E9b72990771853d3817e296248,4,0.0,54884.91,0.0,2225.4,-2293.8,17.97
1790866800,0xF7957c8b20DbD3FcA93686B07679aee8e6755c43,3,25800.27,0.0,0.0,0.0,268.67,0.0
1790866800,0xea19Fe621592b9aF895f2d8d5Af7288C02FbBbF3,3,97.81,0.0,0.0,0.0,0.0,0.06
1790866800,0xebC11Ac4450E3eA74F5D65e5c0138A0C50a2DE4f,42,67488.34,0.0,0.0,0.0,0.0,10.12
1790867700,0x15efc06FEa57Bda3ceA94A53D5426E78ed4651F3,8,32053.87,0.0,0.0,0.0,52.88,4.81
1790867700,0x1c847e46576ba210189381C0c512C58278121d42,4,0.0,3537.48,0.0,10.7,0.0,0.0
1790867700,0x21aa6DC573DA62abFD7E43C84bEF2DA4FE514053,9,1923.65,7080.94,0.0,60.0,8.71,0.0
1790867700,0x2Fd96bd26E7a3c694DBD5ae5E2C29249a83b8a98,22,52615.46,0.0,0.0,0.0,-14.51,0.0
1790867700,0x3556b809156585Ae22561fE51372339bb81EdE45,19,19022.3,0.0,0.0,0.0,10.95,1.26
1790867700,0x376BC1c21DC2Aa69c992cb0a9A20A73B715a3843,1,0.0,8851.17,0.0,75.0,-29.24,3.16
1790867700,0x38E6e6F0FC90EC15D8f39908E83B11a662bda89F,2,0.0,807.17,0.0,115.6,63.31,1.24
1790867700,0x3aAa2bB57a0eFeA8F6f89423A923f7107c33471B,31,66248.22,269.18,93.06,0.0,-46.93,3.17
1790867700,0x3bf64B8c8ce86abDBcF44Fa5a559E27eb9F63Efb,1,0.0,8837.75,0.0,77.0,0.0,0.0
1790867700,0x518f6D0751E83d2Ddd6147b1a3E36DDffa222E85,1,0.0,841.69,0.0,6.4,0.0,0.08
1790867700,0x752cEC19Ab4459aA3146073d7b40abC3EAEB7A64,1,0.0,3077.96,54.57,0.0,0.0,1.42
1790867700,0x8E87D8308D439c88dDF48762AA5D3C99b8366a3a,58,218019.75,0.0,0.0,0.0,794.99,8.56
1790867700,0x978e3eb7997a9575cdE1799176829073d2876Fb9,5,58042.51,0.0,0.0,0.0,0.0,8.67
1790867700,0x9C75839Dc01C708Ceb814C0Cf4560Bb31479abeB,10,0.0,100884.12,707.7,0.0,0.0,21.91
1790867700,0xBC8015FA779be6ac91e5616f37e1768b8DbC16df,1,1399.23,0.0,0.0,0.0,0.0,0.0
1790867700,0xE1DC5576b36c78C75e6Abf2E1B121Db20A6069b7,6,0.0,77034.42,28.94,539.57,-181.98,3.85
1790867700,0xEA2Eec3dc92E860ca7c00DDa51f1AfbCD1fC2E73,8,46685.42,0.0,0.0,0.0,137.15,5.63
1790867700,0xebC11Ac4450E3eA74F5D65e5c0138A0C50a2DE4f,40,67890.81,0.0,0.0,0.0,0.0,10.18
1790867700,0xebF3b13a9A471264B7D505ef94f5A25179cf93D2,1,94.48,0.0,0.0,0.0,0.18,0.01
1790868600,0x021d21f43d6d8921eF876Ec72f59E45820883B8F,1,0.0,8390.39,0.0,1.8,-8.8,0.0
1790868600,0x06fCE0901B4FD85dADf2a46f04634C500e859E2c,1,749.28,0.0,0.0,0.0,0.0,0.07
1790868600,0x15efc06FEa57Bda3ceA94A53D5426E78ed4651F3,17,70183.23,0.0,0.0,0.0,13.3,10.53
1790868600,0x1c847e46576ba210189381C0c512C58278121d42,7,0.0,6357.84,0.0,20.52,-6.13,0.0
1790868600,0x1f78Fb1234d2f9685fb35AcB1cf484eca83F8F63,2,1020.48,0.0,0.0,0.0,0.41,0.0
1790868600,0x21aa6DC573DA62abFD7E43C84bEF2DA4FE514053,12,2720.67,0.0,0.0,0.0,-5.77,0.0
1790868600,0x26F671A4A3641e8F9581c45357027991a5D38DF2,2,0.0,2679.68,8.3,0.0,0.0,0.98
1790868600,0x2Fd96bd26E7a3c694DBD5ae5E2C29249a83b8a98,35,94192.75,0.0,0.0,0.0,87.28,0.0
1790868600,0x3556b809156585Ae22561fE51372339bb81EdE45,19,29400.79,0.0,0.0,0.0,3.26,2.27
1790868600,0x3aAa2bB57a0eFeA8F6f89423A923f7107c33471B,86,525593.55,779788.57,16707.81,2185.98,10274.12,42.56
1790868600,0x3bf64B8c8ce86abDBcF44Fa5a559E27eb9F63Efb,7,0.0,481594.65,10036.12,1059.79,4444.78,0.0
1790868600,0x7b0fb7aB846D27C34dAbdc95bfb6729edeaBcD89,1,0.0,8018.45,10.2,0.0,0.0,1.77
1790868600,0x8E87D8308D439c88dDF48762AA5D3C99b8366a3a,95,452776.75,0.0,0.0,0.0,1562.25,26.16
1790868600,0x8bECA95d65E94A20E54df095e78238425075F66e,18,0.0,1253762.16,2900.54,26637.6,-21890.7,250.52
1790868600,0x978e3eb7997a9575cdE1799176829073d2876Fb9,4,3821.2,0.0,0.0,0.0,88.75,0.15
1790868600,0x9C75839Dc01C708Ceb814C0Cf4560Bb31479abeB,6,0.0,5285.96,17.2,0.0,0.0,4.59
1790868600,0xB90134C652814890691671c849381A0B3cdD0247,5,8030.78,0.0,0.0,0.0,-23.38,2.41
1790868600,0xE1DC5576b36c78C75e6Abf2E1B121Db20A6069b7,7,0.0,47316.64,86.14,17.16,25.65,0.35
1790868600,0xEA2Eec3dc92E860ca7c00DDa51f1AfbCD1fC2E73,11,41657.46,0.0,0.0,0.0,-267.86,4.95
1790868600,0xFF40d665b5fB6193a7135e97895cCC73d106C91F,4,0.0,5668.24,312.9,103.2,-31.97,3.7
1790868600,0xbb05319CD62Ff29BdEC1567718d12B1da3b66aEe,2,0.0,25182.36,0.0,42.3,0.0,6.29
1790868600,0xc24EFa4D2b9Ac968aCf90eB1E136E89496B193c0,3,0.0,2406.68,9.53,3.13,0.0,1.48
1790868600,0xe40DdC7Cf5F81b19505684dE865FE9fBA1a58D64,1,0.0,347.99,24.79,0.0,0.0,0.6
1790868600,0xea19Fe621592b9aF895f2d8d5Af7288C02FbBbF3,9,293.06,0.0,0.0,0.0,0.0,0.18
1790868600,0xebC11Ac4450E3eA74F5D65e5c0138A0C50a2DE4f,41,67537.23,0.0,0.0,0.0,0.0,10.13
1790868600,0xef698DFC8Be573EE20cA86842C15deC0A9C9c44D,1,0.0,3315.78,0.0,42.04,9.21,1.49
1790868600,0xf3aee1171f2D756922c1850f1E21a30ea71b581d,1,184.77,0.0,0.0,0.0,0.0,0.07
1790868600,0xfE6e3099dc514A63bd2Fe79BD3d9e8a653bBAF06,2,8810.0,0.0,0.0,0.0,159.22,0.0
1790869500,0x15efc06FEa57Bda3ceA94A53D5426E78ed4651F3,4,5007.35,0.0,0.0,0.0,9.2,0.75
1790869500,0x1c847e46576ba210189381C0c512C58278121d42,2,705.2,0.0,0.0,0.0,0.0,0.0
1790869500,0x1f78Fb1234d2f9685fb35AcB1cf484eca83F8F63,3,1357.6,0.0,0.0,0.0,-12.66,0.0
1790869500,0x21aa6DC573DA62abFD7E43C84bEF2DA4FE514053,7,942.15,0.0,0.0,0.0,-5.58,0.0
1790869500,0x2Fd96bd26E7a3c694DBD5ae5E2C29249a83b8a98,37,91780.38,0.0,0.0,0.0,-1.52,0.0
1790869500,0x2d4a3304E17036c6A9dec27e0116730080a2Ef19,1,0.0,263.8,13.38,0.0,-6.14,0.58
1790869500,0x3556b809156585Ae22561fE51372339bb81EdE45,14,27951.45,0.0,0.0,0.0,19.1,2.28
1790869500,0x38E6e6F0FC90EC15D8f39908E83B11a662bda89F,2,0.0,653.74,57.72,0.0,0.0,1.2
1790869500,0x3aAa2bB57a0eFeA8F6f89423A923f7107c33471B,13,124036.29,0.0,0.0,0.0,-382.13,0.0
1790869500,0x3bf64B8c8ce86abDBcF44Fa5a559E27eb9F63Efb,4,0.0,37612.12,479.3,166.9,416.55,0.0
1790869500,0x752cEC19Ab4459aA3146073d7b40abC3EAEB7A64,1,0.0,3077.53,54.02,0.0,0.0,0.31
1790869500,0x8E454d0a7E9abF691002EDdEd47472ce03C25905,1,0.0,8782.48,0.0,180.0,0.0,0.0
1790869500,0x8E87D8308D439c88dDF48762AA5D3C99b8366a3a,115,361999.03,0.0,0.0,0.0,1831.15,22.72
1790869500,0x8bECA95d65E94A20E54df095e78238425075F66e,2,0.0,36958.38,109.18,479.3,-598.55,6.04
1790869500,0x9223ec2af1523d4A6b4230190960BF77D8BF5F72,3,0.0,10727.53,67.7,63.8,0.0,2.11
1790869500,0x978e3eb7997a9575cdE1799176829073d2876Fb9,6,72025.04,0.0,0.0,0.0,-62.66,10.81
1790869500,0xB90134C652814890691671c849381A0B3cdD0247,76,197260.81,0.0,0.0,0.0,-576.81,59.18
1790869500,0xD1277d5fc6f804b796CDCf5926E35117e454bF38,1,0.0,13414.92,0.0,7.0,0.0,1.38
1790869500,0xE1DC5576b36c78C75e6Abf2E1B121Db20A6069b7,3,0.0,25274.93,187.0,54.02,-152.7,0.89
1790869500,0xEA2Eec3dc92E860ca7c00DDa51f1AfbCD1fC2E73,1,0.0,263.8,0.0,13.38,0.0,0.0
1790869500,0xEAc2374016613765cF31afDB4AEB6f5d13a63726,3,0.0,10727.53,63.8,67.7,0.0,0.0
1790869500,0xF7957c8b20DbD3FcA93686B07679aee8e6755c43,5,10384.59,0.0,0.0,0.0,0.0,0.0
1790869500,0xea19Fe621592b9aF895f2d8d5Af7288C02FbBbF3,14,464.27,0.0,0.0,0.0,0.0,0.28
1790869500,0xebC11Ac4450E3eA74F5D65e5c0138A0C50a2DE4f,17,20276.89,0.0,0.0,0.0,0.0,3.04
1790869500,0xfE6e3099dc514A63bd2Fe79BD3d9e8a653bBAF06,15,35153.86,0.0,0.0,0.0,721.05,1.95
1790870400,0x1f78Fb1234d2f9685fb35AcB1cf484eca83F8F63,2,1021.84,0.0,0.0,0.0,-1.33,0.07
1790870400,0x1fD0876eEAaB1Af9BbF3EeB70064bc03bf111718,1,2346.34,0.0,0.0,0.0,0.0,0.0
1790870400,0x21aa6DC573DA62abFD7E43C84bEF2DA4FE514053,14,2258.93,0.0,0.0,0.0,-10.47,0.0
1790870400,0x2Fd96bd26E7a3c694DBD5ae5E2C29249a83b8a98,5,12104.07,0.0,0.0,0.0,-23.39,0.0
1790870400,0x3556b809156585Ae22561fE51372339bb81EdE45,16,11192.21,0.0,0.0,0.0,2.71,1.61
1790870400,0x3aAa2bB57a0eFeA8F6f89423A923f7107c33471B,6,1737.45,168901.45,93.32,288.08,166.86,0.0
1790870400,0x3bf64B8c8ce86abDBcF44Fa5a559E27eb9F63Efb,2,0.0,877217.72,13287.5,5834.0,0.0,0.0
1790870400,0x5323F6E9Df2F3501Ef25eeAC6352140bDC19FB78,2,0.0,877217.72,5834.0,13287.5,0.0,132.08
1790870400,0x6Cf144eb80f885376Ce31c87521c2f34E0887431,2,147.27,0.0,0.0,0.0,-0.51,0.06
1790870400,0x80e93386C24B88609919Fbfd6D47124184afBE57,1,0.0,1664.58,42.94,0.0,0.0,0.17
1790870400,0x8E87D8308D439c88dDF48762AA5D3C99b8366a3a,23,33083.32,0.0,0.0,0.0,36.94,2.83
1790870400,0x8bECA95d65E94A20E54df095e78238425075F66e,5,0.0,62977.58,1023.0,42.94,-65.39,21.39
1790870400,0x978e3eb7997a9575cdE1799176829073d2876Fb9,3,3403.54,0.0,0.0,0.0,-3.3,0.51
1790870400,0xAAB98f1787EA33270626d44cEC3f184714643B91,2,0.0,414.6,29.22,0.0,0.0,1.12
1790870400,0xEA2Eec3dc92E860ca7c00DDa51f1AfbCD1fC2E73,4,0.0,61313.0,0.0,1023.0,0.0,0.0
1790870400,0xea19Fe621592b9aF895f2d8d5Af7288C02FbBbF3,4,132.9,0.0,0.0,0.0,0.0,0.08
1790870400,0xfB39EEE697e63A5d13b6c104fA2E043C87E4A816,2,0.0,168486.85,258.86,93.32,0.0,25.77
1790871300,0x15efc06FEa57Bda3ceA94A53D5426E78ed4651F3,10,61543.1,0.0,0.0,0.0,163.59,5.15
1790871300,0x198F406a9e78cEC9cd49C80F6A40facb00832829,1,0.0,469.27,40.4,0.0,0.0,0.64
1790871300,0x1f78Fb1234d2f9685fb35AcB1cf484eca83F8F63,1,549.24,0.0,0.0,0.0,0.0,0.0
1790871300,0x21aa6DC573DA62abFD7E43C84bEF2DA4FE514053,15,2914.39,0.0,0.0,0.0,-21.83,0.0
1790871300,0x2Fd96bd26E7a3c694DBD5ae5E2C29249a83b8a98,9,29800.43,0.0,0.0,0.0,-23.01,0.0
1790871300,0x2d4a3304E17036c6A9dec27e0116730080a2Ef19,1,0.0,87.13,6.12,0.0,-2.53,0.53
1790871300,0x3556b809156585Ae22561fE51372339bb81EdE45,16,11533.57,0.0,0.0,0.0,-32.95,1.34
1790871300,0x3aAa2bB57a0eFeA8F6f89423A923f7107c33471B,20,105129.78,213197.5,5868.9,1250.76,-20.67,0.48
1790871300,0x3bf64B8c8ce86abDBcF44Fa5a559E27eb9F63Efb,1,0.0,87.13,0.0,6.12,0.0,0.0
1790871300,0x43fe1c9D3F6079FBb0837e975688511c9DeD4c61,5,0.0,14847.11,1059.71,0.0,0.0,5.45
1790871300,0x4EEe431B6801a34025a535b7395336006593390C,1,0.0,21.77,0.0,0.0,-0.19,0.01
1790871300,0x5A6B16ec699652990fF6df89D29b10D027F0636F,2,7385.65,0.0,0.0,0.0,0.0,2.23
1790871300,0x6E740B88ca3dAB36a9dEf048FC060759AE7910b2,4,0.0,31213.32,141.21,446.02,87.23,5.68
1790871300,0x80e93386C24B88609919Fbfd6D47124184afBE57,3,548.4,0.0,0.0,0.0,-6.51,0.19
1790871300,0x8E87D8308D439c88dDF48762AA5D3C99b8366a3a,40,264154.05,0.0,0.0,0.0,-178.52,26.62
1790871300,0x8bECA95d65E94A20E54df095e78238425075F66e,1,0.0,26236.5,447.0,0.0,0.0,8.37
1790871300,0x9754E5734daf717E73E1DB643a1f4CF1D593cF5c,2,436.35,874.43,99.44,0.0,0.0,0.9
1790871300,0x978e3eb7997a9575cdE1799176829073d2876Fb9,8,39290.43,0.0,0.0,0.0,6.93,5.41
1790871300,0xB90134C652814890691671c849381A0B3cdD0247,3,3404.83,0.0,0.0,0.0,-39.19,1.02
1790871300,0xBC8015FA779be6ac91e5616f37e1768b8DbC16df,2,2799.39,0.0,0.0,0.0,0.0,0.0
1790871300,0xE1DC5576b36c78C75e6Abf2E1B121Db20A6069b7,1,0.0,170159.91,0.0,5625.13,0.0,12.76
1790871300,0xEA2Eec3dc92E860ca7c00DDa51f1AfbCD1fC2E73,1,0.0,26236.5,0.0,447.0,0.0,0.0
1790871300,0xF7957c8b20DbD3FcA93686B07679aee8e6755c43,4,58355.54,0.0,0.0,0.0,476.57,0.0
1790871300,0xda50a7E41BEb66B2a613bc22a206fb1cF34FFaE2,1,0.0,21.77,0.0,0.0,0.0,0.0
1790871300,0xea19Fe621592b9aF895f2d8d5Af7288C02FbBbF3,11,364.69,0.0,0.0,0.0,0.0,0.22
1790871300,0xebC11Ac4450E3eA74F5D65e5c0138A0C50a2DE4f,2,0.0,4366.53,202.25,90.0,0.0,0.0
1790871300,0xfE6e3099dc514A63bd2Fe79BD3d9e8a653bBAF06,13,45414.24,0.0,0.0,0.0,1286.26,6.68
1790872200,0x15efc06FEa57Bda3ceA94A53D5426E78ed4651F3,3,16793.71,0.0,0.0,0.0,0.0,2.52
1790872200,0x198F406a9e78cEC9cd49C80F6A40facb00832829,1,0.0,117.54,10.2,0.0,0.0,0.54
1790872200,0x1c847e46576ba210189381C0c512C58278121d42,1,0.0,874.73,0.0,1.7,0.0,0.0
1790872200,0x1f78Fb1234d2f9685fb35AcB1cf484eca83F8F63,5,3043.35,0.0,0.0,0.0,-43.55,0.13
1790872200,0x21aa6DC573DA62abFD7E43C84bEF2DA4FE514053,15,2401.08,0.0,0.0,0.0,-17.39,0.0
1790872200,0x2Fd96bd26E7a3c694DBD5ae5E2C29249a83b8a98,5,14981.03,0.0,0.0,0.0,7.1,0.0
1790872200,0x3556b809156585Ae22561fE51372339bb81EdE45,15,6652.29,0.0,0.0,0.0,1.17,0.73
1790872200,0x3687eFc4fBAAfF0F50faD7DF20861E0074419008,1,0.0,268.13,9.0,0.0,0.0,0.03
1790872200,0x3aAa2bB57a0eFeA8F6f89423A923f7107c33471B,6,16740.31,9071.69,0.0,725.14,-0.15,0.0
1790872200,0x3bf64B8c8ce86abDBcF44Fa5a559E27eb9F63Efb,4,0.0,1002518.65,14976.83,6405.27,63.28,0.0
1790872200,0x416C19fF7710EDD091E29eD51fbDd92158B43B6E,1,0.0,842.8,16.16,0.0,0.0,0.75
1790872200,0x43fe1c9D3F6079FBb0837e975688511c9DeD4c61,3,0.0,44367.28,768.7,0.0,0.0,7.3
1790872200,0x5323F6E9Df2F3501Ef25eeAC6352140bDC19FB78,2,0.0,868559.03,6078.5,13893.0,0.0,130.78
1790872200,0x57D20F8aF5875aD611dC836f78e4992DDA5E6073,1,0.0,844.17,0.0,0.48,0.0,0.0
1790872200,0x6E740B88ca3dAB36a9dEf048FC060759AE7910b2,4,0.0,153808.67,326.77,1226.83,-295.98,27.55
1790872200,0x7e040FC3950CeccCf16055aeA756a7a39c394CDC,1,0.0,34807.34,0.0,68.0,0.0,2.61
1790872200,0x8E454d0a7E9abF691002EDdEd47472ce03C25905,1,0.0,8705.45,0.0,100.0,0.0,0.0
1790872200,0x8E87D8308D439c88dDF48762AA5D3C99b8366a3a,28,63746.74,0.0,0.0,0.0,-16.38,4.6
1790872200,0x9754E5734daf717E73E1DB643a1f4CF1D593cF5c,2,434.82,0.0,0.0,0.0,0.0,0.14
1790872200,0x978e3eb7997a9575cdE1799176829073d2876Fb9,1,49.18,0.0,0.0,0.0,0.0,0.01
1790872200,0x996a2d0B8C7e4dCD4c6E65E215e44fDebaAcA12B,1,0.0,3458.99,0.0,6.97,0.0,1.37
1790872200,0xAAB98f1787EA33270626d44cEC3f184714643B91,2,0.0,2949.72,34.84,0.0,0.0,1.88
1790872200,0xBC8015FA779be6ac91e5616f37e1768b8DbC16df,1,0.0,455.64,0.0,5.58,0.0,0.0
1790872200,0xE1DC5576b36c78C75e6Abf2E1B121Db20A6069b7,6,0.0,32569.81,6.97,140.06,16.71,1.92
1790872200,0xE46609ca3D9D94a3b7096587db1dBA8a37Fa20Fe,1,0.0,455.64,5.58,0.0,0.0,0.64
1790872200,0xEAc2374016613765cF31afDB4AEB6f5d13a63726,2,0.0,11384.15,126.2,0.0,0.0,0.65
1790872200,0xFF40d665b5fB6193a7135e97895cCC73d106C91F,1,0.0,2460.54,0.0,270.0,0.0,1.24
1790872200,0xbb05319CD62Ff29BdEC1567718d12B1da3b66aEe,2,0.0,25319.11,96.0,0.0,-62.52,2.53
1790872200,0xc24EFa4D2b9Ac968aCf90eB1E136E89496B193c0,1,0.0,844.17,0.48,0.0,0.0,0.56
1790872200,0xea19Fe621592b9aF895f2d8d5Af7288C02FbBbF3,5,165.23,0.0,0.0,0.0,0.0,0.1
1790872200,0xebC11Ac4450E3eA74F5D65e5c0138A0C50a2DE4f,1,0.0,17170.35,116.8,0.0,0.0,0.0
1790872200,0xfE6e3099dc514A63bd2Fe79BD3d9e8a653bBAF06,8,34819.83,0.0,0.0,0.0,1053.12,3.91
1790872200,0xfF4Cd9BaA9858dAd34EAC8099211F032768d0dD7,1,0.0,2460.54,270.0,0.0,0.0,0.25
1790873100,0x1432bc666deabbcaeD28511dF2E9299e6427c81D,3,53586.72,0.0,0.0,0.0,88.81,16.09
1790873100,0x15efc06FEa57Bda3ceA94A53D5426E78ed4651F3,2,39.67,0.0,0.0,0.0,0.0,0.01
1790873100,0x1f78Fb1234d2f9685fb35AcB1cf484eca83F8F63,10,5200.9,0.0,0.0,0.0,-56.47,0.16
1790873100,0x21aa6DC573DA62abFD7E43C84bEF2DA4FE514053,12,1358.45,0.0,0.0,0.0,-11.58,0.0
1790873100,0x2354fF5a805A861FA80F82A70616B0F00AdAb158,1,0.0,2682.38,49.0,0.0,0.0,1.3
1790873100,0x2B47F76991cDEa328e07e45718c8A3c797ED3594,1,0.0,231.97,0.0,0.0,0.0,0.35
1790873100,0x2Fd96bd26E7a3c694DBD5ae5E2C29249a83b8a98,3,2749.04,0.0,0.0,0.0,8.43,0.05
1790873100,0x3556b809156585Ae22561fE51372339bb81EdE45,24,11119.96,0.0,0.0,0.0,-4.28,1.22
1790873100,0x3aAa2bB57a0eFeA8F6f89423A923f7107c33471B,12,46053.32,0.0,0.0,0.0,24.35,0.0
1790873100,0x3af4D6818cAb55d017DAD84f7D4c39F7BfC6B004,11,0.0,2892.43,0.0,0.0,-45.21,4.37
1790873100,0x8E87D8308D439c88dDF48762AA5D3C99b8366a3a,29,117612.42,0.0,0.0,0.0,374.51,7.41
1790873100,0x94e002669D90cf09f8Cb9F6A9846B0A6A0873Ff3,2,0.0,994.51,0.0,0.0,0.0,0.99
1790873100,0x978e3eb7997a9575cdE1799176829073d2876Fb9,2,464.14,0.0,0.0,0.0,7.8,0.03
1790873100,0xB90134C652814890691671c849381A0B3cdD0247,8,19859.45,0.0,0.0,0.0,-430.86,5.95
1790873100,0xBC8015FA779be6ac91e5616f37e1768b8DbC16df,1,0.0,267.93,0.0,2.52,0.0,0.0
1790873100,0xE1DC5576b36c78C75e6Abf2E1B121Db20A6069b7,2,0.0,2950.28,0.0,71.8,0.0,0.0
1790873100,0xEd36621aa98134b01d10005a912aA3Ff0E38ED3f,2,39.67,0.0,0.0,0.0,0.0,0.0
1790873100,0xF7957c8b20DbD3FcA93686B07679aee8e6755c43,1,7699.58,0.0,0.0,0.0,214.75,0.0
1790873100,0xb130601BC7cd33bDB909d5e6db6ee2Dc9E995c9e,1,0.0,267.93,2.52,0.0,0.0,0.58
1790873100,0xd6133613bc650FF6D5eeA42E40E021411aC2ad95,1,0.0,267.91,22.8,0.0,0.0,0.58
1790873100,0xda50a7E41BEb66B2a613bc22a206fb1cF34FFaE2,8,0.0,1665.94,0.0,0.0,0.0,0.0
1790873100,0xea19Fe621592b9aF895f2d8d5Af7288C02FbBbF3,9,297.06,0.0,0.0,0.0,0.0,0.18
1790873100,0xf3aee1171f2D756922c1850f1E21a30ea71b581d,1,175.3,0.0,0.0,0.0,0.0,0.06
1790874000,0x0B9Dab5cfa4d32C029169c7617A7397e894aD042,1,0.0,208.46,9.63,0.0,0.0,0.56
1790874000,0x1432bc666deabbcaeD28511dF2E9299e6427c81D,4,53766.86,0.0,0.0,0.0,268.9,16.15
1790874000,0x15efc06FEa57Bda3ceA94A53D5426E78ed4651F3,1,3798.42,0.0,0.0,0.0,56.33,0.57
1790874000,0x1f78Fb1234d2f9685fb35AcB1cf484eca83F8F63,11,6223.94,0.0,0.0,0.0,-28.07,0.07
1790874000,0x21aa6DC573DA62abFD7E43C84bEF2DA4FE514053,13,1715.7,0.0,0.0,0.0,-13.37,0.0
1790874000,0x2Fd96bd26E7a3c694DBD5ae5E2C29249a83b8a98,22,69940.31,0.0,0.0,0.0,-2.35,0.0
1790874000,0x3556b809156585Ae22561fE51372339bb81EdE45,24,55330.02,0.0,0.0,0.0,15.94,5.53
1790874000,0x3aAa2bB57a0eFeA8F6f89423A923f7107c33471B,14,133391.35,902693.86,1794.68,13101.75,620.9,15.0
1790874000,0x3af4D6818cAb55d017DAD84f7D4c39F7BfC6B004,2,0.0,1530.55,0.0,0.0,-4.07,2.32
1790874000,0x3bf64B8c8ce86abDBcF44Fa5a559E27eb9F63Efb,6,0.0,2110792.17,0.0,30189.63,-41.75,0.0
1790874000,0x793F59010D878848327aF4052790273D01215D62,1,0.0,764.11,0.0,0.0,0.0,0.0
1790874000,0x8BF0FFB41B02d0425Af717c5fD3570DC208B3c82,1,0.0,56493.68,1169.7,0.0,0.0,17.45
1790874000,0x8E87D8308D439c88dDF48762AA5D3C99b8366a3a,61,361467.61,0.0,0.0,0.0,-321.35,23.13
1790874000,0x94e002669D90cf09f8Cb9F6A9846B0A6A0873Ff3,1,0.0,766.44,0.0,0.0,0.0,0.77
1790874000,0x978e3eb7997a9575cdE1799176829073d2876Fb9,7,27929.04,0.0,0.0,0.0,-62.91,3.43
1790874000,0xA48232D674F993126945B9158d8eD64320883567,1,0.0,268.88,2.62,0.0,0.0,0.0
1790874000,0xAAB98f1787EA33270626d44cEC3f184714643B91,1,0.0,804.28,5.73,0.0,0.0,0.74
1790874000,0xE1DC5576b36c78C75e6Abf2E1B121Db20A6069b7,17,106886.91,3068727.89,43281.97,2952.21,567.79,225.82
1790874000,0xEA2Eec3dc92E860ca7c00DDa51f1AfbCD1fC2E73,1,1344.84,0.0,0.0,0.0,0.0,0.2
1790874000,0xb130601BC7cd33bDB909d5e6db6ee2Dc9E995c9e,1,0.0,268.88,0.0,2.62,-1.06,0.58
1790874000,0xc24EFa4D2b9Ac968aCf90eB1E136E89496B193c0,1,0.0,841.83,0.0,0.22,-0.85,0.03
1790874000,0xdce2fd4f80C317c4CB04EC532Ac598507D5ED33a,1,0.0,2689.47,0.0,17.9,0.0,1.31
1790874000,0xebC11Ac4450E3eA74F5D65e5c0138A0C50a2DE4f,12,0.0,150539.42,2179.5,39575.6,0.0,0.0
1790874000,0xeed6802aD23972bA1E88cC052edfBAd3Ac2804BF,30,75250.93,150539.42,39575.6,2179.5,0.0,48.22
1790874900,0x06fCE0901B4FD85dADf2a46f04634C500e859E2c,1,673.5,0.0,0.0,0.0,5.56,0.07
1790874900,0x0D0E5137C5adE07059767eb750947CaA811bA769,1,0.0,3222.34,0.0,241.64,139.48,1.47
1790874900,0x15efc06FEa57Bda3ceA94A53D5426E78ed4651F3,11,230639.42,0.0,0.0,0.0,-18.88,34.59
1790874900,0x1c847e46576ba210189381C0c512C58278121d42,6,879.65,2637.05,0.0,454.9,0.0,0.0
1790874900,0x1f78Fb1234d2f9685fb35AcB1cf484eca83F8F63,19,8003.96,0.0,0.0,0.0,-7.07,0.32
1790874900,0x21aa6DC573DA62abFD7E43C84bEF2DA4FE514053,10,1319.44,0.0,0.0,0.0,-2.46,0.0
1790874900,0x2Fd96bd26E7a3c694DBD5ae5E2C29249a83b8a98,12,31906.94,0.0,0.0,0.0,-125.87,0.15
1790874900,0x3556b809156585Ae22561fE51372339bb81EdE45,28,33914.32,0.0,0.0,0.0,-22.88,5.09
1790874900,0x3aAa2bB57a0eFeA8F6f89423A923f7107c33471B,40,534031.01,184073.4,2429.93,4337.38,2537.39,0.0
1790874900,0x51efa467CC3B762063bfBE86Ee812E4D51193F68,1,1701.45,0.0,0.0,0.0,0.0,0.52
1790874900,0x5323F6E9Df2F3501Ef25eeAC6352140bDC19FB78,2,0.0,175645.28,4337.38,1434.63,0.0,26.85
1790874900,0x57D20F8aF5875aD611dC836f78e4992DDA5E6073,3,42325.0,0.0,0.0,0.0,12.5,0.0
1790874900,0x5A6B16ec699652990fF6df89D29b10D027F0636F,2,5975.09,0.0,0.0,0.0,0.0,1.8
1790874900,0x624B3a54EbCac879cAeddba4e2ac32B6F2DB6321,10,62975.49,101598.55,23316.3,850.8,0.0,35.16
1790874900,0x66F793f1b2E75da00b32f062a797bc6A9c145ec9,1,0.0,14.4,4.77,0.0,0.0,0.5
1790874900,0x889a18bc957a848c89000812706A5A9E0397E39f,6,0.0,5274.1,454.9,480.69,21.21,4.58
1790874900,0x8E87D8308D439c88dDF48762AA5D3C99b8366a3a,54,550666.57,0.0,0.0,0.0,-1196.08,68.52
1790874900,0x978e3eb7997a9575cdE1799176829073d2876Fb9,6,51327.52,0.0,0.0,0.0,-169.62,7.65
1790874900,0x9efFD2AaC7ee8dffDC059BB7692811ED41d9467F,6,5381.6,10764.26,2852.3,132.5,0.0,4.25
1790874900,0xAAB98f1787EA33270626d44cEC3f184714643B91,1,0.0,809.58,0.0,7.76,0.55,0.74
1790874900,0xC36717ADB70F7fB9bfFb37b1277ec4C0d00d60c6,1,0.0,592.41,0.0,9.17,0.1,0.06
1790874900,0xE1DC5576b36c78C75e6Abf2E1B121Db20A6069b7,11,139988.08,2298.45,14.57,4.77,391.46,0.17
1790874900,0xE89544E0ef15934509c2240f65eB611be3E47a65,1,0.0,1759.14,0.0,265.2,0.0,1.03
1790874900,0xEA2Eec3dc92E860ca7c00DDa51f1AfbCD1fC2E73,3,1035.76,0.0,0.0,0.0,0.0,0.0
1790874900,0xEAc2374016613765cF31afDB4AEB6f5d13a63726,3,0.0,1965518.71,400.0,2320.0,0.0,0.0
1790874900,0xF7957c8b20DbD3FcA93686B07679aee8e6755c43,2,550.31,0.0,0.0,0.0,-0.47,0.0
1790874900,0xa0B94c0A022179a4c1898A9A6e0CF5499F266a9c,3,0.0,1965518.71,2320.0,400.0,0.0,237.14
1790874900,0xebC11Ac4450E3eA74F5D65e5c0138A0C50a2DE4f,8,0.0,112362.81,983.3,26168.6,0.0,0.0
1790874900,0xf3aee1171f2D756922c1850f1E21a30ea71b581d,1,179.38,0.0,0.0,0.0,-1.73,0.06
1790874900,0xfa01529bD217BD76A28305ad1851cC2491D26B59,1,0.0,1691.64,0.0,5.4,-3.04,0.17
1790875800,0x1432bc666deabbcaeD28511dF2E9299e6427c81D,3,54026.53,0.0,0.0,0.0,528.49,16.22
1790875800,0x15efc06FEa57Bda3ceA94A53D5426E78ed4651F3,8,453995.4,0.0,0.0,0.0,2667.71,68.09
1790875800,0x1c847e46576ba210189381C0c512C58278121d42,1,438.96,0.0,0.0,0.0,0.0,0.0
1790875800,0x1f78Fb1234d2f9685fb35AcB1cf484eca83F8F63,6,3085.36,0.0,0.0,0.0,-3.97,0.0
1790875800,0x21aa6DC573DA62abFD7E43C84bEF2DA4FE514053,9,1470.55,0.0,0.0,0.0,-4.65,0.0
1790875800,0x2254C8E957FfA8615f77ebb8C042F04320B9F083,1,0.0,76129.5,242.17,0.0,0.0,7.61
1790875800,0x2Fd96bd26E7a3c694DBD5ae5E2C29249a83b8a98,13,40975.11,0.0,0.0,0.0,-15.43,0.15
1790875800,0x3556b809156585Ae22561fE51372339bb81EdE45,18,21191.74,0.0,0.0,0.0,3.68,2.91
1790875800,0x3aAa2bB57a0eFeA8F6f89423A923f7107c33471B,19,551390.0,272187.46,34443.53,11696.57,-6367.97,5.06
1790875800,0x3bf64B8c8ce86abDBcF44Fa5a559E27eb9F63Efb,1,0.0,424001.77,0.0,1065.0,0.0,0.0
1790875800,0x7e040FC3950CeccCf16055aeA756a7a39c394CDC,1,0.0,8805.85,0.0,200.0,0.0,0.66
1790875800,0x8B6458eC2E52f0281A413A2D7414ad7C6fc7eE8C,1,0.0,2703.6,44.4,0.0,0.0,1.31
1790875800,0x8D5f700b99Edc6f70217ddcFaa5AB3F85261c647,4,0.0,54129.39,1304.0,1866.0,0.0,8.62
1790875800,0x8E87D8308D439c88dDF48762AA5D3C99b8366a3a,56,433859.1,0.0,0.0,0.0,-192.98,36.98
1790875800,0x978e3eb7997a9575cdE1799176829073d2876Fb9,3,2088.33,0.0,0.0,0.0,13.49,0.31
1790875800,0x9C1E4365434dbf1D02dDeb4eEEB01d2a5F80BE25,1,0.0,25427.7,59.7,0.0,0.0,7.96
1790875800,0xAF6F4e481706A288AbeFac829e3742f553206a2D,5,0.0,176100.19,4000.0,0.0,0.0,17.61
1790875800,0xB90134C652814890691671c849381A0B3cdD0247,1,8404.94,0.0,0.0,0.0,-61.75,2.52
1790875800,0xBC8015FA779be6ac91e5616f37e1768b8DbC16df,1,0.0,2703.6,0.0,44.4,0.0,0.0
1790875800,0xC36717ADB70F7fB9bfFb37b1277ec4C0d00d60c6,1,0.0,378.72,0.0,7.06,1.28,0.04
1790875800,0xC717DD4dBDdc98E62D264B0ca790195BF0579FAa,1,0.0,27.06,0.0,0.07,-0.57,0.51
1790875800,0xE1DC5576b36c78C75e6Abf2E1B121Db20A6069b7,16,117005.43,693259.09,1072.12,4101.87,-4.0,50.09
1790875800,0xEAc2374016613765cF31afDB4AEB6f5d13a63726,4,0.0,54129.39,1866.0,1304.0,21.55,0.0
1790875800,0xa58e2b15068a7Bf90fB4C9b9FE25eDB02C16623c,3,5418.41,0.0,0.0,0.0,-268.95,1.9
1790875800,0xd31e98a1B58453960b4376D54547E5Be507b450B,2,0.0,272187.46,11696.57,34443.53,6148.12,41.33
1790875800,0xfE6e3099dc514A63bd2Fe79BD3d9e8a653bBAF06,7,44076.44,0.0,0.0,0.0,0.0,6.61
1790876700,0x0418858DC7D44F13691bdB37E2B55e0833EC5dB5,1,134.81,0.0,0.0,0.0,0.0,0.05
1790876700,0x1432bc666deabbcaeD28511dF2E9299e6427c81D,5,54108.23,0.0,0.0,0.0,610.16,16.24
1790876700,0x15efc06FEa57Bda3ceA94A53D5426E78ed4651F3,6,68928.72,0.0,0.0,0.0,0.0,10.34
1790876700,0x1f78Fb1234d2f9685fb35AcB1cf484eca83F8F63,11,6860.58,0.0,0.0,0.0,1.63,0.16
1790876700,0x21aa6DC573DA62abFD7E43C84bEF2DA4FE514053,11,2558.66,0.0,0.0,0.0,-8.25,0.0
1790876700,0x26F671A4A3641e8F9581c45357027991a5D38DF2,1,0.0,5398.23,0.0,22.4,-21.7,2.12
1790876700,0x2Fd96bd26E7a3c694DBD5ae5E2C29249a83b8a98,20,43360.54,0.0,0.0,0.0,-9.27,1.0
1790876700,0x3556b809156585Ae22561fE51372339bb81EdE45,25,27448.14,0.0,0.0,0.0,-11.41,2.48
1790876700,0x3aAa2bB57a0eFeA8F6f89423A923f7107c33471B,15,22686.54,48637.14,1685.08,57.8,-222.92,0.0
1790876700,0x3af4D6818cAb55d017DAD84f7D4c39F7BfC6B004,6,0.0,2918.56,0.0,0.0,14.04,4.39
1790876700,0x3bf64B8c8ce86abDBcF44Fa5a559E27eb9F63Efb,2,0.0,28294.36,7.24,36.58,0.0,0.0
1790876700,0x3d10912816524e3F9fe219e4D2801e79c35bCDcD,7,0.0,120536.57,111.58,2212.1,696.62,30.17
1790876700,0x4BC7fD2C20D81dfe58C9f6f9055fa4C4700f8c13,1,0.0,269.72,2.04,0.0,0.0,0.03
1790876700,0x558077d8D5c007C37a86FA4e2634807E55b6E37f,2,0.0,162258.42,3350.0,6096.0,0.0,32.95
1790876700,0x57D20F8aF5875aD611dC836f78e4992DDA5E6073,1,0.0,21191.52,0.0,9.5,0.0,0.0
1790876700,0x624B3a54EbCac879cAeddba4e2ac32B6F2DB6321,3,10003.95,0.0,0.0,0.0,0.0,3.01
1790876700,0x793F59010D878848327aF4052790273D01215D62,2,0.0,2146.23,0.0,0.0,0.0,1.07
1790876700,0x8E87D8308D439c88dDF48762AA5D3C99b8366a3a,47,182983.23,0.0,0.0,0.0,-536.06,10.17
1790876700,0x94c96D967Af531aE920CFb7191263c6960589f9E,1,0.0,2032.42,0.0,69.01,14.73,1.11
1790876700,0x94e002669D90cf09f8Cb9F6A9846B0A6A0873Ff3,1,0.0,308.73,0.0,0.0,0.0,0.31
1790876700,0x978e3eb7997a9575cdE1799176829073d2876Fb9,3,722.36,0.0,0.0,0.0,-10.93,0.11
1790876700,0xBC8015FA779be6ac91e5616f37e1768b8DbC16df,2,0.0,24868.8,22.4,308.16,1.45,0.0
1790876700,0xCe13033221cB2a2cd7294dD00601f6EE589E0575,6,0.0,278194.17,748.0,177.0,0.0,37.6
1790876700,0xD21eD80B6901e57548CB937FbE7c6031563bB663,1,0.0,3140.97,640.11,0.0,0.0,1.44
1790876700,0xE1DC5576b36c78C75e6Abf2E1B121Db20A6069b7,4,49992.68,40662.1,317.66,0.0,-83.85,2.65
1790876700,0xEA2Eec3dc92E860ca7c00DDa51f1AfbCD1fC2E73,1,1098.27,0.0,0.0,0.0,-1.46,0.0
1790876700,0xEAc2374016613765cF31afDB4AEB6f5d13a63726,10,0.0,309888.25,186.83,1465.15,43.49,0.02
1790876700,0xFF40d665b5fB6193a7135e97895cCC73d106C91F,4,0.0,1388.43,57.8,60.0,0.0,2.42
1790876700,0xa58e2b15068a7Bf90fB4C9b9FE25eDB02C16623c,4,18925.08,0.0,0.0,0.0,0.0,6.62
1790876700,0xda50a7E41BEb66B2a613bc22a206fb1cF34FFaE2,3,0.0,463.6,0.0,0.0,0.0,0.0
1790876700,0xebC11Ac4450E3eA74F5D65e5c0138A0C50a2DE4f,3,0.0,180444.88,6674.97,3350.0,0.0,0.0
1790876700,0xfF4Cd9BaA9858dAd34EAC8099211F032768d0dD7,1,0.0,556.06,60.0,0.0,0.0,0.06
1790877600,0x0320D502b0F5Ab31c1d851fD31C93a3A36412A9F,3,0.0,3635.72,732.23,0.0,0.0,1.73
1790877600,0x11AC66558Cd2BF47c4522B342Ba41D390A155C6E,1,0.0,4506.03,269.7,0.0,0.0,0.45
1790877600,0x15efc06FEa57Bda3ceA94A53D5426E78ed4651F3,9,96416.65,0.0,0.0,0.0,208.27,14.46
1790877600,0x1f78Fb1234d2f9685fb35AcB1cf484eca83F8F63,1,519.86,0.0,0.0,0.0,1.05,0.08
1790877600,0x21aa6DC573DA62abFD7E43C84bEF2DA4FE514053,8,1496.16,0.0,0.0,0.0,-5.04,0.0
1790877600,0x2Fd96bd26E7a3c694DBD5ae5E2C29249a83b8a98,11,34491.84,0.0,0.0,0.0,-14.5,0.0
1790877600,0x3556b809156585Ae22561fE51372339bb81EdE45,10,18675.71,0.0,0.0,0.0,17.33,2.8
1790877600,0x3aAa2bB57a0eFeA8F6f89423A923f7107c33471B,29,334816.01,1398.56,40.7,64.8,4180.11,0.03
1790877600,0x4BC7fD2C20D81dfe58C9f6f9055fa4C4700f8c13,1,0.0,269.83,1.84,0.0,0.0,0.58
1790877600,0x793F59010D878848327aF4052790273D01215D62,1,0.0,0.39,0.0,0.0,0.0,0.0
1790877600,0x7e040FC3950CeccCf16055aeA756a7a39c394CDC,1,0.0,4506.03,0.0,269.7,0.0,0.34
1790877600,0x8E87D8308D439c88dDF48762AA5D3C99b8366a3a,28,253647.04,0.0,0.0,0.0,-553.75,37.6
1790877600,0x978e3eb7997a9575cdE1799176829073d2876Fb9,4,57542.5,0.0,0.0,0.0,-2321.96,8.6
1790877600,0xBC8015FA779be6ac91e5616f37e1768b8DbC16df,1,0.0,269.83,0.0,1.84,0.0,0.0
1790877600,0xE1DC5576b36c78C75e6Abf2E1B121Db20A6069b7,4,49997.37,0.0,0.0,0.0,-54.6,0.0
1790877600,0xEAc2374016613765cF31afDB4AEB6f5d13a63726,2,0.0,3608.72,0.0,727.63,0.0,0.13
1790877600,0xFF40d665b5fB6193a7135e97895cCC73d106C91F,3,0.0,1371.56,60.2,40.7,-17.43,1.91
1790877600,0xda50a7E41BEb66B2a613bc22a206fb1cF34FFaE2,1,0.0,0.39,0.0,0.0,0.01,0.0
1790878500,0x15efc06FEa57Bda3ceA94A53D5426E78ed4651F3,12,50819.19,0.0,0.0,0.0,19.55,7.62
1790878500,0x21aa6DC573DA62abFD7E43C84bEF2DA4FE514053,3,553.79,0.0,0.0,0.0,-2.74,0.0
1790878500,0x2Fd96bd26E7a3c694DBD5ae5E2C29249a83b8a98,4,11992.75,0.0,0.0,0.0,-4.03,0.0
1790878500,0x3556b809156585Ae22561fE51372339bb81EdE45,2,265.91,0.0,0.0,0.0,-0.04,0.04
1790878500,0x3aAa2bB57a0eFeA8F6f89423A923f7107c33471B,18,54420.91,48426.48,1297.5,1096.53,56.91,0.29
1790878500,0x8E87D8308D439c88dDF48762AA5D3C99b8366a3a,25,141903.72,0.0,0.0,0.0,-255.99,9.56
1790878500,0x978e3eb7997a9575cdE1799176829073d2876Fb9,4,31471.92,0.0,0.0,0.0,192.6,4.43
1790878500,0x9a95FaA6da88c332f638663C39ba56A1A8C07369,3,694.43,0.0,0.0,0.0,-0.07,0.24
1790878500,0xB136c99F4d298f460ca25ac35161057d58380a2a,5,0.0,14947.98,670.89,0.0,0.0,6.98
1790878500,0xC8d2cF583DeF5Bf0093a8af0D6Ad6Ca986FBb138,3,0.0,7129.42,425.64,21.22,-3.05,2.43
1790878500,0xE1DC5576b36c78C75e6Abf2E1B121Db20A6069b7,1,0.0,254524.39,0.0,1503.0,-1151.51,0.0
1790878500,0xEA2Eec3dc92E860ca7c00DDa51f1AfbCD1fC2E73,1,3.07,0.0,0.0,0.0,-0.65,0.0
1790878500,0xb1903a5d95FbA731d2986E97aaF7F70d02494758,2,5.4,0.0,0.0,0.0,-0.02,0.02
1790878500,0xd646D9fF68953690388141a1a6C69F282F965574,1,0.0,254524.39,1503.0,0.0,0.0,76.86
1790878500,0xe032B2ae8B4E39825aC8F9Dc7A1dfa83f2f9aCDA,1,0.0,26349.08,0.0,1276.28,0.0,8.4
1790878500,0xebF3b13a9A471264B7D505ef94f5A25179cf93D2,1,1888.53,0.0,0.0,0.0,0.0,0.0
1790879400,0x1432bc666deabbcaeD28511dF2E9299e6427c81D,4,54091.33,0.0,0.0,0.0,593.27,16.24
1790879400,0x15efc06FEa57Bda3ceA94A53D5426E78ed4651F3,61,411756.04,0.0,0.0,0.0,2294.02,53.41
1790879400,0x18731d55B669c463Ba1801f045881BA8673699d2,3,0.0,18103.7,48.24,155.14,6.31,3.74
1790879400,0x1c847e46576ba210189381C0c512C58278121d42,1,0.0,4244.38,0.0,3.8,0.0,0.0
1790879400,0x1f78Fb1234d2f9685fb35AcB1cf484eca83F8F63,2,3807.1,0.0,0.0,0.0,9.08,0.57
1790879400,0x1fD0876eEAaB1Af9BbF3EeB70064bc03bf111718,1,1585.28,0.0,0.0,0.0,0.0,0.0
1790879400,0x21aa6DC573DA62abFD7E43C84bEF2DA4FE514053,7,1341.91,0.0,0.0,0.0,-0.75,0.0
1790879400,0x2Fd96bd26E7a3c694DBD5ae5E2C29249a83b8a98,11,33981.1,0.0,0.0,0.0,-7.47,0.0
1790879400,0x3556b809156585Ae22561fE51372339bb81EdE45,15,23270.51,0.0,0.0,0.0,-3.52,2.42
1790879400,0x3aAa2bB57a0eFeA8F6f89423A923f7107c33471B,87,1793629.98,27070736.39,18873.77,104483.41,120.89,219.63
1790879400,0x3af4D6818cAb55d017DAD84f7D4c39F7BfC6B004,1,0.0,1380.3,0.0,0.0,27.5,2.07
1790879400,0x3bf64B8c8ce86abDBcF44Fa5a559E27eb9F63Efb,1,0.0,1082.56,340.71,0.0,-58.02,0.0
1790879400,0x558077d8D5c007C37a86FA4e2634807E55b6E37f,2,0.0,161988.59,3364.0,6080.0,0.0,32.9
1790879400,0x57D20F8aF5875aD611dC836f78e4992DDA5E6073,1,0.0,5171.29,0.0,34.95,0.0,0.0
1790879400,0x6Ab4e6082FcE8D709694afE3C324aE0f249e227d,1,0.0,4244.38,3.8,0.0,0.0,0.97
1790879400,0x80e93386C24B88609919Fbfd6D47124184afBE57,1,88.37,0.0,0.0,0.0,0.0,0.01
1790879400,0x8E87D8308D439c88dDF48762AA5D3C99b8366a3a,122,1317923.14,0.0,0.0,0.0,-1009.15,40.01
1790879400,0x9183D798489ff7d5cF9a119D93F7C4aB14751f37,1,0.0,1082.56,0.0,340.71,210.52,0.82
1790879400,0x96B97d96AC85373307294E05DFd9D548E3BBa701,2,0.0,27070736.39,104483.41,18873.77,0.0,1015.28
1790879400,0x978e3eb7997a9575cdE1799176829073d2876Fb9,7,62210.16,0.0,0.0,0.0,0.0,0.0
1790879400,0x9f22342F7c27FF810EF3DF125827376f1883f681,1,0.0,2379.49,99.46,0.0,0.0,0.24
1790879400,0xA48232D674F993126945B9158d8eD64320883567,1,0.0,1976.46,0.0,13.29,0.0,0.0
1790879400,0xB90134C652814890691671c849381A0B3cdD0247,5,17322.08,0.0,0.0,0.0,-91.68,5.19
1790879400,0xBC8015FA779be6ac91e5616f37e1768b8DbC16df,4,3993.46,0.0,0.0,0.0,48.47,0.0
1790879400,0xC8d2cF583DeF5Bf0093a8af0D6Ad6Ca986FBb138,1,0.0,2035.25,410.4,0.0,0.0,0.2
1790879400,0xCe13033221cB2a2cd7294dD00601f6EE589E0575,2,0.0,169652.19,516.0,237.0,0.0,25.95
1790879400,0xE1DC5576b36c78C75e6Abf2E1B121Db20A6069b7,1,0.0,10955.95,155.14,0.0,-9.31,0.82
1790879400,0xEA2Eec3dc92E860ca7c00DDa51f1AfbCD1fC2E73,1,23393.58,0.0,0.0,0.0,247.66,0.0
1790879400,0xEAc2374016613765cF31afDB4AEB6f5d13a63726,4,0.0,174066.94,237.0,1025.86,-12.45,0.33
1790879400,0xF7957c8b20DbD3FcA93686B07679aee8e6755c43,24,607865.28,0.0,0.0,0.0,4184.76,0.0
1790879400,0xF8459aEb9e5823C5A10E9Ba112363fCd88CB10c4,8,0.0,2547.42,0.0,0.0,0.0,3.86
1790879400,0xb1903a5d95FbA731d2986E97aaF7F70d02494758,1,410.25,0.0,0.0,0.0,0.0,0.13
1790879400,0xda50a7E41BEb66B2a613bc22a206fb1cF34FFaE2,7,0.0,1167.12,0.0,0.0,27.42,0.06
1790879400,0xebC11Ac4450E3eA74F5D65e5c0138A0C50a2DE4f,2,0.0,161988.59,6080.0,3364.0,0.0,0.0
1790879400,0xebF3b13a9A471264B7D505ef94f5A25179cf93D2,1,1893.08,0.0,0.0,0.0,4.55,0.0
1790880300,0x1432bc666deabbcaeD28511dF2E9299e6427c81D,16,270134.77,0.0,0.0,0.0,2644.57,81.09
1790880300,0x15efc06FEa57Bda3ceA94A53D5426E78ed4651F3,11,62990.46,0.0,0.0,0.0,103.11,9.45
1790880300,0x1c847e46576ba210189381C0c512C58278121d42,5,0.0,21203.31,0.0,49.85,0.0,0.0
1790880300,0x21aa6DC573DA62abFD7E43C84bEF2DA4FE514053,1,137.91,0.0,0.0,0.0,-0.81,0.0
1790880300,0x2Fd96bd26E7a3c694DBD5ae5E2C29249a83b8a98,14,38169.27,0.0,0.0,0.0,56.31,0.0
1790880300,0x3556b809156585Ae22561fE51372339bb81EdE45,8,18538.19,0.0,0.0,0.0,38.68,1.74
1790880300,0x3aAa2bB57a0eFeA8F6f89423A923f7107c33471B,4,55695.25,0.0,0.0,0.0,107.98,0.0
1790880300,0x3bf64B8c8ce86abDBcF44Fa5a559E27eb9F63Efb,1,0.0,169473.35,0.0,528.0,0.0,0.0
1790880300,0x558077d8D5c007C37a86FA4e2634807E55b6E37f,1,0.0,13512.33,582.0,0.0,-443.6,4.55
1790880300,0x6Ab4e6082FcE8D709694afE3C324aE0f249e227d,2,0.0,8490.31,8.05,0.0,0.0,2.01
1790880300,0x87fa5065b2693a78bd6F41268D1DF4405C5068Ef,1,0.0,19898.2,317.54,0.0,0.0,6.47
1790880300,0x8E87D8308D439c88dDF48762AA5D3C99b8366a3a,46,348356.33,0.0,0.0,0.0,471.82,6.55
1790880300,0x9183D798489ff7d5cF9a119D93F7C4aB14751f37,1,0.0,8459.1,364.33,0.0,0.0,3.04
1790880300,0x96B97d96AC85373307294E05DFd9D548E3BBa701,2,0.0,8781038.91,92819.01,31319.01,0.0,329.41
1790880300,0x978e3eb7997a9575cdE1799176829073d2876Fb9,2,2340.06,0.0,0.0,0.0,-67.91,0.35
1790880300,0xA48232D674F993126945B9158d8eD64320883567,1,0.0,1998.31,69.63,0.0,0.0,0.0
1790880300,0xB80efabF261F1FA31b0afD96f55246A7e0825b93,5,0.0,184569.03,577.64,0.0,0.0,57.37
1790880300,0xBC8015FA779be6ac91e5616f37e1768b8DbC16df,1,830.34,0.0,0.0,0.0,0.0,0.0
1790880300,0xE1DC5576b36c78C75e6Abf2E1B121Db20A6069b7,4,0.0,327106.72,0.0,2526.01,-668.19,0.15
1790880300,0xEA2Eec3dc92E860ca7c00DDa51f1AfbCD1fC2E73,1,6000.34,0.0,0.0,0.0,0.0,0.9
1790880300,0xEAc2374016613765cF31afDB4AEB6f5d13a63726,2,0.0,15895.01,0.0,589.84,1.06,0.0
1790880300,0xd646D9fF68953690388141a1a6C69F282F965574,1,0.0,296751.11,1774.5,0.0,0.0,89.53
1790880300,0xebC11Ac4450E3eA74F5D65e5c0138A0C50a2DE4f,24,73062.05,8781038.91,31319.01,92819.01,0.0,6.2
1790881200,0x15efc06FEa57Bda3ceA94A53D5426E78ed4651F3,19,313946.91,0.0,0.0,0.0,0.0,47.07
1790881200,0x21aa6DC573DA62abFD7E43C84bEF2DA4FE514053,5,739.69,0.0,0.0,0.0,-2.25,0.0
1790881200,0x2F2cC5EE66058c9639e9a4B5f9cD27691978cdE7,2,0.0,10617.6,0.0,931.22,78.17,4.19
1790881200,0x2Fd96bd26E7a3c694DBD5ae5E2C29249a83b8a98,36,89603.44,0.0,0.0,0.0,3.66,0.0
1790881200,0x3556b809156585Ae22561fE51372339bb81EdE45,8,10301.7,0.0,0.0,0.0,-17.93,0.67
1790881200,0x3aAa2bB57a0eFeA8F6f89423A923f7107c33471B,13,4936.88,92534.52,1235.18,451.73,-27.3,0.0
1790881200,0x3d10912816524e3F9fe219e4D2801e79c35bCDcD,4,0.0,72059.12,380.66,124.95,62.29,11.81
1790881200,0x67419aFABe571b1016D73321E55baaDdC568ce89,1,0.0,6747.95,0.0,179.0,0.0,2.52
1790881200,0x8E87D8308D439c88dDF48762AA5D3C99b8366a3a,137,452982.69,0.0,0.0,0.0,709.42,10.82
1790881200,0x96B97d96AC85373307294E05DFd9D548E3BBa701,2,0.0,42383010.16,205034.67,60034.67,0.0,1589.49
1790881200,0x978e3eb7997a9575cdE1799176829073d2876Fb9,29,87740.73,0.0,0.0,0.0,-59.8,0.0
1790881200,0x9E8edbF9da32C33f8D1eD3F1Fc28e9F952FdE66C,2,0.0,42383010.16,60034.67,205034.67,0.0,0.0
1790881200,0xA9E927D46E1cC6f8c86D60E689B2071f83e5f03f,1,0.0,3109.86,71.07,0.0,0.0,1.43
1790881200,0xB90134C652814890691671c849381A0B3cdD0247,158,494042.42,0.0,0.0,0.0,2737.6,148.24
1790881200,0xBC8015FA779be6ac91e5616f37e1768b8DbC16df,11,14828.71,0.0,0.0,0.0,0.0,0.0
1790881200,0xCDa43aF0E62ea12faE2BFF016557B6aB37Ec98B0,3,5003.49,0.0,0.0,0.0,0.0,1.5
1790881200,0xEA2Eec3dc92E860ca7c00DDa51f1AfbCD1fC2E73,10,29244.99,0.0,0.0,0.0,0.0,1.84
1790881200,0xF7957c8b20DbD3FcA93686B07679aee8e6755c43,35,132095.55,0.0,0.0,0.0,573.74,0.0
1790881200,0xebC11Ac4450E3eA74F5D65e5c0138A0C50a2DE4f,62,375843.21,0.0,0.0,0.0,0.0,15.55
1790882100,0x15efc06FEa57Bda3ceA94A53D5426E78ed4651F3,12,81604.05,0.0,0.0,0.0,135.23,12.24
1790882100,0x1c847e46576ba210189381C0c512C58278121d42,2,0.0,2699.88,0.05,0.45,0.4,0.0
1790882100,0x21aa6DC573DA62abFD7E43C84bEF2DA4FE514053,6,670.63,0.0,0.0,0.0,-3.98,0.0
1790882100,0x24101D7E231DfF69ca7c818d0a4d4b8f188C00a2,2,0.0,5770.48,431.34,439.6,-18.94,2.73
1790882100,0x2Fd96bd26E7a3c694DBD5ae5E2C29249a83b8a98,10,20764.04,0.0,0.0,0.0,37.07,0.14
1790882100,0x3556b809156585Ae22561fE51372339bb81EdE45,26,38393.92,0.0,0.0,0.0,1.42,2.73
1790882100,0x3aAa2bB57a0eFeA8F6f89423A923f7107c33471B,26,187036.32,84931.1,529.17,843.72,3659.54,0.13
1790882100,0x3bf64B8c8ce86abDBcF44Fa5a559E27eb9F63Efb,1,0.0,2273.37,0.0,431.34,0.0,0.0
1790882100,0x3d10912816524e3F9fe219e4D2801e79c35bCDcD,4,0.0,71958.0,324.4,89.57,25.11,11.79
1790882100,0x57D20F8aF5875aD611dC836f78e4992DDA5E6073,1,0.0,1348.85,0.1,0.0,0.0,0.0
1790882100,0x5AcdF21650925A7a2E7977b4A75406Ca1cD729BD,2,0.0,538.73,1.76,0.0,0.0,0.58
1790882100,0x7184944f9D5db7D57bA33f7FF2580f26Ee4Bb804,4,0.0,5397.81,6.05,0.15,-1.46,1.71
1790882100,0x80e93386C24B88609919Fbfd6D47124184afBE57,1,87.7,0.0,0.0,0.0,0.04,0.01
1790882100,0x8E87D8308D439c88dDF48762AA5D3C99b8366a3a,53,124545.69,0.0,0.0,0.0,36.03,11.71
1790882100,0x978e3eb7997a9575cdE1799176829073d2876Fb9,7,44813.5,0.0,0.0,0.0,-2718.07,6.25
1790882100,0xB90134C652814890691671c849381A0B3cdD0247,2,1532.47,0.0,0.0,0.0,-21.22,0.46
1790882100,0xBC8015FA779be6ac91e5616f37e1768b8DbC16df,13,14790.42,0.0,0.0,0.0,0.0,0.0
1790882100,0xCDa43aF0E62ea12faE2BFF016557B6aB37Ec98B0,8,10001.46,0.0,0.0,0.0,0.0,3.0
1790882100,0xE1DC5576b36c78C75e6Abf2E1B121Db20A6069b7,2,0.0,7367.6,0.0,22.35,-8.95,0.1
1790882100,0xEA2Eec3dc92E860ca7c00DDa51f1AfbCD1fC2E73,11,12201.59,0.0,0.0,0.0,0.0,0.55
1790882100,0xEBefa760fbfEeadD6Ea1C216f78A75e6dCbd0975,1,0.0,6018.52,16.75,0.0,0.0,2.31
1790882100,0xb667d8F7E5dF8bf617CD0eDdD7e6bcDB49b0A8B6,3,0.0,8937.25,517.56,0.0,0.0,4.18
1790882100,0xebC11Ac4450E3eA74F5D65e5c0138A0C50a2DE4f,46,54756.05,0.0,0.0,0.0,0.0,8.21
1790882100,0xfE6e3099dc514A63bd2Fe79BD3d9e8a653bBAF06,5,8746.13,0.0,0.0,0.0,210.26,1.31
1790883000,0x15efc06FEa57Bda3ceA94A53D5426E78ed4651F3,7,27268.03,0.0,0.0,0.0,0.0,4.09
1790883000,0x1c847e46576ba210189381C0c512C58278121d42,14,3924.95,4355.67,1282.7,0.0,0.0,0.0
1790883000,0x1f78Fb1234d2f9685fb35AcB1cf484eca83F8F63,7,3113.25,0.0,0.0,0.0,0.0,0.0
1790883000,0x21aa6DC573DA62abFD7E43C84bEF2DA4FE514053,5,610.58,0.0,0.0,0.0,-3.76,0.0
1790883000,0x2Fd96bd26E7a3c694DBD5ae5E2C29249a83b8a98,9,19229.54,0.0,0.0,0.0,10.67,0.0
1790883000,0x3556b809156585Ae22561fE51372339bb81EdE45,24,19502.4,0.0,0.0,0.0,3.65,1.16
1790883000,0x3aAa2bB57a0eFeA8F6f89423A923f7107c33471B,5,55703.7,0.0,0.0,0.0,286.09,0.0
1790883000,0x4EEe431B6801a34025a535b7395336006593390C,1,8.46,0.0,0.0,0.0,-0.06,0.0
1790883000,0x7888B3a0c2Cc892670757440e8a78117fb0B9bbf,1,0.0,3382.49,7.24,0.0,0.0,1.41
1790883000,0x8E87D8308D439c88dDF48762AA5D3C99b8366a3a,23,79028.43,0.0,0.0,0.0,-64.05,9.15
1790883000,0x978e3eb7997a9575cdE1799176829073d2876Fb9,7,6261.29,0.0,0.0,0.0,0.0,0.0
1790883000,0xA48232D674F993126945B9158d8eD64320883567,1,0.0,1993.97,56.46,0.0,0.0,0.0
1790883000,0xB90134C652814890691671c849381A0B3cdD0247,2,2154.52,0.0,0.0,0.0,-34.85,0.65
1790883000,0xBC8015FA779be6ac91e5616f37e1768b8DbC16df,18,22226.28,0.0,0.0,0.0,0.0,0.0
1790883000,0xE1DC5576b36c78C75e6Abf2E1B121Db20A6069b7,7,0.0,9732.14,0.0,1346.4,0.0,0.48
1790883000,0xF7957c8b20DbD3FcA93686B07679aee8e6755c43,2,20534.01,0.0,0.0,0.0,457.38,0.0
1790883000,0xebC11Ac4450E3eA74F5D65e5c0138A0C50a2DE4f,58,54561.91,0.0,0.0,0.0,0.0,8.18
1790883000,0xfE6e3099dc514A63bd2Fe79BD3d9e8a653bBAF06,5,8717.61,0.0,0.0,0.0,238.78,1.31
1790883900,0x15efc06FEa57Bda3ceA94A53D5426E78ed4651F3,18,13519.68,0.0,0.0,0.0,-38.32,1.63
1790883900,0x1f78Fb1234d2f9685fb35AcB1cf484eca83F8F63,7,3719.87,0.0,0.0,0.0,-4.41,0.0
1790883900,0x21aa6DC573DA62abFD7E43C84bEF2DA4FE514053,7,780.67,0.0,0.0,0.0,-3.88,0.0
1790883900,0x2Fd96bd26E7a3c694DBD5ae5E2C29249a83b8a98,9,21308.38,0.0,0.0,0.0,58.1,0.0
1790883900,0x330AfCFD99cbD71B41ec16d89E0Cdc6588128a30,5,0.0,566.13,0.0,0.0,-6.03,0.9
1790883900,0x3556b809156585Ae22561fE51372339bb81EdE45,31,30619.99,0.0,0.0,0.0,0.88,0.54
1790883900,0x3aAa2bB57a0eFeA8F6f89423A923f7107c33471B,6,15473.34,77152.54,4.71,29.82,-183.16,0.0
1790883900,0x41627F07d4510125D7578709db8A3Ec772F8ac3e,1,0.0,84627.76,106.0,0.0,1211.42,13.75
1790883900,0x7184944f9D5db7D57bA33f7FF2580f26Ee4Bb804,2,0.0,2697.85,0.55,4.71,-2.9,0.9
1790883900,0x8E87D8308D439c88dDF48762AA5D3C99b8366a3a,46,138864.37,0.0,0.0,0.0,376.65,4.82
1790883900,0x978e3eb7997a9575cdE1799176829073d2876Fb9,2,640.87,0.0,0.0,0.0,22.1,0.03
1790883900,0xA2F500e16E37Bb96e75AE11e7c84B61930261078,5,0.0,51774.11,251.04,266.06,-125.85,13.56
1790883900,0xB90134C652814890691671c849381A0B3cdD0247,3,19036.83,0.0,0.0,0.0,-215.6,5.7
1790883900,0xBC8015FA779be6ac91e5616f37e1768b8DbC16df,15,12554.6,18361.1,0.0,73.76,-18.4,0.0
1790883900,0xCDa43aF0E62ea12faE2BFF016557B6aB37Ec98B0,21,30011.05,0.0,0.0,0.0,0.0,8.99
1790883900,0xD1277d5fc6f804b796CDCf5926E35117e454bF38,9,67427.16,74454.69,29.27,0.0,32.04,24.42
1790883900,0xE1DC5576b36c78C75e6Abf2E1B121Db20A6069b7,4,0.0,118040.77,266.06,283.28,-2026.1,0.0
1790883900,0xF7957c8b20DbD3FcA93686B07679aee8e6755c43,3,8986.02,0.0,0.0,0.0,140.59,0.0
1790883900,0xda50a7E41BEb66B2a613bc22a206fb1cF34FFaE2,5,0.0,566.13,0.0,0.0,0.0,0.0
1790883900,0xebC11Ac4450E3eA74F5D65e5c0138A0C50a2DE4f,39,36450.02,0.0,0.0,0.0,0.0,5.46
1790884800,0x06797e69d2B9C5FA1Feecf0c7D6a83D40a79b811,3,0.0,91759.14,190.4,0.0,0.0,24.3
1790884800,0x137c5E253d961e482D86f44DAb36071406D082A0,1,0.0,142780.23,158.4,0.0,1424.38,0.0
1790884800,0x1f78Fb1234d2f9685fb35AcB1cf484eca83F8F63,8,4662.26,0.0,0.0,0.0,-3.37,0.0
1790884800,0x21aa6DC573DA62abFD7E43C84bEF2DA4FE514053,4,912.97,0.0,0.0,0.0,-4.56,0.0
1790884800,0x2Fd96bd26E7a3c694DBD5ae5E2C29249a83b8a98,2,3100.54,0.0,0.0,0.0,-2.09,0.0
1790884800,0x330AfCFD99cbD71B41ec16d89E0Cdc6588128a30,6,0.0,544.98,0.0,0.0,-3.38,0.88
1790884800,0x3556b809156585Ae22561fE51372339bb81EdE45,11,6942.7,0.0,0.0,0.0,4.26,1.04
1790884800,0x3bf64B8c8ce86abDBcF44Fa5a559E27eb9F63Efb,1,0.0,1331.72,0.0,123.3,0.0,0.0
1790884800,0x5575837C337Ed4B33E7cC425d1ba2B77F83d6F5B,1,0.0,1331.72,123.3,0.0,0.0,0.9
1790884800,0x6Cf144eb80f885376Ce31c87521c2f34E0887431,1,101.55,0.0,0.0,0.0,-0.31,0.04
1790884800,0x8E87D8308D439c88dDF48762AA5D3C99b8366a3a,23,33653.47,0.0,0.0,0.0,6.31,2.5
1790884800,0x978e3eb7997a9575cdE1799176829073d2876Fb9,1,549.01,0.0,0.0,0.0,-28.16,0.08
1790884800,0x9eF009cA98fD2096c6B19abfd1dD0968615026F9,3,0.0,37788.99,8.4,197.92,161.27,8.22
1790884800,0xA48232D674F993126945B9158d8eD64320883567,1,0.0,1998.21,21.39,0.0,0.0,0.0
1790884800,0xBC8015FA779be6ac91e5616f37e1768b8DbC16df,1,0.0,19431.35,0.0,40.32,0.0,0.0
1790884800,0xCDa43aF0E62ea12faE2BFF016557B6aB37Ec98B0,2,5000.4,0.0,0.0,0.0,0.0,1.5
1790884800,0xE1DC5576b36c78C75e6Abf2E1B121Db20A6069b7,5,0.0,205194.49,176.53,232.8,-826.96,10.71
1790884800,0xEAc2374016613765cF31afDB4AEB6f5d13a63726,1,0.0,45879.57,0.0,95.2,0.0,0.0
1790884800,0xF7957c8b20DbD3FcA93686B07679aee8e6755c43,1,4000.26,0.0,0.0,0.0,57.99,0.0
1790884800,0xda50a7E41BEb66B2a613bc22a206fb1cF34FFaE2,6,0.0,544.98,0.0,0.0,0.0,0.0
1790884800,0xe3Cf121A946fc45AfdEC50fb1167f78205CEFA43,1,0.0,175.25,11.12,0.0,0.0,0.55
1790884800,0xf526f7e6E4A20A9c5327D3024DBCB99b65Cc85f8,1,405.4,0.0,0.0,0.0,-5.32,0.13
1790885700,0x06797e69d2B9C5FA1Feecf0c7D6a83D40a79b811,4,0.0,80411.83,162.43,0.0,0.0,21.8
1790885700,0x13edC205947318fBF6d9DD02AA93769530fa099B,1,0.0,874.69,44.4,0.0,0.0,0.76
1790885700,0x15efc06FEa57Bda3ceA94A53D5426E78ed4651F3,4,34342.16,0.0,0.0,0.0,0.0,5.16
1790885700,0x1c847e46576ba210189381C0c512C58278121d42,1,0.0,1350.74,0.0,9.6,0.0,0.0
1790885700,0x1f78Fb1234d2f9685fb35AcB1cf484eca83F8F63,7,3838.76,0.0,0.0,0.0,-2.23,0.08
1790885700,0x21aa6DC573DA62abFD7E43C84bEF2DA4FE514053,9,2601.06,0.0,0.0,0.0,-8.81,0.0
1790885700,0x2Fd96bd26E7a3c694DBD5ae5E2C29249a83b8a98,5,7576.77,0.0,0.0,0.0,-1.08,0.18
1790885700,0x3556b809156585Ae22561fE51372339bb81EdE45,13,13178.9,0.0,0.0,0.0,15.78,0.71
1790885700,0x3aAa2bB57a0eFeA8F6f89423A923f7107c33471B,1,0.0,874.69,0.0,44.4,0.0,0.0
1790885700,0x68354c9e47098ACd6d12DB54837086764459fe21,3,0.0,24159.34,575.9,324.28,-406.26,2.42
1790885700,0x8E87D8308D439c88dDF48762AA5D3C99b8366a3a,12,38221.35,0.0,0.0,0.0,-3.0,1.38
1790885700,0x9b0cFA748c7Ca58CF2f17B396EdcFDdD1f74AD6E,2,0.0,86459.77,561.6,188.8,0.0,13.47
1790885700,0xA58fCa06dA34c9B3b30Ad3BF2E33152142a39F98,2,0.0,111166.01,790.08,0.0,0.0,33.85
1790885700,0xBC8015FA779be6ac91e5616f37e1768b8DbC16df,3,0.0,38907.23,0.0,74.88,0.0,0.0
1790885700,0xE1DC5576b36c78C75e6Abf2E1B121Db20A6069b7,5,0.0,175479.2,324.28,1443.93,146.8,1.81
1790885700,0xEA2Eec3dc92E860ca7c00DDa51f1AfbCD1fC2E73,1,550.31,0.0,0.0,0.0,0.0,0.0
1790885700,0xEAc2374016613765cF31afDB4AEB6f5d13a63726,2,0.0,86459.77,188.8,561.6,-78.88,0.0
1790885700,0xb1903a5d95FbA731d2986E97aaF7F70d02494758,1,410.53,0.0,0.0,0.0,0.01,0.13
1790886600,0x001864F4859D68Ba61B05A11dF1C69456FA88cc4,1,0.0,2156.83,4.72,0.0,0.0,1.09
1790886600,0x0cb3c66fe9E0b37e619B6b620B4583Db5038DDd3,2,0.0,377445.5,7259.59,524.12,0.0,57.12
1790886600,0x1f78Fb1234d2f9685fb35AcB1cf484eca83F8F63,3,1525.58,0.0,0.0,0.0,1.15,0.08
1790886600,0x21aa6DC573DA62abFD7E43C84bEF2DA4FE514053,2,315.83,0.0,0.0,0.0,-3.03,0.0
1790886600,0x2Fd96bd26E7a3c694DBD5ae5E2C29249a83b8a98,2,1251.27,0.0,0.0,0.0,0.0,0.19
1790886600,0x3556b809156585Ae22561fE51372339bb81EdE45,5,2323.8,0.0,0.0,0.0,0.24,0.35
1790886600,0x37Ea3c3aB2C8fAc9322Efb2D7a6Ee784C861A77F,3,0.0,161784.61,2533.0,0.0,0.0,49.04
1790886600,0x3B58c6b29A09daFd54c0d14c264aDE7E07AAbc82,1,0.0,1350.01,84.95,0.0,0.0,0.91
1790886600,0x3aAa2bB57a0eFeA8F6f89423A923f7107c33471B,2,0.0,377445.5,524.12,7259.59,0.0,0.0
1790886600,0x3bf64B8c8ce86abDBcF44Fa5a559E27eb9F63Efb,1,0.0,2540.81,0.0,155.07,-23.54,0.0
1790886600,0x57D20F8aF5875aD611dC836f78e4992DDA5E6073,1,0.0,2156.83,0.0,4.72,0.0,0.0
1790886600,0x61B99b46EFf3a7678475c1826B852478940d90A5,2,0.0,798.78,1.68,0.0,0.0,1.18
1790886600,0x68354c9e47098ACd6d12DB54837086764459fe21,1,0.0,7201.34,0.0,322.58,0.0,0.72
1790886600,0x8E87D8308D439c88dDF48762AA5D3C99b8366a3a,4,2768.38,0.0,0.0,0.0,7.42,0.0
1790886600,0x943a81f4322Bc62cCF50f9143a61f7FddcCcD5D9,1,0.0,2540.81,155.07,0.0,0.0,1.26
1790886600,0xBC8015FA779be6ac91e5616f37e1768b8DbC16df,1,0.0,399.56,0.0,1.18,0.0,0.0
1790886600,0xE1DC5576b36c78C75e6Abf2E1B121Db20A6069b7,2,0.0,8551.35,322.58,84.95,-7.82,0.54
1790886600,0xEAc2374016613765cF31afDB4AEB6f5d13a63726,4,0.0,162183.82,0.0,2533.5,263.97,0.0
1790887500,0x1f78Fb1234d2f9685fb35AcB1cf484eca83F8F63,6,2478.32,0.0,0.0,0.0,1.49,0.03
1790887500,0x21aa6DC573DA62abFD7E43C84bEF2DA4FE514053,3,555.89,0.0,0.0,0.0,-0.91,0.0
1790887500,0x2Fd96bd26E7a3c694DBD5ae5E2C29249a83b8a98,5,10166.14,0.0,0.0,0.0,20.73,0.33
1790887500,0x3556b809156585Ae22561fE51372339bb81EdE45,9,3809.24,0.0,0.0,0.0,-1.75,0.57
1790887500,0x3aAa2bB57a0eFeA8F6f89423A923f7107c33471B,2,1180.21,2893.28,0.0,156.75,0.0,0.0
1790887500,0x4321D7527B0a40921382cA81C44DD22E453193a8,1,0.0,29669.17,24.2,0.0,0.0,3.52
1790887500,0x57D20F8aF5875aD611dC836f78e4992DDA5E6073,1,0.0,10790.99,0.0,19.2,1.8,0.0
1790887500,0x68354c9e47098ACd6d12DB54837086764459fe21,1,0.0,5417.04,175.81,0.0,-121.52,0.54
1790887500,0x8E87D8308D439c88dDF48762AA5D3C99b8366a3a,7,12166.06,0.0,0.0,0.0,2.84,1.2
1790887500,0x978e3eb7997a9575cdE1799176829073d2876Fb9,2,2180.06,0.0,0.0,0.0,-8.93,0.33
1790887500,0xB136c99F4d298f460ca25ac35161057d58380a2a,1,0.0,2893.28,156.75,0.0,0.0,1.37
1790887500,0xBC8015FA779be6ac91e5616f37e1768b8DbC16df,1,0.0,5395.49,0.0,9.6,0.0,0.0
1790887500,0xE1DC5576b36c78C75e6Abf2E1B121Db20A6069b7,2,0.0,35086.21,0.0,200.01,68.83,0.41
1790887500,0xF7957c8b20DbD3FcA93686B07679aee8e6755c43,1,225.04,0.0,0.0,0.0,0.0,0.0
1790887500,0xeAA36cb4945df968f056E5E98ff1E49794Aebc71,2,0.0,16186.48,28.8,0.0,0.0,4.1
1790888400,0x071f0Be159c57376B74E728Ab3E69168Bc2A1065,2,0.0,4376.15,72.0,0.0,0.0,1.38
1790888400,0x11a945E87EF48FDeF594fA4d70f7F16265fC39Cf,4,0.0,1184514.12,5605.08,1021.1,0.0,178.68
1790888400,0x15efc06FEa57Bda3ceA94A53D5426E78ed4651F3,4,25013.79,0.0,0.0,0.0,0.0,3.75
1790888400,0x1f78Fb1234d2f9685fb35AcB1cf484eca83F8F63,4,2112.7,0.0,0.0,0.0,-0.03,0.0
1790888400,0x21aa6DC573DA62abFD7E43C84bEF2DA4FE514053,2,231.11,0.0,0.0,0.0,-1.23,0.0
1790888400,0x2Fd96bd26E7a3c694DBD5ae5E2C29249a83b8a98,2,5995.84,0.0,0.0,0.0,38.86,0.0
1790888400,0x330AfCFD99cbD71B41ec16d89E0Cdc6588128a30,11,0.0,1714.94,0.0,0.0,-0.72,2.68
1790888400,0x3556b809156585Ae22561fE51372339bb81EdE45,6,2343.81,0.0,0.0,0.0,0.03,0.35
1790888400,0x3aAa2bB57a0eFeA8F6f89423A923f7107c33471B,1,1304.8,0.0,0.0,0.0,7.02,0.0
1790888400,0x3bf64B8c8ce86abDBcF44Fa5a559E27eb9F63Efb,2,0.0,676905.76,697.1,4201.08,-55.27,0.0
1790888400,0x68354c9e47098ACd6d12DB54837086764459fe21,1,0.0,4568.62,0.0,200.77,0.0,0.46
1790888400,0x8E87D8308D439c88dDF48762AA5D3C99b8366a3a,6,26639.7,0.0,0.0,0.0,266.81,0.65
1790888400,0x94ECb4C47D8E2CB07874A33a0141016254b46873,1,323.67,0.0,0.0,0.0,0.17,0.11
1790888400,0xA48232D674F993126945B9158d8eD64320883567,1,0.0,2188.54,0.0,17.5,0.0,0.0
1790888400,0xE078f11af15Bc9dFF5eb71a48d4736F1A3cbEee1,1,0.0,846.02,30.27,0.0,0.0,0.75
1790888400,0xE1DC5576b36c78C75e6Abf2E1B121Db20A6069b7,6,0.0,47005.04,200.77,1017.41,-20.2,1.11
1790888400,0xEAc2374016613765cF31afDB4AEB6f5d13a63726,2,0.0,507608.36,324.0,1404.0,0.0,0.0
1790888400,0xF410a21c69dD8fACD85c8413217556A574Dbc296,3,0.0,1164.01,0.0,0.0,0.0,0.58
1790888400,0xb84DCE528B5Dbd78566652D44E52a26B6fC798e1,1,0.0,8092.7,88.5,0.0,0.0,0.81
1790888400,0xda50a7E41BEb66B2a613bc22a206fb1cF34FFaE2,8,0.0,550.93,0.0,0.0,0.0,0.0
1790888400,0xeB244B45D141f90211C891b1F59559eaC2fEECC9,2,0.0,31310.09,844.14,0.0,0.0,10.39
1790889300,0x0cb3c66fe9E0b37e619B6b620B4583Db5038DDd3,1,0.0,13471.11,522.1,0.0,0.0,4.54
1790889300,0x15efc06FEa57Bda3ceA94A53D5426E78ed4651F3,1,742.52,0.0,0.0,0.0,0.0,0.0
1790889300,0x21aa6DC573DA62abFD7E43C84bEF2DA4FE514053,4,473.96,0.0,0.0,0.0,-3.18,0.0
1790889300,0x2Fd96bd26E7a3c694DBD5ae5E2C29249a83b8a98,1,93.2,0.0,0.0,0.0,0.0,0.02
1790889300,0x330AfCFD99cbD71B41ec16d89E0Cdc6588128a30,7,0.0,1051.81,0.0,0.0,0.7,1.64
1790889300,0x3556b809156585Ae22561fE51372339bb81EdE45,9,19729.83,0.0,0.0,0.0,-6.43,1.49
1790889300,0x3aAa2bB57a0eFeA8F6f89423A923f7107c33471B,2,0.0,14799.36,116.5,522.1,-13.36,0.0
1790889300,0x3bf64B8c8ce86abDBcF44Fa5a559E27eb9F63Efb,2,0.0,338272.38,586.81,1211.54,2991.21,0.0
1790889300,0x8E87D8308D439c88dDF48762AA5D3C99b8366a3a,6,51745.2,0.0,0.0,0.0,-6.55,7.61
1790889300,0x9106961Fe8b3502E1d17D0635ca064AeA9d59f9F,2,0.0,338272.38,1211.54,586.81,0.0,51.24
1790889300,0x94e002669D90cf09f8Cb9F6A9846B0A6A0873Ff3,2,0.0,109.41,0.0,0.0,0.0,0.11
1790889300,0x978e3eb7997a9575cdE1799176829073d2876Fb9,1,1238.19,0.0,0.0,0.0,-71.99,0.19
1790889300,0xE1DC5576b36c78C75e6Abf2E1B121Db20A6069b7,5,49998.01,1691.73,0.0,37.8,13.2,0.0
1790889300,0xF410a21c69dD8fACD85c8413217556A574Dbc296,3,0.0,830.7,0.0,0.0,0.0,0.49
1790889300,0xFfd6339DA9D6a8D84FD5b323a6088441947A10B3,1,0.0,1328.25,0.0,116.5,59.36,0.2
1790889300,0xda50a7E41BEb66B2a613bc22a206fb1cF34FFaE2,2,0.0,111.7,0.0,0.0,0.0,0.0
1790889300,0xeB244B45D141f90211C891b1F59559eaC2fEECC9,1,0.0,1691.73,37.8,0.0,0.0,1.01
1790890200,0x0cb3c66fe9E0b37e619B6b620B4583Db5038DDd3,3,0.0,484105.24,7916.57,682.68,0.0,81.68
1790890200,0x15efc06FEa57Bda3ceA94A53D5426E78ed4651F3,8,44001.78,0.0,0.0,0.0,-1.93,6.0
1790890200,0x1f78Fb1234d2f9685fb35AcB1cf484eca83F8F63,10,5633.29,0.0,0.0,0.0,1.45,0.28
1790890200,0x21aa6DC573DA62abFD7E43C84bEF2DA4FE514053,3,252.19,0.0,0.0,0.0,-3.93,0.0
1790890200,0x2Fd96bd26E7a3c694DBD5ae5E2C29249a83b8a98,12,31078.58,0.0,0.0,0.0,-11.34,0.0
1790890200,0x330AfCFD99cbD71B41ec16d89E0Cdc6588128a30,8,0.0,438.25,0.0,0.0,0.1,0.74
1790890200,0x3556b809156585Ae22561fE51372339bb81EdE45,10,27104.49,0.0,0.0,0.0,-1.02,2.93
1790890200,0x3aAa2bB57a0eFeA8F6f89423A923f7107c33471B,11,102773.33,443522.6,751.07,7067.58,514.15,0.0
1790890200,0x3bf64B8c8ce86abDBcF44Fa5a559E27eb9F63Efb,3,0.0,7794.75,32.7,47.96,-10.33,0.0
1790890200,0x6b755D2b2AEA43ba27AfDf1c17c2c23bA07f4581,2,0.0,3227.26,23.25,32.7,0.0,0.98
1790890200,0x80e93386C24B88609919Fbfd6D47124184afBE57,2,143.8,0.0,0.0,0.0,2.94,0.04
1790890200,0x8E87D8308D439c88dDF48762AA5D3C99b8366a3a,61,271333.01,0.0,0.0,0.0,703.66,16.07
1790890200,0x9106961Fe8b3502E1d17D0635ca064AeA9d59f9F,2,0.0,13197.64,241.01,68.39,0.0,2.48
1790890200,0x94e002669D90cf09f8Cb9F6A9846B0A6A0873Ff3,1,0.0,109.67,0.0,0.0,0.05,0.1
1790890200,0x978e3eb7997a9575cdE1799176829073d2876Fb9,33,116909.89,0.0,0.0,0.0,250.23,4.65
1790890200,0xB90134C652814890691671c849381A0B3cdD0247,77,237895.76,0.0,0.0,0.0,297.81,71.4
1790890200,0xBC8015FA779be6ac91e5616f37e1768b8DbC16df,1,0.0,12925.46,0.0,92.16,-7.75,0.0
1790890200,0xD87890df93bf74173b51077e5c6cD12121d87903,2,0.0,54658.87,92.16,99.2,-69.3,8.2
1790890200,0xDb227793EbCD52d469D1c3813b6943188F1F335f,2,0.0,8447.5,44.55,0.0,0.0,1.77
1790890200,0xE1DC5576b36c78C75e6Abf2E1B121Db20A6069b7,6,49995.18,47118.93,99.2,111.8,0.0,0.0
1790890200,0xEA2Eec3dc92E860ca7c00DDa51f1AfbCD1fC2E73,1,56.97,0.0,0.0,0.0,0.0,0.0
1790890200,0xEAc2374016613765cF31afDB4AEB6f5d13a63726,3,0.0,62227.78,0.0,1134.55,-37.25,0.0
1790890200,0xF1D4E16bf55ceDae501BD9d3747307907c145248,1,0.0,5385.52,111.8,0.0,0.0,2.12
1790890200,0xF410a21c69dD8fACD85c8413217556A574Dbc296,9,0.0,547.92,0.0,0.0,0.0,0.27
1790890200,0xF7957c8b20DbD3FcA93686B07679aee8e6755c43,2,4241.6,0.0,0.0,0.0,39.68,0.0
1790890200,0xd646D9fF68953690388141a1a6C69F282F965574,1,0.0,4567.49,24.71,0.0,0.0,1.87
1790890200,0xea19Fe621592b9aF895f2d8d5Af7288C02FbBbF3,3,98.98,0.0,0.0,0.0,0.0,0.06
1790890200,0xf3aee1171f2D756922c1850f1E21a30ea71b581d,1,188.51,0.0,0.0,0.0,0.0,0.07
1790890200,0xfE6e3099dc514A63bd2Fe79BD3d9e8a653bBAF06,8,16324.77,0.0,0.0,0.0,494.45,2.45
1790891100,0x15efc06FEa57Bda3ceA94A53D5426E78ed4651F3,98,307672.7,0.0,0.0,0.0,-14.4,39.5
1790891100,0x1c847e46576ba210189381C0c512C58278121d42,2,433.3,0.0,0.0,0.0,0.0,0.0
1790891100,0x1f78Fb1234d2f9685fb35AcB1cf484eca83F8F63,4,2177.29,0.0,0.0,0.0,0.27,0.1
1790891100,0x1fD0876eEAaB1Af9BbF3EeB70064bc03bf111718,1,596.2,0.0,0.0,0.0,0.0,0.0
1790891100,0x21aa6DC573DA62abFD7E43C84bEF2DA4FE514053,3,510.13,0.0,0.0,0.0,-5.46,0.0
1790891100,0x2Fd96bd26E7a3c694DBD5ae5E2C29249a83b8a98,61,142302.84,0.0,0.0,0.0,12.08,0.39
1790891100,0x330AfCFD99cbD71B41ec16d89E0Cdc6588128a30,4,0.0,242.52,0.0,0.0,0.3,0.39
1790891100,0x3556b809156585Ae22561fE51372339bb81EdE45,15,16262.95,0.0,0.0,0.0,9.25,0.26
1790891100,0x3aAa2bB57a0eFeA8F6f89423A923f7107c33471B,20,78060.21,71571.84,731.6,1907.14,162.44,0.99
1790891100,0x8E87D8308D439c88dDF48762AA5D3C99b8366a3a,175,629785.09,0.0,0.0,0.0,1051.06,7.5
1790891100,0x978e3eb7997a9575cdE1799176829073d2876Fb9,43,137847.73,0.0,0.0,0.0,699.41,0.24
1790891100,0xB90134C652814890691671c849381A0B3cdD0247,290,996215.27,0.0,0.0,0.0,1101.59,299.05
1790891100,0xBC8015FA779be6ac91e5616f37e1768b8DbC16df,4,4197.98,14798.76,0.0,110.0,0.0,0.0
1790891100,0xD87890df93bf74173b51077e5c6cD12121d87903,2,0.0,57827.96,110.0,118.4,-56.69,8.67
1790891100,0xD9884e6f8a8Bc801E24bB19E371d71D626C22680,1,0.0,433030.86,0.0,6000.0,0.0,0.0
1790891100,0xEA2Eec3dc92E860ca7c00DDa51f1AfbCD1fC2E73,1,32.94,0.0,0.0,0.0,0.0,0.0
1790891100,0xEAc2374016613765cF31afDB4AEB6f5d13a63726,2,0.0,507179.09,528.0,1362.0,0.0,0.0
1790891100,0xF410a21c69dD8fACD85c8413217556A574Dbc296,4,0.0,242.52,0.0,0.0,0.0,0.12
1790891100,0xF7957c8b20DbD3FcA93686B07679aee8e6755c43,115,431640.16,0.0,0.0,0.0,909.39,0.0
1790891100,0xafbAFB6e4cb5268dF843542012FEe9d3B9345A34,4,0.0,535721.73,3269.14,1141.2,0.0,81.36
1790891100,0xea19Fe621592b9aF895f2d8d5Af7288C02FbBbF3,10,329.19,0.0,0.0,0.0,0.0,0.2
1790891100,0xfE6e3099dc514A63bd2Fe79BD3d9e8a653bBAF06,23,138254.04,433030.86,6000.0,0.0,4595.11,50.6
1790892000,0x15efc06FEa57Bda3ceA94A53D5426E78ed4651F3,27,42665.97,0.0,0.0,0.0,0.0,6.4
1790892000,0x16cf8666a35D1E9D4c4d19B16A93fc8462696f10,2,0.0,15904.71,1208.63,458.85,289.98,2.89
1790892000,0x1f78Fb1234d2f9685fb35AcB1cf484eca83F8F63,5,2381.75,0.0,0.0,0.0,-0.1,0.0
1790892000,0x21aa6DC573DA62abFD7E43C84bEF2DA4FE514053,3,364.08,0.0,0.0,0.0,-1.43,0.0
1790892000,0x2Fd96bd26E7a3c694DBD5ae5E2C29249a83b8a98,4,9651.2,0.0,0.0,0.0,7.08,0.0
1790892000,0x3556b809156585Ae22561fE51372339bb81EdE45,12,17821.49,0.0,0.0,0.0,3.73,2.0
1790892000,0x3aAa2bB57a0eFeA8F6f89423A923f7107c33471B,3,330.62,15904.71,458.85,1208.63,165.35,0.05
1790892000,0x3bf64B8c8ce86abDBcF44Fa5a559E27eb9F63Efb,1,0.0,821.56,0.0,200.98,0.0,0.0
1790892000,0x8E87D8308D439c88dDF48762AA5D3C99b8366a3a,38,141941.58,0.0,0.0,0.0,309.27,13.0
1790892000,0x8bECA95d65E94A20E54df095e78238425075F66e,1,0.0,8702.76,383.0,0.0,-151.59,3.11
1790892000,0xA62b02d8d0b1bDae1320465baF7E424c686DF0F3,1,0.0,821.56,200.98,0.0,0.0,0.75
1790892000,0xB90134C652814890691671c849381A0B3cdD0247,4,18021.19,0.0,0.0,0.0,-415.27,5.4
1790892000,0xE1DC5576b36c78C75e6Abf2E1B121Db20A6069b7,5,88475.07,0.0,0.0,0.0,0.0,0.0
1790892000,0xEA2Eec3dc92E860ca7c00DDa51f1AfbCD1fC2E73,2,330.62,8702.76,0.0,383.0,0.0,0.0
1790892900,0x0CB07cE2381904f31C983538F8379d6CBDeC37a1,2,0.0,226611.9,3102.96,450.96,0.0,34.49
1790892900,0x1f78Fb1234d2f9685fb35AcB1cf484eca83F8F63,4,2197.21,0.0,0.0,0.0,0.67,0.0
1790892900,0x2Fd96bd26E7a3c694DBD5ae5E2C29249a83b8a98,3,5195.41,0.0,0.0,0.0,70.1,0.24
1790892900,0x3556b809156585Ae22561fE51372339bb81EdE45,7,8070.97,0.0,0.0,0.0,0.41,0.95
1790892900,0x3aAa2bB57a0eFeA8F6f89423A923f7107c33471B,9,1388.03,134196.36,1414.32,1797.4,1262.78,0.0
1790892900,0x3bf64B8c8ce86abDBcF44Fa5a559E27eb9F63Efb,5,0.0,122644.59,3414.89,500.49,21.45,0.0
1790892900,0x5767508B41cff5B45bdC932834B1e165B5880B8b,1,0.0,340.57,20.7,0.0,15.23,0.03
1790892900,0x8E87D8308D439c88dDF48762AA5D3C99b8366a3a,7,25135.41,0.0,0.0,0.0,314.11,0.0
1790892900,0x8bECA95d65E94A20E54df095e78238425075F66e,12,0.0,374444.99,6567.17,4937.45,-4140.03,118.33
1790892900,0xAAB98f1787EA33270626d44cEC3f184714643B91,1,0.0,133.22,9.23,0.0,0.0,0.54
1790892900,0xBC52EE319E8c308472C5cC2162101ac794348beE,1,0.0,5480.72,189.0,0.0,0.0,0.55
1790892900,0xBC8015FA779be6ac91e5616f37e1768b8DbC16df,1,0.0,2699.96,28.0,0.0,0.0,0.0
1790892900,0xC5Ba75e85b9f5a60A828B7F6F976fA15E6a10642,3,0.0,12201.97,64.19,20.7,112.96,2.88
1790892900,0xDAE696cf0C78e1D009c99C99A030b99E4E06C03b,9,784.69,10893.2,521.09,486.76,-15.7,4.55
1790892900,0xEA2Eec3dc92E860ca7c00DDa51f1AfbCD1fC2E73,3,0.0,78434.36,0.0,3409.0,0.0,0.0
1790892900,0xb84DCE528B5Dbd78566652D44E52a26B6fC798e1,1,0.0,2700.49,27.5,0.0,0.0,0.27
1790892900,0xd166e0a1cb4603132d011128D6b6d7D56827fc93,3,0.0,13871.56,0.0,108.9,0.0,5.66
1790892900,0xea19Fe621592b9aF895f2d8d5Af7288C02FbBbF3,1,0.0,871.58,29.3,0.0,0.0,0.09
1790892900,0xebC11Ac4450E3eA74F5D65e5c0138A0C50a2DE4f,6,0.0,20576.58,430.1,554.79,0.0,0.0
1790892900,0xfE6e3099dc514A63bd2Fe79BD3d9e8a653bBAF06,9,26155.95,270211.62,450.96,4002.96,-140.89,3.92
1790893800,0x15efc06FEa57Bda3ceA94A53D5426E78ed4651F3,1,88.96,0.0,0.0,0.0,0.0,0.01
1790893800,0x1f78Fb1234d2f9685fb35AcB1cf484eca83F8F63,4,2110.0,0.0,0.0,0.0,-0.49,0.0
1790893800,0x21aa6DC573DA62abFD7E43C84bEF2DA4FE514053,2,176.17,0.0,0.0,0.0,-1.09,0.0
1790893800,0x22c3fE4db58BC1D20C55DB99d6c776aA270f9EA0,4,0.0,10807.23,43.13,41.98,-3.78,2.62
1790893800,0x2Fd96bd26E7a3c694DBD5ae5E2C29249a83b8a98,2,7993.08,0.0,0.0,0.0,0.0,0.0
1790893800,0x3556b809156585Ae22561fE51372339bb81EdE45,6,3195.95,0.0,0.0,0.0,0.37,0.48
1790893800,0x3aAa2bB57a0eFeA8F6f89423A923f7107c33471B,2,0.0,5402.94,25.22,18.66,0.0,0.0
1790893800,0x3bf64B8c8ce86abDBcF44Fa5a559E27eb9F63Efb,2,0.0,5404.29,16.75,24.47,0.0,0.0
1790893800,0x3c8BDD93FE3b3115D74Fd61693921A4F133fE065,1,2697.72,0.0,0.0,0.0,12.91,0.82
1790893800,0x5323F6E9Df2F3501Ef25eeAC6352140bDC19FB78,3,0.0,217957.72,0.0,3490.0,0.0,66.89
1790893800,0x8E87D8308D439c88dDF48762AA5D3C99b8366a3a,4,11689.54,0.0,0.0,0.0,-13.54,1.2
1790893800,0xBC8015FA779be6ac91e5616f37e1768b8DbC16df,2,0.0,4021.88,0.0,23.03,-48.55,0.0
1790893800,0xDC3848402cd16fAd6284Ac7AD7606Cff843A486D,1,0.0,2672.57,18.63,0.0,0.0,1.3
1790893800,0xE1DC5576b36c78C75e6Abf2E1B121Db20A6069b7,1,0.0,1349.17,0.0,5.1,-30.39,0.0
1790893800,0xebC11Ac4450E3eA74F5D65e5c0138A0C50a2DE4f,3,0.0,217957.72,3490.0,0.0,0.0,0.0
1790893800,0xf526f7e6E4A20A9c5327D3024DBCB99b65Cc85f8,2,0.0,2698.49,9.5,0.0,39.63,1.81
1790894700,0x0CB07cE2381904f31C983538F8379d6CBDeC37a1,2,0.0,398765.67,16089.91,25170.0,0.0,60.31
1790894700,0x15efc06FEa57Bda3ceA94A53D5426E78ed4651F3,3,16476.57,0.0,0.0,0.0,19.06,2.47
1790894700,0x1f78Fb1234d2f9685fb35AcB1cf484eca83F8F63,2,486.46,0.0,0.0,0.0,0.34,0.0
1790894700,0x21aa6DC573DA62abFD7E43C84bEF2DA4FE514053,4,486.01,0.0,0.0,0.0,-2.86,0.0
1790894700,0x22c3fE4db58BC1D20C55DB99d6c776aA270f9EA0,4,0.0,10798.28,17.4,16.18,-3.83,2.62
1790894700,0x2D8d2b27A4D1244519952600fa358009e8A9e59a,1,0.0,21829.33,500.0,0.0,0.0,2.18
1790894700,0x2Fd96bd26E7a3c694DBD5ae5E2C29249a83b8a98,7,23984.43,0.0,0.0,0.0,7.7,0.0
1790894700,0x3556b809156585Ae22561fE51372339bb81EdE45,10,21238.07,0.0,0.0,0.0,7.77,0.96
1790894700,0x3aAa2bB57a0eFeA8F6f89423A923f7107c33471B,15,46714.63,194350.22,10777.99,8281.69,-185.05,0.05
1790894700,0x3bf64B8c8ce86abDBcF44Fa5a559E27eb9F63Efb,4,0.0,404166.07,25174.57,16101.73,-7271.85,0.0
1790894700,0x801209Bf04cfB7D37135CcDeA450C680dB26995C,1,0.0,21829.33,0.0,500.0,-560.71,1.64
1790894700,0x8E87D8308D439c88dDF48762AA5D3C99b8366a3a,9,123033.98,0.0,0.0,0.0,-37.83,6.91
1790894700,0xB6a9d9bA2bE983F1ef5beD7C04ee78E0515dd693,19,94410.42,188952.34,8276.11,10766.38,0.0,58.72
1790894700,0xEA2Eec3dc92E860ca7c00DDa51f1AfbCD1fC2E73,1,304.55,0.0,0.0,0.0,0.0,0.0
1790895600,0x1f78Fb1234d2f9685fb35AcB1cf484eca83F8F63,3,1649.27,0.0,0.0,0.0,0.86,0.0
1790895600,0x21aa6DC573DA62abFD7E43C84bEF2DA4FE514053,1,101.98,0.0,0.0,0.0,-1.33,0.0
1790895600,0x22c3fE4db58BC1D20C55DB99d6c776aA270f9EA0,4,0.0,32407.58,138.85,134.89,-9.82,5.86
1790895600,0x2Fd96bd26E7a3c694DBD5ae5E2C29249a83b8a98,4,3754.16,0.0,0.0,0.0,3.33,0.75
1790895600,0x3556b809156585Ae22561fE51372339bb81EdE45,5,2954.98,0.0,0.0,0.0,0.04,0.33
1790895600,0x3aAa2bB57a0eFeA8F6f89423A923f7107c33471B,2,0.0,16201.11,106.99,32.05,5.23,0.0
1790895600,0x3bf64B8c8ce86abDBcF44Fa5a559E27eb9F63Efb,2,0.0,4232966.64,4148.96,9127.59,-7.96,0.0
1790895600,0x4F169584469b663F6480816038559fA5B5faDA42,1,0.0,431.89,9.42,0.0,0.0,0.63
1790895600,0x5F8e406Ff621e5409E2228BFfa18D1d4529CF31E,2,0.0,4232966.64,9127.59,4148.96,0.0,635.44
1790895600,0x8E87D8308D439c88dDF48762AA5D3C99b8366a3a,7,5652.01,0.0,0.0,0.0,16.79,0.16
1790895600,0xE1DC5576b36c78C75e6Abf2E1B121Db20A6069b7,1,0.0,431.89,0.0,9.42,0.0,0.0
1790895600,0xEAc2374016613765cF31afDB4AEB6f5d13a63726,2,0.0,16206.47,27.9,106.8,-13.29,0.0
1790896500,0x15efc06FEa57Bda3ceA94A53D5426E78ed4651F3,3,34381.32,0.0,0.0,0.0,27.12,5.16
1790896500,0x1f78Fb1234d2f9685fb35AcB1cf484eca83F8F63,3,1198.05,0.0,0.0,0.0,0.55,0.01
1790896500,0x21aa6DC573DA62abFD7E43C84bEF2DA4FE514053,3,264.83,0.0,0.0,0.0,-1.03,0.0
1790896500,0x2Fd96bd26E7a3c694DBD5ae5E2C29249a83b8a98,1,2999.33,0.0,0.0,0.0,0.0,0.0
1790896500,0x3556b809156585Ae22561fE51372339bb81EdE45,5,1364.12,0.0,0.0,0.0,1.54,0.2
1790896500,0x3aAa2bB57a0eFeA8F6f89423A923f7107c33471B,1,278.16,0.0,0.0,0.0,0.0,0.04
1790896500,0x3bf64B8c8ce86abDBcF44Fa5a559E27eb9F63Efb,2,0.0,873890.42,13512.0,5912.0,0.0,0.0
1790896500,0x5323F6E9Df2F3501Ef25eeAC6352140bDC19FB78,2,0.0,873890.42,5912.0,13512.0,0.0,131.58
1790896500,0x8E87D8308D439c88dDF48762AA5D3C99b8366a3a,5,28717.77,0.0,0.0,0.0,30.34,3.54
1790896500,0xE1DC5576b36c78C75e6Abf2E1B121Db20A6069b7,4,49996.1,0.0,0.0,0.0,0.0,0.0
1790896500,0xEA2Eec3dc92E860ca7c00DDa51f1AfbCD1fC2E73,1,278.16,0.0,0.0,0.0,0.0,0.0
1790897400,0x1c847e46576ba210189381C0c512C58278121d42,1,270.31,0.0,0.0,0.0,0.0,0.0
1790897400,0x1f78Fb1234d2f9685fb35AcB1cf484eca83F8F63,4,1648.5,8.11,0.92,0.0,0.0,0.0
1790897400,0x2Fd96bd26E7a3c694DBD5ae5E2C29249a83b8a98,2,1257.24,0.0,0.0,0.0,-1.04,0.25
1790897400,0x3556b809156585Ae22561fE51372339bb81EdE45,6,11652.74,0.0,0.0,0.0,-0.95,0.4
1790897400,0x3aAa2bB57a0eFeA8F6f89423A923f7107c33471B,12,40266.79,384503.61,4885.29,9642.62,76.13,0.0
1790897400,0x5323F6E9Df2F3501Ef25eeAC6352140bDC19FB78,6,0.0,350347.35,8528.03,2775.04,0.0,54.05
1790897400,0x8E87D8308D439c88dDF48762AA5D3C99b8366a3a,10,58967.77,0.0,0.0,0.0,51.03,7.32
1790897400,0x91BB6a48312a61b49fbf64E1009E42dd2cf988D2,1,0.0,8.11,0.0,0.92,-1.29,0.5
1790897400,0xC3dE18D22155cED98593a8974c0260629786213b,2,0.0,31477.62,1114.59,1984.65,0.0,5.22
1790897400,0xdcDC2eB3b6fFedA40337B2b558A324bf1CCA8005,1,0.0,2678.64,0.0,125.6,16.94,1.3
1790897400,0xfE6e3099dc514A63bd2Fe79BD3d9e8a653bBAF06,5,8755.89,0.0,0.0,0.0,0.0,1.31
1790898300,0x16Dad23BF54633dEc313716B21d1D0AFECbc82B1,4,0.0,191404.35,2750.8,0.0,0.0,59.02
1790898300,0x1f78Fb1234d2f9685fb35AcB1cf484eca83F8F63,5,4366.48,0.0,0.0,0.0,6.64,0.41
1790898300,0x21aa6DC573DA62abFD7E43C84bEF2DA4FE514053,1,114.02,0.0,0.0,0.0,0.0,0.0
1790898300,0x2Fd96bd26E7a3c694DBD5ae5E2C29249a83b8a98,2,5700.77,0.0,0.0,0.0,8.88,0.0
1790898300,0x3556b809156585Ae22561fE51372339bb81EdE45,9,13597.19,0.0,0.0,0.0,-11.51,1.7
1790898300,0x3aAa2bB57a0eFeA8F6f89423A923f7107c33471B,1,305.35,0.0,0.0,0.0,4.19,0.05
1790898300,0x3bf64B8c8ce86abDBcF44Fa5a559E27eb9F63Efb,5,0.0,426942.75,2740.46,2744.17,-141.25,0.0
1790898300,0x3c8BDD93FE3b3115D74Fd61693921A4F133fE065,1,2703.65,0.0,0.0,0.0,18.84,0.82
1790898300,0x5323F6E9Df2F3501Ef25eeAC6352140bDC19FB78,3,0.0,262960.07,0.0,2915.05,0.0,80.39
1790898300,0x5c2551f7e13d9A45c491D9fcBB390F653D87986c,1,0.0,84817.66,0.0,990.0,0.0,8.48
1790898300,0x80e93386C24B88609919Fbfd6D47124184afBE57,1,87.7,0.0,0.0,0.0,0.0,0.01
1790898300,0x8E87D8308D439c88dDF48762AA5D3C99b8366a3a,11,39231.0,0.0,0.0,0.0,210.44,0.45
1790898300,0x8bECA95d65E94A20E54df095e78238425075F66e,1,0.0,20059.59,0.0,295.41,-148.07,6.52
1790898300,0xE1DC5576b36c78C75e6Abf2E1B121Db20A6069b7,2,0.0,84902.48,990.0,1.29,0.0,6.36
1790898300,0xEA2Eec3dc92E860ca7c00DDa51f1AfbCD1fC2E73,1,305.35,0.0,0.0,0.0,-52.29,0.0
1790898300,0xEAc2374016613765cF31afDB4AEB6f5d13a63726,1,0.0,3562.04,0.0,5.33,-64.71,0.0
1790898300,0xF8808407EbB7ebF3Af5fCccdB848041E3Af40F5d,1,0.0,2630.72,22.5,0.0,0.0,0.26
1790898300,0xfE6e3099dc514A63bd2Fe79BD3d9e8a653bBAF06,10,26307.71,46465.13,470.0,22.5,8.02,4.14
