bucket_ts,wallet,legs,perp_notional_usd,option_notional_usd,premium_bought_usd,premium_sold_usd,realized_pnl_usd,fees_usd
1790640000,0x0ED2F5A37c29a605f47b12dBA90c46dee9c17580,1,137.7,0.0,0.0,0.0,0.0,0.01
1790640000,0x0F9352C0156fbba24a8988f1a6BdAD25c709889E,5,0.0,139.8,0.0,0.0,0.0,0.26
1790640000,0x0bc091C77Ff0D4Df68331B4e2eD6BcDC687F7dFb,2,0.0,19482.36,256.1,44.2,0.0,3.08
1790640000,0x15efc06FEa57Bda3ceA94A53D5426E78ed4651F3,6,2715.07,0.0,0.0,0.0,0.0,0.54
1790640000,0x21aa6DC573DA62abFD7E43C84bEF2DA4FE514053,8,1445.42,0.0,0.0,0.0,-18.26,0.0
1790640000,0x2Fd96bd26E7a3c694DBD5ae5E2C29249a83b8a98,3,3772.96,0.0,0.0,0.0,13.52,0.1
1790640000,0x2f1AD479C495CCa0eF1E3eCA6981feea47eaFc3d,4,349.12,0.0,0.0,0.0,0.12,0.03
1790640000,0x3aAa2bB57a0eFeA8F6f89423A923f7107c33471B,6,0.0,105846.95,851.36,3115.4,-97.84,0.0
1790640000,0x3bf64B8c8ce86abDBcF44Fa5a559E27eb9F63Efb,3,0.0,63054.17,579.2,256.1,1384.77,0.0
1790640000,0x6Cf144eb80f885376Ce31c87521c2f34E0887431,3,78.94,0.0,0.0,0.0,-0.86,0.05
1790640000,0x7fC86906A12581A60F13dFC69F6032025C363A96,2,0.0,5380.56,130.8,28.7,0.0,1.31
1790640000,0x87b8df4f8a95b719fda56ca067BE9F4C5687A694,2,0.0,20798.38,2951.85,0.0,-34.19,7.24
1790640000,0x8E87D8308D439c88dDF48762AA5D3C99b8366a3a,13,6910.95,0.0,0.0,0.0,3.65,0.59
1790640000,0xA48232D674F993126945B9158d8eD64320883567,1,0.0,9937.34,157.32,0.0,0.0,0.0
1790640000,0xD9884e6f8a8Bc801E24bB19E371d71D626C22680,3,0.0,79186.23,0.0,1541.75,0.0,11.88
1790640000,0xEA2Eec3dc92E860ca7c00DDa51f1AfbCD1fC2E73,4,547.66,0.0,0.0,0.0,0.0,0.08
1790640000,0xda50a7E41BEb66B2a613bc22a206fb1cF34FFaE2,5,0.0,139.8,0.0,0.0,-1.84,0.0
1790640000,0xebC11Ac4450E3eA74F5D65e5c0138A0C50a2DE4f,2,0.0,5380.56,28.7,130.8,0.0,0.0
1790640900,0x0F9352C0156fbba24a8988f1a6BdAD25c709889E,4,0.0,116.87,0.0,0.0,0.0,0.22
1790640900,0x0bc091C77Ff0D4Df68331B4e2eD6BcDC687F7dFb,9,0.0,204376.22,967.09,583.57,-405.85,28.94
1790640900,0x15efc06FEa57Bda3ceA94A53D5426E78ed4651F3,7,39862.42,0.0,0.0,0.0,0.0,7.97
1790640900,0x1f78Fb1234d2f9685fb35AcB1cf484eca83F8F63,7,2280.7,1731.03,37.84,0.0,0.0,0.0
1790640900,0x21aa6DC573DA62abFD7E43C84bEF2DA4FE514053,6,597.71,0.0,0.0,0.0,-2.84,0.0
1790640900,0x2Fd96bd26E7a3c694DBD5ae5E2C29249a83b8a98,6,19986.29,0.0,0.0,0.0,15.49,0.0
1790640900,0x3aAa2bB57a0eFeA8F6f89423A923f7107c33471B,14,131178.98,12176.55,366.03,1294.99,-226.63,0.0
1790640900,0x3bf64B8c8ce86abDBcF44Fa5a559E27eb9F63Efb,6,0.0,562107.55,542.86,2283.06,-205.12,0.0
1790640900,0x3d49C68670466128a3EDE5CfCF1EE6d5F9ef006B,2,0.0,500527.38,1426.11,81.22,0.0,75.58
1790640900,0x53f430640AeB2319840Ff60A33A882d212b1f557,1,0.0,5.96,0.0,0.0,4.81,0.02
1790640900,0x67419aFABe571b1016D73321E55baaDdC568ce89,2,0.0,41.84,0.0,0.0,-5.53,0.06
1790640900,0x792de3191c74B09C4AF59E0042C694CdEFeCfbFe,5,0.0,194709.24,869.72,0.0,0.0,60.41
1790640900,0x87b8df4f8a95b719fda56ca067BE9F4C5687A694,2,0.0,30424.7,1455.5,0.0,285.68,10.13
1790640900,0x8E87D8308D439c88dDF48762AA5D3C99b8366a3a,20,207152.51,0.0,0.0,0.0,990.93,19.98
1790640900,0x94e002669D90cf09f8Cb9F6A9846B0A6A0873Ff3,2,0.0,26.05,0.0,0.0,0.43,0.02
1790640900,0x978e3eb7997a9575cdE1799176829073d2876Fb9,6,53743.32,0.0,0.0,0.0,-67.03,8.06
1790640900,0xBC8015FA779be6ac91e5616f37e1768b8DbC16df,3,0.0,46762.75,0.0,200.49,0.0,0.0
1790640900,0xD9884e6f8a8Bc801E24bB19E371d71D626C22680,1,0.0,21719.82,0.0,267.5,0.0,0.0
1790640900,0xDc8a9062827cE0d3cb208342861aa5C08052a1d1,3,0.0,5904.74,433.19,366.03,80.21,2.25
1790640900,0xE1DC5576b36c78C75e6Abf2E1B121Db20A6069b7,1,0.0,72757.51,0.0,249.23,0.0,0.0
1790640900,0xEA2Eec3dc92E860ca7c00DDa51f1AfbCD1fC2E73,6,1085.0,0.0,0.0,0.0,0.0,0.16
1790640900,0xEee4e8d80083ebc58B6D065aBd39ddFa4E2aFD43,3,0.0,1731.03,0.0,37.84,20.94,2.02
1790640900,0xda50a7E41BEb66B2a613bc22a206fb1cF34FFaE2,5,0.0,107.03,0.0,0.0,2.76,0.0
1790640900,0xebC11Ac4450E3eA74F5D65e5c0138A0C50a2DE4f,4,0.0,161046.62,120.0,692.8,0.0,0.0
1790641800,0x0F9352C0156fbba24a8988f1a6BdAD25c709889E,4,0.0,117.94,0.0,0.0,0.0,0.22
1790641800,0x15efc06FEa57Bda3ceA94A53D5426E78ed4651F3,1,87.13,0.0,0.0,0.0,0.0,0.02
1790641800,0x21aa6DC573DA62abFD7E43C84bEF2DA4FE514053,6,801.0,0.0,0.0,0.0,-21.9,0.0
1790641800,0x2f1AD479C495CCa0eF1E3eCA6981feea47eaFc3d,3,261.2,0.0,0.0,0.0,-0.23,0.03
1790641800,0x3aAa2bB57a0eFeA8F6f89423A923f7107c33471B,3,47321.28,0.0,0.0,0.0,0.0,0.0
1790641800,0x3bf64B8c8ce86abDBcF44Fa5a559E27eb9F63Efb,3,0.0,126781.09,961.72,4403.35,0.0,0.0
1790641800,0x8E87D8308D439c88dDF48762AA5D3C99b8366a3a,10,48209.45,0.0,0.0,0.0,3.53,7.23
1790641800,0x90B4557e823c73b6850bCee8CAB9b8aB79cf66cE,2,0.0,83221.83,4403.35,286.72,0.0,12.98
1790641800,0xD9884e6f8a8Bc801E24bB19E371d71D626C22680,1,0.0,43559.26,0.0,675.0,0.0,6.53
1790641800,0xEA2Eec3dc92E860ca7c00DDa51f1AfbCD1fC2E73,1,86.91,0.0,0.0,0.0,0.0,0.01
1790641800,0xda50a7E41BEb66B2a613bc22a206fb1cF34FFaE2,4,0.0,117.94,0.0,0.0,4.02,0.0
1790642700,0x021d21f43d6d8921eF876Ec72f59E45820883B8F,2,0.0,14614.68,72.5,250.0,0.0,0.0
1790642700,0x09fB9509236f155D5E3e5bC3A02dAA1Bc20D7564,3,49905.0,0.0,0.0,0.0,0.0,0.0
1790642700,0x0F9352C0156fbba24a8988f1a6BdAD25c709889E,1,0.0,29.58,0.0,0.0,0.0,0.05
1790642700,0x0bc091C77Ff0D4Df68331B4e2eD6BcDC687F7dFb,4,0.0,29123.63,452.54,130.58,0.0,4.83
1790642700,0x15efc06FEa57Bda3ceA94A53D5426E78ed4651F3,5,1623.54,0.0,0.0,0.0,-44.18,0.16
1790642700,0x1f78Fb1234d2f9685fb35AcB1cf484eca83F8F63,6,2240.62,0.0,0.0,0.0,1.08,0.08
1790642700,0x1fD0876eEAaB1Af9BbF3EeB70064bc03bf111718,1,688.52,0.0,0.0,0.0,0.0,0.0
1790642700,0x21aa6DC573DA62abFD7E43C84bEF2DA4FE514053,4,1207.45,0.0,0.0,0.0,-7.58,0.11
1790642700,0x29C08ac6Cf5aDbD5a436B58e735981D8495F0d92,1,0.0,43591.87,0.0,96.27,-46.98,12.53
1790642700,0x2Fd96bd26E7a3c694DBD5ae5E2C29249a83b8a98,7,17488.09,0.0,0.0,0.0,46.68,0.0
1790642700,0x2f1AD479C495CCa0eF1E3eCA6981feea47eaFc3d,7,607.35,0.0,0.0,0.0,-0.55,0.06
1790642700,0x3aAa2bB57a0eFeA8F6f89423A923f7107c33471B,1,0.0,43591.87,96.27,0.0,19.17,0.0
1790642700,0x3bf64B8c8ce86abDBcF44Fa5a559E27eb9F63Efb,3,0.0,160973.67,19369.08,202.54,-11381.31,0.0
1790642700,0x42d30F10216Ad02c349023C29ba6F2A91A74F206,2,0.0,36640.61,338.58,90.29,0.0,6.0
1790642700,0x57D20F8aF5875aD611dC836f78e4992DDA5E6073,1,0.0,10706.32,0.0,58.8,0.0,0.0
1790642700,0x6FcDB8bd7366aD2F7dA412b99bb794A41d39669e,2,0.0,35063.19,192.57,0.0,0.0,6.15
1790642700,0x80e93386C24B88609919Fbfd6D47124184afBE57,1,65.86,0.0,0.0,0.0,0.0,0.03
1790642700,0x8E87D8308D439c88dDF48762AA5D3C99b8366a3a,16,68909.62,0.0,0.0,0.0,316.39,10.22
1790642700,0x90B4557e823c73b6850bCee8CAB9b8aB79cf66cE,2,0.0,82862.3,630.0,4515.0,-257.54,12.93
1790642700,0x978e3eb7997a9575cdE1799176829073d2876Fb9,5,4982.93,0.0,0.0,0.0,3.63,0.75
1790642700,0xEA2Eec3dc92E860ca7c00DDa51f1AfbCD1fC2E73,4,2605.05,0.0,0.0,0.0,7.93,0.01
1790642700,0xEAc2374016613765cF31afDB4AEB6f5d13a63726,1,0.0,24356.87,0.0,133.77,0.0,1.83
1790642700,0xF7957c8b20DbD3FcA93686B07679aee8e6755c43,1,484.23,0.0,0.0,0.0,3.53,0.0
1790642700,0xb4B8Bd706d926c579DDd24759bbb4C2460734Df9,1,0.0,146464.72,0.0,19311.0,0.0,44.44
1790642700,0xda50a7E41BEb66B2a613bc22a206fb1cF34FFaE2,1,0.0,29.58,0.0,0.0,1.12,0.0
1790642700,0xebC11Ac4450E3eA74F5D65e5c0138A0C50a2DE4f,4,0.0,119502.91,4605.29,968.58,0.0,0.0
1790643600,0x0F9352C0156fbba24a8988f1a6BdAD25c709889E,1,0.0,37.36,0.0,0.0,0.0,0.07
1790643600,0x15efc06FEa57Bda3ceA94A53D5426E78ed4651F3,5,3721.05,0.0,0.0,0.0,29.9,0.74
1790643600,0x1Fb6d020A981F981AE3774f4399c8eCf9a513381,1,0.0,1447.26,125.0,0.0,0.0,0.14
1790643600,0x1f78Fb1234d2f9685fb35AcB1cf484eca83F8F63,1,606.06,0.0,0.0,0.0,-3.82,0.09
1790643600,0x21aa6DC573DA62abFD7E43C84bEF2DA4FE514053,5,1396.22,0.0,0.0,0.0,-11.06,0.16
1790643600,0x29C08ac6Cf5aDbD5a436B58e735981D8495F0d92,2,0.0,21365.97,80.0,0.0,0.0,3.7
1790643600,0x2Fd96bd26E7a3c694DBD5ae5E2C29249a83b8a98,22,65966.32,0.0,0.0,0.0,46.6,0.0
1790643600,0x2f1AD479C495CCa0eF1E3eCA6981feea47eaFc3d,14,1212.74,0.0,0.0,0.0,-0.37,0.12
1790643600,0x3aAa2bB57a0eFeA8F6f89423A923f7107c33471B,5,12439.05,13789.99,0.0,682.3,12.37,1.79
1790643600,0x3bf64B8c8ce86abDBcF44Fa5a559E27eb9F63Efb,1,0.0,414861.03,0.0,515.0,0.0,0.0
1790643600,0x42974A167De3F098cEf1Ffbf5f250D33a9200520,1,0.0,1447.26,0.0,125.0,0.0,0.22
1790643600,0x42d30F10216Ad02c349023C29ba6F2A91A74F206,4,0.0,13008.32,120.02,31.61,0.0,2.95
1790643600,0x52870FE4C4d6f2Ab15065d6a9012836166B186AF,1,0.0,1084.75,18.64,0.0,0.0,0.83
1790643600,0x57D20F8aF5875aD611dC836f78e4992DDA5E6073,2,0.0,41492.29,0.0,45.75,0.0,0.0
1790643600,0x6FcDB8bd7366aD2F7dA412b99bb794A41d39669e,3,0.0,58206.71,367.04,0.0,0.0,11.06
1790643600,0x801209Bf04cfB7D37135CcDeA450C680dB26995C,1,0.0,82979.01,0.0,1231.0,-75.37,0.0
1790643600,0x8E87D8308D439c88dDF48762AA5D3C99b8366a3a,42,75109.9,0.0,0.0,0.0,227.31,10.35
1790643600,0x90B4557e823c73b6850bCee8CAB9b8aB79cf66cE,7,0.0,1329176.72,1638.07,0.0,0.0,206.26
1790643600,0x978e3eb7997a9575cdE1799176829073d2876Fb9,1,8882.01,0.0,0.0,0.0,827.58,0.0
1790643600,0xBC8015FA779be6ac91e5616f37e1768b8DbC16df,3,0.0,42001.74,0.0,175.2,-2.99,0.0
1790643600,0xDEbAAE06bde7Ab1c3DFfb61Be252468A286D5278,1,0.0,13357.79,652.95,0.0,0.0,4.51
1790643600,0xE1DC5576b36c78C75e6Abf2E1B121Db20A6069b7,5,12000.33,733991.16,0.0,919.5,-5.34,0.0
1790643600,0xEA2Eec3dc92E860ca7c00DDa51f1AfbCD1fC2E73,6,15872.69,0.0,0.0,0.0,424.21,1.83
1790643600,0xEAc2374016613765cF31afDB4AEB6f5d13a63726,5,0.0,265703.26,0.0,1234.65,-8.4,8.58
1790643600,0xEee4e8d80083ebc58B6D065aBd39ddFa4E2aFD43,1,0.0,432.2,29.35,0.0,0.0,0.63
1790643600,0xF36eac615eD454a0A516C4C221C2a7BAeeB29702,1,0.0,82979.01,1231.0,0.0,0.0,25.39
1790643600,0xb59B556fD29CDB0fe2c7E7c9820E9f9eFE7a641f,1,0.0,88215.33,786.35,0.0,0.0,8.82
1790643600,0xda50a7E41BEb66B2a613bc22a206fb1cF34FFaE2,1,0.0,37.36,0.0,0.0,1.46,0.0
1790643600,0xea19Fe621592b9aF895f2d8d5Af7288C02FbBbF3,3,98.51,0.0,0.0,0.0,0.0,0.06
1790643600,0xebC11Ac4450E3eA74F5D65e5c0138A0C50a2DE4f,4,0.0,13008.32,31.61,120.02,0.0,0.0
1790644500,0x0E2ff7EBcaF4fA9bbceaf408346aA97A68746ee2,5,0.0,69781.86,639.55,420.46,0.0,14.28
1790644500,0x0ED2F5A37c29a605f47b12dBA90c46dee9c17580,1,425.42,0.0,0.0,0.0,0.0,0.04
1790644500,0x0F9352C0156fbba24a8988f1a6BdAD25c709889E,3,0.0,111.73,0.0,0.0,0.0,0.2
1790644500,0x0bc091C77Ff0D4Df68331B4e2eD6BcDC687F7dFb,4,0.0,27988.91,244.7,0.0,0.0,4.68
1790644500,0x15efc06FEa57Bda3ceA94A53D5426E78ed4651F3,19,55767.48,0.0,0.0,0.0,268.64,11.15
1790644500,0x1c847e46576ba210189381C0c512C58278121d42,1,987.61,0.0,0.0,0.0,-47.01,0.0
1790644500,0x1f78Fb1234d2f9685fb35AcB1cf484eca83F8F63,2,995.87,0.0,0.0,0.0,-2.15,0.07
1790644500,0x1fD0876eEAaB1Af9BbF3EeB70064bc03bf111718,1,589.7,0.0,0.0,0.0,-3.28,0.0
1790644500,0x21aa6DC573DA62abFD7E43C84bEF2DA4FE514053,7,1742.34,0.0,0.0,0.0,-21.41,0.18
1790644500,0x237ED82098e3fC76D108DdB2CF652707d318DbAd,3,0.0,34439.81,137.32,608.43,-706.22,8.75
1790644500,0x2825CbcBeD680162AD1BdF81dA3FE7E6eC4cdA46,1,0.0,532.5,0.0,13.94,0.0,0.05
1790644500,0x2Fd96bd26E7a3c694DBD5ae5E2C29249a83b8a98,27,78120.83,0.0,0.0,0.0,536.62,0.0
1790644500,0x2f1AD479C495CCa0eF1E3eCA6981feea47eaFc3d,12,927.76,0.0,0.0,0.0,-0.27,0.09
1790644500,0x3aAa2bB57a0eFeA8F6f89423A923f7107c33471B,14,186467.66,1719.13,310.0,0.0,-1204.21,6.33
1790644500,0x3bf64B8c8ce86abDBcF44Fa5a559E27eb9F63Efb,12,0.0,190314.82,1458.39,976.37,579.72,0.0
1790644500,0x42974A167De3F098cEf1Ffbf5f250D33a9200520,2,0.0,3439.76,255.8,310.0,0.0,0.52
1790644500,0x4F5885b98d9D00EE545825b6345eA93d6940c407,1,0.0,1720.63,0.0,255.8,64.43,0.17
1790644500,0x51efa467CC3B762063bfBE86Ee812E4D51193F68,1,1343.13,0.0,0.0,0.0,-14.59,0.41
1790644500,0x6223038275e55fc879EB7e9a792e9165C73AF1a7,1,0.0,84486.56,459.04,0.0,0.0,8.45
1790644500,0x70BC958d3361067D766E7354821C71BB3aa8D605,2,0.0,17298.62,335.14,675.5,112.47,3.09
1790644500,0x8E87D8308D439c88dDF48762AA5D3C99b8366a3a,69,346751.8,0.0,0.0,0.0,1433.97,43.55
1790644500,0x94ECb4C47D8E2CB07874A33a0141016254b46873,1,327.74,0.0,0.0,0.0,-3.59,0.11
1790644500,0x978e3eb7997a9575cdE1799176829073d2876Fb9,3,28919.69,0.0,0.0,0.0,455.15,4.33
1790644500,0xA48232D674F993126945B9158d8eD64320883567,3,4305.7,0.0,0.0,0.0,0.0,0.65
1790644500,0xE1DC5576b36c78C75e6Abf2E1B121Db20A6069b7,7,101001.61,0.0,0.0,0.0,0.0,0.0
1790644500,0xEA2Eec3dc92E860ca7c00DDa51f1AfbCD1fC2E73,8,47177.64,0.0,0.0,0.0,5829.38,1.08
1790644500,0xEAc2374016613765cF31afDB4AEB6f5d13a63726,2,0.0,85019.06,13.94,459.04,-1081.79,6.38
1790644500,0xEd36621aa98134b01d10005a912aA3Ff0E38ED3f,5,99.36,0.0,0.0,0.0,0.03,0.0
1790644500,0xF36eac615eD454a0A516C4C221C2a7BAeeB29702,1,0.0,82922.61,222.6,0.0,0.0,25.38
1790644500,0xF7957c8b20DbD3FcA93686B07679aee8e6755c43,1,445.92,0.0,0.0,0.0,0.0,0.0
1790644500,0xd8a7CE83b18fc0a989636B8D10Be3E2998efDeF5,1,829.15,0.0,0.0,0.0,11.24,0.26
1790644500,0xda50a7E41BEb66B2a613bc22a206fb1cF34FFaE2,3,0.0,111.73,0.0,0.0,4.1,0.0
1790644500,0xea19Fe621592b9aF895f2d8d5Af7288C02FbBbF3,17,555.95,0.0,0.0,0.0,0.0,0.34
1790644500,0xebC11Ac4450E3eA74F5D65e5c0138A0C50a2DE4f,3,0.0,42117.0,246.0,602.94,0.0,0.0
1790644500,0xfE6e3099dc514A63bd2Fe79BD3d9e8a653bBAF06,1,8620.0,0.0,0.0,0.0,589.14,0.0
1790645400,0x0F9352C0156fbba24a8988f1a6BdAD25c709889E,2,0.0,86.61,0.0,0.0,0.0,0.15
1790645400,0x15efc06FEa57Bda3ceA94A53D5426E78ed4651F3,24,44144.8,0.0,0.0,0.0,454.01,8.83
1790645400,0x19e5008B1C8af6A6711e167ee94e167Bdb73A636,2,0.0,53159.23,1764.0,462.0,0.0,8.47
1790645400,0x1c847e46576ba210189381C0c512C58278121d42,2,1984.18,0.0,0.0,0.0,-100.51,0.0
1790645400,0x1fD0876eEAaB1Af9BbF3EeB70064bc03bf111718,3,1761.84,0.0,0.0,0.0,-5.57,0.0
1790645400,0x21aa6DC573DA62abFD7E43C84bEF2DA4FE514053,8,3514.27,0.0,0.0,0.0,-59.59,0.31
1790645400,0x2Fd96bd26E7a3c694DBD5ae5E2C29249a83b8a98,25,70376.71,0.0,0.0,0.0,-10.46,0.0
1790645400,0x2f1AD479C495CCa0eF1E3eCA6981feea47eaFc3d,25,1912.22,0.0,0.0,0.0,-1.19,0.25
1790645400,0x3aAa2bB57a0eFeA8F6f89423A923f7107c33471B,20,242636.44,82424.32,900.51,725.07,-2272.71,0.0
1790645400,0x3bf64B8c8ce86abDBcF44Fa5a559E27eb9F63Efb,6,0.0,181025.2,8723.18,3217.06,-18.99,0.0
1790645400,0x603766b471C34aB062c9D2ce229cf0BDa3Ea32fC,1,0.0,856.83,0.0,46.7,0.0,0.09
1790645400,0x79e2296Ec5ee1D19cd58a44DDAe57dFCaf6066a1,1,0.0,8472.65,130.5,0.0,0.0,0.85
1790645400,0x7e040FC3950CeccCf16055aeA756a7a39c394CDC,2,0.0,34361.57,0.0,642.0,0.0,2.58
1790645400,0x801209Bf04cfB7D37135CcDeA450C680dB26995C,2,0.0,3069.32,44.69,94.08,-13.82,0.0
1790645400,0x80e93386C24B88609919Fbfd6D47124184afBE57,1,64.95,0.0,0.0,0.0,0.86,0.03
1790645400,0x87b8df4f8a95b719fda56ca067BE9F4C5687A694,1,0.0,8472.65,0.0,130.5,0.0,3.04
1790645400,0x8C4B80D9123368780Ce6A6da2c8ef8878fcee3bB,2,0.0,26582.57,108.44,258.51,0.0,4.49
1790645400,0x8E87D8308D439c88dDF48762AA5D3C99b8366a3a,69,285604.41,0.0,0.0,0.0,1521.63,37.8
1790645400,0x8b75F55723B39549c46E53DfB81261bE5E5037B0,1,0.0,12865.78,0.0,105.0,0.0,1.29
1790645400,0x90B4557e823c73b6850bCee8CAB9b8aB79cf66cE,2,0.0,159435.97,1376.45,8723.18,202.58,24.42
1790645400,0x92C7F4E3651eB2b48bC306eAdfD2eD3557039940,2,0.0,1657.69,18.81,0.0,0.0,1.5
1790645400,0x978e3eb7997a9575cdE1799176829073d2876Fb9,1,28879.58,0.0,0.0,0.0,3362.5,4.33
1790645400,0xA7Cd765b99e1d1DDC9Ce2344869c6704266F4E95,2,0.0,19931.54,1821.8,0.0,0.0,6.98
1790645400,0xAeFDD0cc470fa64FE7b023bf726D79758454d792,1,0.0,21480.18,616.62,0.0,0.0,6.94
1790645400,0xD73467b55b9236f89619F426cC71dbB173F09e6B,3,940.9,0.0,0.0,0.0,-1.35,0.16
1790645400,0xE1DC5576b36c78C75e6Abf2E1B121Db20A6069b7,6,29999.33,856.83,46.7,0.0,-24.23,0.06
1790645400,0xEA2Eec3dc92E860ca7c00DDa51f1AfbCD1fC2E73,9,33603.81,0.0,0.0,0.0,1555.03,5.03
1790645400,0xEAc2374016613765cF31afDB4AEB6f5d13a63726,2,0.0,53159.23,462.0,1764.0,0.0,0.0
1790645400,0xEd36621aa98134b01d10005a912aA3Ff0E38ED3f,7,139.81,0.0,0.0,0.0,-0.89,0.0
1790645400,0xF7957c8b20DbD3FcA93686B07679aee8e6755c43,1,9458.96,0.0,0.0,0.0,0.0,0.0
1790645400,0xb7D5a0188995Df4335CfaB17f20eED1889F1f59A,2,0.0,3069.32,94.08,44.69,0.0,1.04
1790645400,0xda50a7E41BEb66B2a613bc22a206fb1cF34FFaE2,2,0.0,86.61,0.0,0.0,3.68,0.0
1790645400,0xea19Fe621592b9aF895f2d8d5Af7288C02FbBbF3,9,293.23,0.0,0.0,0.0,0.0,0.18
1790645400,0xfE6e3099dc514A63bd2Fe79BD3d9e8a653bBAF06,6,32569.71,12865.78,105.0,0.0,2348.31,5.85
1790646300,0x021d21f43d6d8921eF876Ec72f59E45820883B8F,1,0.0,20760.19,0.0,232.5,2.5,0.0
1790646300,0x0F9352C0156fbba24a8988f1a6BdAD25c709889E,5,0.0,222.51,0.0,0.0,0.0,0.38
1790646300,0x15efc06FEa57Bda3ceA94A53D5426E78ed4651F3,5,4686.15,0.0,0.0,0.0,26.14,0.94
1790646300,0x1f78Fb1234d2f9685fb35AcB1cf484eca83F8F63,2,1029.64,0.0,0.0,0.0,-6.79,0.07
1790646300,0x21aa6DC573DA62abFD7E43C84bEF2DA4FE514053,9,1712.68,0.0,0.0,0.0,-44.5,0.07
1790646300,0x2Fd96bd26E7a3c694DBD5ae5E2C29249a83b8a98,6,17993.84,0.0,0.0,0.0,-5.15,0.0
1790646300,0x2d4a3304E17036c6A9dec27e0116730080a2Ef19,1,0.0,147.55,0.0,2.87,0.0,0.01
1790646300,0x2f1AD479C495CCa0eF1E3eCA6981feea47eaFc3d,10,861.36,0.0,0.0,0.0,0.01,0.09
1790646300,0x376BC1c21DC2Aa69c992cb0a9A20A73B715a3843,1,0.0,8606.01,98.0,0.0,0.0,3.08
1790646300,0x3aAa2bB57a0eFeA8F6f89423A923f7107c33471B,1,0.0,14005.28,0.0,3362.11,0.0,0.0
1790646300,0x3bf64B8c8ce86abDBcF44Fa5a559E27eb9F63Efb,7,0.0,585756.09,640.27,102035.36,2405.52,0.0
1790646300,0x80e93386C24B88609919Fbfd6D47124184afBE57,1,65.1,0.0,0.0,0.0,-3.56,0.03
1790646300,0x87b8df4f8a95b719fda56ca067BE9F4C5687A694,2,4316.25,147.55,2.87,0.0,276.52,1.85
1790646300,0x8C4B80D9123368780Ce6A6da2c8ef8878fcee3bB,4,0.0,165772.98,1231.21,640.27,290.62,25.37
1790646300,0x8E87D8308D439c88dDF48762AA5D3C99b8366a3a,24,26253.58,0.0,0.0,0.0,89.7,2.5
1790646300,0x92C7F4E3651eB2b48bC306eAdfD2eD3557039940,1,0.0,20760.19,232.5,0.0,0.0,6.73
1790646300,0x978e3eb7997a9575cdE1799176829073d2876Fb9,2,13968.46,0.0,0.0,0.0,-276.62,1.5
1790646300,0xD9884e6f8a8Bc801E24bB19E371d71D626C22680,3,0.0,96134.91,0.0,1093.68,0.0,0.0
1790646300,0xE1DC5576b36c78C75e6Abf2E1B121Db20A6069b7,1,0.0,9993.04,113.68,0.0,0.0,0.75
1790646300,0xEA2Eec3dc92E860ca7c00DDa51f1AfbCD1fC2E73,7,11600.55,0.0,0.0,0.0,1424.6,0.04
1790646300,0xb4B8Bd706d926c579DDd24759bbb4C2460734Df9,4,0.0,433988.39,104166.26,0.0,62.02,132.2
1790646300,0xda50a7E41BEb66B2a613bc22a206fb1cF34FFaE2,5,0.0,222.51,0.0,0.0,8.5,0.0
1790646300,0xfE6e3099dc514A63bd2Fe79BD3d9e8a653bBAF06,6,8607.14,77535.86,882.0,0.0,600.71,7.11
1790647200,0x0F9352C0156fbba24a8988f1a6BdAD25c709889E,4,0.0,176.14,0.0,0.0,0.0,0.3
1790647200,0x15efc06FEa57Bda3ceA94A53D5426E78ed4651F3,13,11789.54,0.0,0.0,0.0,149.47,2.36
1790647200,0x1f78Fb1234d2f9685fb35AcB1cf484eca83F8F63,1,549.41,0.0,0.0,0.0,0.0,0.0
1790647200,0x21aa6DC573DA62abFD7E43C84bEF2DA4FE514053,6,1027.19,0.0,0.0,0.0,-26.7,0.04
1790647200,0x2B1eB2323DA774b9748D6BA511696C9ebd17ebE2,1,0.0,8626.68,0.0,127.0,51.93,3.09
1790647200,0x2Fd96bd26E7a3c694DBD5ae5E2C29249a83b8a98,9,26981.56,0.0,0.0,0.0,3.35,0.0
1790647200,0x2d5E3844E825A91607D15265b120b63Cfb55B84D,2,0.0,139964.33,0.0,7759.6,0.0,42.99
1790647200,0x2f1AD479C495CCa0eF1E3eCA6981feea47eaFc3d,21,1812.06,0.0,0.0,0.0,-0.92,0.18
1790647200,0x3aAa2bB57a0eFeA8F6f89423A923f7107c33471B,2,0.0,139964.33,7759.6,0.0,-697.37,0.0
1790647200,0x3bf64B8c8ce86abDBcF44Fa5a559E27eb9F63Efb,7,0.0,663739.38,20341.73,68360.56,1393.13,0.0
1790647200,0x57D20F8aF5875aD611dC836f78e4992DDA5E6073,1,0.0,10641.38,0.0,25.6,0.0,0.0
1790647200,0x60611BA5470B248681e693EB8aC8A98bA488Da1C,4,0.0,976965.14,4777.11,0.0,0.0,97.7
1790647200,0x613F974d0d8a3c607977ff91eD4E49f2bA58eed8,1,0.0,2661.12,55.3,0.0,0.0,1.3
1790647200,0x67237aEE1132aa2eA93360810D330983637C2646,3,0.0,26607.13,32.0,176.0,141.01,8.98
1790647200,0x8E87D8308D439c88dDF48762AA5D3C99b8366a3a,33,34583.29,0.0,0.0,0.0,122.74,3.87
1790647200,0x92C7F4E3651eB2b48bC306eAdfD2eD3557039940,2,0.0,102161.76,1151.23,0.0,0.0,31.65
1790647200,0xA48232D674F993126945B9158d8eD64320883567,1,0.0,8626.68,127.0,0.0,0.0,0.0
1790647200,0xB3D11Ee445CA160384A0E84451fEA7E8137035e3,1,0.0,31938.49,24.0,0.0,0.0,3.5
1790647200,0xBC8015FA779be6ac91e5616f37e1768b8DbC16df,4,811.59,15965.75,176.0,6.4,-15.35,0.12
1790647200,0xEA2Eec3dc92E860ca7c00DDa51f1AfbCD1fC2E73,3,258.98,0.0,0.0,0.0,0.0,0.04
1790647200,0xEAc2374016613765cF31afDB4AEB6f5d13a63726,5,0.0,1008903.63,0.0,4801.11,0.0,73.27
1790647200,0xb4B8Bd706d926c579DDd24759bbb4C2460734Df9,4,0.0,558916.5,67154.03,20341.73,90.36,127.31
1790647200,0xda50a7E41BEb66B2a613bc22a206fb1cF34FFaE2,4,0.0,176.14,0.0,0.0,5.04,0.0
1790648100,0x0F9352C0156fbba24a8988f1a6BdAD25c709889E,4,0.0,171.44,0.0,0.0,0.0,0.3
1790648100,0x15efc06FEa57Bda3ceA94A53D5426E78ed4651F3,22,103336.64,0.0,0.0,0.0,701.9,20.67
1790648100,0x18731d55B669c463Ba1801f045881BA8673699d2,1,0.0,6916.16,106.08,0.0,0.0,2.57
1790648100,0x1a200438225C83010e3c7A62c74B3f536C840178,1,4153.32,0.0,0.0,0.0,0.0,1.26
1790648100,0x21aa6DC573DA62abFD7E43C84bEF2DA4FE514053,4,1186.11,0.0,0.0,0.0,-3.19,0.16
1790648100,0x2Fd96bd26E7a3c694DBD5ae5E2C29249a83b8a98,7,18722.36,0.0,0.0,0.0,4.93,0.0
1790648100,0x2d5E3844E825A91607D15265b120b63Cfb55B84D,1,0.0,86352.58,0.0,3074.18,0.0,26.41
1790648100,0x2f1AD479C495CCa0eF1E3eCA6981feea47eaFc3d,11,950.12,0.0,0.0,0.0,-0.51,0.09
1790648100,0x3aAa2bB57a0eFeA8F6f89423A923f7107c33471B,11,106803.79,91675.51,3178.08,0.0,-1347.94,0.0
1790648100,0x3bf64B8c8ce86abDBcF44Fa5a559E27eb9F63Efb,6,0.0,431240.36,3668.83,42241.0,0.0,0.0
1790648100,0x613F974d0d8a3c607977ff91eD4E49f2bA58eed8,2,0.0,5322.93,0.0,103.9,-6.0,2.6
1790648100,0x624e8b936b5DE0B425046ac1A60615F514d0bb50,1,0.0,43070.38,0.0,390.0,0.0,13.42
1790648100,0x6871C2994A2A8089efb4dE8417b783cF42c8FB9b,2,0.0,33169.69,12697.8,6.8,0.0,4.93
1790648100,0x801209Bf04cfB7D37135CcDeA450C680dB26995C,3,0.0,76240.07,396.8,12697.8,0.0,0.0
1790648100,0x8E87D8308D439c88dDF48762AA5D3C99b8366a3a,35,156752.36,0.0,0.0,0.0,1016.49,14.8
1790648100,0x978e3eb7997a9575cdE1799176829073d2876Fb9,1,484.03,0.0,0.0,0.0,-31.56,0.0
1790648100,0xBC8015FA779be6ac91e5616f37e1768b8DbC16df,4,3007.73,6916.16,0.0,106.08,-53.71,0.45
1790648100,0xD73467b55b9236f89619F426cC71dbB173F09e6B,1,731.93,0.0,0.0,0.0,0.75,0.23
1790648100,0xDe785AcC18c7A76aF1f777149670315b928acE39,6,0.0,431240.36,42241.0,3668.83,0.0,66.19
1790648100,0xE1DC5576b36c78C75e6Abf2E1B121Db20A6069b7,6,31925.56,829.95,0.0,1.28,0.0,0.06
1790648100,0xE1E2B1f2b276330460817cE6b8289895C725Db44,1,0.0,829.95,1.28,0.0,6.43,0.08
1790648100,0xEA2Eec3dc92E860ca7c00DDa51f1AfbCD1fC2E73,2,6086.89,0.0,0.0,0.0,0.0,0.91
1790648100,0xda50a7E41BEb66B2a613bc22a206fb1cF34FFaE2,4,0.0,171.44,0.0,0.0,0.31,0.0
1790649000,0x07693F1e80647D02b99EB6250E6506f827D3BdDe,1,0.0,2070.07,42.0,0.0,0.0,1.12
1790649000,0x0F9352C0156fbba24a8988f1a6BdAD25c709889E,1,0.0,42.8,0.0,0.0,0.0,0.07
1790649000,0x15efc06FEa57Bda3ceA94A53D5426E78ed4651F3,6,9712.84,0.0,0.0,0.0,145.49,1.94
1790649000,0x21aa6DC573DA62abFD7E43C84bEF2DA4FE514053,5,708.24,0.0,0.0,0.0,-16.73,0.04
1790649000,0x2Fd96bd26E7a3c694DBD5ae5E2C29249a83b8a98,11,27772.75,0.0,0.0,0.0,8.74,0.0
1790649000,0x2f1AD479C495CCa0eF1E3eCA6981feea47eaFc3d,4,344.33,0.0,0.0,0.0,0.02,0.03
1790649000,0x3aAa2bB57a0eFeA8F6f89423A923f7107c33471B,1,422.54,0.0,0.0,0.0,15.1,0.0
1790649000,0x3bf64B8c8ce86abDBcF44Fa5a559E27eb9F63Efb,5,0.0,11804.58,473.09,422.54,0.0,0.0
1790649000,0x42974A167De3F098cEf1Ffbf5f250D33a9200520,1,0.0,1383.54,342.96,0.0,-292.2,0.82
1790649000,0x5A6B16ec699652990fF6df89D29b10D027F0636F,3,7955.42,0.0,0.0,0.0,91.08,2.41
1790649000,0x8E87D8308D439c88dDF48762AA5D3C99b8366a3a,27,99989.16,0.0,0.0,0.0,114.89,12.65
1790649000,0x978e3eb7997a9575cdE1799176829073d2876Fb9,1,10002.51,0.0,0.0,0.0,0.0,1.5
1790649000,0x9f6C362FDb36072f45685ef5e92837B13Fcb1822,1,65.21,0.0,0.0,0.0,0.0,0.03
1790649000,0xD699eA52137Dc27027F1F72Ed2bba1a7A2065A26,1,0.0,26551.01,99.0,0.0,0.0,2.66
1790649000,0xD73467b55b9236f89619F426cC71dbB173F09e6B,4,7595.89,0.0,0.0,0.0,-0.86,1.78
1790649000,0xDA490961019093013A1aB0f391a206bac23E3E1c,2,0.0,759.46,0.0,0.0,-6.42,1.15
1790649000,0xDe785AcC18c7A76aF1f777149670315b928acE39,2,0.0,384.56,37.58,4.49,0.0,0.56
1790649000,0xE1DC5576b36c78C75e6Abf2E1B121Db20A6069b7,7,59996.16,63751.12,923.3,601.0,134.09,0.0
1790649000,0xEA2Eec3dc92E860ca7c00DDa51f1AfbCD1fC2E73,1,10002.51,0.0,0.0,0.0,1619.79,0.0
1790649000,0xbE6a74601C75433734Fe195ACa0b6B540Bff9745,5,0.0,98268.55,601.0,1490.9,193.56,31.98
1790649000,0xda50a7E41BEb66B2a613bc22a206fb1cF34FFaE2,3,0.0,802.26,0.0,0.0,0.07,0.0
1790649000,0xebC11Ac4450E3eA74F5D65e5c0138A0C50a2DE4f,1,0.0,2074960.66,0.0,1300.0,0.0,0.0
1790649900,0x15efc06FEa57Bda3ceA94A53D5426E78ed4651F3,4,21957.79,0.0,0.0,0.0,314.69,4.39
1790649900,0x21aa6DC573DA62abFD7E43C84bEF2DA4FE514053,8,1067.7,0.0,0.0,0.0,-26.48,0.04
1790649900,0x2Fd96bd26E7a3c694DBD5ae5E2C29249a83b8a98,3,5878.56,0.0,0.0,0.0,9.78,0.12
1790649900,0x2f1AD479C495CCa0eF1E3eCA6981feea47eaFc3d,4,345.23,0.0,0.0,0.0,-0.23,0.03
1790649900,0x3bf64B8c8ce86abDBcF44Fa5a559E27eb9F63Efb,3,0.0,417299.55,0.0,1006.5,0.0,0.0
1790649900,0x57D20F8aF5875aD611dC836f78e4992DDA5E6073,1,0.0,20716.97,0.0,7.0,0.0,0.0
1790649900,0x63080e905196F427c3b3A3885699BF156cfbB045,8,0.0,4303351.6,4089.2,0.0,0.0,375.86
1790649900,0x8E87D8308D439c88dDF48762AA5D3C99b8366a3a,12,26530.31,0.0,0.0,0.0,28.45,0.58
1790649900,0x978e3eb7997a9575cdE1799176829073d2876Fb9,1,213.93,0.0,0.0,0.0,-14.4,0.0
1790649900,0xBC8015FA779be6ac91e5616f37e1768b8DbC16df,1,0.0,9952.17,0.0,25.2,0.0,0.0
1790649900,0xC5Ba75e85b9f5a60A828B7F6F976fA15E6a10642,1,2073.46,0.0,0.0,0.0,0.0,0.63
1790649900,0xE1DC5576b36c78C75e6Abf2E1B121Db20A6069b7,1,0.0,6406.93,0.0,195.93,0.0,0.0
1790649900,0xEA2Eec3dc92E860ca7c00DDa51f1AfbCD1fC2E73,1,86.27,0.0,0.0,0.0,0.0,0.01
1790649900,0xEAc2374016613765cF31afDB4AEB6f5d13a63726,3,0.0,1367957.3,0.0,847.0,0.0,0.0
1790649900,0xbE6a74601C75433734Fe195ACa0b6B540Bff9745,3,0.0,9192.95,412.43,0.0,0.0,4.26
1790649900,0xebC11Ac4450E3eA74F5D65e5c0138A0C50a2DE4f,1,0.0,415250.97,0.0,1120.0,0.0,0.0
1790650800,0x15efc06FEa57Bda3ceA94A53D5426E78ed4651F3,3,2084.32,0.0,0.0,0.0,31.29,0.42
1790650800,0x18635783797F83F2840d0925dF4E3a1c2225e4c0,1,0.0,49670.51,339.07,0.0,0.0,15.4
1790650800,0x1f78Fb1234d2f9685fb35AcB1cf484eca83F8F63,1,520.16,0.0,0.0,0.0,0.0,0.0
1790650800,0x201D9E8fe6d8F2b471dDD1fE76b6C1fB5a66AE82,2,0.0,1913.05,0.0,5.98,0.0,0.19
1790650800,0x21aa6DC573DA62abFD7E43C84bEF2DA4FE514053,4,673.26,0.0,0.0,0.0,-5.69,0.08
1790650800,0x2Fd96bd26E7a3c694DBD5ae5E2C29249a83b8a98,7,18253.5,0.0,0.0,0.0,-2.81,0.0
1790650800,0x2f1AD479C495CCa0eF1E3eCA6981feea47eaFc3d,4,345.65,0.0,0.0,0.0,-0.17,0.03
1790650800,0x3aAa2bB57a0eFeA8F6f89423A923f7107c33471B,5,23967.09,137249.73,0.0,21683.65,0.0,3.6
1790650800,0x3bf64B8c8ce86abDBcF44Fa5a559E27eb9F63Efb,9,0.0,4265205.61,250524.17,136007.94,-15613.95,0.0
1790650800,0x6871C2994A2A8089efb4dE8417b783cF42c8FB9b,2,0.0,41434.21,15859.75,8.5,0.0,6.04
1790650800,0x7573eDB4bE971900B1e98137Fcf48fFDa1d16dC8,6,0.0,4119463.0,133716.65,249516.95,15340.66,619.42
1790650800,0x801209Bf04cfB7D37135CcDeA450C680dB26995C,2,0.0,41434.21,8.5,15859.75,0.0,0.0
1790650800,0x8E87D8308D439c88dDF48762AA5D3C99b8366a3a,18,24649.25,0.0,0.0,0.0,92.06,3.06
1790650800,0x978e3eb7997a9575cdE1799176829073d2876Fb9,3,4495.58,0.0,0.0,0.0,363.47,0.08
1790650800,0xDe785AcC18c7A76aF1f777149670315b928acE39,2,0.0,96072.1,1952.23,1007.22,-1146.11,14.91
1790650800,0xE1DC5576b36c78C75e6Abf2E1B121Db20A6069b7,2,0.0,1913.05,5.98,0.0,3.07,0.14
1790650800,0xEA2Eec3dc92E860ca7c00DDa51f1AfbCD1fC2E73,2,19991.67,0.0,0.0,0.0,3316.89,0.0
1790650800,0xb4B8Bd706d926c579DDd24759bbb4C2460734Df9,1,0.0,137249.73,21683.65,0.0,-2524.82,41.67
1790651700,0x15efc06FEa57Bda3ceA94A53D5426E78ed4651F3,4,799.82,0.0,0.0,0.0,-4.56,0.16
1790651700,0x21aa6DC573DA62abFD7E43C84bEF2DA4FE514053,4,636.44,0.0,0.0,0.0,-20.71,0.0
1790651700,0x2Fd96bd26E7a3c694DBD5ae5E2C29249a83b8a98,4,9248.98,0.0,0.0,0.0,-5.24,0.0
1790651700,0x2f1AD479C495CCa0eF1E3eCA6981feea47eaFc3d,4,346.12,0.0,0.0,0.0,-0.04,0.03
1790651700,0x3aAa2bB57a0eFeA8F6f89423A923f7107c33471B,5,46847.25,0.0,0.0,0.0,-187.36,0.0
1790651700,0x3bf64B8c8ce86abDBcF44Fa5a559E27eb9F63Efb,3,0.0,5587.64,1635.6,754.02,0.0,0.0
1790651700,0x5fE7FB2493441c753e52e7fb34b69C285F26bE9E,4,1490.19,5501.26,752.28,1635.6,0.0,1.78
1790651700,0x63080e905196F427c3b3A3885699BF156cfbB045,5,0.0,211030.62,3459.24,0.0,0.0,44.78
1790651700,0x6871C2994A2A8089efb4dE8417b783cF42c8FB9b,2,0.0,33152.31,12687.6,6.8,0.0,4.93
1790651700,0x801209Bf04cfB7D37135CcDeA450C680dB26995C,2,0.0,33152.31,6.8,12687.6,0.0,0.0
1790651700,0x8E87D8308D439c88dDF48762AA5D3C99b8366a3a,14,40069.37,0.0,0.0,0.0,153.85,5.71
1790651700,0x978e3eb7997a9575cdE1799176829073d2876Fb9,1,1240.13,0.0,0.0,0.0,0.0,0.0
1790651700,0xBC8015FA779be6ac91e5616f37e1768b8DbC16df,2,0.0,38295.04,0.0,282.24,-275.28,0.0
1790651700,0xEA2Eec3dc92E860ca7c00DDa51f1AfbCD1fC2E73,2,19998.93,0.0,0.0,0.0,1083.86,3.0
1790651700,0xEd36621aa98134b01d10005a912aA3Ff0E38ED3f,2,39.83,0.0,0.0,0.0,0.0,0.0
1790651700,0xF28BCd5963E0d0162FFCFd400E0C347a71Fcc965,3,0.0,1265.29,0.0,0.0,841.54,1.91
1790651700,0xa8E897a21602E9780B7862E3b46D8932b65366EF,1,0.0,86.38,1.74,0.0,0.0,0.53
1790651700,0xda50a7E41BEb66B2a613bc22a206fb1cF34FFaE2,3,0.0,1265.29,0.0,0.0,0.0,0.0
1790651700,0xebC11Ac4450E3eA74F5D65e5c0138A0C50a2DE4f,3,0.0,172735.58,0.0,3177.0,0.0,0.0
1790652600,0x15efc06FEa57Bda3ceA94A53D5426E78ed4651F3,1,999.93,0.0,0.0,0.0,0.0,0.2
1790652600,0x1f78Fb1234d2f9685fb35AcB1cf484eca83F8F63,1,549.83,0.0,0.0,0.0,0.0,0.0
1790652600,0x2Fd96bd26E7a3c694DBD5ae5E2C29249a83b8a98,3,8985.77,0.0,0.0,0.0,-0.84,0.0
1790652600,0x3aAa2bB57a0eFeA8F6f89423A923f7107c33471B,4,10002.58,14111.15,3343.42,1.39,-770.82,0.0
1790652600,0x5A6B16ec699652990fF6df89D29b10D027F0636F,3,8316.18,0.0,0.0,0.0,2.7,2.51
1790652600,0x63080e905196F427c3b3A3885699BF156cfbB045,2,0.0,186485.38,2454.0,0.0,0.0,42.71
1790652600,0x6ee5d62b08888486a8801b1aC6A2dBA7CBb7E1a4,1,0.0,266.59,0.0,0.04,-0.7,0.01
1790652600,0x7644316e1285b2f57987cDC4CAf1cCC98560C307,2,0.0,346.66,1.39,6.42,0.0,0.55
1790652600,0x8E87D8308D439c88dDF48762AA5D3C99b8366a3a,6,12762.56,0.0,0.0,0.0,1.14,0.9
1790652600,0x9170Fd4b32bf660b34fc87D7398Fd9AE4fb36187,1,0.0,13764.5,0.0,3337.0,671.78,4.63
1790652600,0xBC8015FA779be6ac91e5616f37e1768b8DbC16df,3,1387.58,0.0,0.0,0.0,-19.97,0.21
1790652600,0xE1DC5576b36c78C75e6Abf2E1B121Db20A6069b7,2,390.39,266.59,0.04,0.0,0.0,0.01
1790652600,0xEA2Eec3dc92E860ca7c00DDa51f1AfbCD1fC2E73,1,10002.58,0.0,0.0,0.0,0.0,1.5
1790652600,0xebC11Ac4450E3eA74F5D65e5c0138A0C50a2DE4f,2,0.0,186485.38,0.0,2454.0,0.0,0.0
1790653500,0x15efc06FEa57Bda3ceA94A53D5426E78ed4651F3,28,374563.69,0.0,0.0,0.0,1397.03,63.8
1790653500,0x1c847e46576ba210189381C0c512C58278121d42,1,0.0,867.9,0.4,0.0,0.0,0.0
1790653500,0x1f78Fb1234d2f9685fb35AcB1cf484eca83F8F63,2,555.26,0.0,0.0,0.0,-0.04,0.0
1790653500,0x21aa6DC573DA62abFD7E43C84bEF2DA4FE514053,2,720.26,0.0,0.0,0.0,-20.93,0.11
1790653500,0x2Fd96bd26E7a3c694DBD5ae5E2C29249a83b8a98,44,166952.52,0.0,0.0,0.0,321.74,0.01
1790653500,0x2d5E3844E825A91607D15265b120b63Cfb55B84D,1,0.0,68825.29,0.0,3223.14,0.0,21.15
1790653500,0x3aAa2bB57a0eFeA8F6f89423A923f7107c33471B,98,2205659.15,68825.29,3223.14,0.0,-5648.55,270.33
1790653500,0x3bf64B8c8ce86abDBcF44Fa5a559E27eb9F63Efb,1,0.0,434.14,0.0,28.85,17.8,0.0
1790653500,0x3d49dc57389da315394AeB6984C39Ea0dc4fa9C8,3,0.0,5642.89,28.85,48.4,-27.11,2.98
1790653500,0x8E87D8308D439c88dDF48762AA5D3C99b8366a3a,77,1653490.32,0.0,0.0,0.0,4020.2,23.75
1790653500,0x978e3eb7997a9575cdE1799176829073d2876Fb9,2,558.79,0.0,0.0,0.0,-19.46,0.08
1790653500,0xA48232D674F993126945B9158d8eD64320883567,1,0.0,4340.85,48.0,0.0,0.0,0.0
1790653500,0xE1DC5576b36c78C75e6Abf2E1B121Db20A6069b7,1,14999.68,0.0,0.0,0.0,0.0,0.0
1790653500,0xEd36621aa98134b01d10005a912aA3Ff0E38ED3f,3,59.77,0.0,0.0,0.0,-0.27,0.0
1790653500,0xF7957c8b20DbD3FcA93686B07679aee8e6755c43,6,146280.89,0.0,0.0,0.0,-344.03,0.0
1790654400,0x15efc06FEa57Bda3ceA94A53D5426E78ed4651F3,6,64264.67,0.0,0.0,0.0,510.52,12.85
1790654400,0x2Fd96bd26E7a3c694DBD5ae5E2C29249a83b8a98,7,24984.11,0.0,0.0,0.0,42.93,0.0
1790654400,0x2f1AD479C495CCa0eF1E3eCA6981feea47eaFc3d,4,346.96,0.0,0.0,0.0,0.07,0.03
1790654400,0x3aAa2bB57a0eFeA8F6f89423A923f7107c33471B,7,115268.93,0.0,0.0,0.0,-884.21,0.0
1790654400,0x6Cf144eb80f885376Ce31c87521c2f34E0887431,1,13.32,0.0,0.0,0.0,-0.18,0.01
1790654400,0x8E87D8308D439c88dDF48762AA5D3C99b8366a3a,19,81367.26,0.0,0.0,0.0,187.72,11.75
1790654400,0xBC8015FA779be6ac91e5616f37e1768b8DbC16df,1,998.03,0.0,0.0,0.0,-13.65,0.15
1790654400,0xC58288b2A1E1cE364A1A05b4b75b4FE42549f680,1,0.0,2665.69,75.6,0.0,0.0,1.3
1790654400,0xE1DC5576b36c78C75e6Abf2E1B121Db20A6069b7,1,0.0,2665.69,0.0,75.6,0.0,0.0
1790654400,0xEd36621aa98134b01d10005a912aA3Ff0E38ED3f,1,19.93,0.0,0.0,0.0,0.0,0.0
1790655300,0x0ED2F5A37c29a605f47b12dBA90c46dee9c17580,1,244.04,0.0,0.0,0.0,-0.87,0.02
1790655300,0x15efc06FEa57Bda3ceA94A53D5426E78ed4651F3,10,23862.23,0.0,0.0,0.0,-67.73,4.77
1790655300,0x1f78Fb1234d2f9685fb35AcB1cf484eca83F8F63,2,3308.18,0.0,0.0,0.0,14.79,0.41
1790655300,0x21aa6DC573DA62abFD7E43C84bEF2DA4FE514053,7,856.06,0.0,0.0,0.0,-20.74,0.0
1790655300,0x2A672736E3017C931D7b1927732420795AD873A6,2,0.0,5336.9,7.9,7.2,-3.3,2.6
1790655300,0x2Fd96bd26E7a3c694DBD5ae5E2C29249a83b8a98,3,8706.47,0.0,0.0,0.0,-2.28,0.11
1790655300,0x334F0CeaB0D8B3509f0304FC65ea8Ae99a76993c,1,0.0,33277.06,0.0,34.4,0.0,4.8
1790655300,0x3aAa2bB57a0eFeA8F6f89423A923f7107c33471B,12,51021.22,17224.66,0.0,535.09,-209.8,0.0
1790655300,0x3bf64B8c8ce86abDBcF44Fa5a559E27eb9F63Efb,2,0.0,481.86,0.0,24.38,-0.22,0.0
1790655300,0x57D20F8aF5875aD611dC836f78e4992DDA5E6073,1,0.0,2668.24,0.0,7.9,0.0,0.0
1790655300,0x63080e905196F427c3b3A3885699BF156cfbB045,1,0.0,15838.89,439.83,0.0,0.0,1.98
1790655300,0x6eCAfc045F42372bbb4aF64a3Ec8904237739EB1,6,0.0,1867.63,119.64,0.0,0.0,3.56
1790655300,0x8E87D8308D439c88dDF48762AA5D3C99b8366a3a,12,62123.74,0.0,0.0,0.0,26.37,8.8
1790655300,0xBC8015FA779be6ac91e5616f37e1768b8DbC16df,1,0.0,2668.65,7.2,0.0,0.0,0.0
1790655300,0xE1DC5576b36c78C75e6Abf2E1B121Db20A6069b7,1,0.0,33277.06,34.4,0.0,0.0,0.0
1790655300,0xEAc2374016613765cF31afDB4AEB6f5d13a63726,1,0.0,26707.04,0.0,1858.0,0.0,0.0
1790655300,0xd2DBb251c4Ae8BcE04A9373a38a2CE0e0AAba7d8,1,0.0,26707.04,1858.0,0.0,0.0,8.51
1790655300,0xfE6e3099dc514A63bd2Fe79BD3d9e8a653bBAF06,2,21850.0,0.0,0.0,0.0,0.0,0.0
1790656200,0x15efc06FEa57Bda3ceA94A53D5426E78ed4651F3,2,1088.39,0.0,0.0,0.0,11.69,0.22
1790656200,0x1f78Fb1234d2f9685fb35AcB1cf484eca83F8F63,2,979.06,0.0,0.0,0.0,0.0,0.0
1790656200,0x21aa6DC573DA62abFD7E43C84bEF2DA4FE514053,2,211.24,0.0,0.0,0.0,-4.84,0.0
1790656200,0x2Fd96bd26E7a3c694DBD5ae5E2C29249a83b8a98,1,807.62,0.0,0.0,0.0,9.93,0.12
1790656200,0x2f1AD479C495CCa0eF1E3eCA6981feea47eaFc3d,1,87.34,0.0,0.0,0.0,-0.65,0.01
1790656200,0x3aAa2bB57a0eFeA8F6f89423A923f7107c33471B,7,12012.28,118916.22,1407.71,3884.14,1572.73,0.0
1790656200,0x3bf64B8c8ce86abDBcF44Fa5a559E27eb9F63Efb,3,0.0,87443.26,0.0,1997.96,-1.08,0.0
1790656200,0x552e2c85321a2ecAc2133022721Bd31D712b3570,2,0.0,87263.74,3122.94,1407.71,0.0,13.59
1790656200,0x63080e905196F427c3b3A3885699BF156cfbB045,2,0.0,55452.28,1001.72,0.0,0.0,6.93
1790656200,0x6eCAfc045F42372bbb4aF64a3Ec8904237739EB1,1,0.0,148.5,23.0,0.0,0.0,0.01
1790656200,0x8E87D8308D439c88dDF48762AA5D3C99b8366a3a,7,14301.29,0.0,0.0,0.0,-1.25,1.67
1790656200,0x978e3eb7997a9575cdE1799176829073d2876Fb9,1,429.63,0.0,0.0,0.0,-15.58,0.06
1790656200,0xBC8015FA779be6ac91e5616f37e1768b8DbC16df,10,5021.45,0.0,0.0,0.0,-36.96,0.75
1790656200,0xE1DC5576b36c78C75e6Abf2E1B121Db20A6069b7,5,2009.69,0.0,0.0,0.0,0.0,0.0
1790656200,0xFfd6339DA9D6a8D84FD5b323a6088441947A10B3,2,0.0,296.95,22.96,23.0,-0.0,0.04
1790656200,0xf6eB3b0Bb9622c3eBF0E2ad0b2FaE4f52Ce1eD93,2,0.0,63495.0,1734.48,0.0,0.0,20.05
1790657100,0x0ED2F5A37c29a605f47b12dBA90c46dee9c17580,1,90.64,0.0,0.0,0.0,0.0,0.01
1790657100,0x15efc06FEa57Bda3ceA94A53D5426E78ed4651F3,2,174.11,0.0,0.0,0.0,-1.13,0.03
1790657100,0x1f78Fb1234d2f9685fb35AcB1cf484eca83F8F63,2,1099.67,0.0,0.0,0.0,0.0,0.0
1790657100,0x21aa6DC573DA62abFD7E43C84bEF2DA4FE514053,3,643.96,0.0,0.0,0.0,-5.64,0.06
1790657100,0x2f1AD479C495CCa0eF1E3eCA6981feea47eaFc3d,4,348.54,0.0,0.0,0.0,-0.36,0.03
1790657100,0x3aAa2bB57a0eFeA8F6f89423A923f7107c33471B,4,10801.9,20104.08,151.4,2558.5,-62.59,0.0
1790657100,0x3bf64B8c8ce86abDBcF44Fa5a559E27eb9F63Efb,2,0.0,234.56,9.25,7.01,3.07,0.0
1790657100,0x87b8df4f8a95b719fda56ca067BE9F4C5687A694,2,0.0,22826.6,2558.5,111.39,0.0,7.85
1790657100,0x8E87D8308D439c88dDF48762AA5D3C99b8366a3a,10,13367.77,0.0,0.0,0.0,-14.09,1.75
1790657100,0xBC8015FA779be6ac91e5616f37e1768b8DbC16df,7,3005.73,0.0,0.0,0.0,-29.32,0.45
1790657100,0xE1DC5576b36c78C75e6Abf2E1B121Db20A6069b7,1,1000.15,0.0,0.0,0.0,0.0,0.0
1790657100,0xFfd6339DA9D6a8D84FD5b323a6088441947A10B3,2,0.0,2727.92,150.0,151.4,0.99,0.41
1790657100,0xbDC3E6B92810dB7d372Da0DB65A631E46ecff88b,2,0.0,234.56,7.01,9.25,0.0,0.54
1790657100,0xdf07c373e277eE131F7c21bEBA3a35524F2B3efB,1,0.0,1364.06,0.0,150.0,65.11,0.14
1790657100,0xf6eB3b0Bb9622c3eBF0E2ad0b2FaE4f52Ce1eD93,1,0.0,4086.38,111.39,0.0,0.0,0.41
1790658000,0x15efc06FEa57Bda3ceA94A53D5426E78ed4651F3,13,68177.49,0.0,0.0,0.0,423.15,13.64
1790658000,0x1f78Fb1234d2f9685fb35AcB1cf484eca83F8F63,1,549.32,0.0,0.0,0.0,0.0,0.0
1790658000,0x21aa6DC573DA62abFD7E43C84bEF2DA4FE514053,4,608.67,0.0,0.0,0.0,-10.43,0.03
1790658000,0x2Fd96bd26E7a3c694DBD5ae5E2C29249a83b8a98,6,4831.82,0.0,0.0,0.0,-37.73,0.0
1790658000,0x2f1AD479C495CCa0eF1E3eCA6981feea47eaFc3d,5,435.39,0.0,0.0,0.0,-0.12,0.04
1790658000,0x3aAa2bB57a0eFeA8F6f89423A923f7107c33471B,12,115075.4,0.0,0.0,0.0,-458.75,0.0
1790658000,0x3bf64B8c8ce86abDBcF44Fa5a559E27eb9F63Efb,3,0.0,16014.14,0.0,469.15,-168.99,0.0
1790658000,0x42974A167De3F098cEf1Ffbf5f250D33a9200520,1,0.0,12583.91,275.65,0.0,0.0,1.89
1790658000,0x793F59010D878848327aF4052790273D01215D62,1,0.0,0.37,0.0,0.0,0.0,0.0
1790658000,0x87b8df4f8a95b719fda56ca067BE9F4C5687A694,9,3642.25,0.0,0.0,0.0,0.0,0.83
1790658000,0x8E87D8308D439c88dDF48762AA5D3C99b8366a3a,15,64049.26,0.0,0.0,0.0,86.71,8.08
1790658000,0x94e002669D90cf09f8Cb9F6A9846B0A6A0873Ff3,2,0.0,3712.56,0.0,0.0,0.0,3.71
1790658000,0xB90134C652814890691671c849381A0B3cdD0247,3,8790.04,0.0,0.0,0.0,-170.33,2.64
1790658000,0xBC8015FA779be6ac91e5616f37e1768b8DbC16df,6,0.0,7351.03,0.0,0.0,-357.02,2.57
1790658000,0xC58288b2A1E1cE364A1A05b4b75b4FE42549f680,1,0.0,1363.94,45.9,0.0,0.0,0.91
1790658000,0xa283a5AC02Dd26E429045541C99FeBbc257f8957,1,0.0,2168.26,0.0,0.0,0.0,3.26
1790658000,0xbb05319CD62Ff29BdEC1567718d12B1da3b66aEe,1,0.0,2066.29,147.6,0.0,0.0,1.12
1790658000,0xda50a7E41BEb66B2a613bc22a206fb1cF34FFaE2,4,0.0,1470.58,0.0,0.0,-0.0,0.0
1790658900,0x15efc06FEa57Bda3ceA94A53D5426E78ed4651F3,4,3264.18,0.0,0.0,0.0,15.23,0.65
1790658900,0x1f78Fb1234d2f9685fb35AcB1cf484eca83F8F63,2,2203.18,0.0,0.0,0.0,4.43,0.33
1790658900,0x21aa6DC573DA62abFD7E43C84bEF2DA4FE514053,3,332.23,0.0,0.0,0.0,-6.98,0.0
1790658900,0x2Fd96bd26E7a3c694DBD5ae5E2C29249a83b8a98,9,26914.54,0.0,0.0,0.0,-19.04,0.14
1790658900,0x2f1AD479C495CCa0eF1E3eCA6981feea47eaFc3d,4,349.69,0.0,0.0,0.0,-0.79,0.03
1790658900,0x3aAa2bB57a0eFeA8F6f89423A923f7107c33471B,3,2849.54,1371.12,50.8,0.0,-4.84,0.0
1790658900,0x3bf64B8c8ce86abDBcF44Fa5a559E27eb9F63Efb,5,0.0,14625.02,1892.24,0.0,-164.29,0.0
1790658900,0x51efa467CC3B762063bfBE86Ee812E4D51193F68,1,1265.88,0.0,0.0,0.0,0.0,0.39
1790658900,0x801209Bf04cfB7D37135CcDeA450C680dB26995C,2,0.0,174.81,13.09,8.81,0.0,0.0
1790658900,0x8E87D8308D439c88dDF48762AA5D3C99b8366a3a,21,42287.18,0.0,0.0,0.0,-19.2,4.16
1790658900,0x978e3eb7997a9575cdE1799176829073d2876Fb9,2,11001.18,0.0,0.0,0.0,5.21,1.65
1790658900,0x9DEEC4DDe294dd839833BF5331a04D78a8202F97,4,0.0,13237.89,0.0,1840.04,525.5,5.97
1790658900,0xB90134C652814890691671c849381A0B3cdD0247,1,7704.85,0.0,0.0,0.0,-116.97,2.32
1790658900,0xEA2Eec3dc92E860ca7c00DDa51f1AfbCD1fC2E73,1,10001.36,0.0,0.0,0.0,0.0,0.0
1790658900,0xECe5c6C2669090953F8e36B4235De9f1202c077d,2,0.0,2758.26,0.0,103.0,0.0,1.83
1790658900,0xFfd4C80745B38813ef9bb84bc2ff1f469fB24496,2,0.0,166558.0,91.0,314.0,-7.98,25.48
1790658900,0xbDC3E6B92810dB7d372Da0DB65A631E46ecff88b,2,0.0,174.81,8.81,13.09,0.0,0.53
1790658900,0xebC11Ac4450E3eA74F5D65e5c0138A0C50a2DE4f,2,0.0,166558.0,314.0,91.0,0.0,0.0
1790659800,0x021d21f43d6d8921eF876Ec72f59E45820883B8F,2,0.0,12581.01,254.5,0.0,-11.2,0.0
1790659800,0x09fB9509236f155D5E3e5bC3A02dAA1Bc20D7564,3,50020.03,0.0,0.0,0.0,0.0,0.0
1790659800,0x0B9Dab5cfa4d32C029169c7617A7397e894aD042,2,0.0,276.13,4.87,17.87,2.06,0.54
1790659800,0x15efc06FEa57Bda3ceA94A53D5426E78ed4651F3,8,45018.1,0.0,0.0,0.0,331.3,9.0
1790659800,0x1f78Fb1234d2f9685fb35AcB1cf484eca83F8F63,1,549.56,0.0,0.0,0.0,0.0,0.0
1790659800,0x21aa6DC573DA62abFD7E43C84bEF2DA4FE514053,11,2657.33,0.0,0.0,0.0,-27.18,0.25
1790659800,0x2Fd96bd26E7a3c694DBD5ae5E2C29249a83b8a98,9,24318.38,0.0,0.0,0.0,25.12,0.15
1790659800,0x2f1AD479C495CCa0eF1E3eCA6981feea47eaFc3d,6,521.03,0.0,0.0,0.0,-0.19,0.05
1790659800,0x31BDF187AC3faA563bF40f2a04cd6D822E1d34aa,2,0.0,1746157.92,24906.0,3582.0,0.0,262.42
1790659800,0x3aAa2bB57a0eFeA8F6f89423A923f7107c33471B,13,73960.75,28360.81,22.29,2806.16,-227.83,0.0
1790659800,0x3bf64B8c8ce86abDBcF44Fa5a559E27eb9F63Efb,10,0.0,1854292.6,18479.57,24906.0,-2956.01,0.0
1790659800,0x6C57A3aB950CDe074E2A862ed73B5414515Eb1a5,1,0.0,13754.39,2407.0,0.0,0.0,4.63
1790659800,0x6eCAfc045F42372bbb4aF64a3Ec8904237739EB1,1,0.0,147.55,13.0,0.0,0.0,0.01
1790659800,0x801209Bf04cfB7D37135CcDeA450C680dB26995C,1,0.0,856405.68,5832.15,0.0,0.0,64.23
1790659800,0x87b8df4f8a95b719fda56ca067BE9F4C5687A694,1,0.0,147.55,0.0,13.0,0.0,0.54
1790659800,0x88279691bB83Fdfa00491C0597F0AB4FD3D14372,2,0.0,13744.93,394.29,0.0,0.0,4.62
1790659800,0x8E87D8308D439c88dDF48762AA5D3C99b8366a3a,38,141525.45,0.0,0.0,0.0,283.71,19.43
1790659800,0x8eeAd349E6730E1c90198D23B9401B564148921c,1,0.0,265.64,1.54,0.0,0.0,0.03
1790659800,0x978e3eb7997a9575cdE1799176829073d2876Fb9,3,31654.8,0.0,0.0,0.0,135.14,3.41
1790659800,0x99f234842631aF24F8659CA6F1CFDB997534a301,1,0.0,5231.63,597.6,0.0,0.0,0.0
1790659800,0x9DEEC4DDe294dd839833BF5331a04D78a8202F97,11,0.0,126442.09,0.0,16964.07,3090.28,40.49
1790659800,0xA48232D674F993126945B9158d8eD64320883567,1,0.0,9970.12,67.85,0.0,0.0,0.0
1790659800,0xBC8015FA779be6ac91e5616f37e1768b8DbC16df,2,997.39,0.0,0.0,0.0,-14.29,0.15
1790659800,0xD9884e6f8a8Bc801E24bB19E371d71D626C22680,2,0.0,866375.8,0.0,5900.0,0.0,1.5
1790659800,0xE1DC5576b36c78C75e6Abf2E1B121Db20A6069b7,6,29999.44,12469.63,1394.4,1.54,-625.73,0.94
1790659800,0xF7957c8b20DbD3FcA93686B07679aee8e6755c43,1,570.24,0.0,0.0,0.0,0.0,0.0
1790659800,0xbE93C7e421B1907e0eF9c85E2799d21490741fa0,1,0.0,11709.22,0.0,180.0,0.0,5.18
1790659800,0xea19Fe621592b9aF895f2d8d5Af7288C02FbBbF3,1,33.48,0.0,0.0,0.0,-4.07,0.02
1790659800,0xef698DFC8Be573EE20cA86842C15deC0A9C9c44D,1,0.0,585.37,0.0,4.42,-3.97,0.68
1790660700,0x033371676a7a75fF9b933bfe3A1D40bf5C80f6b3,1,0.0,1337.17,0.8,0.0,0.0,0.6
1790660700,0x0DC04d5De15560768A9A48E5cd698Be5790cB530,1,0.0,2500.08,0.0,120.48,8.22,1.25
1790660700,0x15efc06FEa57Bda3ceA94A53D5426E78ed4651F3,11,58512.5,0.0,0.0,0.0,76.71,11.69
1790660700,0x1c847e46576ba210189381C0c512C58278121d42,2,0.0,2673.35,0.0,1.6,0.0,0.0
1790660700,0x1f78Fb1234d2f9685fb35AcB1cf484eca83F8F63,1,533.91,0.0,0.0,0.0,-1.2,0.08
1790660700,0x21aa6DC573DA62abFD7E43C84bEF2DA4FE514053,6,1026.75,0.0,0.0,0.0,-22.33,0.0
1790660700,0x2Fd96bd26E7a3c694DBD5ae5E2C29249a83b8a98,3,6006.05,0.0,0.0,0.0,-4.33,0.0
1790660700,0x30bb4dB5f9eb4d47221d442931487C44934C1189,6,0.0,446.65,0.0,0.0,0.0,0.68
1790660700,0x3aAa2bB57a0eFeA8F6f89423A923f7107c33471B,8,50699.97,27730.94,0.0,3328.0,-112.19,0.0
1790660700,0x3bf64B8c8ce86abDBcF44Fa5a559E27eb9F63Efb,3,0.0,27703.32,0.0,1410.91,-490.74,0.0
1790660700,0x42974A167De3F098cEf1Ffbf5f250D33a9200520,2,0.0,13043.32,0.0,324.94,-1.43,0.0
1790660700,0x57D20F8aF5875aD611dC836f78e4992DDA5E6073,1,0.0,10689.43,0.0,6.4,0.0,0.0
1790660700,0x6346396Db6777ad129E7cBD84F7F31efe77CA2bb,1,0.0,10414.85,99.75,0.0,0.0,3.62
1790660700,0x6C57A3aB950CDe074E2A862ed73B5414515Eb1a5,6,0.0,51366.15,4688.0,75.0,0.0,17.91
1790660700,0x8E87D8308D439c88dDF48762AA5D3C99b8366a3a,10,88626.89,0.0,0.0,0.0,-31.02,6.59
1790660700,0x94AFAeC3BbB5D81f09d69bE90F7B0c059b513E56,1,0.0,5331.04,872.0,0.0,0.0,0.53
1790660700,0xA32eA067C8F96729f3940c03a6AA5095Cf40c03C,3,0.0,25381.54,17.2,0.0,0.0,3.15
1790660700,0xAeE7CA8d99Ab6FB184aee01EFA3158Dc94846FC4,1,0.0,5909.56,75.0,0.0,0.0,0.59
1790660700,0xBC8015FA779be6ac91e5616f37e1768b8DbC16df,1,0.0,13355.93,0.0,10.0,-24.84,0.0
1790660700,0xE1DC5576b36c78C75e6Abf2E1B121Db20A6069b7,3,0.0,20437.25,396.58,872.0,397.69,1.35
1790660700,0xEA2Eec3dc92E860ca7c00DDa51f1AfbCD1fC2E73,1,533.91,0.0,0.0,0.0,26.2,0.0
1790660700,0xda50a7E41BEb66B2a613bc22a206fb1cF34FFaE2,6,0.0,446.65,0.0,0.0,-4.42,0.09
1790661600,0x033371676a7a75fF9b933bfe3A1D40bf5C80f6b3,1,0.0,4598.95,100.55,0.0,0.0,1.88
1790661600,0x0ED2F5A37c29a605f47b12dBA90c46dee9c17580,1,596.83,0.0,0.0,0.0,3.9,0.06
1790661600,0x15efc06FEa57Bda3ceA94A53D5426E78ed4651F3,18,83943.37,0.0,0.0,0.0,154.21,16.79
1790661600,0x1f78Fb1234d2f9685fb35AcB1cf484eca83F8F63,3,1099.19,1050.75,9.36,0.0,0.0,0.0
1790661600,0x21aa6DC573DA62abFD7E43C84bEF2DA4FE514053,3,318.88,0.0,0.0,0.0,-4.95,0.0
1790661600,0x2Fd96bd26E7a3c694DBD5ae5E2C29249a83b8a98,14,43691.93,0.0,0.0,0.0,-39.43,0.0
1790661600,0x2f1AD479C495CCa0eF1E3eCA6981feea47eaFc3d,4,350.92,0.0,0.0,0.0,-1.04,0.04
1790661600,0x3aAa2bB57a0eFeA8F6f89423A923f7107c33471B,36,354754.1,536202.38,3628.42,0.0,1005.99,22.75
1790661600,0x3bf64B8c8ce86abDBcF44Fa5a559E27eb9F63Efb,1,0.0,5914.46,155.0,0.0,18.6,0.0
1790661600,0x51efa467CC3B762063bfBE86Ee812E4D51193F68,1,1398.35,0.0,0.0,0.0,0.0,0.43
1790661600,0x5604C7728Af9F6d068dd31861c092C95f5FFa088,2,0.0,1751.25,0.0,15.6,0.0,0.89
1790661600,0x6C57A3aB950CDe074E2A862ed73B5414515Eb1a5,2,0.0,11827.15,0.0,225.0,0.0,4.55
1790661600,0x6aaBDB5a5C84EdC20E8b6c32B0f6f08611f350E7,1,0.0,878.12,7.0,0.0,5.05,0.09
1790661600,0x87b8df4f8a95b719fda56ca067BE9F4C5687A694,1,1388.8,0.0,0.0,0.0,0.0,0.43
1790661600,0x8E87D8308D439c88dDF48762AA5D3C99b8366a3a,31,244583.26,0.0,0.0,0.0,-199.53,16.23
1790661600,0x94ECb4C47D8E2CB07874A33a0141016254b46873,1,338.71,0.0,0.0,0.0,0.0,0.11
1790661600,0x978e3eb7997a9575cdE1799176829073d2876Fb9,3,39152.12,0.0,0.0,0.0,274.44,4.33
1790661600,0xAeE7CA8d99Ab6FB184aee01EFA3158Dc94846FC4,1,0.0,5912.69,70.0,0.0,0.0,0.59
1790661600,0xBC8015FA779be6ac91e5616f37e1768b8DbC16df,1,999.7,0.0,0.0,0.0,-3.19,0.15
1790661600,0xD9884e6f8a8Bc801E24bB19E371d71D626C22680,4,0.0,536202.38,0.0,3628.42,0.0,73.29
1790661600,0xE1DC5576b36c78C75e6Abf2E1B121Db20A6069b7,2,0.0,5299.45,6.24,100.55,0.0,0.05
1790661600,0xEA2Eec3dc92E860ca7c00DDa51f1AfbCD1fC2E73,2,10088.04,0.0,0.0,0.0,192.51,1.51
1790661600,0xd95754330a4bf9A3C8e199ed140817AE07422ee9,1,0.0,878.12,0.0,7.0,0.0,0.76
1790661600,0xfE6e3099dc514A63bd2Fe79BD3d9e8a653bBAF06,2,8793.11,0.0,0.0,0.0,0.0,1.32
1790662500,0x15efc06FEa57Bda3ceA94A53D5426E78ed4651F3,3,43150.25,0.0,0.0,0.0,0.0,8.63
1790662500,0x1f78Fb1234d2f9685fb35AcB1cf484eca83F8F63,1,476.85,0.0,0.0,0.0,-0.19,0.07
1790662500,0x21aa6DC573DA62abFD7E43C84bEF2DA4FE514053,1,87.75,0.0,0.0,0.0,-1.46,0.0
1790662500,0x2Fd96bd26E7a3c694DBD5ae5E2C29249a83b8a98,4,9081.42,0.0,0.0,0.0,-0.39,0.0
1790662500,0x2f1AD479C495CCa0eF1E3eCA6981feea47eaFc3d,8,702.29,0.0,0.0,0.0,-0.45,0.07
1790662500,0x3aAa2bB57a0eFeA8F6f89423A923f7107c33471B,17,299653.72,167630.66,1899.88,2378.76,0.0,0.0
1790662500,0x3bf64B8c8ce86abDBcF44Fa5a559E27eb9F63Efb,3,0.0,1300.96,114.9,18.07,-9.42,0.0
1790662500,0x5fE7FB2493441c753e52e7fb34b69C285F26bE9E,2,10752.94,0.0,0.0,0.0,25.72,3.23
1790662500,0x6FcDB8bd7366aD2F7dA412b99bb794A41d39669e,1,0.0,63409.67,47.12,0.0,0.0,6.39
1790662500,0x7996Be6B844aAF57Cc0b6f151895386eC55598D4,1,0.0,2692.12,30.0,0.0,0.0,0.27
1790662500,0x80e93386C24B88609919Fbfd6D47124184afBE57,1,83.75,0.0,0.0,0.0,0.0,0.04
1790662500,0x8E87D8308D439c88dDF48762AA5D3C99b8366a3a,25,220640.56,0.0,0.0,0.0,-69.88,31.48
1790662500,0x978e3eb7997a9575cdE1799176829073d2876Fb9,2,57777.69,0.0,0.0,0.0,0.0,8.66
1790662500,0x9DEEC4DDe294dd839833BF5331a04D78a8202F97,1,0.0,725.07,0.0,73.2,5.47,0.72
1790662500,0xA0D678cb6F48CA52720232361BfB376C46c2c5B0,1,1374.13,0.0,0.0,0.0,0.0,0.14
1790662500,0xA2e7eB1D650905e07F70ab1A3ce8b3c5D1AbFA3F,2,0.0,1345718.49,14275.0,2575.0,-602.97,202.36
1790662500,0xAF03Ea74531611c477c5440d6592B08e9bB9D682,2,0.0,167630.66,2378.76,1899.88,0.0,25.64
1790662500,0xAd737f281DD10f51d5100798623073d046d26610,2,0.0,575.89,18.07,41.7,31.05,1.17
1790662500,0xE1DC5576b36c78C75e6Abf2E1B121Db20A6069b7,2,0.0,66101.79,0.0,77.12,0.0,0.2
1790662500,0xEA2Eec3dc92E860ca7c00DDa51f1AfbCD1fC2E73,1,476.85,0.0,0.0,0.0,22.48,0.0
1790662500,0xebC11Ac4450E3eA74F5D65e5c0138A0C50a2DE4f,2,0.0,1345718.49,2575.0,14275.0,0.0,0.0
1790663400,0x15efc06FEa57Bda3ceA94A53D5426E78ed4651F3,2,175.57,0.0,0.0,0.0,-2.59,0.04
1790663400,0x1c847e46576ba210189381C0c512C58278121d42,3,499.55,12433.11,330.0,0.7,0.0,0.89
1790663400,0x1f78Fb1234d2f9685fb35AcB1cf484eca83F8F63,1,520.53,0.0,0.0,0.0,0.99,0.08
1790663400,0x21aa6DC573DA62abFD7E43C84bEF2DA4FE514053,3,175.74,615.26,0.0,7.0,-0.16,0.0
1790663400,0x2Fd96bd26E7a3c694DBD5ae5E2C29249a83b8a98,2,1814.24,0.0,0.0,0.0,-1.21,0.19
1790663400,0x2f1AD479C495CCa0eF1E3eCA6981feea47eaFc3d,2,175.57,0.0,0.0,0.0,-0.16,0.02
1790663400,0x3aAa2bB57a0eFeA8F6f89423A923f7107c33471B,8,41297.41,313136.18,2998.2,1148.74,66.78,0.0
1790663400,0x3bf64B8c8ce86abDBcF44Fa5a559E27eb9F63Efb,3,0.0,13321.41,0.0,348.6,0.0,0.0
1790663400,0x402e768F7c4325b4eeE33E385600b6Ef02914e1b,5,0.0,6242.62,36.0,0.0,0.0,3.5
1790663400,0x8C2E8224aB508eE456C0c2e15a33D2c4EE8282EC,21,0.0,46996.18,2040.89,0.0,0.0,24.6
1790663400,0x8E87D8308D439c88dDF48762AA5D3C99b8366a3a,5,69066.14,0.0,0.0,0.0,-0.73,6.03
1790663400,0x978e3eb7997a9575cdE1799176829073d2876Fb9,2,29386.24,0.0,0.0,0.0,-62.74,4.41
1790663400,0x9DEEC4DDe294dd839833BF5331a04D78a8202F97,1,0.0,1669.31,213.94,0.0,0.0,1.0
1790663400,0xD15fB9d9FC203ED4530a0733546b4FB106C73f03,1,0.0,1189.37,16.0,0.0,-3.73,0.86
1790663400,0xD771A34c2B5c351008a458E63f866141E3690E24,2,0.0,592896.49,5577.0,1507.0,0.0,89.43
1790663400,0xD9884e6f8a8Bc801E24bB19E371d71D626C22680,2,0.0,269496.7,0.0,2712.51,0.0,36.83
1790663400,0xE1DC5576b36c78C75e6Abf2E1B121Db20A6069b7,22,0.0,49690.59,0.0,2063.79,-39.48,0.0
1790663400,0xEAc2374016613765cF31afDB4AEB6f5d13a63726,1,0.0,2156.01,0.0,2.8,0.0,0.0
1790663400,0xe2aDB58c27460e52c49A2e5cC59fFEfe2218f120,2,0.0,41970.18,934.8,285.69,0.0,6.8
1790663400,0xebC11Ac4450E3eA74F5D65e5c0138A0C50a2DE4f,2,0.0,592896.49,1507.0,5577.0,0.0,0.0
1790664300,0x107053d26a6E73d089E00c24121E3086Ca0de047,2,0.0,17597.24,81.0,12.0,0.0,3.14
1790664300,0x15efc06FEa57Bda3ceA94A53D5426E78ed4651F3,32,93336.22,0.0,0.0,0.0,-1.82,14.48
1790664300,0x1c847e46576ba210189381C0c512C58278121d42,9,3470.82,12590.57,0.0,5.55,0.0,0.0
1790664300,0x1f78Fb1234d2f9685fb35AcB1cf484eca83F8F63,2,1099.85,0.0,0.0,0.0,-5.51,0.0
1790664300,0x21aa6DC573DA62abFD7E43C84bEF2DA4FE514053,1,111.66,0.0,0.0,0.0,-1.63,0.0
1790664300,0x2Fd96bd26E7a3c694DBD5ae5E2C29249a83b8a98,8,14142.59,0.0,0.0,0.0,-28.36,0.2
1790664300,0x2f1AD479C495CCa0eF1E3eCA6981feea47eaFc3d,2,175.76,0.0,0.0,0.0,-0.11,0.02
1790664300,0x31a4A6460ddd9cB59Eff21df7b149c1683c9089C,1,0.0,214.1,0.0,2.08,-0.98,0.56
1790664300,0x357E67dfAC5A9423C5F04a5a79FB10a65D8aB5fE,8,0.0,854845.35,2656.43,0.0,0.0,148.75
1790664300,0x3aAa2bB57a0eFeA8F6f89423A923f7107c33471B,15,178080.59,23861.43,133.19,1180.93,56.63,0.0
1790664300,0x3bf64B8c8ce86abDBcF44Fa5a559E27eb9F63Efb,2,0.0,3571.17,2.08,30.56,-158.4,0.0
1790664300,0x41487b401e4Da497eCc0b6032947FF05f8d46f44,1,0.0,3357.07,30.56,0.0,0.0,1.51
1790664300,0x529E1602E33cdb49Aae0E4E6768384Dd96b14108,4,0.0,50360.52,83.4,17.2,0.0,8.55
1790664300,0x57D20F8aF5875aD611dC836f78e4992DDA5E6073,2,0.0,21652.01,0.0,154.0,0.0,0.0
1790664300,0x725244B462059A2CAea69e602f203B994A05d198,1,0.0,13483.12,222.5,0.0,0.0,4.54
1790664300,0x801209Bf04cfB7D37135CcDeA450C680dB26995C,2,0.0,17597.24,12.0,81.0,0.0,0.0
1790664300,0x8C2E8224aB508eE456C0c2e15a33D2c4EE8282EC,13,0.0,29103.49,1272.47,0.0,0.0,15.23
1790664300,0x8E87D8308D439c88dDF48762AA5D3C99b8366a3a,39,195478.78,0.0,0.0,0.0,-306.9,21.53
1790664300,0x94ECb4C47D8E2CB07874A33a0141016254b46873,1,335.75,0.0,0.0,0.0,0.0,0.11
1790664300,0x978e3eb7997a9575cdE1799176829073d2876Fb9,4,29876.66,0.0,0.0,0.0,0.0,4.48
1790664300,0x9b969a6c00F8D0D66510d949728B7E701b78aA2d,1,0.0,4276.43,744.02,0.0,0.0,1.78
1790664300,0xC98169d8835b905fa27A2e1b2ef175EC0e70DE14,1,0.0,5413.36,138.2,0.0,0.0,2.12
1790664300,0xE1DC5576b36c78C75e6Abf2E1B121Db20A6069b7,16,0.0,719820.13,0.0,3047.55,54.92,0.0
1790664300,0xEA2Eec3dc92E860ca7c00DDa51f1AfbCD1fC2E73,1,20907.39,0.0,0.0,0.0,-726.98,3.13
1790664300,0xEAc2374016613765cF31afDB4AEB6f5d13a63726,5,0.0,63843.64,17.2,305.9,-1.1,0.0
1790664300,0xe2aDB58c27460e52c49A2e5cC59fFEfe2218f120,4,0.0,122375.01,2310.31,921.69,0.0,19.36
1790664300,0xebC11Ac4450E3eA74F5D65e5c0138A0C50a2DE4f,3,0.0,238089.5,788.5,2733.4,-635.79,0.0
1790665200,0x15efc06FEa57Bda3ceA94A53D5426E78ed4651F3,51,37472.11,0.0,0.0,0.0,-169.65,7.49
1790665200,0x1f78Fb1234d2f9685fb35AcB1cf484eca83F8F63,2,976.3,0.0,0.0,0.0,0.0,0.0
1790665200,0x21aa6DC573DA62abFD7E43C84bEF2DA4FE514053,2,327.87,0.0,0.0,0.0,-3.98,0.0
1790665200,0x2Fd96bd26E7a3c694DBD5ae5E2C29249a83b8a98,10,6635.08,0.0,0.0,0.0,-30.0,0.02
1790665200,0x2f1AD479C495CCa0eF1E3eCA6981feea47eaFc3d,8,704.82,0.0,0.0,0.0,-0.16,0.07
1790665200,0x3aAa2bB57a0eFeA8F6f89423A923f7107c33471B,13,60616.66,2675.48,104.88,0.0,-819.54,0.0
1790665200,0x42974A167De3F098cEf1Ffbf5f250D33a9200520,1,0.0,90.24,2.13,0.0,2.18,0.0
1790665200,0x5dDbf040466dC00C64d76daE0a64fA64D37Ff7aA,2,0.0,216631.82,4736.0,868.0,0.0,32.99
1790665200,0x8C2E8224aB508eE456C0c2e15a33D2c4EE8282EC,19,0.0,63182.51,1848.52,0.0,0.0,28.45
1790665200,0x8E87D8308D439c88dDF48762AA5D3C99b8366a3a,64,71796.22,0.0,0.0,0.0,-510.54,5.61
1790665200,0x978e3eb7997a9575cdE1799176829073d2876Fb9,4,35964.32,0.0,0.0,0.0,-14.49,5.4
1790665200,0x99f234842631aF24F8659CA6F1CFDB997534a301,1,0.0,661.79,15.66,0.0,0.0,0.0
1790665200,0xA0Df85154679Cdc30B97cf00669f82bb4C2af516,4,0.0,3142.75,0.0,108.02,57.31,1.58
1790665200,0xE1DC5576b36c78C75e6Abf2E1B121Db20A6069b7,19,0.0,63182.51,0.0,1848.52,0.0,0.0
1790665200,0xEd36621aa98134b01d10005a912aA3Ff0E38ED3f,7,140.04,0.0,0.0,0.0,-1.34,0.0
1790665200,0xb919aCEDE6aD150683Fb4b081724a990198b8781,1,495.12,0.0,0.0,0.0,3.6,0.16
1790665200,0xe29599d02aCBE3b7216e554231ae05B1ecE9E2db,1,0.0,284.76,0.0,14.66,-5.62,0.59
1790665200,0xeaBe3142B8510D67270a7E10dA5609b317dd9f0A,3,9816.75,0.0,0.0,0.0,35.8,2.95
1790665200,0xebC11Ac4450E3eA74F5D65e5c0138A0C50a2DE4f,2,0.0,216631.82,868.0,4736.0,0.0,0.0
1790665200,0xfE6e3099dc514A63bd2Fe79BD3d9e8a653bBAF06,2,17620.0,0.0,0.0,0.0,0.0,0.0
1790666100,0x021d21f43d6d8921eF876Ec72f59E45820883B8F,2,0.0,21697.34,35.6,153.6,0.0,0.0
1790666100,0x0561B7A638a7F1a5B206Da1d2F73C4356c39eB91,1,0.0,224510.57,1424.16,0.0,0.0,67.85
1790666100,0x107053d26a6E73d089E00c24121E3086Ca0de047,2,0.0,17657.76,84.0,12.0,0.0,3.15
1790666100,0x15efc06FEa57Bda3ceA94A53D5426E78ed4651F3,50,16146.76,0.0,0.0,0.0,-49.89,3.23
1790666100,0x1c847e46576ba210189381C0c512C58278121d42,1,271.63,0.0,0.0,0.0,0.0,0.0
1790666100,0x1f78Fb1234d2f9685fb35AcB1cf484eca83F8F63,3,1648.69,0.0,0.0,0.0,-1.98,0.0
1790666100,0x21aa6DC573DA62abFD7E43C84bEF2DA4FE514053,5,803.36,0.0,0.0,0.0,-6.32,0.03
1790666100,0x2Fd96bd26E7a3c694DBD5ae5E2C29249a83b8a98,3,8992.87,0.0,0.0,0.0,0.0,0.0
1790666100,0x2f1AD479C495CCa0eF1E3eCA6981feea47eaFc3d,1,88.34,0.0,0.0,0.0,-0.07,0.01
1790666100,0x3aAa2bB57a0eFeA8F6f89423A923f7107c33471B,21,83801.96,198486.2,1479.83,4028.16,1880.04,1.8
1790666100,0x3af4D6818cAb55d017DAD84f7D4c39F7BfC6B004,12,0.0,5628.49,0.0,0.0,0.0,8.45
1790666100,0x3bf64B8c8ce86abDBcF44Fa5a559E27eb9F63Efb,8,0.0,46509.04,1153.47,1404.81,464.52,0.0
1790666100,0x402e768F7c4325b4eeE33E385600b6Ef02914e1b,2,0.0,2831.56,1.6,4.3,-1.18,1.57
1790666100,0x4234f68C401B1c30689d95ef1211B32DeA459eEE,4,0.0,48851.02,761.6,156.6,0.0,8.33
1790666100,0x5dDbf040466dC00C64d76daE0a64fA64D37Ff7aA,2,0.0,176455.18,3913.54,1200.87,0.0,26.97
1790666100,0x60611BA5470B248681e693EB8aC8A98bA488Da1C,1,0.0,224710.08,1457.28,0.0,0.0,67.91
1790666100,0x793F59010D878848327aF4052790273D01215D62,1,0.0,5014.31,0.0,0.0,20.83,2.51
1790666100,0x801209Bf04cfB7D37135CcDeA450C680dB26995C,2,0.0,17657.76,12.0,84.0,0.0,0.0
1790666100,0x8C2E8224aB508eE456C0c2e15a33D2c4EE8282EC,22,0.0,68676.92,2181.68,0.0,0.0,31.6
1790666100,0x8E87D8308D439c88dDF48762AA5D3C99b8366a3a,58,102379.47,0.0,0.0,0.0,-214.98,11.8
1790666100,0xD0F6702223395ECab449cEFa8684eD816d0c98B8,7,0.0,728.94,0.0,0.0,-1.9,1.1
1790666100,0xE1DC5576b36c78C75e6Abf2E1B121Db20A6069b7,24,0.0,516703.37,4.3,4948.49,0.0,0.0
1790666100,0xa28cA52A3c96126CAa12eF03CE16178E0F22ceeD,1,0.0,1323.98,0.0,92.01,16.98,0.9
1790666100,0xbD7f403814aAB81Da706d1966Bc3f4B0420571FD,6,0.0,46247.78,1383.12,1153.47,0.0,8.44
1790666100,0xda50a7E41BEb66B2a613bc22a206fb1cF34FFaE2,16,0.0,870.54,0.0,0.0,5.24,0.28
1790666100,0xdabE056D13Acf26B3ba7dF0cD9b7dd655D7b9949,2,0.0,16800.49,0.0,186.94,0.0,6.04
1790666100,0xe29599d02aCBE3b7216e554231ae05B1ecE9E2db,1,0.0,142.05,20.09,0.0,0.0,0.54
1790666100,0xebC11Ac4450E3eA74F5D65e5c0138A0C50a2DE4f,2,0.0,27153.69,121.0,608.0,0.0,0.0
1790667000,0x0561B7A638a7F1a5B206Da1d2F73C4356c39eB91,3,0.0,515925.92,3367.6,0.0,0.0,97.51
1790667000,0x0ED2F5A37c29a605f47b12dBA90c46dee9c17580,7,1459.21,0.0,0.0,0.0,5.38,0.5
1790667000,0x0c3BB82B34e2B544DF735D987038A05D766F5d2D,2,0.0,4232.21,49.37,0.0,0.0,1.13
1790667000,0x11AC66558Cd2BF47c4522B342Ba41D390A155C6E,1,0.0,10319.89,765.4,0.0,0.0,3.6
1790667000,0x15efc06FEa57Bda3ceA94A53D5426E78ed4651F3,35,38838.48,0.0,0.0,0.0,-114.95,7.77
1790667000,0x1c847e46576ba210189381C0c512C58278121d42,1,996.75,0.0,0.0,0.0,0.0,0.0
1790667000,0x1f78Fb1234d2f9685fb35AcB1cf484eca83F8F63,2,1099.51,0.0,0.0,0.0,-1.67,0.0
1790667000,0x21aa6DC573DA62abFD7E43C84bEF2DA4FE514053,1,99.77,0.0,0.0,0.0,-1.03,0.0
1790667000,0x2Fd96bd26E7a3c694DBD5ae5E2C29249a83b8a98,7,13737.04,0.0,0.0,0.0,-115.18,0.15
1790667000,0x2f1AD479C495CCa0eF1E3eCA6981feea47eaFc3d,1,88.31,0.0,0.0,0.0,0.0,0.01
1790667000,0x3aAa2bB57a0eFeA8F6f89423A923f7107c33471B,29,89693.14,317516.13,0.0,2487.46,-126.5,0.81
1790667000,0x3af4D6818cAb55d017DAD84f7D4c39F7BfC6B004,1,0.0,4991.68,0.0,0.0,0.0,7.49
1790667000,0x3bf64B8c8ce86abDBcF44Fa5a559E27eb9F63Efb,1,0.0,1652.98,0.0,78.26,51.75,0.0
1790667000,0x4ccDd922f850C15786Fe7A64777950a2C19be700,2,0.0,367051.97,1509.26,2167.94,380.4,55.06
1790667000,0x60611BA5470B248681e693EB8aC8A98bA488Da1C,2,0.0,271482.79,1762.46,0.0,0.0,27.15
1790667000,0x793F59010D878848327aF4052790273D01215D62,1,0.0,4991.68,0.0,0.0,17.68,2.5
1790667000,0x8C2E8224aB508eE456C0c2e15a33D2c4EE8282EC,28,0.0,68396.88,2815.0,0.0,0.0,34.52
1790667000,0x8E87D8308D439c88dDF48762AA5D3C99b8366a3a,53,308218.91,0.0,0.0,0.0,-1581.44,42.8
1790667000,0x9754E5734daf717E73E1DB643a1f4CF1D593cF5c,1,441.02,0.0,0.0,0.0,0.0,0.14
1790667000,0x978e3eb7997a9575cdE1799176829073d2876Fb9,1,16912.47,0.0,0.0,0.0,26.27,2.54
1790667000,0xB90134C652814890691671c849381A0B3cdD0247,3,8789.3,0.0,0.0,0.0,-43.33,2.64
1790667000,0xE1DC5576b36c78C75e6Abf2E1B121Db20A6069b7,30,0.0,352038.36,2167.94,3997.03,-24.84,0.06
1790667000,0xEA2Eec3dc92E860ca7c00DDa51f1AfbCD1fC2E73,1,3888.84,0.0,0.0,0.0,0.0,0.0
1790667000,0xEAc2374016613765cF31afDB4AEB6f5d13a63726,20,231984.9,567042.54,0.0,3713.88,23670.82,42.21
1790667000,0xEd36621aa98134b01d10005a912aA3Ff0E38ED3f,12,239.05,0.0,0.0,0.0,0.17,0.0
1790667000,0xc41AE1165c4348c7bFB1F25DB58c8F0FdD02CdEC,1,0.0,840.34,7.54,0.0,0.0,0.08
1790667900,0x11AC66558Cd2BF47c4522B342Ba41D390A155C6E,1,0.0,241.3,17.9,0.0,0.0,0.02
1790667900,0x15efc06FEa57Bda3ceA94A53D5426E78ed4651F3,8,57166.6,0.0,0.0,0.0,-115.71,4.36
1790667900,0x1c847e46576ba210189381C0c512C58278121d42,1,0.0,884.52,0.0,3.9,0.0,0.0
1790667900,0x1f78Fb1234d2f9685fb35AcB1cf484eca83F8F63,1,549.46,0.0,0.0,0.0,-2.74,0.0
1790667900,0x21aa6DC573DA62abFD7E43C84bEF2DA4FE514053,2,1435.39,0.0,0.0,0.0,-5.77,0.12
1790667900,0x2Fd96bd26E7a3c694DBD5ae5E2C29249a83b8a98,8,16968.33,0.0,0.0,0.0,-192.23,0.0
1790667900,0x2f1AD479C495CCa0eF1E3eCA6981feea47eaFc3d,8,706.77,0.0,0.0,0.0,-0.52,0.07
1790667900,0x3715f00a8B9287d42040F442022a9Ee4BfE2487c,1,0.0,8844.68,471.0,0.0,0.0,3.15
1790667900,0x3aAa2bB57a0eFeA8F6f89423A923f7107c33471B,34,288304.01,65115.44,0.0,1012.26,1598.28,22.1
1790667900,0x3bf64B8c8ce86abDBcF44Fa5a559E27eb9F63Efb,3,0.0,7503.73,11.78,197.42,-5.28,0.0
1790667900,0x59141F98338aE9B272Ba062AA2554d82EC9AF6A9,2,0.0,3360.43,20.42,11.78,0.0,1.0
1790667900,0x5fE7FB2493441c753e52e7fb34b69C285F26bE9E,3,1520.25,0.0,0.0,0.0,29.14,0.47
1790667900,0x793F59010D878848327aF4052790273D01215D62,6,0.0,2.3,0.0,0.0,-0.01,0.0
1790667900,0x7B61332543d7EDc2AE27D06B7E7526636bB86F81,1,0.0,19606.04,283.42,0.0,0.0,6.38
1790667900,0x801209Bf04cfB7D37135CcDeA450C680dB26995C,1,0.0,8844.68,0.0,471.0,-78.0,0.0
1790667900,0x87b8df4f8a95b719fda56ca067BE9F4C5687A694,3,226.31,542.89,0.0,41.48,0.0,1.24
1790667900,0x8C2E8224aB508eE456C0c2e15a33D2c4EE8282EC,15,0.0,13958.62,414.57,0.0,0.0,11.69
1790667900,0x8E87D8308D439c88dDF48762AA5D3C99b8366a3a,41,335688.75,0.0,0.0,0.0,-2514.37,37.86
1790667900,0x9754E5734daf717E73E1DB643a1f4CF1D593cF5c,6,3153.25,2031.59,162.43,0.0,0.0,2.59
1790667900,0x9c7F98197D2cb90340DF68C11136975f1922F5AA,3,0.0,12558.76,73.2,0.0,0.0,4.06
1790667900,0xA0Df85154679Cdc30B97cf00669f82bb4C2af516,1,0.0,301.59,23.58,0.0,0.0,0.03
1790667900,0xB90134C652814890691671c849381A0B3cdD0247,2,7707.54,0.0,0.0,0.0,0.0,2.33
1790667900,0xBC8015FA779be6ac91e5616f37e1768b8DbC16df,1,0.0,10079.99,0.0,20.4,0.0,0.0
1790667900,0xBFc18bd7c77B20e9611F1526043153Baf6c19ceE,2,0.0,12470.5,35.79,0.0,0.0,4.27
1790667900,0xD7c9eF29B86092dd9b129779804B628faF0Fb013,1,0.0,4143.3,177.0,0.0,0.0,1.74
1790667900,0xD9884e6f8a8Bc801E24bB19E371d71D626C22680,1,0.0,88458.16,0.0,1390.0,0.0,0.0
1790667900,0xE1DC5576b36c78C75e6Abf2E1B121Db20A6069b7,13,135448.18,7771.46,0.0,85.39,7.22,0.27
1790667900,0xEA2Eec3dc92E860ca7c00DDa51f1AfbCD1fC2E73,1,771.41,0.0,0.0,0.0,0.0,0.0
1790667900,0xF7957c8b20DbD3FcA93686B07679aee8e6755c43,1,41027.66,0.0,0.0,0.0,-148.98,0.0
1790667900,0xda50a7E41BEb66B2a613bc22a206fb1cF34FFaE2,6,0.0,2.3,0.0,0.0,0.03,0.0
1790667900,0xdcDC2eB3b6fFedA40337B2b558A324bf1CCA8005,1,0.0,23225.91,152.55,0.0,0.0,7.47
1790667900,0xfE6e3099dc514A63bd2Fe79BD3d9e8a653bBAF06,10,20325.08,88458.16,1390.0,0.0,0.0,9.68
1790668800,0x15efc06FEa57Bda3ceA94A53D5426E78ed4651F3,33,65437.44,0.0,0.0,0.0,-218.07,13.09
1790668800,0x1f78Fb1234d2f9685fb35AcB1cf484eca83F8F63,4,1101.44,0.0,0.0,0.0,-2.17,0.08
1790668800,0x21aa6DC573DA62abFD7E43C84bEF2DA4FE514053,3,503.14,0.0,0.0,0.0,-4.39,0.0
1790668800,0x29C08ac6Cf5aDbD5a436B58e735981D8495F0d92,2,0.0,21710.82,0.0,88.8,1.34,3.76
1790668800,0x2Fd96bd26E7a3c694DBD5ae5E2C29249a83b8a98,20,51592.6,0.0,0.0,0.0,-309.97,0.14
1790668800,0x2f1AD479C495CCa0eF1E3eCA6981feea47eaFc3d,2,176.99,0.0,0.0,0.0,0.01,0.02
1790668800,0x3aAa2bB57a0eFeA8F6f89423A923f7107c33471B,21,101256.46,203323.17,118.6,1316.44,373.35,14.41
1790668800,0x6Cf144eb80f885376Ce31c87521c2f34E0887431,2,219.84,0.0,0.0,0.0,0.0,0.09
1790668800,0x7996Be6B844aAF57Cc0b6f151895386eC55598D4,1,0.0,1356.67,22.5,0.0,0.0,0.14
1790668800,0x7E34731E3ab4a4438A26138A3136cDe1c182925a,4,0.0,27904.53,12.0,0.0,0.0,3.5
1790668800,0x8C2E8224aB508eE456C0c2e15a33D2c4EE8282EC,27,0.0,26814.87,807.28,0.0,0.0,21.54
1790668800,0x8E87D8308D439c88dDF48762AA5D3C99b8366a3a,56,422928.89,0.0,0.0,0.0,-1524.77,48.58
1790668800,0x9754E5734daf717E73E1DB643a1f4CF1D593cF5c,1,0.0,2713.16,0.0,118.6,8.21,1.31
1790668800,0x978e3eb7997a9575cdE1799176829073d2876Fb9,11,179931.41,0.0,0.0,0.0,405.86,21.66
1790668800,0xB90134C652814890691671c849381A0B3cdD0247,8,16300.7,0.0,0.0,0.0,0.0,4.93
1790668800,0xBC8015FA779be6ac91e5616f37e1768b8DbC16df,2,0.0,32566.28,588.48,0.0,0.0,0.0
1790668800,0xC41077487FA95167e319E2d78EC36ca382E8DCAF,1,849.85,0.0,0.0,0.0,0.0,0.08
1790668800,0xD313E512F2CA66Da2873F658eD09bf9e5E15bD15,1,0.0,189917.48,1071.0,0.0,0.0,28.49
1790668800,0xE1DC5576b36c78C75e6Abf2E1B121Db20A6069b7,26,50004.47,54115.76,22.5,1177.12,0.0,2.65
1790668800,0xEAc2374016613765cF31afDB4AEB6f5d13a63726,39,409878.52,25190.74,0.0,7.7,41555.07,0.0
1790668800,0xFdDad116B09703225ac64979079F11C9D36b7aC9,1,0.0,1356.67,0.0,22.5,11.12,0.14
1790668800,0xebC11Ac4450E3eA74F5D65e5c0138A0C50a2DE4f,2,0.0,21710.82,88.8,0.0,0.0,0.0
1790668800,0xfE6e3099dc514A63bd2Fe79BD3d9e8a653bBAF06,3,4424.7,0.0,0.0,0.0,0.0,0.66
1790669700,0x06fCE0901B4FD85dADf2a46f04634C500e859E2c,1,681.25,0.0,0.0,0.0,13.99,0.07
1790669700,0x0BFE09124B6deA3FD8935D1A5DcE84d2a0A85CF6,1,0.0,1362.78,19.1,0.0,0.0,0.91
1790669700,0x137c5E253d961e482D86f44DAb36071406D082A0,1,0.0,54428.48,0.0,398.0,0.0,0.0
1790669700,0x15efc06FEa57Bda3ceA94A53D5426E78ed4651F3,31,171850.51,0.0,0.0,0.0,-756.15,34.37
1790669700,0x1c847e46576ba210189381C0c512C58278121d42,1,272.56,0.0,0.0,0.0,0.0,0.0
1790669700,0x1f78Fb1234d2f9685fb35AcB1cf484eca83F8F63,1,547.02,0.0,0.0,0.0,-3.93,0.0
1790669700,0x21aa6DC573DA62abFD7E43C84bEF2DA4FE514053,3,542.15,0.0,0.0,0.0,-1.18,0.05
1790669700,0x2Fd96bd26E7a3c694DBD5ae5E2C29249a83b8a98,38,98988.99,0.0,0.0,0.0,-282.2,0.19
1790669700,0x2f1AD479C495CCa0eF1E3eCA6981feea47eaFc3d,6,532.14,0.0,0.0,0.0,-0.13,0.05
1790669700,0x31BDF187AC3faA563bF40f2a04cd6D822E1d34aa,2,0.0,886824.2,0.0,14000.0,-24916.37,88.68
1790669700,0x376BC1c21DC2Aa69c992cb0a9A20A73B715a3843,1,0.0,7090.4,112.0,0.0,0.0,2.63
1790669700,0x3E2Fbec41Ad9D349A8Cfa8b8530c7f1230B21f9a,4,0.0,5440.2,407.55,21.9,0.0,2.86
1790669700,0x3aAa2bB57a0eFeA8F6f89423A923f7107c33471B,31,391617.43,27362.18,309.84,445.13,1337.42,37.35
1790669700,0x3bf64B8c8ce86abDBcF44Fa5a559E27eb9F63Efb,7,0.0,6028387.9,157825.94,79481.71,-16048.82,0.0
1790669700,0x42051bD3DDc6901D7e04C8bd7Ae2324342935beD,2,0.0,4285.51,0.0,691.0,60.16,2.29
1790669700,0x42974A167De3F098cEf1Ffbf5f250D33a9200520,2,449.48,0.0,0.0,0.0,-0.16,0.13
1790669700,0x51efa467CC3B762063bfBE86Ee812E4D51193F68,1,1516.9,0.0,0.0,0.0,0.0,0.47
1790669700,0x57D20F8aF5875aD611dC836f78e4992DDA5E6073,3,0.0,22694.61,0.0,46.0,0.0,0.0
1790669700,0x801209Bf04cfB7D37135CcDeA450C680dB26995C,1,0.0,879733.8,13888.0,0.0,0.0,65.98
1790669700,0x82Cb56159C6C4f7E8467C0e708d741F6727e1B95,2,0.0,569463.66,52962.76,37525.44,0.0,85.92
1790669700,0x87e404f87EeedF33751e62B7869e12715126F25B,2,0.0,5453279.89,26336.4,119609.5,22034.37,818.49
1790669700,0x8C2E8224aB508eE456C0c2e15a33D2c4EE8282EC,17,0.0,19439.35,596.09,0.0,0.0,14.33
1790669700,0x8E87D8308D439c88dDF48762AA5D3C99b8366a3a,91,531153.87,0.0,0.0,0.0,-2833.32,40.5
1790669700,0x94ECb4C47D8E2CB07874A33a0141016254b46873,1,423.04,0.0,0.0,0.0,0.0,0.14
1790669700,0x978e3eb7997a9575cdE1799176829073d2876Fb9,5,59856.3,0.0,0.0,0.0,78.41,8.82
1790669700,0x9c7F98197D2cb90340DF68C11136975f1922F5AA,1,0.0,16311.23,109.2,0.0,0.0,1.63
1790669700,0xA0D678cb6F48CA52720232361BfB376C46c2c5B0,1,1507.74,0.0,0.0,0.0,0.0,0.15
1790669700,0xB90134C652814890691671c849381A0B3cdD0247,47,126688.26,0.0,0.0,0.0,0.0,38.28
1790669700,0xD9884e6f8a8Bc801E24bB19E371d71D626C22680,5,0.0,679404.79,0.0,3495.0,0.0,111.41
1790669700,0xE1DC5576b36c78C75e6Abf2E1B121Db20A6069b7,27,132113.26,285832.23,962.53,500.48,-1.05,5.21
1790669700,0xEA2Eec3dc92E860ca7c00DDa51f1AfbCD1fC2E73,3,9955.73,0.0,0.0,0.0,468.59,1.49
1790669700,0xEAc2374016613765cF31afDB4AEB6f5d13a63726,20,205075.29,219610.9,0.0,578.68,20913.56,16.47
1790669700,0xEE8173A6C17356Aa0f36A9Ac94E66a1e9Db154d2,1,0.0,2724.59,0.0,25.9,0.0,1.32
1790669700,0xEEAA5F8c9d8465979424ADb930C60aA09be9ac2f,2,0.0,11799.34,24.4,0.0,0.0,3.68
1790669700,0xEd36621aa98134b01d10005a912aA3Ff0E38ED3f,2,39.9,0.0,0.0,0.0,-0.06,0.0
1790669700,0xF7957c8b20DbD3FcA93686B07679aee8e6755c43,8,29344.37,0.0,0.0,0.0,-266.08,0.0
1790669700,0xF8459aEb9e5823C5A10E9Ba112363fCd88CB10c4,6,0.0,453.17,0.0,0.0,0.0,0.69
1790669700,0xc56317Bf1722C9DA30a3A4ba743540AddF58a639,2,0.0,14244.1,105.43,302.49,-440.24,2.64
1790669700,0xda50a7E41BEb66B2a613bc22a206fb1cF34FFaE2,6,0.0,453.17,0.0,0.0,15.61,0.1
1790669700,0xeAd467C69b3e6aE86cfE8aac82bF942C74e3f233,1,0.0,2718.84,0.0,33.0,-17.54,0.27
1790669700,0xebC11Ac4450E3eA74F5D65e5c0138A0C50a2DE4f,5,0.0,679404.79,3495.0,0.0,0.0,0.0
1790669700,0xfE6e3099dc514A63bd2Fe79BD3d9e8a653bBAF06,2,17760.0,0.0,0.0,0.0,0.0,0.0
1790670600,0x15efc06FEa57Bda3ceA94A53D5426E78ed4651F3,46,181631.71,0.0,0.0,0.0,-385.89,36.33
1790670600,0x21aa6DC573DA62abFD7E43C84bEF2DA4FE514053,6,1256.89,0.0,0.0,0.0,-2.86,0.15
1790670600,0x2Fd96bd26E7a3c694DBD5ae5E2C29249a83b8a98,35,75611.82,0.0,0.0,0.0,-55.32,0.45
1790670600,0x2f1AD479C495CCa0eF1E3eCA6981feea47eaFc3d,4,352.93,0.0,0.0,0.0,-0.55,0.04
1790670600,0x3E9AEf7C6d2512f89549308254eaF455e388Fa3a,1,0.0,2923.21,21.08,0.0,0.0,1.38
1790670600,0x3aAa2bB57a0eFeA8F6f89423A923f7107c33471B,41,373138.8,153285.28,25345.13,232.12,937.82,12.25
1790670600,0x3bf64B8c8ce86abDBcF44Fa5a559E27eb9F63Efb,4,0.0,565627.16,57697.85,20195.05,1491.4,0.0
1790670600,0x76dC029842A57f4D11F70E21ae8397E9BBAfD9c2,1,0.0,13611.01,91.0,0.0,0.0,4.58
1790670600,0x7c4FB399C9d35c4aaf6BF628A7718bA67096A4AC,1,0.0,267.67,51.87,0.0,0.0,0.58
1790670600,0x85867169D342D66b9ECe6B606cac626A8EDdCc57,1,0.0,2713.11,7.4,0.0,0.0,1.31
1790670600,0x8C2E8224aB508eE456C0c2e15a33D2c4EE8282EC,4,0.0,7509.28,232.12,0.0,0.0,4.25
1790670600,0x8E87D8308D439c88dDF48762AA5D3C99b8366a3a,66,473621.38,0.0,0.0,0.0,-786.26,57.31
1790670600,0x94ECb4C47D8E2CB07874A33a0141016254b46873,1,341.43,0.0,0.0,0.0,0.93,0.11
1790670600,0x978e3eb7997a9575cdE1799176829073d2876Fb9,15,214128.76,0.0,0.0,0.0,2245.2,30.93
1790670600,0xD87890df93bf74173b51077e5c6cD12121d87903,1,0.0,5330.01,0.0,11.96,0.0,0.8
1790670600,0xE1DC5576b36c78C75e6Abf2E1B121Db20A6069b7,9,79999.65,213000.46,792.61,7.4,6.98,0.2
1790670600,0xEA2Eec3dc92E860ca7c00DDa51f1AfbCD1fC2E73,8,130005.3,0.0,0.0,0.0,427.74,13.5
1790670600,0xEAc2374016613765cF31afDB4AEB6f5d13a63726,35,361531.69,219040.77,0.0,1833.1,36327.75,15.17
1790670600,0xEE8173A6C17356Aa0f36A9Ac94E66a1e9Db154d2,1,0.0,2718.31,0.0,28.0,0.0,0.27
1790670600,0xEd36621aa98134b01d10005a912aA3Ff0E38ED3f,8,159.53,0.0,0.0,0.0,0.96,0.0
1790670600,0xb4B8Bd706d926c579DDd24759bbb4C2460734Df9,5,0.0,707316.11,20195.05,82887.54,-1037.39,171.84
1790670600,0xd2DBb251c4Ae8BcE04A9373a38a2CE0e0AAba7d8,1,0.0,13610.87,1007.5,0.0,0.0,4.58
1790670600,0xdcDC2eB3b6fFedA40337B2b558A324bf1CCA8005,1,0.0,4087.05,0.0,155.44,-1.95,1.73
1790670600,0xebC11Ac4450E3eA74F5D65e5c0138A0C50a2DE4f,1,0.0,13611.01,0.0,91.0,0.0,0.0
1790671500,0x15efc06FEa57Bda3ceA94A53D5426E78ed4651F3,24,80576.82,0.0,0.0,0.0,-48.48,16.12
1790671500,0x21aa6DC573DA62abFD7E43C84bEF2DA4FE514053,3,610.76,0.0,0.0,0.0,-8.21,0.06
1790671500,0x2Fd96bd26E7a3c694DBD5ae5E2C29249a83b8a98,17,48556.83,0.0,0.0,0.0,32.52,0.14
1790671500,0x2f1AD479C495CCa0eF1E3eCA6981feea47eaFc3d,7,616.98,0.0,0.0,0.0,-0.09,0.06
1790671500,0x3aAa2bB57a0eFeA8F6f89423A923f7107c33471B,21,188232.53,4332.0,0.0,496.48,93.91,0.0
1790671500,0x4887FEA4d44D2fEd5085919fB7eceF1604bC8868,1,0.0,20960.59,16.0,0.0,0.0,2.5
1790671500,0x51efa467CC3B762063bfBE86Ee812E4D51193F68,1,1365.43,0.0,0.0,0.0,-1.03,0.42
1790671500,0x8AE8a479e61D5b3cBaDc57CB7b1437BaB966aA2B,1,0.0,4332.0,496.48,0.0,0.0,1.8
1790671500,0x8E87D8308D439c88dDF48762AA5D3C99b8366a3a,34,191669.9,0.0,0.0,0.0,-21.36,25.88
1790671500,0xebC11Ac4450E3eA74F5D65e5c0138A0C50a2DE4f,2,0.0,41918.84,0.0,31.75,0.0,0.0
1790672400,0x15efc06FEa57Bda3ceA94A53D5426E78ed4651F3,19,146424.57,0.0,0.0,0.0,-97.66,29.01
1790672400,0x1f78Fb1234d2f9685fb35AcB1cf484eca83F8F63,2,1099.32,0.0,0.0,0.0,-0.04,0.0
1790672400,0x21aa6DC573DA62abFD7E43C84bEF2DA4FE514053,1,550.74,0.0,0.0,0.0,0.0,0.08
1790672400,0x2Fd96bd26E7a3c694DBD5ae5E2C29249a83b8a98,13,38231.89,0.0,0.0,0.0,11.11,0.26
1790672400,0x2f1AD479C495CCa0eF1E3eCA6981feea47eaFc3d,4,351.93,0.0,0.0,0.0,0.1,0.04
1790672400,0x3aAa2bB57a0eFeA8F6f89423A923f7107c33471B,9,187470.79,26376.6,3966.0,0.0,-129.89,0.0
1790672400,0x3bf64B8c8ce86abDBcF44Fa5a559E27eb9F63Efb,2,0.0,590.52,0.0,36.32,0.0,0.0
1790672400,0x4887FEA4d44D2fEd5085919fB7eceF1604bC8868,1,0.0,20958.25,15.75,0.0,0.0,2.47
1790672400,0x4F5885b98d9D00EE545825b6345eA93d6940c407,2,0.0,123622.68,12393.66,0.0,0.0,38.09
1790672400,0x57D20F8aF5875aD611dC836f78e4992DDA5E6073,1,0.0,10815.14,0.0,39.6,0.0,0.0
1790672400,0x7c4FB399C9d35c4aaf6BF628A7718bA67096A4AC,2,0.0,1321.46,254.38,0.0,0.0,0.71
1790672400,0x801209Bf04cfB7D37135CcDeA450C680dB26995C,2,0.0,26376.6,0.0,3966.0,384.88,1.98
1790672400,0x8E87D8308D439c88dDF48762AA5D3C99b8366a3a,21,161252.94,0.0,0.0,0.0,-26.64,16.23
1790672400,0x978e3eb7997a9575cdE1799176829073d2876Fb9,2,28983.0,0.0,0.0,0.0,134.45,4.35
1790672400,0x9C1E4365434dbf1D02dDeb4eEEB01d2a5F80BE25,2,0.0,27037.85,100.2,0.0,0.0,8.61
1790672400,0x9DEEC4DDe294dd839833BF5331a04D78a8202F97,1,0.0,10731.69,815.04,0.0,0.0,3.72
1790672400,0xBC8015FA779be6ac91e5616f37e1768b8DbC16df,1,0.0,2703.43,19.6,0.0,0.0,0.0
1790672400,0xC9982866844f26bDE0Cb234681e55AD4b2D99605,1,0.0,290.64,16.5,0.0,0.0,0.59
1790672400,0xE1DC5576b36c78C75e6Abf2E1B121Db20A6069b7,12,4896.18,150577.08,0.0,13269.3,-208.72,0.0
1790672400,0xEAc2374016613765cF31afDB4AEB6f5d13a63726,2,0.0,1321.46,0.0,254.38,0.0,0.07
1790672400,0xF5475d9fB69589166173195773bd6839f68C99F1,1,0.0,299.88,19.82,0.0,0.0,0.59
1790672400,0xb0FEbDec9EC7555911b359ACFC27A65D746Ea94A,1,241.73,0.0,0.0,0.0,0.0,0.08
1790672400,0xdce2fd4f80C317c4CB04EC532Ac598507D5ED33a,1,0.0,2703.43,0.0,19.6,0.0,1.31
1790673300,0x15efc06FEa57Bda3ceA94A53D5426E78ed4651F3,22,528119.35,0.0,0.0,0.0,50.38,89.96
1790673300,0x1f78Fb1234d2f9685fb35AcB1cf484eca83F8F63,1,546.86,0.0,0.0,0.0,-4.09,0.0
1790673300,0x21aa6DC573DA62abFD7E43C84bEF2DA4FE514053,2,1290.71,0.0,0.0,0.0,-17.43,0.0
1790673300,0x2Fd96bd26E7a3c694DBD5ae5E2C29249a83b8a98,5,13993.83,0.0,0.0,0.0,13.75,0.0
1790673300,0x3aAa2bB57a0eFeA8F6f89423A923f7107c33471B,7,80975.65,14089.51,407.1,330.93,-32.47,0.0
1790673300,0x49f0E66F01AB5ABC660450483e91F28c2c4a925A,4,0.0,28165.5,768.53,759.1,-14.66,5.22
1790673300,0x801209Bf04cfB7D37135CcDeA450C680dB26995C,2,0.0,14075.99,352.0,437.6,0.0,0.0
1790673300,0x8E87D8308D439c88dDF48762AA5D3C99b8366a3a,31,435573.99,0.0,0.0,0.0,-50.21,36.35
1790673300,0x900fC364B5EA00FB7bd29cff41caDfcBe52B511B,8,0.0,2398.62,0.0,0.0,0.0,2.16
1790673300,0x9040220eD3BE28E5d65B3631C88F2e3bDb7C3788,3,20716.41,0.0,0.0,0.0,1010.29,6.23
1790673300,0x9162bC7e6586a2b197c7b1AcFf47C0fE31DAD0C8,1,838.59,0.0,0.0,0.0,0.0,0.0
1790673300,0x978e3eb7997a9575cdE1799176829073d2876Fb9,11,113592.9,0.0,0.0,0.0,233.23,16.18
1790673300,0xBc4713b3B41726541D373e57518012302FfBFAa7,3,0.0,943777.65,1674.62,0.0,0.0,205.57
1790673300,0xE1DC5576b36c78C75e6Abf2E1B121Db20A6069b7,3,681.21,402995.36,0.0,834.62,4.19,0.0
1790673300,0xEA2Eec3dc92E860ca7c00DDa51f1AfbCD1fC2E73,3,30998.49,0.0,0.0,0.0,35.63,4.5
1790673300,0xEAc2374016613765cF31afDB4AEB6f5d13a63726,17,459825.93,540782.29,0.0,840.0,45462.04,0.0
1790673300,0xF7957c8b20DbD3FcA93686B07679aee8e6755c43,1,14500.88,0.0,0.0,0.0,-561.45,0.0
1790673300,0xda50a7E41BEb66B2a613bc22a206fb1cF34FFaE2,8,0.0,2398.62,0.0,0.0,73.84,0.0
1790674200,0x09e8D33A70B98974687D73ed1434d568eE60430c,12,0.0,2674.0,0.0,0.0,-250.17,4.13
1790674200,0x15efc06FEa57Bda3ceA94A53D5426E78ed4651F3,9,38517.93,0.0,0.0,0.0,-10.4,7.52
1790674200,0x1c847e46576ba210189381C0c512C58278121d42,1,490.6,0.0,0.0,0.0,0.0,0.0
1790674200,0x1f78Fb1234d2f9685fb35AcB1cf484eca83F8F63,3,2589.48,0.0,0.0,0.0,-4.26,0.0
1790674200,0x21aa6DC573DA62abFD7E43C84bEF2DA4FE514053,1,88.21,0.0,0.0,0.0,-0.96,0.0
1790674200,0x2Fd96bd26E7a3c694DBD5ae5E2C29249a83b8a98,2,5998.82,0.0,0.0,0.0,7.97,0.0
1790674200,0x3aAa2bB57a0eFeA8F6f89423A923f7107c33471B,6,74947.92,54183.96,0.0,780.0,183.1,0.0
1790674200,0x3bf64B8c8ce86abDBcF44Fa5a559E27eb9F63Efb,7,0.0,21857.12,36.86,900.04,0.0,0.0
1790674200,0x7B61332543d7EDc2AE27D06B7E7526636bB86F81,2,15446.96,54183.96,780.0,0.0,-86.67,21.4
1790674200,0x8E87D8308D439c88dDF48762AA5D3C99b8366a3a,8,92593.43,0.0,0.0,0.0,-154.55,6.07
1790674200,0x900fC364B5EA00FB7bd29cff41caDfcBe52B511B,1,0.0,38.08,0.0,0.0,0.0,0.03
1790674200,0x9040220eD3BE28E5d65B3631C88F2e3bDb7C3788,12,104483.69,20084.56,867.13,0.0,4079.71,25.1
1790674200,0x978e3eb7997a9575cdE1799176829073d2876Fb9,7,51904.7,0.0,0.0,0.0,-158.6,5.46
1790674200,0xBC8015FA779be6ac91e5616f37e1768b8DbC16df,1,0.0,8121.19,26.4,0.0,0.0,0.0
1790674200,0xC1A8cC47892e16F441Bc428D8a58D6E180ebAb91,2,0.0,352.69,21.74,1.4,0.0,0.55
1790674200,0xC7A49bbb5cA63BA989bD87c3c2CD68Da639a4694,4,0.0,1419.87,11.17,35.47,0.0,0.71
1790674200,0xD1277d5fc6f804b796CDCf5926E35117e454bF38,10,40657.8,305987.18,0.0,732.4,807.16,94.75
1790674200,0xE1DC5576b36c78C75e6Abf2E1B121Db20A6069b7,5,0.0,297865.99,706.0,0.0,66.65,0.0
1790674200,0xEA2Eec3dc92E860ca7c00DDa51f1AfbCD1fC2E73,3,30013.77,0.0,0.0,0.0,458.47,4.5
1790674200,0xF7957c8b20DbD3FcA93686B07679aee8e6755c43,3,24439.43,0.0,0.0,0.0,-951.37,0.0
1790674200,0xda50a7E41BEb66B2a613bc22a206fb1cF34FFaE2,13,0.0,2712.08,0.0,0.0,0.94,0.0
1790675100,0x15efc06FEa57Bda3ceA94A53D5426E78ed4651F3,3,36460.0,0.0,0.0,0.0,186.77,7.29
1790675100,0x17EFb1F4b5b97876A201201Bef7298F4766Fa25C,1,0.0,2607.72,0.0,40.42,8.29,1.28
1790675100,0x1f78Fb1234d2f9685fb35AcB1cf484eca83F8F63,2,1087.82,0.0,0.0,0.0,1.02,0.08
1790675100,0x21aa6DC573DA62abFD7E43C84bEF2DA4FE514053,2,176.89,0.0,0.0,0.0,-1.45,0.0
1790675100,0x2Fd96bd26E7a3c694DBD5ae5E2C29249a83b8a98,13,32391.37,0.0,0.0,0.0,-12.78,0.15
1790675100,0x399155d8d94112d23679d00Dddf17F01022881C7,1,0.0,271.8,1.4,0.0,0.0,0.03
1790675100,0x3aAa2bB57a0eFeA8F6f89423A923f7107c33471B,33,656472.42,8850.84,0.0,3802.0,1617.02,66.68
1790675100,0x51efa467CC3B762063bfBE86Ee812E4D51193F68,1,1339.02,0.0,0.0,0.0,0.0,0.41
1790675100,0x7e040FC3950CeccCf16055aeA756a7a39c394CDC,2,0.0,9735.47,4181.0,0.0,-2806.78,0.66
1790675100,0x8E87D8308D439c88dDF48762AA5D3C99b8366a3a,20,322193.02,0.0,0.0,0.0,-856.34,9.56
1790675100,0x9510e225165363C31b09462AEA128D81Eb86402a,1,0.0,2658.63,7.91,0.0,0.0,0.27
1790675100,0xA27a3DE9B0b75761E0ae90709a74317A724087fC,1,0.0,13588.55,700.0,0.0,0.0,1.36
1790675100,0xBc4713b3B41726541D373e57518012302FfBFAa7,1,0.0,331702.34,195.2,0.0,0.0,24.4
1790675100,0xE1DC5576b36c78C75e6Abf2E1B121Db20A6069b7,4,0.0,19126.69,40.42,709.31,-19.52,1.24
1790675100,0xEAc2374016613765cF31afDB4AEB6f5d13a63726,1,0.0,331702.34,0.0,195.2,-240.0,24.4
1790675100,0xEd36621aa98134b01d10005a912aA3Ff0E38ED3f,1,19.94,0.0,0.0,0.0,0.0,0.0
1790675100,0xF7957c8b20DbD3FcA93686B07679aee8e6755c43,2,45574.18,0.0,0.0,0.0,-6.31,0.0
1790675100,0xa283a5AC02Dd26E429045541C99FeBbc257f8957,2,54.41,0.0,0.0,0.0,-0.02,0.04
1790675100,0xfE6e3099dc514A63bd2Fe79BD3d9e8a653bBAF06,1,0.0,884.63,0.0,379.0,0.0,0.07
1790676000,0x15efc06FEa57Bda3ceA94A53D5426E78ed4651F3,5,3640.02,0.0,0.0,0.0,-9.84,0.73
1790676000,0x1f78Fb1234d2f9685fb35AcB1cf484eca83F8F63,2,2045.62,0.0,0.0,0.0,2.85,0.22
1790676000,0x21aa6DC573DA62abFD7E43C84bEF2DA4FE514053,7,2227.3,0.0,0.0,0.0,-9.76,0.15
1790676000,0x2222D73C873fF7918Af3967D35eb39F3ED9855Fc,2,0.0,1141.01,217.7,0.0,0.0,1.34
1790676000,0x2Fd96bd26E7a3c694DBD5ae5E2C29249a83b8a98,6,13368.26,0.0,0.0,0.0,-5.97,0.21
1790676000,0x3CC5aD242c6bE33Edc9aE0FeC768849A6D5Dc1ad,1,0.0,3540.81,49.6,0.0,0.0,1.56
1790676000,0x3aAa2bB57a0eFeA8F6f89423A923f7107c33471B,12,43085.33,3867.08,0.0,102.64,44.02,6.46
1790676000,0x8E87D8308D439c88dDF48762AA5D3C99b8366a3a,15,37195.14,0.0,0.0,0.0,-43.8,0.17
1790676000,0x9040220eD3BE28E5d65B3631C88F2e3bDb7C3788,3,42685.9,0.0,0.0,0.0,0.0,8.06
1790676000,0x978e3eb7997a9575cdE1799176829073d2876Fb9,2,32682.49,0.0,0.0,0.0,298.46,3.57
1790676000,0xBc4713b3B41726541D373e57518012302FfBFAa7,9,0.0,2981210.25,768.6,0.0,0.0,96.07
1790676000,0xE1DC5576b36c78C75e6Abf2E1B121Db20A6069b7,1,0.0,27.15,0.33,0.0,-0.04,0.0
1790676000,0xEA2Eec3dc92E860ca7c00DDa51f1AfbCD1fC2E73,3,11899.79,0.0,0.0,0.0,0.0,0.0
1790676000,0xEAc2374016613765cF31afDB4AEB6f5d13a63726,10,0.0,2982052.13,0.0,933.61,0.0,96.07
1790676000,0xa283a5AC02Dd26E429045541C99FeBbc257f8957,2,0.0,54.3,0.35,0.33,-1.04,1.02
1790676900,0x09e8D33A70B98974687D73ed1434d568eE60430c,1,0.0,195.4,0.0,0.0,-14.97,0.29
1790676900,0x1f78Fb1234d2f9685fb35AcB1cf484eca83F8F63,2,1096.95,0.0,0.0,0.0,1.83,0.08
1790676900,0x21aa6DC573DA62abFD7E43C84bEF2DA4FE514053,1,142.11,0.0,0.0,0.0,0.0,0.02
1790676900,0x2Fd96bd26E7a3c694DBD5ae5E2C29249a83b8a98,13,35547.35,0.0,0.0,0.0,24.31,0.15
1790676900,0x3aAa2bB57a0eFeA8F6f89423A923f7107c33471B,12,102671.97,86964.46,1666.2,0.0,376.75,10.4
1790676900,0x3bf64B8c8ce86abDBcF44Fa5a559E27eb9F63Efb,4,0.0,706446.41,18200.27,15913.56,556.02,0.0
1790676900,0x801209Bf04cfB7D37135CcDeA450C680dB26995C,2,0.0,50454.0,488.7,2222.4,0.0,0.0
1790676900,0x8C2E8224aB508eE456C0c2e15a33D2c4EE8282EC,1,0.0,8031.68,236.8,0.0,0.0,2.91
1790676900,0x8E87D8308D439c88dDF48762AA5D3C99b8366a3a,28,139385.26,0.0,0.0,0.0,-311.05,5.08
1790676900,0x94e002669D90cf09f8Cb9F6A9846B0A6A0873Ff3,3,0.0,391.19,0.0,0.0,0.94,0.35
1790676900,0x978e3eb7997a9575cdE1799176829073d2876Fb9,1,1000.13,0.0,0.0,0.0,0.0,0.15
1790676900,0x9e43BB6E87273E7B3C80f1A305B253609f6e1347,4,0.0,1009.62,142.42,2.42,-1.0,1.73
1790676900,0xBC8015FA779be6ac91e5616f37e1768b8DbC16df,1,0.0,30.14,0.0,1.02,0.0,0.0
1790676900,0xCDa43aF0E62ea12faE2BFF016557B6aB37Ec98B0,27,75023.62,0.0,0.0,0.0,0.0,22.5
1790676900,0xCcE5344E11190D6532820291Cc0897cEAe25231A,6,0.0,756900.4,18135.96,18688.97,2691.21,152.38
1790676900,0xE1DC5576b36c78C75e6Abf2E1B121Db20A6069b7,4,0.0,9307.09,0.26,244.09,0.06,0.0
1790676900,0xE3F2d7eDD7a2F32D978C56B6B2f5153C7Ab009A9,1,0.0,2852.01,0.0,235.2,-70.33,1.36
1790676900,0xEAc2374016613765cF31afDB4AEB6f5d13a63726,1,0.0,252.35,0.0,49.36,0.0,0.0
1790676900,0xF7957c8b20DbD3FcA93686B07679aee8e6755c43,2,7002.46,0.0,0.0,0.0,-30.88,0.0
1790676900,0xaCcE84585E4E921d4530696C00284E37e545CA3E,1,0.0,84112.46,0.0,1431.0,0.0,8.41
1790676900,0xb130601BC7cd33bDB909d5e6db6ee2Dc9E995c9e,3,0.0,1275.41,7.29,0.26,-1.09,1.88
1790676900,0xda50a7E41BEb66B2a613bc22a206fb1cF34FFaE2,2,0.0,195.79,0.0,0.0,0.0,0.0
1790676900,0xe400F9062A146882Cc1582fB715aaD68f00a1Cd6,1,0.0,30.14,1.02,0.0,0.0,0.51
1790676900,0xebC11Ac4450E3eA74F5D65e5c0138A0C50a2DE4f,3,0.0,757.28,2.42,93.06,0.43,0.0
1790677800,0x021d21f43d6d8921eF876Ec72f59E45820883B8F,1,0.0,250.37,15.2,0.0,0.0,0.0
1790677800,0x15efc06FEa57Bda3ceA94A53D5426E78ed4651F3,2,3086.42,0.0,0.0,0.0,-15.3,0.62
1790677800,0x21aa6DC573DA62abFD7E43C84bEF2DA4FE514053,1,88.23,0.0,0.0,0.0,-0.93,0.0
1790677800,0x2Fd96bd26E7a3c694DBD5ae5E2C29249a83b8a98,7,20994.65,0.0,0.0,0.0,11.32,0.0
1790677800,0x3aAa2bB57a0eFeA8F6f89423A923f7107c33471B,4,4760.41,271.19,0.0,47.38,10.87,0.0
1790677800,0x57D20F8aF5875aD611dC836f78e4992DDA5E6073,2,0.0,27777.07,0.0,20.25,0.0,0.0
1790677800,0x7E2E468D4ad19Ab5DeB133E5593adC2036E6686b,8,0.0,390628.06,7254.0,2689.8,0.0,59.59
1790677800,0x8E87D8308D439c88dDF48762AA5D3C99b8366a3a,8,26659.82,0.0,0.0,0.0,-39.07,2.95
1790677800,0x9DEEC4DDe294dd839833BF5331a04D78a8202F97,1,0.0,10922.56,809.22,0.0,0.0,3.78
1790677800,0x9c7F98197D2cb90340DF68C11136975f1922F5AA,2,0.0,8130.99,7.95,0.0,0.0,1.99
1790677800,0x9e43BB6E87273E7B3C80f1A305B253609f6e1347,1,0.0,271.19,47.38,0.0,0.0,0.58
1790677800,0xC5Ba75e85b9f5a60A828B7F6F976fA15E6a10642,1,2102.12,0.0,0.0,0.0,-29.93,0.64
1790677800,0xCDa43aF0E62ea12faE2BFF016557B6aB37Ec98B0,8,20006.04,0.0,0.0,0.0,0.0,6.0
1790677800,0xE1DC5576b36c78C75e6Abf2E1B121Db20A6069b7,3,10004.47,31924.31,13.75,809.22,-230.01,1.58
1790677800,0xE9a66f0e7208E45Dd9a6A5a3062D47ca76247c2a,1,0.0,250.37,0.0,15.2,8.26,0.58
1790677800,0xEAc2374016613765cF31afDB4AEB6f5d13a63726,1,0.0,1355.66,0.0,1.45,0.0,0.0
1790677800,0xF7957c8b20DbD3FcA93686B07679aee8e6755c43,1,2002.24,0.0,0.0,0.0,-8.04,0.0
1790677800,0xebC11Ac4450E3eA74F5D65e5c0138A0C50a2DE4f,8,0.0,390628.06,2689.8,7254.0,0.0,0.0
1790678700,0x09e8D33A70B98974687D73ed1434d568eE60430c,1,0.0,196.14,0.0,0.0,-12.97,0.29
1790678700,0x15efc06FEa57Bda3ceA94A53D5426E78ed4651F3,3,1637.75,0.0,0.0,0.0,-23.93,0.33
1790678700,0x1DfA762116D96b53e057aef20E94576d4ca2D6B4,2,0.0,25185.38,0.0,302.28,0.0,8.06
1790678700,0x1f78Fb1234d2f9685fb35AcB1cf484eca83F8F63,2,1022.65,0.0,0.0,0.0,0.62,0.07
1790678700,0x21aa6DC573DA62abFD7E43C84bEF2DA4FE514053,3,782.66,0.0,0.0,0.0,-3.12,0.07
1790678700,0x2Fd96bd26E7a3c694DBD5ae5E2C29249a83b8a98,13,31428.17,0.0,0.0,0.0,6.26,0.0
1790678700,0x3aAa2bB57a0eFeA8F6f89423A923f7107c33471B,1,5003.69,0.0,0.0,0.0,0.0,0.0
1790678700,0x3bf64B8c8ce86abDBcF44Fa5a559E27eb9F63Efb,6,0.0,17007.4,3233.89,919.08,-1901.34,0.0
1790678700,0x4e5Ee270E73271dbE61afa7f17106a270fcb6FD2,4,0.0,3.36,0.25,0.24,-1.51,1.5
1790678700,0x8E87D8308D439c88dDF48762AA5D3C99b8366a3a,33,70705.7,0.0,0.0,0.0,-158.71,2.28
1790678700,0x9040220eD3BE28E5d65B3631C88F2e3bDb7C3788,6,5425.16,10845.71,648.45,3048.86,-54.4,5.09
1790678700,0x94e002669D90cf09f8Cb9F6A9846B0A6A0873Ff3,1,0.0,196.14,0.0,0.0,0.0,0.18
1790678700,0xBC8015FA779be6ac91e5616f37e1768b8DbC16df,1,0.0,10074.15,121.2,0.0,0.0,0.0
1790678700,0xCDa43aF0E62ea12faE2BFF016557B6aB37Ec98B0,29,70022.05,0.0,0.0,0.0,0.0,21.0
1790678700,0xE1DC5576b36c78C75e6Abf2E1B121Db20A6069b7,2,0.0,57097.62,181.08,303.5,-862.74,0.0
1790678700,0xEA2Eec3dc92E860ca7c00DDa51f1AfbCD1fC2E73,1,473.48,0.0,0.0,0.0,21.51,0.0
1790678700,0xda50a7E41BEb66B2a613bc22a206fb1cF34FFaE2,2,0.0,100.02,0.0,0.0,0.24,0.0
1790678700,0xeB9cC471FfF0aAABa59CBaBc25a8991f35C8e109,4,0.0,2938.8,261.5,185.03,-1.21,1.1
1790678700,0xebC11Ac4450E3eA74F5D65e5c0138A0C50a2DE4f,4,0.0,3.36,0.24,0.25,0.01,0.0
1790678700,0xf33962476A939b9824422300d7E8bBA8acBaAC4d,2,0.0,45309.29,312.63,0.0,273.08,14.59
1790679600,0x09e8D33A70B98974687D73ed1434d568eE60430c,7,0.0,342.3,0.0,0.0,-19.95,0.51
1790679600,0x15efc06FEa57Bda3ceA94A53D5426E78ed4651F3,6,28056.4,0.0,0.0,0.0,-89.68,5.61
1790679600,0x1f78Fb1234d2f9685fb35AcB1cf484eca83F8F63,3,1648.78,0.0,0.0,0.0,-0.47,0.0
1790679600,0x20996FA18c6B8655c3B4c81c4461127DFEc63e61,1,0.0,2535.65,392.95,0.0,0.0,1.26
1790679600,0x21aa6DC573DA62abFD7E43C84bEF2DA4FE514053,1,411.8,0.0,0.0,0.0,0.0,0.06
1790679600,0x2Fd96bd26E7a3c694DBD5ae5E2C29249a83b8a98,11,29404.04,0.0,0.0,0.0,-23.2,0.0
1790679600,0x3aAa2bB57a0eFeA8F6f89423A923f7107c33471B,19,141853.0,2714.06,0.0,31.9,380.84,9.29
1790679600,0x3bf64B8c8ce86abDBcF44Fa5a559E27eb9F63Efb,2,0.0,10857.98,2039.14,1302.72,-1217.78,0.0
1790679600,0x57D20F8aF5875aD611dC836f78e4992DDA5E6073,1,0.0,20977.65,0.0,16.0,0.0,0.0
1790679600,0x60b6b61D8E0F2ae6d1a389C2774915A1588eE4F0,1,0.0,840.08,5.57,0.0,0.0,0.08
1790679600,0x69c3df6830Ff750c6db8BD0f29737474653d3Cad,1,0.0,2714.06,31.9,0.0,0.0,1.31
1790679600,0x7e040FC3950CeccCf16055aeA756a7a39c394CDC,5,14932.6,0.0,0.0,0.0,903.92,0.0
1790679600,0x8E87D8308D439c88dDF48762AA5D3C99b8366a3a,50,184922.63,0.0,0.0,0.0,-388.2,13.11
1790679600,0x9040220eD3BE28E5d65B3631C88F2e3bDb7C3788,3,524.18,10857.98,1302.72,2039.14,-10.4,2.3
1790679600,0x94e002669D90cf09f8Cb9F6A9846B0A6A0873Ff3,2,0.0,144.66,0.0,0.0,0.0,0.13
1790679600,0x9b0cFA748c7Ca58CF2f17B396EdcFDdD1f74AD6E,2,0.0,27147.18,314.0,157.5,0.0,4.57
1790679600,0xCDa43aF0E62ea12faE2BFF016557B6aB37Ec98B0,32,60019.51,0.0,0.0,0.0,0.0,18.0
1790679600,0xE1DC5576b36c78C75e6Abf2E1B121Db20A6069b7,3,14999.38,21817.73,16.0,5.57,0.0,1.64
1790679600,0xEAc2374016613765cF31afDB4AEB6f5d13a63726,3,0.0,29682.84,157.5,706.95,269.5,0.0
1790679600,0xda50a7E41BEb66B2a613bc22a206fb1cF34FFaE2,5,0.0,197.63,0.0,0.0,0.0,0.1
1790680500,0x121920135C001138FA20818c02fB81Ea99D5F72E,1,0.0,11.88,0.0,0.0,-0.08,0.03
1790680500,0x15efc06FEa57Bda3ceA94A53D5426E78ed4651F3,5,2503.84,0.0,0.0,0.0,-19.44,0.5
1790680500,0x1f78Fb1234d2f9685fb35AcB1cf484eca83F8F63,2,1023.8,0.0,0.0,0.0,1.27,0.07
1790680500,0x21aa6DC573DA62abFD7E43C84bEF2DA4FE514053,3,504.37,0.0,0.0,0.0,-5.55,0.0
1790680500,0x2Fd96bd26E7a3c694DBD5ae5E2C29249a83b8a98,8,23992.21,0.0,0.0,0.0,-4.47,0.0
1790680500,0x3aAa2bB57a0eFeA8F6f89423A923f7107c33471B,10,75868.16,3528.39,119.86,0.0,286.68,11.38
1790680500,0x3bf64B8c8ce86abDBcF44Fa5a559E27eb9F63Efb,1,0.0,105821.42,644.64,0.0,1793.41,0.0
1790680500,0x57D20F8aF5875aD611dC836f78e4992DDA5E6073,1,0.0,21008.67,0.0,45.25,0.0,0.0
1790680500,0x7e040FC3950CeccCf16055aeA756a7a39c394CDC,1,4940.94,0.0,0.0,0.0,306.67,0.0
1790680500,0x8E87D8308D439c88dDF48762AA5D3C99b8366a3a,24,135882.34,0.0,0.0,0.0,-270.75,3.06
1790680500,0xB5e74b039C77d4C424a56A4331bcFAe2bD9e01C0,4,7609.32,0.0,0.0,0.0,-852.88,1.31
1790680500,0xE1DC5576b36c78C75e6Abf2E1B121Db20A6069b7,1,0.0,21008.67,45.25,0.0,0.0,1.58
1790680500,0xEA2Eec3dc92E860ca7c00DDa51f1AfbCD1fC2E73,1,474.12,0.0,0.0,0.0,20.86,0.0
1790680500,0xa58e2b15068a7Bf90fB4C9b9FE25eDB02C16623c,7,48918.26,0.0,0.0,0.0,-2034.81,7.34
1790680500,0xc56317Bf1722C9DA30a3A4ba743540AddF58a639,2,0.0,54360.41,1285.0,818.0,0.0,8.65
1790680500,0xda50a7E41BEb66B2a613bc22a206fb1cF34FFaE2,1,0.0,11.88,0.0,0.0,0.0,0.0
1790680500,0xebC11Ac4450E3eA74F5D65e5c0138A0C50a2DE4f,2,0.0,54360.41,818.0,1285.0,0.0,0.0
1790680500,0xec0243AdEc9608B93b5162Cb88E91E1E9dB54e54,2,0.0,109349.82,0.0,764.5,0.0,33.8
1790681400,0x15efc06FEa57Bda3ceA94A53D5426E78ed4651F3,4,4742.38,0.0,0.0,0.0,-39.56,0.95
1790681400,0x1c847e46576ba210189381C0c512C58278121d42,1,0.0,1361.73,0.7,0.0,0.0,0.0
1790681400,0x1f78Fb1234d2f9685fb35AcB1cf484eca83F8F63,2,2201.63,0.0,0.0,0.0,3.24,0.25
1790681400,0x21aa6DC573DA62abFD7E43C84bEF2DA4FE514053,2,266.52,0.0,0.0,0.0,-1.81,0.0
1790681400,0x22e1a08c1e4Fc8fBEc0209BB3fF56d919d99F887,30,0.0,2453471.26,10432.05,18238.73,4122.82,321.1
1790681400,0x2Fd96bd26E7a3c694DBD5ae5E2C29249a83b8a98,3,6998.82,0.0,0.0,0.0,-16.39,0.15
1790681400,0x3aAa2bB57a0eFeA8F6f89423A923f7107c33471B,26,64741.24,1634260.54,14562.51,8499.55,3886.8,0.0
1790681400,0x3bf64B8c8ce86abDBcF44Fa5a559E27eb9F63Efb,9,0.0,830183.72,10906.53,12655.33,5790.34,0.0
1790681400,0x57D20F8aF5875aD611dC836f78e4992DDA5E6073,1,0.0,10905.43,0.0,38.8,0.0,0.0
1790681400,0x690Bfad828b24F1Fd06357A48EA8E3Bce5299a29,3,0.0,72028.56,274.31,0.0,0.0,23.11
1790681400,0x7E2E468D4ad19Ab5DeB133E5593adC2036E6686b,4,0.0,360126.81,6824.4,2547.6,0.0,54.52
1790681400,0x7e040FC3950CeccCf16055aeA756a7a39c394CDC,6,10016.19,0.0,0.0,0.0,572.73,0.0
1790681400,0x801209Bf04cfB7D37135CcDeA450C680dB26995C,10,0.0,721489.79,2784.2,1364.2,62.59,0.0
1790681400,0x8A0E90fE723b3dEEfea6E1891364e9Bb1C051B12,1,0.0,30905.07,81.72,0.0,0.0,9.77
1790681400,0x8AE8a479e61D5b3cBaDc57CB7b1437BaB966aA2B,1,0.0,8162.57,0.0,863.1,-160.49,2.95
1790681400,0x8B6458eC2E52f0281A413A2D7414ad7C6fc7eE8C,2,0.0,4092.51,63.3,0.0,0.0,1.18
1790681400,0x8E87D8308D439c88dDF48762AA5D3C99b8366a3a,23,125174.44,0.0,0.0,0.0,-310.68,17.13
1790681400,0x94ECb4C47D8E2CB07874A33a0141016254b46873,1,346.52,0.0,0.0,0.0,0.0,0.11
1790681400,0xBC8015FA779be6ac91e5616f37e1768b8DbC16df,4,648.54,0.0,0.0,0.0,4.59,0.1
1790681400,0xBc4713b3B41726541D373e57518012302FfBFAa7,6,0.0,1665257.08,1666.8,0.0,0.0,158.44
1790681400,0xDe785AcC18c7A76aF1f777149670315b928acE39,3,0.0,272730.12,9089.11,9114.21,-5874.61,67.15
1790681400,0xE1DC5576b36c78C75e6Abf2E1B121Db20A6069b7,5,29999.35,63851.87,0.0,277.81,-2.35,0.2
1790681400,0xEAc2374016613765cF31afDB4AEB6f5d13a63726,8,0.0,2081017.21,2815.0,1666.8,0.0,156.08
1790681400,0xe21Dc03222C98370827289535C9B6F12827082bf,2,0.0,3541.12,80.2,37.2,-27.87,1.03
1790681400,0xebC11Ac4450E3eA74F5D65e5c0138A0C50a2DE4f,4,0.0,360126.81,2547.6,6824.4,0.0,0.0
1790681400,0xec81CcabCE2F2D041c9DEF8Ca2c578164cF3E355,1,0.0,1361.73,0.0,0.7,-9.14,0.59
1790682300,0x021d21f43d6d8921eF876Ec72f59E45820883B8F,2,0.0,28121.1,13.17,69.67,0.0,0.0
1790682300,0x0E2ff7EBcaF4fA9bbceaf408346aA97A68746ee2,7,0.0,99394.2,223.08,835.88,496.71,19.28
1790682300,0x0ED2F5A37c29a605f47b12dBA90c46dee9c17580,1,529.0,0.0,0.0,0.0,7.44,0.05
1790682300,0x15efc06FEa57Bda3ceA94A53D5426E78ed4651F3,13,73478.1,0.0,0.0,0.0,-308.1,14.7
1790682300,0x1c847e46576ba210189381C0c512C58278121d42,2,1973.76,0.0,0.0,0.0,0.0,0.0
1790682300,0x1f78Fb1234d2f9685fb35AcB1cf484eca83F8F63,3,1649.3,0.0,0.0,0.0,1.07,0.08
1790682300,0x1fD0876eEAaB1Af9BbF3EeB70064bc03bf111718,1,606.88,0.0,0.0,0.0,0.0,0.0
1790682300,0x21aa6DC573DA62abFD7E43C84bEF2DA4FE514053,2,570.17,0.0,0.0,0.0,-0.14,0.07
1790682300,0x22c3fE4db58BC1D20C55DB99d6c776aA270f9EA0,2,0.0,54501.5,1244.0,257.0,0.0,8.68
1790682300,0x2Fd96bd26E7a3c694DBD5ae5E2C29249a83b8a98,14,42949.17,0.0,0.0,0.0,-57.71,0.14
1790682300,0x31BDF187AC3faA563bF40f2a04cd6D822E1d34aa,1,0.0,297289.91,3575.2,0.0,0.0,89.69
1790682300,0x33DBB588727CB87559daad7189E73d4B13ED88Bf,1,0.0,0.84,0.0,0.07,-0.5,0.5
1790682300,0x3BA2E06AD6B024579B5ac81292aF93021ebd3696,4,0.0,75960.24,228.09,54.82,0.0,12.39
1790682300,0x3aAa2bB57a0eFeA8F6f89423A923f7107c33471B,34,411723.57,1196483.06,0.0,4366.65,750.83,19.49
1790682300,0x3bf64B8c8ce86abDBcF44Fa5a559E27eb9F63Efb,5,0.0,278041.38,32.3,1634.6,-43.54,0.0
1790682300,0x57D20F8aF5875aD611dC836f78e4992DDA5E6073,13,0.0,142075.61,0.0,145.6,0.0,0.0
1790682300,0x60E25f193F9688d19aa6a29D93d19D7c34d4AAC1,2,0.0,5762.16,98.99,0.0,0.0,0.58
1790682300,0x6626DFD8561d3E3585b2fEb87c0B3cCe1eCB0F7d,2,0.0,13627.93,0.0,241.2,0.0,2.95
1790682300,0x6A3921183afbd29Fd6a9e6Ec4fa456B1fF7d75e2,2,0.0,5467.99,11.7,0.0,0.0,1.27
1790682300,0x7E2E468D4ad19Ab5DeB133E5593adC2036E6686b,2,0.0,49181.13,736.2,123.3,0.0,7.88
1790682300,0x7e040FC3950CeccCf16055aeA756a7a39c394CDC,3,15098.82,0.0,0.0,0.0,831.41,0.0
1790682300,0x8E87D8308D439c88dDF48762AA5D3C99b8366a3a,63,366825.08,0.0,0.0,0.0,-684.33,25.1
1790682300,0xBc4713b3B41726541D373e57518012302FfBFAa7,19,0.0,1946217.27,1611.49,0.0,0.0,207.94
1790682300,0xCDa43aF0E62ea12faE2BFF016557B6aB37Ec98B0,24,55016.19,0.0,0.0,0.0,0.0,16.5
1790682300,0xDe099Eb5aD575591eC3F34A79B0bb441ccfC5BB7,7,109418.29,0.0,0.0,0.0,0.0,32.82
1790682300,0xE04D579D3cD722ae66F58b48bB7881077Ac20c5B,1,120.05,0.0,0.0,0.0,0.0,0.05
1790682300,0xE1DC5576b36c78C75e6Abf2E1B121Db20A6069b7,5,0.0,177831.35,241.27,314.52,-10.05,0.61
1790682300,0xEA2Eec3dc92E860ca7c00DDa51f1AfbCD1fC2E73,2,19991.43,0.0,0.0,0.0,618.22,2.99
1790682300,0xEAc2374016613765cF31afDB4AEB6f5d13a63726,12,0.0,1049606.93,1757.0,2033.37,0.0,71.69
1790682300,0xEd36621aa98134b01d10005a912aA3Ff0E38ED3f,1,19.88,0.0,0.0,0.0,0.15,0.0
1790682300,0xF7957c8b20DbD3FcA93686B07679aee8e6755c43,1,14775.0,0.0,0.0,0.0,0.0,0.0
1790682300,0xc4A78643546aFfDa36688cdD56ceA0EB3b5d9BA3,1,0.0,1635.05,183.36,0.0,0.0,0.99
1790682300,0xeF38E57214328E064Fee790bA1db79e874D47FCD,1,273.32,0.0,0.0,0.0,0.0,0.09
1790682300,0xebC11Ac4450E3eA74F5D65e5c0138A0C50a2DE4f,5,0.0,92335.03,933.53,812.7,-273.29,0.0
1790683200,0x021d21f43d6d8921eF876Ec72f59E45820883B8F,2,0.0,27290.72,30.5,99.5,0.0,0.0
1790683200,0x0E2ff7EBcaF4fA9bbceaf408346aA97A68746ee2,2,0.0,27290.72,99.5,30.5,84.9,4.59
1790683200,0x15efc06FEa57Bda3ceA94A53D5426E78ed4651F3,2,1998.82,0.0,0.0,0.0,-23.8,0.4
1790683200,0x1f78Fb1234d2f9685fb35AcB1cf484eca83F8F63,2,1099.05,0.0,0.0,0.0,0.0,0.0
1790683200,0x21aa6DC573DA62abFD7E43C84bEF2DA4FE514053,4,591.15,0.0,0.0,0.0,-3.45,0.0
1790683200,0x2Fd96bd26E7a3c694DBD5ae5E2C29249a83b8a98,4,9396.54,0.0,0.0,0.0,-7.46,0.06
1790683200,0x3aAa2bB57a0eFeA8F6f89423A923f7107c33471B,2,3006.16,0.0,0.0,0.0,5.81,0.0
1790683200,0x3bf64B8c8ce86abDBcF44Fa5a559E27eb9F63Efb,2,0.0,415743.67,0.0,3385.0,0.0,0.0
1790683200,0x57D20F8aF5875aD611dC836f78e4992DDA5E6073,1,0.0,10915.44,0.0,10.8,0.0,0.0
1790683200,0x60b6b61D8E0F2ae6d1a389C2774915A1588eE4F0,1,0.0,843.59,7.53,0.0,0.0,0.75
1790683200,0x7e040FC3950CeccCf16055aeA756a7a39c394CDC,3,11521.8,0.0,0.0,0.0,660.14,0.0
1790683200,0x8E87D8308D439c88dDF48762AA5D3C99b8366a3a,19,38618.6,0.0,0.0,0.0,-213.05,1.59
1790683200,0xAAB98f1787EA33270626d44cEC3f184714643B91,1,0.0,409.59,0.0,17.23,7.48,0.62
1790683200,0xBC8015FA779be6ac91e5616f37e1768b8DbC16df,1,0.0,2400.01,17.92,0.0,0.0,0.0
1790683200,0xBFc18bd7c77B20e9611F1526043153Baf6c19ceE,2,0.0,12523.56,0.0,44.32,-0.49,4.76
1790683200,0xBc4713b3B41726541D373e57518012302FfBFAa7,1,0.0,10915.44,10.8,0.0,0.0,1.85
1790683200,0xCDa43aF0E62ea12faE2BFF016557B6aB37Ec98B0,13,35012.0,0.0,0.0,0.0,0.0,10.5
1790683200,0xE1DC5576b36c78C75e6Abf2E1B121Db20A6069b7,2,0.0,10967.14,26.4,7.53,0.0,0.0
1790683200,0xEA2Eec3dc92E860ca7c00DDa51f1AfbCD1fC2E73,3,5997.06,0.0,0.0,0.0,0.0,0.84
1790683200,0xEAc2374016613765cF31afDB4AEB6f5d13a63726,3,0.0,416153.26,3402.24,0.0,-5.29,31.18
1790684100,0x0bc091C77Ff0D4Df68331B4e2eD6BcDC687F7dFb,4,0.0,98362.89,480.87,224.35,0.0,12.25
1790684100,0x15C3811148d50CF1733462f58e7185b8dB3eED18,2,0.0,8748.16,4.12,0.0,0.0,1.52
1790684100,0x15efc06FEa57Bda3ceA94A53D5426E78ed4651F3,5,13110.11,0.0,0.0,0.0,-221.22,2.62
1790684100,0x188c9e466Ec3F8bf7Cf379C87780a5e64B7BE8d1,2,0.0,218688.46,5224.0,732.0,0.0,33.3
1790684100,0x1c847e46576ba210189381C0c512C58278121d42,3,0.0,1094.75,113.0,104.37,0.0,0.04
1790684100,0x1f78Fb1234d2f9685fb35AcB1cf484eca83F8F63,3,2752.27,0.0,0.0,0.0,4.63,0.33
1790684100,0x21aa6DC573DA62abFD7E43C84bEF2DA4FE514053,5,1583.42,0.0,0.0,0.0,-6.31,0.12
1790684100,0x2Fd96bd26E7a3c694DBD5ae5E2C29249a83b8a98,15,37709.93,0.0,0.0,0.0,-54.64,0.17
1790684100,0x352aa163f9486D052Eb0533F6DaA2aDaD5Ed2448,1,0.0,273.99,0.0,113.0,0.0,0.03
1790684100,0x37Dbb43A23f958481d66c60E79a3750D2988a495,2,0.0,42105.24,20.75,20.0,-6.84,6.09
1790684100,0x3aAa2bB57a0eFeA8F6f89423A923f7107c33471B,37,231774.53,669323.67,2109.03,3164.23,1126.19,24.5
1790684100,0x3bf64B8c8ce86abDBcF44Fa5a559E27eb9F63Efb,3,0.0,87418.73,224.35,331.27,22.26,0.0
1790684100,0x4a028d3975C9D08A8a0EE11F4D4eC69F6d0BdAf1,2,0.0,10937.68,504.4,36.6,0.0,2.14
1790684100,0x57D20F8aF5875aD611dC836f78e4992DDA5E6073,1,0.0,21052.62,0.0,20.75,0.0,0.0
1790684100,0x5fA3Cc56Ac358c985ECDA24042C5F48F315fC211,1,0.0,1683.53,329.0,0.0,0.0,0.17
1790684100,0x8Bb3b8bd067bf069695316F52556B0fd7f8a2d0a,1,0.0,5306.4,0.0,21.53,4.41,0.53
1790684100,0x8E87D8308D439c88dDF48762AA5D3C99b8366a3a,57,280694.33,0.0,0.0,0.0,-1111.3,11.94
1790684100,0x8eeAd349E6730E1c90198D23B9401B564148921c,1,0.0,273.92,1.72,0.0,0.0,0.58
1790684100,0x978e3eb7997a9575cdE1799176829073d2876Fb9,2,1999.76,0.0,0.0,0.0,228.75,0.3
1790684100,0xBB5033dBFfA041ADb87E87a2348DEdc81E8602e4,1,0.0,2738.25,39.3,0.0,0.0,1.32
1790684100,0xBc4713b3B41726541D373e57518012302FfBFAa7,1,0.0,599921.61,987.62,0.0,0.0,123.95
1790684100,0xCDa43aF0E62ea12faE2BFF016557B6aB37Ec98B0,5,10004.21,0.0,0.0,0.0,0.0,3.0
1790684100,0xE1DC5576b36c78C75e6Abf2E1B121Db20A6069b7,1,0.0,21052.62,20.0,0.0,0.0,0.0
1790684100,0xE3998033c349D7510e8E318ab73837a698d701C4,3,0.0,57914.51,2131.7,2004.88,0.0,9.19
1790684100,0xEA2Eec3dc92E860ca7c00DDa51f1AfbCD1fC2E73,3,36990.55,0.0,0.0,0.0,-1736.33,5.39
1790684100,0xEAc2374016613765cF31afDB4AEB6f5d13a63726,5,0.0,28871.76,58.13,983.0,8.89,1.35
1790684100,0xebC11Ac4450E3eA74F5D65e5c0138A0C50a2DE4f,2,0.0,218688.46,732.0,5224.0,0.0,0.0
1790685000,0x15efc06FEa57Bda3ceA94A53D5426E78ed4651F3,28,98948.99,0.0,0.0,0.0,-175.86,19.79
1790685000,0x18731d55B669c463Ba1801f045881BA8673699d2,1,0.0,3560.5,0.0,108.03,52.13,1.57
1790685000,0x1c847e46576ba210189381C0c512C58278121d42,9,8429.7,0.0,0.0,0.0,0.0,0.0
1790685000,0x1f78Fb1234d2f9685fb35AcB1cf484eca83F8F63,1,530.35,0.0,0.0,0.0,-15.65,0.08
1790685000,0x1fD0876eEAaB1Af9BbF3EeB70064bc03bf111718,7,4333.25,0.0,0.0,0.0,-11.77,0.0
1790685000,0x2Fd96bd26E7a3c694DBD5ae5E2C29249a83b8a98,7,22981.45,0.0,0.0,0.0,-66.86,0.0
1790685000,0x3aAa2bB57a0eFeA8F6f89423A923f7107c33471B,15,145004.54,27072.2,0.0,1936.19,1142.94,0.0
1790685000,0x3bf64B8c8ce86abDBcF44Fa5a559E27eb9F63Efb,4,0.0,421359.98,16.5,2996.0,0.0,0.0
1790685000,0x4a028d3975C9D08A8a0EE11F4D4eC69F6d0BdAf1,1,0.0,13691.03,1348.5,0.0,0.0,4.61
1790685000,0x558077d8D5c007C37a86FA4e2634807E55b6E37f,2,0.0,27393.56,7185.0,839.0,0.0,9.22
1790685000,0x57D20F8aF5875aD611dC836f78e4992DDA5E6073,1,0.0,410.9,1.78,0.0,0.0,0.0
1790685000,0x5fA3Cc56Ac358c985ECDA24042C5F48F315fC211,2,0.0,10971.24,479.44,0.0,0.0,4.29
1790685000,0x7BA77405b74102E88bC422Bd4442cFFAF700c294,2,0.0,1451.64,89.15,1.78,-5.52,1.44
1790685000,0x8B6458eC2E52f0281A413A2D7414ad7C6fc7eE8C,1,0.0,1369.19,19.1,0.0,0.0,0.91
1790685000,0x8E87D8308D439c88dDF48762AA5D3C99b8366a3a,29,244629.03,0.0,0.0,0.0,-834.8,19.91
1790685000,0x94ECb4C47D8E2CB07874A33a0141016254b46873,1,348.48,0.0,0.0,0.0,0.0,0.11
1790685000,0x978e3eb7997a9575cdE1799176829073d2876Fb9,8,56093.95,0.0,0.0,0.0,0.0,8.42
1790685000,0xBc4713b3B41726541D373e57518012302FfBFAa7,1,0.0,548610.14,340.0,0.0,0.0,43.0
1790685000,0xE9a66f0e7208E45Dd9a6A5a3062D47ca76247c2a,2,0.0,5569.6,176.0,16.5,0.0,1.34
1790685000,0xEA2Eec3dc92E860ca7c00DDa51f1AfbCD1fC2E73,6,4225.59,0.0,0.0,0.0,-51.77,0.63
1790685000,0xEAc2374016613765cF31afDB4AEB6f5d13a63726,4,0.0,967961.01,2928.03,340.0,-40.64,31.18
1790685000,0xEd36621aa98134b01d10005a912aA3Ff0E38ED3f,12,240.31,0.0,0.0,0.0,-0.11,0.0
1790685000,0xebC11Ac4450E3eA74F5D65e5c0138A0C50a2DE4f,2,0.0,27393.56,839.0,7185.0,0.0,0.0
1790685900,0x0621353f3AC0C029969c9FC230e58323Ba82edD5,1,0.0,273.57,0.0,9.37,-0.08,0.03
1790685900,0x0ED2F5A37c29a605f47b12dBA90c46dee9c17580,1,183.1,0.0,0.0,0.0,0.0,0.02
1790685900,0x0bc091C77Ff0D4Df68331B4e2eD6BcDC687F7dFb,2,0.0,14415.63,249.41,49.7,0.0,2.4
1790685900,0x15efc06FEa57Bda3ceA94A53D5426E78ed4651F3,9,39450.46,0.0,0.0,0.0,-445.56,7.89
1790685900,0x1c847e46576ba210189381C0c512C58278121d42,3,2980.25,0.0,0.0,0.0,0.0,0.0
1790685900,0x1f78Fb1234d2f9685fb35AcB1cf484eca83F8F63,1,548.31,0.0,0.0,0.0,1.04,0.08
1790685900,0x1fD0876eEAaB1Af9BbF3EeB70064bc03bf111718,3,1860.34,0.0,0.0,0.0,2.44,0.0
1790685900,0x21aa6DC573DA62abFD7E43C84bEF2DA4FE514053,1,536.64,0.0,0.0,0.0,0.0,0.08
1790685900,0x2Fd96bd26E7a3c694DBD5ae5E2C29249a83b8a98,6,17541.22,0.0,0.0,0.0,-121.15,0.0
1790685900,0x3aAa2bB57a0eFeA8F6f89423A923f7107c33471B,17,121034.19,34520.14,341.86,700.93,564.9,6.95
1790685900,0x3bf64B8c8ce86abDBcF44Fa5a559E27eb9F63Efb,7,0.0,574028.16,182.62,4354.52,0.75,0.0
1790685900,0x57D20F8aF5875aD611dC836f78e4992DDA5E6073,5,0.0,54718.22,0.0,48.0,0.0,0.0
1790685900,0x627525317585d151225979dA9539AAE98a08633E,1,0.0,273.58,4.67,0.0,0.0,0.58
1790685900,0x6626DFD8561d3E3585b2fEb87c0B3cCe1eCB0F7d,1,0.0,5472.86,0.0,52.0,0.0,0.55
1790685900,0x69c3df6830Ff750c6db8BD0f29737474653d3Cad,2,0.0,7519.27,41.1,67.38,16.13,3.26
1790685900,0x852b6918273c1A5d028662166872a55B43a8FFA5,2,0.0,156769.25,919.16,153.14,0.0,24.02
1790685900,0x8E87D8308D439c88dDF48762AA5D3C99b8366a3a,16,123318.91,0.0,0.0,0.0,-145.64,9.79
1790685900,0x978e3eb7997a9575cdE1799176829073d2876Fb9,2,1987.67,0.0,0.0,0.0,0.0,0.3
1790685900,0xBC8015FA779be6ac91e5616f37e1768b8DbC16df,1,0.0,273.58,4.8,0.0,0.59,0.0
1790685900,0xBc4713b3B41726541D373e57518012302FfBFAa7,9,0.0,869934.98,770.84,0.0,0.0,100.36
1790685900,0xC861F07650e9DD96442Be57562d0461161eC0A00,2,0.0,2982.64,405.75,0.0,0.0,1.89
1790685900,0xE1DC5576b36c78C75e6Abf2E1B121Db20A6069b7,10,0.0,856348.86,639.46,1022.43,186.76,3.08
1790685900,0xE82eb99692104B4f467e4c9472ddf6e2eE555828,1,0.0,2735.37,0.0,87.9,-71.18,1.32
1790685900,0xEA2Eec3dc92E860ca7c00DDa51f1AfbCD1fC2E73,2,1175.67,0.0,0.0,0.0,0.0,0.18
1790685900,0xEAc2374016613765cF31afDB4AEB6f5d13a63726,2,0.0,415567.55,3390.0,0.0,0.0,31.17
1790685900,0xF5475d9fB69589166173195773bd6839f68C99F1,1,0.0,273.58,0.0,4.8,-1.32,0.58
1790685900,0xbD7f403814aAB81Da706d1966Bc3f4B0420571FD,2,0.0,1450.22,45.36,24.08,0.0,0.72
1790685900,0xbE6a74601C75433734Fe195ACa0b6B540Bff9745,6,0.0,42220.47,299.59,720.38,-249.31,6.59
1790686800,0x15efc06FEa57Bda3ceA94A53D5426E78ed4651F3,1,682.06,0.0,0.0,0.0,0.0,0.0
1790686800,0x1f78Fb1234d2f9685fb35AcB1cf484eca83F8F63,1,549.24,0.0,0.0,0.0,0.0,0.0
1790686800,0x21aa6DC573DA62abFD7E43C84bEF2DA4FE514053,4,1037.49,0.0,0.0,0.0,-6.23,0.05
1790686800,0x2Fd96bd26E7a3c694DBD5ae5E2C29249a83b8a98,4,5099.69,0.0,0.0,0.0,-9.99,0.19
1790686800,0x3E703f896d2B7F858A5FE44C2994D3d8da148875,2,0.0,547.11,15.95,0.0,0.0,0.58
1790686800,0x3aAa2bB57a0eFeA8F6f89423A923f7107c33471B,12,12005.69,20797.05,106.0,7284.6,-5.07,1.8
1790686800,0x3bf64B8c8ce86abDBcF44Fa5a559E27eb9F63Efb,3,0.0,251604.03,1212.99,2851.29,584.84,0.0
1790686800,0x57D20F8aF5875aD611dC836f78e4992DDA5E6073,1,0.0,2700.35,0.0,4.42,0.0,0.0
1790686800,0x6c5F67ACDB6c418d471085c4A188ECDd01162B45,1,0.0,2736.52,0.0,4.2,0.0,0.27
1790686800,0x7e040FC3950CeccCf16055aeA756a7a39c394CDC,2,0.0,16728.74,7136.4,0.0,-4762.85,1.25
1790686800,0x801209Bf04cfB7D37135CcDeA450C680dB26995C,2,0.0,1759.89,42.5,78.9,0.0,0.0
1790686800,0x8E87D8308D439c88dDF48762AA5D3C99b8366a3a,10,19248.18,0.0,0.0,0.0,-25.11,0.64
1790686800,0xA2F500e16E37Bb96e75AE11e7c84B61930261078,1,0.0,2736.52,4.2,0.0,0.0,1.02
1790686800,0xB90134C652814890691671c849381A0B3cdD0247,1,2098.86,0.0,0.0,0.0,0.0,0.64
1790686800,0xE1DC5576b36c78C75e6Abf2E1B121Db20A6069b7,1,0.0,419229.77,0.0,680.62,18.92,0.0
1790686800,0xEAc2374016613765cF31afDB4AEB6f5d13a63726,1,0.0,207820.38,1435.0,0.0,0.0,15.59
1790686800,0xF86fDfd001D7e7aD77E698FDd4dAC3B74518D999,2,0.0,421930.12,685.03,0.0,0.0,86.13
1790686800,0xb170cbb62A77D19F9e6aDB18D85D359D8F729f1A,5,0.0,392.51,0.0,0.0,-2.6,0.63
1790686800,0xbD7f403814aAB81Da706d1966Bc3f4B0420571FD,8,0.0,49064.74,1627.44,1361.5,21.45,9.36
1790686800,0xbc84F1c08492392524346927B9EA7E2899258545,2,0.0,2735.62,64.9,33.6,0.0,0.91
1790686800,0xda50a7E41BEb66B2a613bc22a206fb1cF34FFaE2,5,0.0,392.51,0.0,0.0,0.0,0.0
1790686800,0xebC11Ac4450E3eA74F5D65e5c0138A0C50a2DE4f,2,0.0,2735.62,33.6,64.9,-5.05,0.0
1790686800,0xeeF9421b5B5F982DA902999f19284b13f1bFc004,1,843.81,0.0,0.0,0.0,0.0,0.26
1790687700,0x15efc06FEa57Bda3ceA94A53D5426E78ed4651F3,3,23892.89,0.0,0.0,0.0,-312.76,4.78
1790687700,0x1c847e46576ba210189381C0c512C58278121d42,2,273.79,1368.02,7.0,0.0,0.0,0.0
1790687700,0x1f78Fb1234d2f9685fb35AcB1cf484eca83F8F63,2,1039.29,0.0,0.0,0.0,0.97,0.08
1790687700,0x2Fd96bd26E7a3c694DBD5ae5E2C29249a83b8a98,3,9994.8,0.0,0.0,0.0,0.0,0.0
1790687700,0x3aAa2bB57a0eFeA8F6f89423A923f7107c33471B,14,114302.77,1906.85,73.74,0.0,947.84,4.36
1790687700,0x3bf64B8c8ce86abDBcF44Fa5a559E27eb9F63Efb,2,0.0,2425.03,9.54,35.02,4.74,0.0
1790687700,0x464208450D83D124DDc27bEd5675935277325354,1,0.0,539.88,0.0,9.65,-27.83,0.66
1790687700,0x57D20F8aF5875aD611dC836f78e4992DDA5E6073,2,0.0,32047.85,0.0,152.1,0.0,0.0
1790687700,0x8E87D8308D439c88dDF48762AA5D3C99b8366a3a,15,134556.72,0.0,0.0,0.0,-518.63,13.28
1790687700,0x99f234842631aF24F8659CA6F1CFDB997534a301,1,0.0,5311.26,0.0,924.6,0.0,0.0
1790687700,0xA07429ACDC371eBB718ed8C136523172b6d6225A,2,0.0,2736.04,0.0,14.0,0.0,1.05
1790687700,0xA743829d789Ba3481B1566A9d8E2C3845a251D98,1,0.0,273.4,0.0,6.69,0.91,0.03
1790687700,0xDEbAAE06bde7Ab1c3DFfb61Be252468A286D5278,1,0.0,2.51,0.0,0.0,0.0,0.01
1790687700,0xE1DC5576b36c78C75e6Abf2E1B121Db20A6069b7,5,0.0,422910.93,131.29,877.9,-1.7,1.65
1790687700,0xE9a66f0e7208E45Dd9a6A5a3062D47ca76247c2a,2,0.0,2425.03,35.02,9.54,0.0,0.86
1790687700,0xF86fDfd001D7e7aD77E698FDd4dAC3B74518D999,2,0.0,422046.74,709.0,0.0,0.0,89.12
1790687700,0xbE6a74601C75433734Fe195ACa0b6B540Bff9745,1,0.0,9379.59,203.4,0.0,0.0,0.94
1790687700,0xbc84F1c08492392524346927B9EA7E2899258545,2,0.0,2733.99,35.8,64.09,-5.74,1.82
1790687700,0xda50a7E41BEb66B2a613bc22a206fb1cF34FFaE2,1,0.0,2.51,0.0,0.0,0.09,0.0
1790687700,0xebC11Ac4450E3eA74F5D65e5c0138A0C50a2DE4f,1,0.0,1367.02,0.0,35.8,0.0,0.0
1790687700,0xfE6e3099dc514A63bd2Fe79BD3d9e8a653bBAF06,1,0.0,5311.26,924.6,0.0,0.0,0.4
1790688600,0x15efc06FEa57Bda3ceA94A53D5426E78ed4651F3,17,56489.89,0.0,0.0,0.0,303.05,11.3
1790688600,0x1c847e46576ba210189381C0c512C58278121d42,7,0.0,3819.4,0.0,2.08,0.0,0.0
1790688600,0x1f78Fb1234d2f9685fb35AcB1cf484eca83F8F63,2,1097.18,0.0,0.0,0.0,1.16,0.08
1790688600,0x1fD0876eEAaB1Af9BbF3EeB70064bc03bf111718,2,1238.98,0.0,0.0,0.0,0.15,0.0
1790688600,0x21aa6DC573DA62abFD7E43C84bEF2DA4FE514053,2,969.89,0.0,0.0,0.0,-1.05,0.13
1790688600,0x2Fd96bd26E7a3c694DBD5ae5E2C29249a83b8a98,3,6990.38,0.0,0.0,0.0,0.95,0.0
1790688600,0x3aAa2bB57a0eFeA8F6f89423A923f7107c33471B,18,266101.67,899062.18,2638.0,3323.7,-730.75,15.01
1790688600,0x3bf64B8c8ce86abDBcF44Fa5a559E27eb9F63Efb,4,0.0,232965.1,1505.6,1517.0,507.32,0.0
1790688600,0x3d49dc57389da315394AeB6984C39Ea0dc4fa9C8,3,0.0,9250.67,82.0,19.8,-37.62,3.16
1790688600,0x57D20F8aF5875aD611dC836f78e4992DDA5E6073,7,0.0,76388.05,0.0,38.8,0.0,0.0
1790688600,0x7e040FC3950CeccCf16055aeA756a7a39c394CDC,1,0.0,8820.65,2865.0,0.0,-2189.08,0.66
1790688600,0x8B6458eC2E52f0281A413A2D7414ad7C6fc7eE8C,1,0.0,1363.06,0.0,20.0,-1.26,0.14
1790688600,0x8E87D8308D439c88dDF48762AA5D3C99b8366a3a,27,241794.84,0.0,0.0,0.0,-550.42,18.02
1790688600,0x8da08d7346c9cc74461d46fb1B2Ec44507E444Cb,1,0.0,39023.49,0.0,2126.4,934.07,3.9
1790688600,0x94ECb4C47D8E2CB07874A33a0141016254b46873,1,376.91,0.0,0.0,0.0,2.69,0.12
1790688600,0x978e3eb7997a9575cdE1799176829073d2876Fb9,2,1619.56,0.0,0.0,0.0,234.22,0.24
1790688600,0x97F0a007D8EaBb3ec1302E3198817d1b859a77Df,1,0.0,8198.42,135.0,0.0,-58.62,0.82
1790688600,0xA7Cd765b99e1d1DDC9Ce2344869c6704266F4E95,2,0.0,20685.17,0.0,1505.6,-330.38,7.21
1790688600,0xBC8015FA779be6ac91e5616f37e1768b8DbC16df,1,0.0,1763.28,7.2,0.0,0.0,0.0
1790688600,0xBD806701A38f94478Ce1868F9bEc5081085516Ec,1,0.0,42121.12,0.0,35.0,0.0,4.21
1790688600,0xBc4713b3B41726541D373e57518012302FfBFAa7,25,0.0,2166088.7,1669.02,0.0,0.0,216.13
1790688600,0xCDa43aF0E62ea12faE2BFF016557B6aB37Ec98B0,2,5000.41,0.0,0.0,0.0,0.0,1.5
1790688600,0xE1DC5576b36c78C75e6Abf2E1B121Db20A6069b7,12,0.0,1298865.92,2194.0,1169.44,0.95,6.42
1790688600,0xEA2Eec3dc92E860ca7c00DDa51f1AfbCD1fC2E73,4,13549.47,0.0,0.0,0.0,-250.1,1.88
1790688600,0xEAc2374016613765cF31afDB4AEB6f5d13a63726,3,0.0,233709.49,1435.0,2773.0,56.69,17.53
1790688600,0xEd36621aa98134b01d10005a912aA3Ff0E38ED3f,14,279.07,0.0,0.0,0.0,-1.15,0.0
1790688600,0xf526f7e6E4A20A9c5327D3024DBCB99b65Cc85f8,1,273.34,0.0,0.0,0.0,-6.24,0.09
1790689500,0x08363926b18277735DF2422dDD4564CAebAe77CB,1,0.0,2180.29,99.0,0.0,0.0,1.15
1790689500,0x0bB57a0b9e54a1dA4457C84aDbeBA59D4a430077,1,0.0,5809.14,0.0,69.6,0.0,2.24
1790689500,0x15efc06FEa57Bda3ceA94A53D5426E78ed4651F3,5,54612.56,0.0,0.0,0.0,0.0,10.93
1790689500,0x1f78Fb1234d2f9685fb35AcB1cf484eca83F8F63,5,2748.72,0.0,0.0,0.0,1.15,0.08
1790689500,0x1fD0876eEAaB1Af9BbF3EeB70064bc03bf111718,1,619.24,0.0,0.0,0.0,0.29,0.0
1790689500,0x2Fd96bd26E7a3c694DBD5ae5E2C29249a83b8a98,8,23996.69,0.0,0.0,0.0,5.1,0.0
1790689500,0x3aAa2bB57a0eFeA8F6f89423A923f7107c33471B,24,252673.59,5809.14,69.6,0.0,1276.58,16.81
1790689500,0x3bf64B8c8ce86abDBcF44Fa5a559E27eb9F63Efb,3,0.0,148157.47,22780.51,131.19,-1231.77,0.0
1790689500,0x57D20F8aF5875aD611dC836f78e4992DDA5E6073,2,0.0,10632.47,0.3,8.93,2.7,0.0
1790689500,0x7B61332543d7EDc2AE27D06B7E7526636bB86F81,1,0.0,18843.97,290.64,0.0,0.0,1.88
1790689500,0x801209Bf04cfB7D37135CcDeA450C680dB26995C,2,0.0,88161.96,0.0,14080.0,0.0,0.0
1790689500,0x8E87D8308D439c88dDF48762AA5D3C99b8366a3a,41,351864.95,0.0,0.0,0.0,-839.96,22.33
1790689500,0x9801E9eA31867CF3215547413A38AFcF744Cf908,1,0.0,2727.48,0.0,0.3,-4.11,0.54
1790689500,0xBFc18bd7c77B20e9611F1526043153Baf6c19ceE,3,0.0,26470.39,39.34,6.67,-5.21,6.64
1790689500,0xCDa43aF0E62ea12faE2BFF016557B6aB37Ec98B0,5,15002.36,0.0,0.0,0.0,0.0,4.5
1790689500,0xE1DC5576b36c78C75e6Abf2E1B121Db20A6069b7,9,29999.61,66644.13,6.67,1317.69,-255.07,1.44
1790689500,0xEA2Eec3dc92E860ca7c00DDa51f1AfbCD1fC2E73,2,6549.97,0.0,0.0,0.0,0.0,0.98
1790689500,0xF7957c8b20DbD3FcA93686B07679aee8e6755c43,3,16677.61,0.0,0.0,0.0,-86.71,0.0
1790689500,0xb4B8Bd706d926c579DDd24759bbb4C2460734Df9,1,0.0,145269.6,0.0,22780.51,0.0,44.08
1790689500,0xd091309F2E749F40af1d94E5c36C0d09ebE481fc,1,0.0,707.58,32.19,0.0,0.0,0.71
1790689500,0xef698DFC8Be573EE20cA86842C15deC0A9C9c44D,1,0.0,299.39,3.63,0.0,0.0,0.03
1790689500,0xefda046FD58152fD477A7362f6893eB164ce2112,1,0.0,28935.36,993.01,0.0,0.0,9.18
1790689500,0xfE6e3099dc514A63bd2Fe79BD3d9e8a653bBAF06,17,79293.1,88161.96,14080.0,0.0,0.0,18.76
1790690400,0x0ED2F5A37c29a605f47b12dBA90c46dee9c17580,1,192.61,0.0,0.0,0.0,0.0,0.02
1790690400,0x15C3811148d50CF1733462f58e7185b8dB3eED18,1,0.0,7611.17,3.08,0.0,0.0,0.39
1790690400,0x15efc06FEa57Bda3ceA94A53D5426E78ed4651F3,4,1941.86,0.0,0.0,0.0,0.0,0.39
1790690400,0x18731d55B669c463Ba1801f045881BA8673699d2,1,0.0,13606.42,165.5,0.0,0.0,4.58
1790690400,0x1c847e46576ba210189381C0c512C58278121d42,8,0.0,8001.17,0.0,3.59,0.0,0.0
1790690400,0x1f78Fb1234d2f9685fb35AcB1cf484eca83F8F63,2,1170.17,0.0,0.0,0.0,0.5,0.09
1790690400,0x1fD0876eEAaB1Af9BbF3EeB70064bc03bf111718,1,619.53,0.0,0.0,0.0,0.0,0.0
1790690400,0x21aa6DC573DA62abFD7E43C84bEF2DA4FE514053,7,2293.8,0.0,0.0,0.0,-7.26,0.28
1790690400,0x2Fd96bd26E7a3c694DBD5ae5E2C29249a83b8a98,11,31937.16,0.0,0.0,0.0,40.13,0.0
1790690400,0x3aAa2bB57a0eFeA8F6f89423A923f7107c33471B,24,308012.72,86096.52,20157.26,16401.86,699.26,15.0
1790690400,0x3bf64B8c8ce86abDBcF44Fa5a559E27eb9F63Efb,4,0.0,409995.75,28239.74,17582.14,1431.53,0.0
1790690400,0x42d30F10216Ad02c349023C29ba6F2A91A74F206,2,0.0,28327.4,275.61,66.69,0.0,4.75
1790690400,0x57D20F8aF5875aD611dC836f78e4992DDA5E6073,2,0.0,31843.92,0.0,28.05,0.0,0.0
1790690400,0x8B6458eC2E52f0281A413A2D7414ad7C6fc7eE8C,1,0.0,1360.93,0.0,20.6,-1.43,0.91
1790690400,0x8E87D8308D439c88dDF48762AA5D3C99b8366a3a,53,400651.59,0.0,0.0,0.0,-36.87,43.41
1790690400,0x9040220eD3BE28E5d65B3631C88F2e3bDb7C3788,10,21725.95,481535.56,32547.63,48397.0,-2519.03,80.25
1790690400,0x978e3eb7997a9575cdE1799176829073d2876Fb9,1,8875.23,0.0,0.0,0.0,0.0,0.0
1790690400,0xB90134C652814890691671c849381A0B3cdD0247,8,19514.2,0.0,0.0,0.0,0.0,5.89
1790690400,0xBC8015FA779be6ac91e5616f37e1768b8DbC16df,5,2005.89,1360.93,20.6,0.0,-17.48,0.3
1790690400,0xBFc18bd7c77B20e9611F1526043153Baf6c19ceE,1,0.0,10588.3,0.0,16.02,-20.58,2.5
1790690400,0xBc4713b3B41726541D373e57518012302FfBFAa7,5,0.0,1013002.41,1013.47,0.0,0.0,129.18
1790690400,0xE04D579D3cD722ae66F58b48bB7881077Ac20c5B,1,119.67,0.0,0.0,0.0,-0.47,0.05
1790690400,0xE1DC5576b36c78C75e6Abf2E1B121Db20A6069b7,21,39994.1,1048295.67,41.2,1016.55,-555.38,1.43
1790690400,0xEA2Eec3dc92E860ca7c00DDa51f1AfbCD1fC2E73,7,16700.4,0.0,0.0,0.0,314.03,0.92
1790690400,0xEAc2374016613765cF31afDB4AEB6f5d13a63726,1,0.0,457349.78,0.0,196.18,0.0,0.0
1790690400,0xEE8173A6C17356Aa0f36A9Ac94E66a1e9Db154d2,1,0.0,2422.67,0.0,4.54,0.0,1.07
1790690400,0xEd36621aa98134b01d10005a912aA3Ff0E38ED3f,6,119.92,0.0,0.0,0.0,-0.32,0.0
1790690400,0xEe3361A43B2290E9b72990771853d3817e296248,1,0.0,14556.71,1436.37,0.0,0.0,4.87
1790690400,0xF7957c8b20DbD3FcA93686B07679aee8e6755c43,4,11010.65,0.0,0.0,0.0,67.89,0.0
1790690400,0xaCcE84585E4E921d4530696C00284E37e545CA3E,1,2021.92,0.0,0.0,0.0,0.0,0.0
1790690400,0xb6Dc4878775b2bED259cb44A0f68bC4905af624e,3,0.0,482523.74,207.18,0.0,0.0,26.9
1790690400,0xebC11Ac4450E3eA74F5D65e5c0138A0C50a2DE4f,3,0.0,41933.83,66.69,441.11,0.0,0.0
1790690400,0xfE6e3099dc514A63bd2Fe79BD3d9e8a653bBAF06,3,17500.0,0.0,0.0,0.0,666.03,0.0
1790691300,0x01a800A44E2E23FaA9dcB22521ec8ad026666EBd,1,0.0,271.39,0.1,0.0,0.0,0.01
1790691300,0x15efc06FEa57Bda3ceA94A53D5426E78ed4651F3,8,79689.81,0.0,0.0,0.0,-3.93,15.93
1790691300,0x1c847e46576ba210189381C0c512C58278121d42,8,0.0,4342.24,0.0,2.36,0.0,0.0
1790691300,0x1f78Fb1234d2f9685fb35AcB1cf484eca83F8F63,2,1016.49,0.0,0.0,0.0,-0.57,0.07
1790691300,0x21aa6DC573DA62abFD7E43C84bEF2DA4FE514053,4,387.27,0.0,0.0,0.0,-6.41,0.0
1790691300,0x2Fd96bd26E7a3c694DBD5ae5E2C29249a83b8a98,13,36322.24,0.0,0.0,0.0,37.64,0.0
1790691300,0x3aAa2bB57a0eFeA8F6f89423A923f7107c33471B,11,138082.78,6788.9,93.27,197.45,-259.26,0.0
1790691300,0x42d30F10216Ad02c349023C29ba6F2A91A74F206,2,0.0,5003.84,49.31,13.34,0.0,1.25
1790691300,0x57D20F8aF5875aD611dC836f78e4992DDA5E6073,1,0.0,271.55,0.04,0.0,0.0,0.0
1790691300,0x615641d624CFB98683176F491E4C28F68E2AbA09,4,0.0,1085.83,0.22,0.14,-1.61,1.53
1790691300,0x88e39b2B51590822D0F3EEd45d3ac72Bf63b205a,2,0.0,3041.02,506.62,0.0,0.0,1.91
1790691300,0x8B6458eC2E52f0281A413A2D7414ad7C6fc7eE8C,1,0.0,2715.6,0.0,45.2,1.64,1.31
1790691300,0x8E87D8308D439c88dDF48762AA5D3C99b8366a3a,78,658745.13,0.0,0.0,0.0,233.38,91.18
1790691300,0x9040220eD3BE28E5d65B3631C88F2e3bDb7C3788,1,3622.36,0.0,0.0,0.0,10.2,1.1
1790691300,0x9223ec2af1523d4A6b4230190960BF77D8BF5F72,5,0.0,16285.11,36.75,113.67,5.48,3.44
1790691300,0x94ECb4C47D8E2CB07874A33a0141016254b46873,1,328.39,0.0,0.0,0.0,0.28,0.11
1790691300,0x978e3eb7997a9575cdE1799176829073d2876Fb9,2,5196.08,0.0,0.0,0.0,0.0,0.24
1790691300,0xA48232D674F993126945B9158d8eD64320883567,2,0.0,3963.81,0.0,7.08,0.0,0.0
1790691300,0xB90134C652814890691671c849381A0B3cdD0247,21,61179.2,0.0,0.0,0.0,0.0,18.49
1790691300,0xBC8015FA779be6ac91e5616f37e1768b8DbC16df,1,0.0,2715.6,45.2,0.0,0.0,0.0
1790691300,0xBc4713b3B41726541D373e57518012302FfBFAa7,4,0.0,408758.04,744.83,0.0,0.0,94.6
1790691300,0xCDa43aF0E62ea12faE2BFF016557B6aB37Ec98B0,14,35011.04,0.0,0.0,0.0,0.0,10.5
1790691300,0xD346cf90e5e7fDe0AAdaAac50877553fdd54250a,33,499815.74,0.0,0.0,0.0,0.0,49.95
1790691300,0xE1DC5576b36c78C75e6Abf2E1B121Db20A6069b7,20,59998.13,814496.01,501.64,737.75,-754.64,0.3
1790691300,0xEA2Eec3dc92E860ca7c00DDa51f1AfbCD1fC2E73,1,467.07,0.0,0.0,0.0,19.23,0.0
1790691300,0xEAc2374016613765cF31afDB4AEB6f5d13a63726,8,0.0,418439.66,20.4,845.42,5.88,30.4
1790691300,0xEd36621aa98134b01d10005a912aA3Ff0E38ED3f,4,79.59,0.0,0.0,0.0,0.0,0.0
1790691300,0xFfd6339DA9D6a8D84FD5b323a6088441947A10B3,1,0.0,63797.59,0.0,192.62,0.0,9.57
1790691300,0xbE6a74601C75433734Fe195ACa0b6B540Bff9745,1,0.0,63797.59,192.62,0.0,0.0,6.38
1790691300,0xebC11Ac4450E3eA74F5D65e5c0138A0C50a2DE4f,2,0.0,5003.84,13.34,49.31,0.0,0.0
1790692200,0x05cfF5B6DC5697AA54200b42c51ee54aFE5eF875,1,0.0,877.34,7.9,0.0,8.1,0.76
1790692200,0x0bc091C77Ff0D4Df68331B4e2eD6BcDC687F7dFb,2,0.0,33373.57,368.0,0.0,0.0,5.01
1790692200,0x15efc06FEa57Bda3ceA94A53D5426E78ed4651F3,11,59267.61,0.0,0.0,0.0,-71.6,11.85
1790692200,0x1c847e46576ba210189381C0c512C58278121d42,2,995.07,877.34,0.0,7.9,0.0,0.0
1790692200,0x1f78Fb1234d2f9685fb35AcB1cf484eca83F8F63,2,1102.22,0.0,0.0,0.0,1.34,0.08
1790692200,0x1fD0876eEAaB1Af9BbF3EeB70064bc03bf111718,7,4527.26,0.0,0.0,0.0,18.94,0.29
1790692200,0x21aa6DC573DA62abFD7E43C84bEF2DA4FE514053,3,263.09,0.0,0.0,0.0,-4.11,0.0
1790692200,0x2Fd96bd26E7a3c694DBD5ae5E2C29249a83b8a98,42,125067.71,0.0,0.0,0.0,8.4,0.0
1790692200,0x2e166773554e6366593C3dC34c5778AFA1DC77E5,1,0.0,34545.82,1216.33,0.0,0.0,10.86
1790692200,0x31a4A6460ddd9cB59Eff21df7b149c1683c9089C,1,0.0,127.61,2.68,0.0,0.0,0.54
1790692200,0x3aAa2bB57a0eFeA8F6f89423A923f7107c33471B,27,190141.36,34953.02,0.0,1287.48,54.44,0.0
1790692200,0x3bf64B8c8ce86abDBcF44Fa5a559E27eb9F63Efb,5,0.0,97555.58,0.0,559.2,-44.91,0.0
1790692200,0x57D20F8aF5875aD611dC836f78e4992DDA5E6073,1,0.0,10862.81,0.0,116.8,0.0,0.0
1790692200,0x88e39b2B51590822D0F3EEd45d3ac72Bf63b205a,3,0.0,977.94,135.65,0.0,0.0,1.23
1790692200,0x8E87D8308D439c88dDF48762AA5D3C99b8366a3a,120,409110.06,0.0,0.0,0.0,188.27,37.66
1790692200,0x978e3eb7997a9575cdE1799176829073d2876Fb9,5,2967.74,0.0,0.0,0.0,-89.2,0.45
1790692200,0xA48232D674F993126945B9158d8eD64320883567,2,0.0,3956.65,0.0,4.16,0.0,0.0
1790692200,0xB90134C652814890691671c849381A0B3cdD0247,67,142672.92,0.0,0.0,0.0,0.0,43.13
1790692200,0xBC8015FA779be6ac91e5616f37e1768b8DbC16df,2,1996.76,0.0,0.0,0.0,0.0,0.3
1790692200,0xBc4713b3B41726541D373e57518012302FfBFAa7,9,0.0,1149116.64,1623.56,0.0,0.0,206.44
1790692200,0xCDa43aF0E62ea12faE2BFF016557B6aB37Ec98B0,31,75028.08,0.0,0.0,0.0,0.0,22.5
1790692200,0xD9884e6f8a8Bc801E24bB19E371d71D626C22680,2,0.0,326172.11,0.0,1628.0,0.0,62.42
1790692200,0xE1DC5576b36c78C75e6Abf2E1B121Db20A6069b7,20,55967.05,1778631.83,1707.37,1653.2,-561.07,0.84
1790692200,0xEA2Eec3dc92E860ca7c00DDa51f1AfbCD1fC2E73,3,1954.12,0.0,0.0,0.0,-53.6,0.0
1790692200,0xEAc2374016613765cF31afDB4AEB6f5d13a63726,4,0.0,765171.5,771.0,454.57,0.0,30.36
1790692200,0xEd36621aa98134b01d10005a912aA3Ff0E38ED3f,1,19.9,0.0,0.0,0.0,-0.04,0.0
1790692200,0xFfd6339DA9D6a8D84FD5b323a6088441947A10B3,1,0.0,63782.69,157.82,0.0,7.55,17.67
1790692200,0xbbdC7574bEf07dFF935b2dF79350535c4266Cf88,2,0.0,252862.64,266.0,279.0,-17.02,36.25
1790692200,0xebC11Ac4450E3eA74F5D65e5c0138A0C50a2DE4f,1,0.0,1258.81,0.0,266.0,0.0,0.0
1790693100,0x05cfF5B6DC5697AA54200b42c51ee54aFE5eF875,1,0.0,878.58,0.0,22.8,0.0,0.76
1790693100,0x15efc06FEa57Bda3ceA94A53D5426E78ed4651F3,5,38538.39,0.0,0.0,0.0,-127.37,7.71
1790693100,0x1c847e46576ba210189381C0c512C58278121d42,1,0.0,542.07,0.0,0.22,0.0,0.0
1790693100,0x1f78Fb1234d2f9685fb35AcB1cf484eca83F8F63,2,549.96,878.58,22.8,0.0,0.0,0.0
1790693100,0x21aa6DC573DA62abFD7E43C84bEF2DA4FE514053,1,512.01,0.0,0.0,0.0,0.0,0.08
1790693100,0x2Fd96bd26E7a3c694DBD5ae5E2C29249a83b8a98,16,51037.87,0.0,0.0,0.0,18.81,0.0
1790693100,0x3aAa2bB57a0eFeA8F6f89423A923f7107c33471B,9,164558.85,0.0,0.0,0.0,116.58,11.89
1790693100,0x3bf64B8c8ce86abDBcF44Fa5a559E27eb9F63Efb,2,0.0,3045.62,156.56,143.19,50.54,0.0
1790693100,0x42974A167De3F098cEf1Ffbf5f250D33a9200520,2,0.0,5248.71,154.78,156.56,0.23,1.55
1790693100,0x442A893d9e2284D56644F60ee7f62D210FdeFb77,2,0.0,5434.51,148.8,0.0,0.0,1.44
1790693100,0x54c6cA65F53Bf4E6A19FD656e6964F2Fa815C136,1,0.0,49662.55,1443.05,0.0,0.0,4.97
1790693100,0x7fC86906A12581A60F13dFC69F6032025C363A96,1,0.0,10050.35,540.12,0.0,0.0,1.01
1790693100,0x8B6458eC2E52f0281A413A2D7414ad7C6fc7eE8C,1,0.0,2717.26,74.4,0.0,0.0,0.27
1790693100,0x8E87D8308D439c88dDF48762AA5D3C99b8366a3a,32,226582.6,0.0,0.0,0.0,247.06,19.99
1790693100,0x993D64b1BFEFd4b1eFdd68B7736c2ee1CA58Cca7,1,0.0,2715.65,44.5,0.0,0.0,1.31
1790693100,0xA48232D674F993126945B9158d8eD64320883567,1,0.0,1983.6,0.0,54.31,0.0,0.0
1790693100,0xB90134C652814890691671c849381A0B3cdD0247,15,32593.42,0.0,0.0,0.0,0.0,9.85
1790693100,0xBC8015FA779be6ac91e5616f37e1768b8DbC16df,3,1996.27,0.0,0.0,0.0,0.0,0.3
1790693100,0xBD806701A38f94478Ce1868F9bEc5081085516Ec,2,0.0,81286.74,0.0,185.5,0.0,11.34
1790693100,0xBc4713b3B41726541D373e57518012302FfBFAa7,1,0.0,7306.48,12.64,0.0,0.0,2.08
1790693100,0xE1DC5576b36c78C75e6Abf2E1B121Db20A6069b7,16,55991.47,158003.54,185.72,2264.18,-851.36,10.05
1790693100,0xbE6a74601C75433734Fe195ACa0b6B540Bff9745,1,0.0,2622.52,0.0,154.78,-53.85,0.26
1790693100,0xbbdC7574bEf07dFF935b2dF79350535c4266Cf88,3,0.0,1962211.94,1765.6,1944.0,620.08,245.63
1790693100,0xebC11Ac4450E3eA74F5D65e5c0138A0C50a2DE4f,3,0.0,1962211.94,1944.0,1765.6,56.0,0.0
1790693100,0xf76aE632124c2b48819fCECcE51Ab9e7D58b7dAC,2,0.0,690.95,198.16,0.0,0.0,1.21
1790694000,0x05cfF5B6DC5697AA54200b42c51ee54aFE5eF875,3,0.0,277.27,0.0,0.0,-3.76,0.44
1790694000,0x15efc06FEa57Bda3ceA94A53D5426E78ed4651F3,45,225156.07,0.0,0.0,0.0,-189.41,40.35
1790694000,0x1c847e46576ba210189381C0c512C58278121d42,5,1987.08,1615.17,0.0,1.02,-18.5,0.0
1790694000,0x1f78Fb1234d2f9685fb35AcB1cf484eca83F8F63,4,2154.91,0.0,0.0,0.0,2.07,0.24
1790694000,0x1fD0876eEAaB1Af9BbF3EeB70064bc03bf111718,4,2454.27,0.0,0.0,0.0,-6.89,0.09
1790694000,0x21aa6DC573DA62abFD7E43C84bEF2DA4FE514053,2,849.5,0.0,0.0,0.0,-1.91,0.11
1790694000,0x2Fd96bd26E7a3c694DBD5ae5E2C29249a83b8a98,24,80333.52,0.0,0.0,0.0,66.8,0.0
1790694000,0x3aAa2bB57a0eFeA8F6f89423A923f7107c33471B,31,446651.73,172988.1,3004.8,0.0,-161.87,54.44
1790694000,0x51efa467CC3B762063bfBE86Ee812E4D51193F68,1,1547.57,0.0,0.0,0.0,-5.05,0.47
1790694000,0x844bF59a715d1be6f7c4Cfc82E8C6a77FA637357,2,0.0,43050.36,411.53,113.03,0.0,6.96
1790694000,0x8E87D8308D439c88dDF48762AA5D3C99b8366a3a,70,711662.23,0.0,0.0,0.0,1050.57,34.7
1790694000,0x94ECb4C47D8E2CB07874A33a0141016254b46873,3,1068.4,0.0,0.0,0.0,-3.54,0.27
1790694000,0x94e002669D90cf09f8Cb9F6A9846B0A6A0873Ff3,1,0.0,136.63,0.0,0.0,0.0,0.12
1790694000,0x978e3eb7997a9575cdE1799176829073d2876Fb9,1,19.85,0.0,0.0,0.0,0.0,0.0
1790694000,0xA0D678cb6F48CA52720232361BfB376C46c2c5B0,1,1391.08,0.0,0.0,0.0,-7.74,0.14
1790694000,0xB90134C652814890691671c849381A0B3cdD0247,2,4047.67,0.0,0.0,0.0,0.0,1.22
1790694000,0xBC8015FA779be6ac91e5616f37e1768b8DbC16df,7,4513.26,0.0,0.0,0.0,0.0,0.68
1790694000,0xE1DC5576b36c78C75e6Abf2E1B121Db20A6069b7,19,100478.53,2775.13,8.85,0.0,-2068.29,0.12
1790694000,0xEA2Eec3dc92E860ca7c00DDa51f1AfbCD1fC2E73,1,615.2,0.0,0.0,0.0,0.0,0.0
1790694000,0xEAc2374016613765cF31afDB4AEB6f5d13a63726,3,0.0,201930.0,0.0,3214.43,0.0,12.97
1790694000,0xEd36621aa98134b01d10005a912aA3Ff0E38ED3f,16,317.85,0.0,0.0,0.0,0.57,0.0
1790694000,0xF7957c8b20DbD3FcA93686B07679aee8e6755c43,3,12806.7,0.0,0.0,0.0,353.81,0.0
1790694000,0xb130601BC7cd33bDB909d5e6db6ee2Dc9E995c9e,2,43.22,1159.96,0.0,7.83,-0.84,0.87
1790694000,0xda50a7E41BEb66B2a613bc22a206fb1cF34FFaE2,2,0.0,140.64,0.0,0.0,0.0,0.0
1790694000,0xebC11Ac4450E3eA74F5D65e5c0138A0C50a2DE4f,2,0.0,43050.36,113.03,411.53,0.0,0.0
1790694000,0xfB39EEE697e63A5d13b6c104fA2E043C87E4A816,1,0.0,28941.9,209.62,0.0,0.0,9.18
1790694000,0xfE6e3099dc514A63bd2Fe79BD3d9e8a653bBAF06,3,21725.0,0.0,0.0,0.0,982.54,0.0
1790694900,0x01a800A44E2E23FaA9dcB22521ec8ad026666EBd,1,0.0,2410.89,0.9,0.0,0.0,0.11
1790694900,0x0E2ff7EBcaF4fA9bbceaf408346aA97A68746ee2,4,0.0,54375.51,119.97,431.28,0.0,9.16
1790694900,0x15efc06FEa57Bda3ceA94A53D5426E78ed4651F3,18,50621.4,0.0,0.0,0.0,-10.74,10.12
1790694900,0x1c847e46576ba210189381C0c512C58278121d42,12,3524.69,3775.03,0.0,1.98,-57.33,0.0
1790694900,0x1f78Fb1234d2f9685fb35AcB1cf484eca83F8F63,2,1151.23,0.0,0.0,0.0,0.0,0.0
1790694900,0x1fD0876eEAaB1Af9BbF3EeB70064bc03bf111718,3,1905.88,0.0,0.0,0.0,21.33,0.0
1790694900,0x21aa6DC573DA62abFD7E43C84bEF2DA4FE514053,3,1818.22,0.0,0.0,0.0,-3.33,0.26
1790694900,0x2Fd96bd26E7a3c694DBD5ae5E2C29249a83b8a98,9,24085.39,0.0,0.0,0.0,174.24,0.01
1790694900,0x2b7568475cb3feC0b22177fe5751E0bC4289F7F9,1,0.0,5364.67,894.0,0.0,0.0,0.54
1790694900,0x2e166773554e6366593C3dC34c5778AFA1DC77E5,1,0.0,6225.84,220.35,0.0,0.0,0.62
1790694900,0x37Dbb43A23f958481d66c60E79a3750D2988a495,4,0.0,83170.61,38.5,36.75,-13.16,11.41
1790694900,0x3aAa2bB57a0eFeA8F6f89423A923f7107c33471B,23,326146.48,0.0,0.0,0.0,-1531.06,0.0
1790694900,0x3bC87b88c654b929ABcfD15db27bc3aEaAc17bEf,2,0.0,5375.07,5.4,0.0,0.0,1.01
1790694900,0x3bf64B8c8ce86abDBcF44Fa5a559E27eb9F63Efb,3,0.0,33869.46,185.28,243.07,0.0,0.0
1790694900,0x51efa467CC3B762063bfBE86Ee812E4D51193F68,1,1992.32,0.0,0.0,0.0,-21.88,0.61
1790694900,0x57D20F8aF5875aD611dC836f78e4992DDA5E6073,4,0.0,65032.83,0.0,102.9,0.0,0.0
1790694900,0x7e040FC3950CeccCf16055aeA756a7a39c394CDC,1,0.0,48111.03,0.0,59.4,0.0,3.61
1790694900,0x889a18bc957a848c89000812706A5A9E0397E39f,2,0.0,12451.92,205.6,220.35,10.01,4.74
1790694900,0x8B6458eC2E52f0281A413A2D7414ad7C6fc7eE8C,1,0.0,2687.8,0.0,86.4,10.42,1.31
1790694900,0x8E87D8308D439c88dDF48762AA5D3C99b8366a3a,42,357125.46,0.0,0.0,0.0,3537.76,43.08
1790694900,0x8eeAd349E6730E1c90198D23B9401B564148921c,1,0.0,267.69,0.0,5.0,2.67,0.03
1790694900,0x94ECb4C47D8E2CB07874A33a0141016254b46873,1,327.3,0.0,0.0,0.0,-3.22,0.11
1790694900,0x9510e225165363C31b09462AEA128D81Eb86402a,1,0.0,1283.13,0.0,7.86,3.75,0.13
1790694900,0x974a65a2E275a3a82a76F4F960016bB1AE81b9d2,2,0.0,5375.35,44.5,0.0,0.0,2.11
1790694900,0x978e3eb7997a9575cdE1799176829073d2876Fb9,5,28920.39,0.0,0.0,0.0,479.05,4.33
1790694900,0x9b0cFA748c7Ca58CF2f17B396EdcFDdD1f74AD6E,2,0.0,16113.22,344.4,68.4,0.0,2.92
1790694900,0xB90134C652814890691671c849381A0B3cdD0247,6,12053.24,0.0,0.0,0.0,0.0,3.65
1790694900,0xBC8015FA779be6ac91e5616f37e1768b8DbC16df,2,0.0,9345.8,105.6,0.0,0.0,0.0
1790694900,0xC717DD4dBDdc98E62D264B0ca790195BF0579FAa,2,0.0,58631.44,481.56,499.09,11.43,12.87
1790694900,0xE1DC5576b36c78C75e6Abf2E1B121Db20A6069b7,21,14999.6,265152.41,1075.53,1405.06,516.45,4.68
1790694900,0xEA2Eec3dc92E860ca7c00DDa51f1AfbCD1fC2E73,3,49996.39,0.0,0.0,0.0,0.0,7.52
1790694900,0xEAc2374016613765cF31afDB4AEB6f5d13a63726,2,0.0,23139.73,21.5,0.9,100.69,0.11
1790694900,0xEd36621aa98134b01d10005a912aA3Ff0E38ED3f,6,119.38,0.0,0.0,0.0,1.56,0.0
1790694900,0xb130601BC7cd33bDB909d5e6db6ee2Dc9E995c9e,1,42.89,0.0,0.0,0.0,0.29,0.02
1790694900,0xbE93C7e421B1907e0eF9c85E2799d21490741fa0,1,0.0,83274.8,0.0,376.0,0.0,33.81
1790694900,0xbb05319CD62Ff29BdEC1567718d12B1da3b66aEe,3,0.0,24128.13,0.0,67.65,0.0,8.24
1790694900,0xeAd467C69b3e6aE86cfE8aac82bF942C74e3f233,1,0.0,2680.89,26.0,0.0,0.0,0.27
1790694900,0xebC11Ac4450E3eA74F5D65e5c0138A0C50a2DE4f,6,0.0,48220.71,314.4,471.4,-0.5,0.0
1790694900,0xfE6e3099dc514A63bd2Fe79BD3d9e8a653bBAF06,1,8655.2,0.0,0.0,0.0,426.52,1.3
1790695800,0x021d21f43d6d8921eF876Ec72f59E45820883B8F,1,0.0,24940.96,85.2,0.0,0.0,0.0
1790695800,0x0597D49735262ab42F7Fc5D91aC9939489aDEF26,1,1156.71,0.0,0.0,0.0,27.54,0.36
1790695800,0x06fCE0901B4FD85dADf2a46f04634C500e859E2c,1,670.0,0.0,0.0,0.0,0.0,0.07
1790695800,0x0bB57a0b9e54a1dA4457C84aDbeBA59D4a430077,1,0.0,5581.47,0.0,90.0,0.0,0.56
1790695800,0x1163f0E0A9210E389a53F138Ed0e27129d4eC7a4,1,0.0,965.14,48.58,0.0,0.0,0.1
1790695800,0x121920135C001138FA20818c02fB81Ea99D5F72E,4,0.0,762.29,0.0,0.0,-23.27,1.15
1790695800,0x15efc06FEa57Bda3ceA94A53D5426E78ed4651F3,1,86.66,0.0,0.0,0.0,0.51,0.02
1790695800,0x17E42103D7cB7AE387a15896c9543E18c707d851,1,0.0,128.68,0.0,0.0,0.0,0.19
1790695800,0x1ae699Ac5B2f7b3cDe6424279c41Af76fe555Cc4,2,0.0,80484.53,1703.0,0.0,0.0,25.15
1790695800,0x21aa6DC573DA62abFD7E43C84bEF2DA4FE514053,4,566.38,0.0,0.0,0.0,-15.55,0.0
1790695800,0x2Fd96bd26E7a3c694DBD5ae5E2C29249a83b8a98,7,19144.12,0.0,0.0,0.0,79.61,0.0
1790695800,0x2e166773554e6366593C3dC34c5778AFA1DC77E5,1,0.0,913.59,32.32,0.0,0.0,0.09
1790695800,0x3aAa2bB57a0eFeA8F6f89423A923f7107c33471B,10,40467.33,52463.08,1642.4,103.65,-171.95,0.0
1790695800,0x3bf64B8c8ce86abDBcF44Fa5a559E27eb9F63Efb,1,0.0,24939.26,0.0,34.13,-97.87,0.0
1790695800,0x3c8BDD93FE3b3115D74Fd61693921A4F133fE065,2,2680.36,0.0,0.0,0.0,0.0,0.81
1790695800,0x42974A167De3F098cEf1Ffbf5f250D33a9200520,2,0.0,1827.99,30.21,32.32,1.27,0.83
1790695800,0x49078033F7c6Bca17C76e3C7A3cB4249F17D38d0,1,0.0,831.73,19.23,0.0,0.0,0.08
1790695800,0x57D20F8aF5875aD611dC836f78e4992DDA5E6073,1,0.0,20763.71,0.0,81.25,0.0,0.0
1790695800,0x6223038275e55fc879EB7e9a792e9165C73AF1a7,1,0.0,31428.4,168.91,0.0,0.0,9.93
1790695800,0x6871C2994A2A8089efb4dE8417b783cF42c8FB9b,2,0.0,41570.37,15888.0,8.75,0.0,6.06
1790695800,0x801209Bf04cfB7D37135CcDeA450C680dB26995C,4,0.0,145295.08,160.75,19458.0,730.0,0.0
1790695800,0x87b8df4f8a95b719fda56ca067BE9F4C5687A694,2,1396.83,5581.47,90.0,0.0,0.0,2.6
1790695800,0x8D8Bf13C6Ebc8cF6113aF48f6588Bf628e2Ef5bb,1,0.0,33263.07,0.0,1642.4,186.84,10.48
1790695800,0x8E87D8308D439c88dDF48762AA5D3C99b8366a3a,26,94403.2,0.0,0.0,0.0,166.63,9.92
1790695800,0x978e3eb7997a9575cdE1799176829073d2876Fb9,1,1396.83,0.0,0.0,0.0,0.0,0.0
1790695800,0xBCa12e0E7ed0629E522B5205597D72e823ECf584,2,0.0,49880.21,34.13,85.2,84.88,12.75
1790695800,0xC5Ba75e85b9f5a60A828B7F6F976fA15E6a10642,1,1742.9,0.0,0.0,0.0,0.0,0.53
1790695800,0xD063A49E2B926c46122a6fEEE5a255CDa9B105F9,1,0.0,17311.82,0.0,152.0,0.0,5.69
1790695800,0xE1DC5576b36c78C75e6Abf2E1B121Db20A6069b7,4,0.0,53988.97,81.25,236.72,215.37,1.69
1790695800,0xE46aD70633012C50f4fC050B1924223362f7c831,6,0.0,34907.55,132.14,0.0,0.0,6.74
1790695800,0xEAc2374016613765cF31afDB4AEB6f5d13a63726,2,0.0,16621.94,0.0,58.7,0.0,0.0
1790695800,0xda50a7E41BEb66B2a613bc22a206fb1cF34FFaE2,3,0.0,633.61,0.0,0.0,0.0,0.0
1790695800,0xebC11Ac4450E3eA74F5D65e5c0138A0C50a2DE4f,2,0.0,80484.53,0.0,1703.0,0.0,0.0
1790695800,0xfE6e3099dc514A63bd2Fe79BD3d9e8a653bBAF06,5,17285.82,0.0,0.0,0.0,877.62,2.59
1790696700,0x11a945E87EF48FDeF594fA4d70f7F16265fC39Cf,2,0.0,32126.1,1056.6,225.0,0.0,5.32
1790696700,0x13973424AD09cd00A47a41c8b2589D68c8daCa99,4,0.0,332.02,24.86,0.0,0.0,0.6
1790696700,0x15efc06FEa57Bda3ceA94A53D5426E78ed4651F3,10,31961.45,0.0,0.0,0.0,-79.98,6.39
1790696700,0x1c847e46576ba210189381C0c512C58278121d42,1,999.46,0.0,0.0,0.0,-18.75,0.0
1790696700,0x1f78Fb1234d2f9685fb35AcB1cf484eca83F8F63,1,549.36,0.0,0.0,0.0,0.0,0.0
1790696700,0x1fD0876eEAaB1Af9BbF3EeB70064bc03bf111718,3,1819.64,0.0,0.0,0.0,-0.83,0.09
1790696700,0x21aa6DC573DA62abFD7E43C84bEF2DA4FE514053,5,548.62,6893.23,0.0,44.0,-15.0,0.02
1790696700,0x2Fd96bd26E7a3c694DBD5ae5E2C29249a83b8a98,4,13996.22,0.0,0.0,0.0,83.8,0.0
1790696700,0x332981159688f809945e0bAA2534C81A8AaFa0ed,1,0.0,1122.22,0.0,54.86,14.37,0.11
1790696700,0x3580Ab9a98e50d959b881CB6c66ae3B14b07357A,1,0.0,2361.18,44.0,0.0,0.0,0.24
1790696700,0x3aAa2bB57a0eFeA8F6f89423A923f7107c33471B,9,41993.13,865.1,0.0,43.4,28.65,0.0
1790696700,0x57D20F8aF5875aD611dC836f78e4992DDA5E6073,1,0.0,20745.6,0.0,11.5,0.0,0.0
1790696700,0x626cf8dc1320D57D41D7bcC89E087bdED2CE5F21,1,0.0,86412.9,3570.0,0.0,0.0,26.42
1790696700,0x87b8df4f8a95b719fda56ca067BE9F4C5687A694,1,863.26,0.0,0.0,0.0,55.29,0.27
1790696700,0x8E87D8308D439c88dDF48762AA5D3C99b8366a3a,43,201317.67,0.0,0.0,0.0,323.41,17.1
1790696700,0x978e3eb7997a9575cdE1799176829073d2876Fb9,3,29492.95,0.0,0.0,0.0,457.83,4.42
1790696700,0xAAB98f1787EA33270626d44cEC3f184714643B91,1,0.0,865.1,43.4,0.0,0.0,0.76
1790696700,0xB90134C652814890691671c849381A0B3cdD0247,4,8049.48,0.0,0.0,0.0,0.0,2.43
1790696700,0xD15fB9d9FC203ED4530a0733546b4FB106C73f03,1,0.0,2361.18,0.0,44.0,0.0,1.21
1790696700,0xE1DC5576b36c78C75e6Abf2E1B121Db20A6069b7,3,0.0,28761.05,110.36,0.0,-26.75,2.04
1790696700,0xEA2Eec3dc92E860ca7c00DDa51f1AfbCD1fC2E73,1,606.74,0.0,0.0,0.0,0.0,0.0
1790696700,0xEd36621aa98134b01d10005a912aA3Ff0E38ED3f,3,59.89,0.0,0.0,0.0,0.07,0.0
1790696700,0xa58e2b15068a7Bf90fB4C9b9FE25eDB02C16623c,2,29413.78,0.0,0.0,0.0,-2648.85,5.88
1790696700,0xebC11Ac4450E3eA74F5D65e5c0138A0C50a2DE4f,6,0.0,32458.13,225.0,1081.45,0.0,0.0
1790696700,0xfE6e3099dc514A63bd2Fe79BD3d9e8a653bBAF06,4,25831.27,0.0,0.0,0.0,1416.49,1.29
1790697600,0x13973424AD09cd00A47a41c8b2589D68c8daCa99,4,0.0,107.02,10.6,0.0,0.0,0.53
1790697600,0x15efc06FEa57Bda3ceA94A53D5426E78ed4651F3,65,731359.14,0.0,0.0,0.0,497.75,115.5
1790697600,0x17E42103D7cB7AE387a15896c9543E18c707d851,1,0.0,279.7,0.0,0.0,0.0,0.42
1790697600,0x1Eb5d4c03A84530ccC8Bcb0194277BEf436C90b0,1,0.0,1898.34,11.71,0.0,0.0,1.07
1790697600,0x1f78Fb1234d2f9685fb35AcB1cf484eca83F8F63,3,1651.2,0.0,0.0,0.0,2.14,0.16
1790697600,0x1fD0876eEAaB1Af9BbF3EeB70064bc03bf111718,2,1215.4,0.0,0.0,0.0,0.61,0.09
1790697600,0x21aa6DC573DA62abFD7E43C84bEF2DA4FE514053,2,344.35,0.0,0.0,0.0,-10.68,0.0
1790697600,0x23EEC93D39FB5deDdd76CB15d95d2ee06B2A11D4,1,0.0,415.2,18.34,0.0,0.0,0.62
1790697600,0x2Fd96bd26E7a3c694DBD5ae5E2C29249a83b8a98,46,152383.59,0.0,0.0,0.0,149.82,0.0
1790697600,0x3aAa2bB57a0eFeA8F6f89423A923f7107c33471B,122,2368394.97,2454470.65,405890.5,261.82,-14693.76,255.01
1790697600,0x3bf64B8c8ce86abDBcF44Fa5a559E27eb9F63Efb,1,0.0,415.2,0.0,18.34,0.0,0.0
1790697600,0x53E202e4f11898686909953B1815D3216F7adD5E,1,0.0,12388.38,0.0,1058.42,93.11,4.22
1790697600,0x57D20F8aF5875aD611dC836f78e4992DDA5E6073,1,0.0,1898.34,0.0,11.71,0.0,0.0
1790697600,0x6Cf144eb80f885376Ce31c87521c2f34E0887431,2,372.19,0.0,0.0,0.0,-5.27,0.13
1790697600,0x7fC86906A12581A60F13dFC69F6032025C363A96,1,0.0,2671.06,123.7,0.0,0.0,1.3
1790697600,0x801209Bf04cfB7D37135CcDeA450C680dB26995C,1,0.0,17250.54,996.0,0.0,0.0,0.0
1790697600,0x8E87D8308D439c88dDF48762AA5D3C99b8366a3a,81,1347150.97,0.0,0.0,0.0,5852.08,46.96
1790697600,0x978e3eb7997a9575cdE1799176829073d2876Fb9,23,256018.13,0.0,0.0,0.0,3015.06,13.09
1790697600,0xB90134C652814890691671c849381A0B3cdD0247,2,4011.51,0.0,0.0,0.0,0.0,1.21
1790697600,0xE1DC5576b36c78C75e6Abf2E1B121Db20A6069b7,12,110004.31,1931809.07,1076.82,351005.54,2538.6,143.96
1790697600,0xE82eb99692104B4f467e4c9472ddf6e2eE555828,2,0.0,2272.98,18.0,18.4,-61.81,0.23
1790697600,0xEAc2374016613765cF31afDB4AEB6f5d13a63726,5,0.0,536359.83,0.0,55010.64,0.0,40.23
1790697600,0xF7957c8b20DbD3FcA93686B07679aee8e6755c43,12,394275.31,0.0,0.0,0.0,0.0,0.0
1790697600,0xFC9533d3ED677ec80A2B30183be3495124E52dc6,1,0.0,17250.54,0.0,996.0,0.0,5.68
1790697600,0xb9aD4093fA0A1A9DF518f26254BB42c7059040A4,5,0.0,669.92,0.0,0.0,-15.78,1.02
1790697600,0xda50a7E41BEb66B2a613bc22a206fb1cF34FFaE2,4,0.0,390.23,0.0,0.0,0.0,0.0
1790697600,0xdb22bA8f4C793835be33EFaF8A3691FBeF34BE36,1,0.0,430.02,138.12,0.0,25.72,0.63
1790697600,0xe40DdC7Cf5F81b19505684dE865FE9fBA1a58D64,1,0.0,2137.97,107.68,0.0,0.0,0.21
1790697600,0xebC11Ac4450E3eA74F5D65e5c0138A0C50a2DE4f,4,0.0,107.02,0.0,10.6,0.01,0.0
1790697600,0xeeF9421b5B5F982DA902999f19284b13f1bFc004,3,2490.28,0.0,0.0,0.0,13.46,0.6
1790698500,0x021d21f43d6d8921eF876Ec72f59E45820883B8F,1,0.0,5828.27,0.0,63.77,4.34,0.0
1790698500,0x15efc06FEa57Bda3ceA94A53D5426E78ed4651F3,1,999.76,0.0,0.0,0.0,-8.73,0.2
1790698500,0x1c847e46576ba210189381C0c512C58278121d42,1,0.0,1664.81,0.0,1.2,0.0,0.0
1790698500,0x1f78Fb1234d2f9685fb35AcB1cf484eca83F8F63,2,1099.85,0.0,0.0,0.0,1.03,0.08
1790698500,0x21aa6DC573DA62abFD7E43C84bEF2DA4FE514053,4,784.43,0.0,0.0,0.0,-20.84,0.0
1790698500,0x2Fd96bd26E7a3c694DBD5ae5E2C29249a83b8a98,2,5987.04,0.0,0.0,0.0,-2.33,0.0
1790698500,0x3aAa2bB57a0eFeA8F6f89423A923f7107c33471B,7,90870.29,0.0,0.0,0.0,-847.83,0.0
1790698500,0x57D20F8aF5875aD611dC836f78e4992DDA5E6073,1,0.0,5352.64,0.0,5.4,0.0,0.0
1790698500,0x8E87D8308D439c88dDF48762AA5D3C99b8366a3a,19,140737.03,0.0,0.0,0.0,51.23,20.74
1790698500,0x978e3eb7997a9575cdE1799176829073d2876Fb9,1,1000.02,0.0,0.0,0.0,13.65,0.15
1790698500,0xA48232D674F993126945B9158d8eD64320883567,1,0.0,5352.64,5.4,0.0,0.0,0.4
1790698500,0xBC8015FA779be6ac91e5616f37e1768b8DbC16df,3,0.0,4134.85,0.0,11.8,0.0,0.0
1790698500,0xBFc18bd7c77B20e9611F1526043153Baf6c19ceE,5,0.0,6516.01,13.0,3.01,-1.86,3.97
1790698500,0xE1DC5576b36c78C75e6Abf2E1B121Db20A6069b7,4,39995.64,6544.61,66.78,0.0,-26.25,0.44
1790699400,0x15efc06FEa57Bda3ceA94A53D5426E78ed4651F3,8,3621.84,0.0,0.0,0.0,-19.64,0.72
1790699400,0x1c847e46576ba210189381C0c512C58278121d42,3,2990.9,0.0,0.0,0.0,-94.61,0.0
1790699400,0x1f78Fb1234d2f9685fb35AcB1cf484eca83F8F63,1,549.9,0.0,0.0,0.0,0.0,0.0
1790699400,0x1fD0876eEAaB1Af9BbF3EeB70064bc03bf111718,5,3002.5,0.0,0.0,0.0,2.84,0.09
1790699400,0x21aa6DC573DA62abFD7E43C84bEF2DA4FE514053,2,970.27,0.0,0.0,0.0,-3.51,0.13
1790699400,0x2Fd96bd26E7a3c694DBD5ae5E2C29249a83b8a98,2,3018.65,0.0,0.0,0.0,-0.51,0.0
1790699400,0x3aAa2bB57a0eFeA8F6f89423A923f7107c33471B,7,100774.87,0.0,0.0,0.0,-288.61,0.0
1790699400,0x6871C2994A2A8089efb4dE8417b783cF42c8FB9b,2,0.0,33258.6,9133.0,83.4,0.0,4.94
1790699400,0x8E87D8308D439c88dDF48762AA5D3C99b8366a3a,12,154509.06,0.0,0.0,0.0,23.55,23.06
1790699400,0x978e3eb7997a9575cdE1799176829073d2876Fb9,3,2587.93,0.0,0.0,0.0,-45.21,0.39
1790699400,0xE1DC5576b36c78C75e6Abf2E1B121Db20A6069b7,5,49994.97,2540.04,55.35,72.5,0.0,0.19
1790699400,0xE82eb99692104B4f467e4c9472ddf6e2eE555828,2,0.0,2540.04,72.5,55.35,-2.04,0.25
1790699400,0xEA2Eec3dc92E860ca7c00DDa51f1AfbCD1fC2E73,1,603.17,0.0,0.0,0.0,0.0,0.0
1790699400,0xEd36621aa98134b01d10005a912aA3Ff0E38ED3f,3,59.65,0.0,0.0,0.0,0.8,0.0
1790699400,0xebC11Ac4450E3eA74F5D65e5c0138A0C50a2DE4f,2,0.0,33258.6,83.4,9133.0,0.0,0.0
1790700300,0x021d21f43d6d8921eF876Ec72f59E45820883B8F,1,0.0,13825.18,158.67,0.0,-89.0,0.0
1790700300,0x06fCE0901B4FD85dADf2a46f04634C500e859E2c,1,667.5,0.0,0.0,0.0,0.0,0.07
1790700300,0x0E2ff7EBcaF4fA9bbceaf408346aA97A68746ee2,9,0.0,126294.57,728.52,821.35,0.0,24.06
1790700300,0x15efc06FEa57Bda3ceA94A53D5426E78ed4651F3,7,5248.59,0.0,0.0,0.0,-20.05,1.05
1790700300,0x1c847e46576ba210189381C0c512C58278121d42,5,4973.63,0.0,0.0,0.0,-194.59,0.0
1790700300,0x1f78Fb1234d2f9685fb35AcB1cf484eca83F8F63,2,1057.51,0.0,0.0,0.0,0.0,0.0
1790700300,0x21aa6DC573DA62abFD7E43C84bEF2DA4FE514053,2,269.11,0.0,0.0,0.0,-9.29,0.0
1790700300,0x2A672736E3017C931D7b1927732420795AD873A6,2,0.0,3259.68,4.82,4.27,-2.53,1.98
1790700300,0x2Fd96bd26E7a3c694DBD5ae5E2C29249a83b8a98,1,2998.05,0.0,0.0,0.0,6.96,0.0
1790700300,0x3aAa2bB57a0eFeA8F6f89423A923f7107c33471B,5,9533.14,354915.43,2503.0,0.0,153.87,0.0
1790700300,0x3bf64B8c8ce86abDBcF44Fa5a559E27eb9F63Efb,2,0.0,27656.43,178.35,36.16,0.0,0.0
1790700300,0x54a07571CB9A7edd9a9F39f665797bbD2AA5de65,1,0.0,288491.87,0.0,1524.6,0.0,21.76
1790700300,0x57D20F8aF5875aD611dC836f78e4992DDA5E6073,2,0.0,4305.11,0.0,11.92,0.0,0.0
1790700300,0x8E87D8308D439c88dDF48762AA5D3C99b8366a3a,14,34504.85,0.0,0.0,0.0,30.54,4.86
1790700300,0x978e3eb7997a9575cdE1799176829073d2876Fb9,3,3945.66,0.0,0.0,0.0,-34.13,0.59
1790700300,0xA48232D674F993126945B9158d8eD64320883567,1,0.0,2675.35,7.1,0.0,0.0,0.2
1790700300,0xBC8015FA779be6ac91e5616f37e1768b8DbC16df,1,0.0,267.43,0.76,0.0,1.32,0.0
1790700300,0xC31EB8979Cdb39AFB22A2A5Bc5F769751432c899,1,0.0,66423.57,0.0,978.4,0.0,20.43
1790700300,0xC36717ADB70F7fB9bfFb37b1277ec4C0d00d60c6,1,0.0,267.43,0.0,0.76,0.0,0.58
1790700300,0xE1DC5576b36c78C75e6Abf2E1B121Db20A6069b7,3,0.0,18125.21,224.27,158.67,0.0,1.24
1790700300,0xE82eb99692104B4f467e4c9472ddf6e2eE555828,1,0.0,2670.11,0.0,220.0,29.46,0.27
1790700300,0xEA2Eec3dc92E860ca7c00DDa51f1AfbCD1fC2E73,1,2888.16,0.0,0.0,0.0,0.0,0.0
1790700300,0xEd36621aa98134b01d10005a912aA3Ff0E38ED3f,1,19.92,0.0,0.0,0.0,0.15,0.0
1790700300,0xea19Fe621592b9aF895f2d8d5Af7288C02FbBbF3,6,195.56,0.0,0.0,0.0,0.0,0.12
1790700300,0xebC11Ac4450E3eA74F5D65e5c0138A0C50a2DE4f,7,0.0,98638.14,643.0,692.36,0.0,0.0
1790700300,0xfE6e3099dc514A63bd2Fe79BD3d9e8a653bBAF06,2,17160.0,0.0,0.0,0.0,1006.03,0.0
1790701200,0x01a800A44E2E23FaA9dcB22521ec8ad026666EBd,1,0.0,2674.14,0.1,0.0,0.0,0.01
1790701200,0x15efc06FEa57Bda3ceA94A53D5426E78ed4651F3,4,4607.5,0.0,0.0,0.0,-1.99,0.92
1790701200,0x21aa6DC573DA62abFD7E43C84bEF2DA4FE514053,5,1374.28,0.0,0.0,0.0,-11.7,0.15
1790701200,0x2A672736E3017C931D7b1927732420795AD873A6,2,0.0,2196.09,2.54,2.09,-2.03,1.58
1790701200,0x2Fd96bd26E7a3c694DBD5ae5E2C29249a83b8a98,6,10436.1,0.0,0.0,0.0,-0.05,0.0
1790701200,0x3aAa2bB57a0eFeA8F6f89423A923f7107c33471B,3,20006.9,2274.59,0.0,199.24,-6.77,0.0
1790701200,0x732b3fEB670Fe4c53d5Db61748e8D8B83B91A45a,3,0.0,12049.94,1292.5,0.0,0.0,3.11
1790701200,0x7BA77405b74102E88bC422Bd4442cFFAF700c294,1,0.0,2274.59,199.24,0.0,0.0,1.18
1790701200,0x8E87D8308D439c88dDF48762AA5D3C99b8366a3a,9,29169.26,0.0,0.0,0.0,73.59,3.95
1790701200,0x978e3eb7997a9575cdE1799176829073d2876Fb9,1,1000.0,0.0,0.0,0.0,254.63,0.15
1790701200,0xE1DC5576b36c78C75e6Abf2E1B121Db20A6069b7,1,0.0,1098.06,2.09,0.0,0.0,0.0
1790701200,0xEA2Eec3dc92E860ca7c00DDa51f1AfbCD1fC2E73,1,1000.0,0.0,0.0,0.0,-238.13,0.0
1790701200,0xEAc2374016613765cF31afDB4AEB6f5d13a63726,2,0.0,3772.16,0.0,2.64,0.0,0.01
1790701200,0xebC11Ac4450E3eA74F5D65e5c0138A0C50a2DE4f,3,0.0,12049.94,0.0,1292.5,0.0,0.0
1790701200,0xeeF9421b5B5F982DA902999f19284b13f1bFc004,2,1660.83,0.0,0.0,0.0,-1.3,0.52
1790702100,0x15efc06FEa57Bda3ceA94A53D5426E78ed4651F3,4,4615.95,0.0,0.0,0.0,-2.19,0.92
1790702100,0x1c847e46576ba210189381C0c512C58278121d42,4,992.91,12362.54,0.0,32.13,-40.74,0.0
1790702100,0x21aa6DC573DA62abFD7E43C84bEF2DA4FE514053,2,684.12,0.0,0.0,0.0,0.0,0.1
1790702100,0x2Fd96bd26E7a3c694DBD5ae5E2C29249a83b8a98,3,8989.56,0.0,0.0,0.0,4.67,0.0
1790702100,0x3aAa2bB57a0eFeA8F6f89423A923f7107c33471B,5,3943.34,1102236.7,6685.4,1365.6,-4.03,0.0
1790702100,0x814446F5B4ab84cFaa1e789451658A0D21CAfa2B,11,0.0,951700.76,2429.92,0.0,0.0,289.51
1790702100,0x8C2E8224aB508eE456C0c2e15a33D2c4EE8282EC,2,0.0,53500.68,1220.0,0.0,0.0,17.05
1790702100,0x8E87D8308D439c88dDF48762AA5D3C99b8366a3a,15,30120.38,0.0,0.0,0.0,42.54,1.94
1790702100,0xB90134C652814890691671c849381A0B3cdD0247,5,12036.75,0.0,0.0,0.0,118.74,3.64
1790702100,0xE1DC5576b36c78C75e6Abf2E1B121Db20A6069b7,10,0.0,997928.25,0.0,8937.58,-12693.02,41.52
1790702100,0xEd36621aa98134b01d10005a912aA3Ff0E38ED3f,1,19.84,0.0,0.0,0.0,0.0,0.0
1790702100,0xea19Fe621592b9aF895f2d8d5Af7288C02FbBbF3,1,32.62,0.0,0.0,0.0,0.0,0.02
1790702100,0xeeF9421b5B5F982DA902999f19284b13f1bFc004,1,830.8,0.0,0.0,0.0,0.0,0.26
1790703000,0x18d2cD4EBdCEfbE5e4182Ba953657273188585C3,1,0.0,8313.92,0.0,406.5,4.74,0.83
1790703000,0x21aa6DC573DA62abFD7E43C84bEF2DA4FE514053,1,86.05,0.0,0.0,0.0,-2.83,0.0
1790703000,0x3aAa2bB57a0eFeA8F6f89423A923f7107c33471B,5,18530.68,45569.6,1778.07,0.0,268.98,0.0
1790703000,0x3bf64B8c8ce86abDBcF44Fa5a559E27eb9F63Efb,3,0.0,84142.69,0.0,4912.24,0.0,0.0
1790703000,0x57D20F8aF5875aD611dC836f78e4992DDA5E6073,2,0.0,41583.55,0.0,100.75,0.0,0.0
1790703000,0x5fce34A019a94E87cED525FaA66fBd1f36E6891c,4,0.0,505.15,0.0,0.0,-10.2,0.77
1790703000,0x6871C2994A2A8089efb4dE8417b783cF42c8FB9b,1,0.0,16623.57,0.0,20548.4,0.0,2.49
1790703000,0x7996Be6B844aAF57Cc0b6f151895386eC55598D4,2,0.0,4012.01,0.0,58.15,3.04,2.2
1790703000,0x801209Bf04cfB7D37135CcDeA450C680dB26995C,1,0.0,17229.45,1008.0,0.0,0.0,0.0
1790703000,0x814446F5B4ab84cFaa1e789451658A0D21CAfa2B,2,0.0,18295.78,48.62,0.0,0.0,6.49
1790703000,0x8E87D8308D439c88dDF48762AA5D3C99b8366a3a,3,19448.28,0.0,0.0,0.0,0.84,2.79
1790703000,0x8F45f12659cA1055eA816De57861773C289BDD7a,4,0.0,124663.78,4891.84,1719.92,-308.91,19.7
1790703000,0x94e002669D90cf09f8Cb9F6A9846B0A6A0873Ff3,3,0.0,147.99,0.0,0.0,2.45,0.14
1790703000,0x993D64b1BFEFd4b1eFdd68B7736c2ee1CA58Cca7,1,0.0,1036.5,20.4,0.0,0.0,0.81
1790703000,0xA65ED65C99E6c983e549946A967Db00B10E78189,1,0.0,17229.45,0.0,1008.0,0.0,5.67
1790703000,0xE1DC5576b36c78C75e6Abf2E1B121Db20A6069b7,6,0.0,84816.82,21055.65,48.62,6.59,3.74
1790703000,0xda50a7E41BEb66B2a613bc22a206fb1cF34FFaE2,5,0.0,505.17,0.0,0.0,0.0,0.0
1790703000,0xebC11Ac4450E3eA74F5D65e5c0138A0C50a2DE4f,2,0.0,166276.35,8926.0,4026.0,0.0,0.0
1790703000,0xeeF9421b5B5F982DA902999f19284b13f1bFc004,1,831.56,0.0,0.0,0.0,-1.27,0.26
1790703900,0x0ED2F5A37c29a605f47b12dBA90c46dee9c17580,1,402.41,0.0,0.0,0.0,0.0,0.04
1790703900,0x137c5E253d961e482D86f44DAb36071406D082A0,1,0.0,26726.94,0.0,286.0,0.0,0.0
1790703900,0x15efc06FEa57Bda3ceA94A53D5426E78ed4651F3,12,2199.24,0.0,0.0,0.0,-0.13,0.44
1790703900,0x18d2cD4EBdCEfbE5e4182Ba953657273188585C3,1,0.0,1478.08,0.0,301.5,30.4,0.94
1790703900,0x1f78Fb1234d2f9685fb35AcB1cf484eca83F8F63,2,996.96,0.0,0.0,0.0,-4.65,0.07
1790703900,0x21aa6DC573DA62abFD7E43C84bEF2DA4FE514053,5,2330.65,0.0,0.0,0.0,-13.06,0.3
1790703900,0x2Fd96bd26E7a3c694DBD5ae5E2C29249a83b8a98,3,8821.4,0.0,0.0,0.0,-1.25,0.0
1790703900,0x3aAa2bB57a0eFeA8F6f89423A923f7107c33471B,10,1548.55,337006.97,481.37,5356.12,-58.15,0.0
1790703900,0x3bf64B8c8ce86abDBcF44Fa5a559E27eb9F63Efb,2,0.0,2065.68,301.5,63.12,0.0,0.0
1790703900,0x42974A167De3F098cEf1Ffbf5f250D33a9200520,1,186.86,0.0,0.0,0.0,0.0,0.06
1790703900,0x6871C2994A2A8089efb4dE8417b783cF42c8FB9b,2,0.0,66399.51,18212.4,166.4,0.0,9.41
1790703900,0x801209Bf04cfB7D37135CcDeA450C680dB26995C,1,0.0,24888.14,0.0,763.2,21.4,0.0
1790703900,0x8B6458eC2E52f0281A413A2D7414ad7C6fc7eE8C,1,0.0,4008.02,43.2,0.0,0.0,1.7
1790703900,0x8E87D8308D439c88dDF48762AA5D3C99b8366a3a,28,15653.5,0.0,0.0,0.0,46.82,1.48
1790703900,0xB8223F9889Df71569b573e7982d8c093B03364eC,1,0.0,267.14,3.77,0.0,3.29,0.58
1790703900,0xBFc18bd7c77B20e9611F1526043153Baf6c19ceE,2,0.0,1984.38,0.0,1.38,-4.24,1.14
1790703900,0xE1DC5576b36c78C75e6Abf2E1B121Db20A6069b7,4,0.0,32719.33,287.38,43.2,-17.3,2.0
1790703900,0xE46aD70633012C50f4fC050B1924223362f7c831,3,0.0,29620.38,957.94,0.0,0.0,10.39
1790703900,0xEd36621aa98134b01d10005a912aA3Ff0E38ED3f,10,199.75,0.0,0.0,0.0,-0.01,0.0
1790703900,0xF36eac615eD454a0A516C4C221C2a7BAeeB29702,9,0.0,748001.45,18391.73,18421.37,-889.32,138.64
1790703900,0xF7957c8b20DbD3FcA93686B07679aee8e6755c43,1,447.42,0.0,0.0,0.0,-17.36,0.0
1790703900,0xb0FEbDec9EC7555911b359ACFC27A65D746Ea94A,1,234.73,0.0,0.0,0.0,-7.16,0.08
1790703900,0xea19Fe621592b9aF895f2d8d5Af7288C02FbBbF3,16,528.6,0.0,0.0,0.0,0.0,0.32
1790703900,0xebC11Ac4450E3eA74F5D65e5c0138A0C50a2DE4f,5,0.0,315529.43,9180.4,27357.4,0.0,0.0
1790703900,0xeeF9421b5B5F982DA902999f19284b13f1bFc004,3,2489.42,0.0,0.0,0.0,0.17,0.78
1790703900,0xf3aee1171f2D756922c1850f1E21a30ea71b581d,1,172.39,0.0,0.0,0.0,0.0,0.06
1790704800,0x15efc06FEa57Bda3ceA94A53D5426E78ed4651F3,9,35183.8,0.0,0.0,0.0,0.0,0.14
1790704800,0x1f78Fb1234d2f9685fb35AcB1cf484eca83F8F63,1,897.31,0.0,0.0,0.0,1.31,0.0
1790704800,0x1fD0876eEAaB1Af9BbF3EeB70064bc03bf111718,2,1274.99,0.0,0.0,0.0,0.0,0.0
1790704800,0x21aa6DC573DA62abFD7E43C84bEF2DA4FE514053,10,1843.6,0.0,0.0,0.0,-43.43,0.1
1790704800,0x2Fd96bd26E7a3c694DBD5ae5E2C29249a83b8a98,10,26004.63,0.0,0.0,0.0,19.76,0.0
1790704800,0x3aAa2bB57a0eFeA8F6f89423A923f7107c33471B,8,98373.24,11227.51,419.89,97.61,-185.2,0.0
1790704800,0x51efa467CC3B762063bfBE86Ee812E4D51193F68,1,1366.78,0.0,0.0,0.0,0.0,0.42
1790704800,0x57D20F8aF5875aD611dC836f78e4992DDA5E6073,2,0.0,31460.39,0.0,213.85,0.0,0.0
1790704800,0x58aC23aB4bc5F102E1E876a8b0C45138549ddA29,1,0.0,14.88,0.32,0.0,0.0,0.5
1790704800,0x5C15D393488b7A342243Eb9B0D570D09F76c0ABf,2,0.0,8544.28,97.61,365.09,168.02,1.78
1790704800,0x5fA3Cc56Ac358c985ECDA24042C5F48F315fC211,1,0.0,2498.33,468.0,0.0,0.0,0.25
1790704800,0x75D03602F2c0b5B87e5FFBf0fE52621AfC9Ad019,1,0.0,833.7,6.8,0.0,0.0,0.75
1790704800,0x8E87D8308D439c88dDF48762AA5D3C99b8366a3a,24,157658.63,0.0,0.0,0.0,106.26,23.56
1790704800,0x8F45f12659cA1055eA816De57861773C289BDD7a,1,0.0,41663.69,0.0,688.5,0.0,4.17
1790704800,0x978e3eb7997a9575cdE1799176829073d2876Fb9,7,1677.09,0.0,0.0,0.0,0.0,0.25
1790704800,0x993D64b1BFEFd4b1eFdd68B7736c2ee1CA58Cca7,1,0.0,2683.23,0.0,54.8,7.68,1.3
1790704800,0xBC8015FA779be6ac91e5616f37e1768b8DbC16df,2,0.0,848.58,0.0,7.12,0.0,0.0
1790704800,0xC36717ADB70F7fB9bfFb37b1277ec4C0d00d60c6,3,0.0,107.19,1.01,0.59,0.0,0.52
1790704800,0xE1DC5576b36c78C75e6Abf2E1B121Db20A6069b7,4,0.0,73392.18,908.59,0.0,0.0,5.5
1790704800,0xEAc2374016613765cF31afDB4AEB6f5d13a63726,4,0.0,2605.52,0.59,469.01,-0.1,0.19
1790704800,0xEd36621aa98134b01d10005a912aA3Ff0E38ED3f,11,219.26,0.0,0.0,0.0,-0.24,0.0
1790704800,0xeeF9421b5B5F982DA902999f19284b13f1bFc004,2,1665.39,0.0,0.0,0.0,-3.59,0.52
1790704800,0xf2e6374865D77b60122ac9f38013Ca5FCf4D0F71,1,0.0,268.09,0.0,6.24,0.0,0.03
1790705700,0x19e5008B1C8af6A6711e167ee94e167Bdb73A636,2,0.0,26848.62,912.0,232.0,0.0,4.53
1790705700,0x1f78Fb1234d2f9685fb35AcB1cf484eca83F8F63,1,433.0,0.0,0.0,0.0,1.59,0.0
1790705700,0x21aa6DC573DA62abFD7E43C84bEF2DA4FE514053,2,489.66,0.0,0.0,0.0,-16.29,0.0
1790705700,0x26F671A4A3641e8F9581c45357027991a5D38DF2,1,0.0,2685.62,450.0,0.0,0.0,1.31
1790705700,0x2Fd96bd26E7a3c694DBD5ae5E2C29249a83b8a98,10,29969.34,0.0,0.0,0.0,-23.94,0.3
1790705700,0x3aAa2bB57a0eFeA8F6f89423A923f7107c33471B,22,193624.88,925068.58,1196.26,3153.52,-141.69,13.68
1790705700,0x655eB78BD9C07735a0D11444111C86266f78f7EE,7,9170.54,18344.25,230.46,3035.32,-32.45,6.52
1790705700,0x8E87D8308D439c88dDF48762AA5D3C99b8366a3a,23,224935.32,0.0,0.0,0.0,-157.98,19.12
1790705700,0x8F45f12659cA1055eA816De57861773C289BDD7a,1,0.0,41697.24,0.0,372.0,0.0,13.01
1790705700,0x978e3eb7997a9575cdE1799176829073d2876Fb9,1,433.0,0.0,0.0,0.0,0.0,0.07
1790705700,0x993D64b1BFEFd4b1eFdd68B7736c2ee1CA58Cca7,1,0.0,4167.53,26.4,0.0,0.0,1.75
1790705700,0xBC8015FA779be6ac91e5616f37e1768b8DbC16df,1,0.0,10007.92,0.0,24.0,0.0,0.0
1790705700,0xDAE696cf0C78e1D009c99C99A030b99E4E06C03b,6,8605.3,17228.23,887.44,1176.19,0.0,5.68
1790705700,0xE1DC5576b36c78C75e6Abf2E1B121Db20A6069b7,5,0.0,941954.52,2175.0,0.0,959.25,67.52
1790705700,0xEAc2374016613765cF31afDB4AEB6f5d13a63726,2,0.0,5367.18,1.9,6.5,-4.5,0.0
1790705700,0xF7957c8b20DbD3FcA93686B07679aee8e6755c43,1,10005.24,0.0,0.0,0.0,213.4,0.0
1790705700,0xc7d0BdcdA368fE24623d8c4D23A505FE53576a2a,8,0.0,21473.83,21.77,22.47,8.85,4.64
1790705700,0xebC11Ac4450E3eA74F5D65e5c0138A0C50a2DE4f,8,0.0,50561.69,3267.82,1147.06,24.26,0.0
1790706600,0x0bc091C77Ff0D4Df68331B4e2eD6BcDC687F7dFb,6,0.0,89878.26,2151.0,1520.0,0.0,13.03
1790706600,0x15efc06FEa57Bda3ceA94A53D5426E78ed4651F3,6,46564.96,0.0,0.0,0.0,-219.8,9.31
1790706600,0x1f78Fb1234d2f9685fb35AcB1cf484eca83F8F63,1,604.62,0.0,0.0,0.0,3.14,0.0
1790706600,0x1fD0876eEAaB1Af9BbF3EeB70064bc03bf111718,2,1195.08,0.0,0.0,0.0,1.72,0.0
1790706600,0x21aa6DC573DA62abFD7E43C84bEF2DA4FE514053,5,971.31,0.0,0.0,0.0,-28.16,0.0
1790706600,0x2Fd96bd26E7a3c694DBD5ae5E2C29249a83b8a98,9,26103.79,0.0,0.0,0.0,19.31,0.17
1790706600,0x3897B8691E481a99a1A78a790a2Ae1Ce01b3a5F9,1,86.37,0.0,0.0,0.0,0.0,0.04
1790706600,0x3aAa2bB57a0eFeA8F6f89423A923f7107c33471B,50,307530.9,202051.84,12996.97,10127.15,97.88,25.48
1790706600,0x3bf64B8c8ce86abDBcF44Fa5a559E27eb9F63Efb,8,0.0,146580.59,5117.39,2392.91,291.33,0.0
1790706600,0x5fA3Cc56Ac358c985ECDA24042C5F48F315fC211,2,0.0,8025.86,369.2,0.0,0.0,3.41
1790706600,0x8B6458eC2E52f0281A413A2D7414ad7C6fc7eE8C,1,0.0,4034.51,0.0,51.15,4.54,1.71
1790706600,0x8E87D8308D439c88dDF48762AA5D3C99b8366a3a,44,326029.04,0.0,0.0,0.0,386.55,13.33
1790706600,0x978e3eb7997a9575cdE1799176829073d2876Fb9,2,1203.12,0.0,0.0,0.0,-10.58,0.18
1790706600,0xBc4713b3B41726541D373e57518012302FfBFAa7,3,0.0,204273.88,333.61,0.0,0.0,20.43
1790706600,0xD1277d5fc6f804b796CDCf5926E35117e454bF38,1,0.0,13460.05,0.0,22.0,0.0,3.25
1790706600,0xDAE696cf0C78e1D009c99C99A030b99E4E06C03b,28,94754.31,189532.19,9739.56,12945.82,0.0,59.92
1790706600,0xE1DC5576b36c78C75e6Abf2E1B121Db20A6069b7,1,0.0,182204.4,0.0,297.53,0.0,13.67
1790706600,0xF36eac615eD454a0A516C4C221C2a7BAeeB29702,2,0.0,56702.33,241.91,3597.39,-79.32,9.01
1790706600,0xa28cA52A3c96126CAa12eF03CE16178E0F22ceeD,1,0.0,459.29,18.39,0.0,0.0,0.64
1790706600,0xd95754330a4bf9A3C8e199ed140817AE07422ee9,1,0.0,8609.43,0.0,14.08,0.0,2.26
1790707500,0x15efc06FEa57Bda3ceA94A53D5426E78ed4651F3,1,1000.25,0.0,0.0,0.0,0.0,0.2
1790707500,0x21aa6DC573DA62abFD7E43C84bEF2DA4FE514053,2,238.48,0.0,0.0,0.0,-6.51,0.0
1790707500,0x2Fd96bd26E7a3c694DBD5ae5E2C29249a83b8a98,4,11255.5,0.0,0.0,0.0,-15.95,0.0
1790707500,0x3aAa2bB57a0eFeA8F6f89423A923f7107c33471B,13,99706.69,50650.85,11138.54,18.49,167.8,1.8
1790707500,0x4F5885b98d9D00EE545825b6345eA93d6940c407,2,0.0,43836.3,0.0,11098.67,1413.54,14.15
1790707500,0x5240838af8a3BbD8bC263d93c2Cb12d178154844,1,269.61,0.0,0.0,0.0,0.0,0.09
1790707500,0x8573f3332bc9F6A342590f8C5D35f9B2a23A47EA,1,0.0,1423.9,0.0,6.5,0.0,0.93
1790707500,0x8E87D8308D439c88dDF48762AA5D3C99b8366a3a,14,109973.96,0.0,0.0,0.0,-214.11,14.39
1790707500,0xB90134C652814890691671c849381A0B3cdD0247,2,4044.24,0.0,0.0,0.0,7.58,1.22
1790707500,0xc7d0BdcdA368fE24623d8c4D23A505FE53576a2a,2,0.0,5390.64,18.49,33.37,0.0,1.31
1790708400,0x01a800A44E2E23FaA9dcB22521ec8ad026666EBd,1,0.0,2695.82,14.6,0.0,0.0,0.27
1790708400,0x1190F9344043AFAF04DFD4Ca70a551d5558D8265,2,0.0,377490.22,454.05,3296.47,986.12,57.12
1790708400,0x137c5E253d961e482D86f44DAb36071406D082A0,1,0.0,26983.41,0.0,182.0,0.0,0.0
1790708400,0x15efc06FEa57Bda3ceA94A53D5426E78ed4651F3,50,191682.56,0.0,0.0,0.0,131.72,28.58
1790708400,0x20e97F2dfC762822A934C30E21788D327a450201,1,0.0,1344.92,54.24,0.0,0.0,0.9
1790708400,0x21aa6DC573DA62abFD7E43C84bEF2DA4FE514053,4,933.27,0.0,0.0,0.0,-9.99,0.08
1790708400,0x2Fd96bd26E7a3c694DBD5ae5E2C29249a83b8a98,40,122014.86,0.0,0.0,0.0,-65.22,0.0
1790708400,0x392eB63cD7B307773FC02A0eeE06D8a1b2b3339C,8,0.0,520.86,11.31,35.75,6.97,4.16
1790708400,0x3aAa2bB57a0eFeA8F6f89423A923f7107c33471B,15,77537.48,389128.42,3332.22,599.63,-204.51,0.0
1790708400,0x3bf64B8c8ce86abDBcF44Fa5a559E27eb9F63Efb,1,0.0,16000.56,2969.25,0.0,-270.61,0.0
1790708400,0x4F5885b98d9D00EE545825b6345eA93d6940c407,1,0.0,16000.56,0.0,2969.25,262.88,5.3
1790708400,0x53186E1ebc9F56b53AF4Fcc5DfE1C2653Bc8bDef,1,0.0,35034.58,0.0,135.2,-86.66,11.01
1790708400,0x801209Bf04cfB7D37135CcDeA450C680dB26995C,1,0.0,14.34,0.0,1.58,0.0,0.0
1790708400,0x8D5f700b99Edc6f70217ddcFaa5AB3F85261c647,2,0.0,539.55,10.91,9.79,0.0,0.58
1790708400,0x8E87D8308D439c88dDF48762AA5D3C99b8366a3a,119,464444.21,0.0,0.0,0.0,136.58,9.26
1790708400,0x978e3eb7997a9575cdE1799176829073d2876Fb9,2,8096.77,0.0,0.0,0.0,0.0,0.0
1790708400,0xA48232D674F993126945B9158d8eD64320883567,2,0.0,5618.02,0.0,87.75,27.99,0.0
1790708400,0xABC4303faBdFA3b68c9588c776D0e96B3F7d065E,2,0.0,5618.02,87.75,0.0,0.0,2.69
1790708400,0xB59F78a086Bb5A5da01a4A9DfB6f3DBd10602586,1,0.0,8362.52,4.5,0.0,0.0,1.06
1790708400,0xB90134C652814890691671c849381A0B3cdD0247,158,530333.35,0.0,0.0,0.0,455.08,160.32
1790708400,0xE1DC5576b36c78C75e6Abf2E1B121Db20A6069b7,3,0.0,64713.8,317.2,14.6,67.74,2.23
1790708400,0xF7957c8b20DbD3FcA93686B07679aee8e6755c43,21,76016.22,0.0,0.0,0.0,0.0,0.0
1790708400,0xc069628042Dcf758de1B6e9Fc98BfBa3e2D33f61,1,0.0,674.71,52.83,0.0,0.0,0.7
1790708400,0xc64038626FE7Fa35B870AD3f9d33e52656DE93fc,2,0.0,538927.46,21370.0,9890.0,0.0,81.34
1790708400,0xd8a7CE83b18fc0a989636B8D10Be3E2998efDeF5,1,0.0,836.38,34.02,0.0,0.0,0.75
1790708400,0xebC11Ac4450E3eA74F5D65e5c0138A0C50a2DE4f,11,0.0,539568.01,9899.79,21392.23,0.0,0.0
1790709300,0x15efc06FEa57Bda3ceA94A53D5426E78ed4651F3,25,68044.48,0.0,0.0,0.0,1.46,13.6
1790709300,0x21aa6DC573DA62abFD7E43C84bEF2DA4FE514053,2,172.88,0.0,0.0,0.0,-4.61,0.0
1790709300,0x2Fd96bd26E7a3c694DBD5ae5E2C29249a83b8a98,13,42981.16,0.0,0.0,0.0,-16.21,0.0
1790709300,0x392eB63cD7B307773FC02A0eeE06D8a1b2b3339C,10,0.0,133.49,14.93,0.0,-10.85,5.04
1790709300,0x3aAa2bB57a0eFeA8F6f89423A923f7107c33471B,19,201784.96,172.65,0.0,3.32,-5.78,18.8
1790709300,0x60cd575b22B308Ce29c96b4394d4CD649eE5B61e,1,0.0,3.12,0.0,0.0,1.74,0.01
1790709300,0x8E87D8308D439c88dDF48762AA5D3C99b8366a3a,31,236707.36,0.0,0.0,0.0,-103.81,11.93
1790709300,0xA48232D674F993126945B9158d8eD64320883567,3,0.0,6301.54,0.0,98.55,31.43,0.0
1790709300,0xABC4303faBdFA3b68c9588c776D0e96B3F7d065E,3,0.0,6301.54,98.55,0.0,0.0,3.39
1790709300,0xB59F78a086Bb5A5da01a4A9DfB6f3DBd10602586,1,0.0,172.65,3.32,0.0,0.0,0.55
1790709300,0xB90134C652814890691671c849381A0B3cdD0247,2,8092.86,0.0,0.0,0.0,10.78,2.45
1790709300,0xF7957c8b20DbD3FcA93686B07679aee8e6755c43,1,4046.58,0.0,0.0,0.0,0.0,0.0
1790709300,0xda50a7E41BEb66B2a613bc22a206fb1cF34FFaE2,1,0.0,3.12,0.0,0.0,0.0,0.0
1790709300,0xebC11Ac4450E3eA74F5D65e5c0138A0C50a2DE4f,9,0.0,119.35,0.0,13.35,0.0,0.0
1790710200,0x0eD68F60906C3dc8B81AD46B2675b9e03726812e,2,0.0,8078.59,130.8,183.7,0.0,2.12
1790710200,0x15efc06FEa57Bda3ceA94A53D5426E78ed4651F3,19,70218.97,0.0,0.0,0.0,376.88,9.9
1790710200,0x1f78Fb1234d2f9685fb35AcB1cf484eca83F8F63,2,1004.03,0.0,0.0,0.0,1.1,0.08
1790710200,0x1fD0876eEAaB1Af9BbF3EeB70064bc03bf111718,4,2565.15,0.0,0.0,0.0,-0.22,0.1
1790710200,0x21aa6DC573DA62abFD7E43C84bEF2DA4FE514053,5,1983.28,0.0,0.0,0.0,-4.85,0.27
1790710200,0x2Cbc455cbE9Db2328373256BAE281D0d18777090,1,0.0,1717.6,41.6,0.0,0.0,0.17
1790710200,0x2Fd96bd26E7a3c694DBD5ae5E2C29249a83b8a98,19,68392.48,0.0,0.0,0.0,-3.39,0.23
1790710200,0x3aAa2bB57a0eFeA8F6f89423A923f7107c33471B,46,275969.81,58939.52,13222.66,130.8,1.2,31.13
1790710200,0x3bf64B8c8ce86abDBcF44Fa5a559E27eb9F63Efb,2,0.0,668119.07,372.22,557.5,-649.48,0.0
1790710200,0x4F5885b98d9D00EE545825b6345eA93d6940c407,3,0.0,90922.65,0.0,22350.0,3001.61,13.58
1790710200,0x603766b471C34aB062c9D2ce229cf0BDa3Ea32fC,1,0.0,860.48,0.0,18.3,0.0,0.09
1790710200,0x71884bd0fc3AeB439fb8B627837bc595C60072bb,2,0.0,13473.07,245.0,0.0,0.0,1.35
1790710200,0x8E87D8308D439c88dDF48762AA5D3C99b8366a3a,33,247324.64,0.0,0.0,0.0,35.04,11.25
1790710200,0x978e3eb7997a9575cdE1799176829073d2876Fb9,3,1848.28,0.0,0.0,0.0,0.0,0.18
1790710200,0x9D53Fb84E88a084CEE9CdB6b06182C3f29eb6953,1,997.73,0.0,0.0,0.0,0.0,0.31
1790710200,0xBC8015FA779be6ac91e5616f37e1768b8DbC16df,2,1999.74,0.0,0.0,0.0,-47.51,0.3
1790710200,0xD15fB9d9FC203ED4530a0733546b4FB106C73f03,1,0.0,1717.6,0.0,41.6,0.0,1.02
1790710200,0xE1DC5576b36c78C75e6Abf2E1B121Db20A6069b7,5,0.0,63179.72,9432.3,8787.97,-1447.98,4.71
1790710200,0xEd36621aa98134b01d10005a912aA3Ff0E38ED3f,2,39.89,0.0,0.0,0.0,0.33,0.0
1790710200,0xF7957c8b20DbD3FcA93686B07679aee8e6755c43,1,480.48,0.0,0.0,0.0,7.27,0.0
1790710200,0xe8D140693bAC052202a8341610d65B9F175E830C,4,0.0,681592.13,557.5,617.22,39.58,75.23
1790710200,0xfE6e3099dc514A63bd2Fe79BD3d9e8a653bBAF06,3,8560.0,40038.22,8648.64,0.0,523.02,3.0
1790710200,0xfb4ED6864Ee1Bee5729B632E6659489d25EFbb0B,1,0.0,417.33,36.37,0.0,0.0,0.63
1790711100,0x040041a154cbA171acc771FbB59f52c3fe29B965,1,0.0,835.73,29.23,0.0,0.71,0.08
1790711100,0x0669581d5bD0b1EFe2FB893FDa27161f4205BF06,1,0.0,8553.87,0.0,570.0,0.0,0.86
1790711100,0x15efc06FEa57Bda3ceA94A53D5426E78ed4651F3,19,65602.69,0.0,0.0,0.0,-10.61,13.11
1790711100,0x18EbA112712BF592866E16D2Ab95762A6bEDbFb3,1,0.0,75.21,5.46,0.0,0.0,0.52
1790711100,0x1fD0876eEAaB1Af9BbF3EeB70064bc03bf111718,2,1193.68,0.0,0.0,0.0,-1.84,0.0
1790711100,0x21aa6DC573DA62abFD7E43C84bEF2DA4FE514053,2,1392.38,0.0,0.0,0.0,-2.91,0.2
1790711100,0x2Fd96bd26E7a3c694DBD5ae5E2C29249a83b8a98,54,157797.79,0.0,0.0,0.0,5.83,0.0
1790711100,0x3aAa2bB57a0eFeA8F6f89423A923f7107c33471B,42,390727.38,0.0,0.0,0.0,20.27,30.46
1790711100,0x3bf64B8c8ce86abDBcF44Fa5a559E27eb9F63Efb,1,0.0,75.21,0.0,5.46,-5.93,0.0
1790711100,0x558077d8D5c007C37a86FA4e2634807E55b6E37f,3,0.0,403520.8,78010.0,8000.0,0.0,81.7
1790711100,0x57D20F8aF5875aD611dC836f78e4992DDA5E6073,1,0.0,7520.3,0.0,2.43,0.0,0.0
1790711100,0x603766b471C34aB062c9D2ce229cf0BDa3Ea32fC,1,0.0,853.38,0.0,17.8,0.0,0.09
1790711100,0x6eCAfc045F42372bbb4aF64a3Ec8904237739EB1,1,0.0,855.49,30.0,0.0,0.0,0.09
1790711100,0x7888B3a0c2Cc892670757440e8a78117fb0B9bbf,4,0.0,21724.18,15.03,0.0,0.0,3.88
1790711100,0x80e93386C24B88609919Fbfd6D47124184afBE57,1,0.0,2307.92,44.01,0.0,0.0,0.23
1790711100,0x8E87D8308D439c88dDF48762AA5D3C99b8366a3a,143,690823.76,0.0,0.0,0.0,107.59,31.84
1790711100,0x978e3eb7997a9575cdE1799176829073d2876Fb9,43,127331.08,0.0,0.0,0.0,-2.66,0.0
1790711100,0xB90134C652814890691671c849381A0B3cdD0247,153,455396.28,0.0,0.0,0.0,1644.01,137.65
1790711100,0xBC8015FA779be6ac91e5616f37e1768b8DbC16df,3,0.0,14203.88,0.0,12.6,-13.94,0.0
1790711100,0xE1DC5576b36c78C75e6Abf2E1B121Db20A6069b7,3,0.0,10242.97,587.8,29.23,0.0,0.77
1790711100,0xF7957c8b20DbD3FcA93686B07679aee8e6755c43,2,12579.17,0.0,0.0,0.0,0.0,0.0
1790711100,0xea19Fe621592b9aF895f2d8d5Af7288C02FbBbF3,9,298.87,0.0,0.0,0.0,0.0,0.18
1790711100,0xebC11Ac4450E3eA74F5D65e5c0138A0C50a2DE4f,3,0.0,403520.8,8000.0,78010.0,0.0,0.0
1790711100,0xeeF9421b5B5F982DA902999f19284b13f1bFc004,2,1669.76,0.0,0.0,0.0,-2.38,0.52
1790711100,0xfE6e3099dc514A63bd2Fe79BD3d9e8a653bBAF06,11,51270.15,3163.42,0.0,74.01,3222.18,6.01
1790712000,0x021d21f43d6d8921eF876Ec72f59E45820883B8F,2,0.0,7475.58,0.0,156.64,59.84,0.0
1790712000,0x137c5E253d961e482D86f44DAb36071406D082A0,4,0.0,141908.02,0.0,1584.72,0.0,1.94
1790712000,0x15efc06FEa57Bda3ceA94A53D5426E78ed4651F3,3,570.2,0.0,0.0,0.0,-29.13,0.02
1790712000,0x21aa6DC573DA62abFD7E43C84bEF2DA4FE514053,2,861.34,0.0,0.0,0.0,-7.21,0.1
1790712000,0x2Fd96bd26E7a3c694DBD5ae5E2C29249a83b8a98,16,51767.38,0.0,0.0,0.0,6.02,0.26
1790712000,0x3aAa2bB57a0eFeA8F6f89423A923f7107c33471B,29,240176.97,3091.4,0.0,591.7,-90.39,30.45
1790712000,0x5A6B16ec699652990fF6df89D29b10D027F0636F,1,2122.0,0.0,0.0,0.0,101.71,0.21
1790712000,0x6Cf144eb80f885376Ce31c87521c2f34E0887431,2,276.01,0.0,0.0,0.0,-1.94,0.1
1790712000,0x78465d199208282E06b9c3953DE46f2e6D4Ed23B,1,0.0,3091.4,591.7,0.0,0.0,1.43
1790712000,0x80e93386C24B88609919Fbfd6D47124184afBE57,3,644.82,0.0,0.0,0.0,1.15,0.2
1790712000,0x8E87D8308D439c88dDF48762AA5D3C99b8366a3a,36,233241.0,0.0,0.0,0.0,48.23,6.25
1790712000,0x978e3eb7997a9575cdE1799176829073d2876Fb9,1,1000.16,0.0,0.0,0.0,0.0,0.15
1790712000,0xBC8015FA779be6ac91e5616f37e1768b8DbC16df,3,1003.94,19356.12,216.0,0.0,-16.67,0.15
1790712000,0xE1DC5576b36c78C75e6Abf2E1B121Db20A6069b7,3,0.0,122551.9,1368.72,0.0,107.67,9.19
1790712000,0xEA2Eec3dc92E860ca7c00DDa51f1AfbCD1fC2E73,3,6498.03,0.0,0.0,0.0,7.09,0.97
1790712000,0xEd36621aa98134b01d10005a912aA3Ff0E38ED3f,1,19.85,0.0,0.0,0.0,0.07,0.0
1790712000,0xF7957c8b20DbD3FcA93686B07679aee8e6755c43,1,204.15,0.0,0.0,0.0,3.98,0.0
1790712000,0xea19Fe621592b9aF895f2d8d5Af7288C02FbBbF3,5,165.68,0.0,0.0,0.0,0.0,0.1
1790712000,0xfE6e3099dc514A63bd2Fe79BD3d9e8a653bBAF06,6,25467.5,7475.58,156.64,0.0,1777.73,4.38
1790712900,0x1f78Fb1234d2f9685fb35AcB1cf484eca83F8F63,2,1100.79,0.0,0.0,0.0,1.24,0.08
1790712900,0x1fD0876eEAaB1Af9BbF3EeB70064bc03bf111718,3,1364.22,0.0,0.0,0.0,-1.34,0.2
1790712900,0x21aa6DC573DA62abFD7E43C84bEF2DA4FE514053,6,1553.35,0.0,0.0,0.0,-55.38,0.09
1790712900,0x2B1eB2323DA774b9748D6BA511696C9ebd17ebE2,1,0.0,8534.83,0.0,144.0,68.95,3.06
1790712900,0x2Fd96bd26E7a3c694DBD5ae5E2C29249a83b8a98,8,27970.82,0.0,0.0,0.0,-2.39,0.15
1790712900,0x3aAa2bB57a0eFeA8F6f89423A923f7107c33471B,17,153871.11,13453.71,0.0,30.5,-378.38,17.17
1790712900,0x3bf64B8c8ce86abDBcF44Fa5a559E27eb9F63Efb,1,0.0,1399.17,23.3,0.0,140.4,0.0
1790712900,0x7888B3a0c2Cc892670757440e8a78117fb0B9bbf,1,0.0,2507.99,1.2,0.0,0.0,0.15
1790712900,0x8573f3332bc9F6A342590f8C5D35f9B2a23A47EA,1,0.0,1399.17,0.0,23.3,0.0,0.92
1790712900,0x8E87D8308D439c88dDF48762AA5D3C99b8366a3a,22,153176.6,0.0,0.0,0.0,117.4,6.55
1790712900,0x914DE15120b7981b334bC745b80fb6D2AC23D28A,1,0.0,13453.71,30.5,0.0,0.0,4.31
1790712900,0x9586AaeC3Ba7D23D153dE07442378A16355F7Fc3,1,0.0,47114.05,175.0,0.0,0.0,14.63
1790712900,0x993D64b1BFEFd4b1eFdd68B7736c2ee1CA58Cca7,1,0.0,2692.4,10.0,0.0,0.0,1.31
1790712900,0xBC8015FA779be6ac91e5616f37e1768b8DbC16df,1,0.0,2692.4,0.0,10.0,0.0,0.0
1790712900,0xE1DC5576b36c78C75e6Abf2E1B121Db20A6069b7,3,0.0,58156.88,144.0,176.2,0.0,0.15
1790712900,0xEA2Eec3dc92E860ca7c00DDa51f1AfbCD1fC2E73,1,543.0,0.0,0.0,0.0,0.0,0.0
1790712900,0xF7957c8b20DbD3FcA93686B07679aee8e6755c43,2,821.21,0.0,0.0,0.0,13.17,0.0
1790712900,0xfE6e3099dc514A63bd2Fe79BD3d9e8a653bBAF06,4,17165.49,0.0,0.0,0.0,0.0,2.58
1790713800,0x01Dcaac133D35f0EA80724E7f4170D32fD9feF0F,2,18.73,0.0,0.0,0.0,0.0,0.03
1790713800,0x021d21f43d6d8921eF876Ec72f59E45820883B8F,2,0.0,1671.51,25.77,118.42,0.0,0.0
1790713800,0x1f78Fb1234d2f9685fb35AcB1cf484eca83F8F63,4,4408.63,0.0,0.0,0.0,14.42,0.5
1790713800,0x21aa6DC573DA62abFD7E43C84bEF2DA4FE514053,3,452.77,0.0,0.0,0.0,-14.06,0.0
1790713800,0x2Cbc455cbE9Db2328373256BAE281D0d18777090,1,0.0,1718.72,41.6,0.0,0.0,0.17
1790713800,0x2Fd96bd26E7a3c694DBD5ae5E2C29249a83b8a98,17,46815.11,0.0,0.0,0.0,-10.95,0.12
1790713800,0x3aAa2bB57a0eFeA8F6f89423A923f7107c33471B,4,30884.46,83.58,0.0,1.76,-356.97,0.0
1790713800,0x558077d8D5c007C37a86FA4e2634807E55b6E37f,2,0.0,161469.24,9984.0,2679.0,0.0,24.72
1790713800,0x8E87D8308D439c88dDF48762AA5D3C99b8366a3a,23,80151.59,0.0,0.0,0.0,154.33,7.25
1790713800,0x978e3eb7997a9575cdE1799176829073d2876Fb9,2,1074.34,0.0,0.0,0.0,0.0,0.16
1790713800,0xCDa43aF0E62ea12faE2BFF016557B6aB37Ec98B0,23,70039.07,0.0,0.0,0.0,0.0,21.0
1790713800,0xD15fB9d9FC203ED4530a0733546b4FB106C73f03,1,0.0,1718.72,0.0,41.6,0.0,1.02
1790713800,0xEA2Eec3dc92E860ca7c00DDa51f1AfbCD1fC2E73,1,3331.72,0.0,0.0,0.0,128.82,0.0
1790713800,0xEAc2374016613765cF31afDB4AEB6f5d13a63726,2,0.0,161469.24,2679.0,9984.0,0.0,0.0
1790713800,0xF7957c8b20DbD3FcA93686B07679aee8e6755c43,2,10005.09,0.0,0.0,0.0,31.96,0.0
1790713800,0xa682C07538Bed848294E1aAb36E1Efc25C4a186E,2,0.0,1671.51,118.42,25.77,0.0,0.75
1790713800,0xfFa781432e0c928b7CE3D8845088613eFf188161,1,0.0,83.58,1.76,0.0,0.0,0.53
1790714700,0x15efc06FEa57Bda3ceA94A53D5426E78ed4651F3,1,23422.81,0.0,0.0,0.0,67.13,4.68
1790714700,0x1f78Fb1234d2f9685fb35AcB1cf484eca83F8F63,1,549.55,0.0,0.0,0.0,0.0,0.0
1790714700,0x21aa6DC573DA62abFD7E43C84bEF2DA4FE514053,3,257.99,0.0,0.0,0.0,-7.76,0.0
1790714700,0x2B1eB2323DA774b9748D6BA511696C9ebd17ebE2,1,0.0,25791.95,0.0,331.21,107.02,8.24
1790714700,0x2Fd96bd26E7a3c694DBD5ae5E2C29249a83b8a98,26,68835.8,0.0,0.0,0.0,7.8,0.43
1790714700,0x3aAa2bB57a0eFeA8F6f89423A923f7107c33471B,3,675.53,25791.95,331.21,0.0,-0.33,0.0
1790714700,0x3bf64B8c8ce86abDBcF44Fa5a559E27eb9F63Efb,1,0.0,4180.67,94.5,0.0,94.93,0.0
1790714700,0x8E87D8308D439c88dDF48762AA5D3C99b8366a3a,78,236085.71,0.0,0.0,0.0,764.15,3.72
1790714700,0x978e3eb7997a9575cdE1799176829073d2876Fb9,1,481.47,0.0,0.0,0.0,0.0,0.07
1790714700,0xCDa43aF0E62ea12faE2BFF016557B6aB37Ec98B0,82,240095.85,0.0,0.0,0.0,0.0,71.99
1790714700,0xDe56fe531438297De64ee914375eae1A672C708d,1,0.0,4180.67,0.0,94.5,-108.39,1.75
1790714700,0xF7957c8b20DbD3FcA93686B07679aee8e6755c43,7,21496.79,0.0,0.0,0.0,80.93,0.0
1790714700,0xfE6e3099dc514A63bd2Fe79BD3d9e8a653bBAF06,1,8607.1,0.0,0.0,0.0,0.0,1.29
1790715600,0x0669581d5bD0b1EFe2FB893FDa27161f4205BF06,1,0.0,775.73,0.0,51.3,0.0,0.08
1790715600,0x15efc06FEa57Bda3ceA94A53D5426E78ed4651F3,14,38967.59,0.0,0.0,0.0,138.23,7.79
1790715600,0x1ae699Ac5B2f7b3cDe6424279c41Af76fe555Cc4,1,0.0,268747.0,510.0,0.0,0.0,26.87
1790715600,0x1f78Fb1234d2f9685fb35AcB1cf484eca83F8F63,3,1185.3,0.0,0.0,0.0,-1.56,0.0
1790715600,0x1fD0876eEAaB1Af9BbF3EeB70064bc03bf111718,1,597.48,0.0,0.0,0.0,0.0,0.0
1790715600,0x21aa6DC573DA62abFD7E43C84bEF2DA4FE514053,4,684.77,0.0,0.0,0.0,-14.26,0.03
1790715600,0x2B1eB2323DA774b9748D6BA511696C9ebd17ebE2,1,0.0,4310.08,1224.05,0.0,-853.19,1.79
1790715600,0x2Fd96bd26E7a3c694DBD5ae5E2C29249a83b8a98,30,87333.35,0.0,0.0,0.0,10.25,0.16
1790715600,0x2f1AD479C495CCa0eF1E3eCA6981feea47eaFc3d,3,257.98,0.0,0.0,0.0,-0.16,0.05
1790715600,0x3aAa2bB57a0eFeA8F6f89423A923f7107c33471B,28,200384.96,4310.08,0.0,1224.05,-39.26,21.2
1790715600,0x3bf64B8c8ce86abDBcF44Fa5a559E27eb9F63Efb,1,0.0,4182.62,0.0,201.6,0.0,0.0
1790715600,0x5CE2268e9b9c66ec8d4bDd8E3a02D4e0e3D5d217,1,4174.85,0.0,0.0,0.0,0.0,1.26
1790715600,0x80e93386C24B88609919Fbfd6D47124184afBE57,1,86.17,0.0,0.0,0.0,0.0,0.04
1790715600,0x8E87D8308D439c88dDF48762AA5D3C99b8366a3a,78,316793.24,0.0,0.0,0.0,602.17,11.32
1790715600,0x978e3eb7997a9575cdE1799176829073d2876Fb9,4,18320.46,0.0,0.0,0.0,-9.87,0.09
1790715600,0xBC8015FA779be6ac91e5616f37e1768b8DbC16df,2,859.26,0.0,0.0,0.0,0.0,0.13
1790715600,0xCDa43aF0E62ea12faE2BFF016557B6aB37Ec98B0,54,140046.04,0.0,0.0,0.0,0.0,42.0
1790715600,0xE1DC5576b36c78C75e6Abf2E1B121Db20A6069b7,3,0.0,4116.05,51.3,156.33,-42.45,0.25
1790715600,0xEA2Eec3dc92E860ca7c00DDa51f1AfbCD1fC2E73,1,187.03,0.0,0.0,0.0,0.0,0.0
1790715600,0xEAc2374016613765cF31afDB4AEB6f5d13a63726,1,0.0,268747.0,0.0,510.0,0.0,20.16
1790715600,0xEd36621aa98134b01d10005a912aA3Ff0E38ED3f,1,19.86,0.0,0.0,0.0,0.07,0.0
1790715600,0xfCEe217F1A5FCa780c1AA3261723DD7242342d2B,3,0.0,7522.93,357.93,0.0,0.0,2.76
1790715600,0xfE6e3099dc514A63bd2Fe79BD3d9e8a653bBAF06,2,4309.83,0.0,0.0,0.0,0.0,0.65
1790716500,0x0561B7A638a7F1a5B206Da1d2F73C4356c39eB91,2,0.0,10371.78,37.83,0.0,0.0,4.11
1790716500,0x15efc06FEa57Bda3ceA94A53D5426E78ed4651F3,6,40159.41,0.0,0.0,0.0,137.06,8.03
1790716500,0x1ae699Ac5B2f7b3cDe6424279c41Af76fe555Cc4,1,0.0,267788.33,840.0,0.0,0.0,26.78
1790716500,0x1f78Fb1234d2f9685fb35AcB1cf484eca83F8F63,1,549.38,0.0,0.0,0.0,-0.73,0.0
1790716500,0x21aa6DC573DA62abFD7E43C84bEF2DA4FE514053,1,86.07,0.0,0.0,0.0,-2.51,0.0
1790716500,0x24D0D122ea733eEC50B128787f1c77B79B6BDD52,2,0.0,5374.03,4.0,20.8,0.0,2.31
1790716500,0x2B1eB2323DA774b9748D6BA511696C9ebd17ebE2,3,0.0,77239.18,3218.34,540.31,0.0,16.45
1790716500,0x2Fd96bd26E7a3c694DBD5ae5E2C29249a83b8a98,18,47639.73,0.0,0.0,0.0,44.3,0.4
1790716500,0x3aAa2bB57a0eFeA8F6f89423A923f7107c33471B,12,136559.55,77279.1,2693.72,2100.78,-72.13,8.53
1790716500,0x3bf64B8c8ce86abDBcF44Fa5a559E27eb9F63Efb,1,0.0,25768.67,0.0,1117.56,346.17,0.0
1790716500,0x5f04C939ECa1FA86B1E6e7330138664191b27018,1,0.0,13412.54,0.0,40.5,-42.15,4.52
1790716500,0x8E87D8308D439c88dDF48762AA5D3C99b8366a3a,56,351942.48,0.0,0.0,0.0,1077.58,18.1
1790716500,0x978e3eb7997a9575cdE1799176829073d2876Fb9,7,109689.85,0.0,0.0,0.0,88.56,16.45
1790716500,0xBC8015FA779be6ac91e5616f37e1768b8DbC16df,1,0.0,2686.86,0.0,4.0,0.0,0.0
1790716500,0xCDa43aF0E62ea12faE2BFF016557B6aB37Ec98B0,42,105030.1,0.0,0.0,0.0,0.0,31.49
1790716500,0xDfD57361a4180Ad1bB3F590fc2e43EeC2dDA3421,1,0.0,17214.02,0.0,989.84,0.0,5.66
1790716500,0xE1DC5576b36c78C75e6Abf2E1B121Db20A6069b7,6,39994.56,26471.49,61.3,37.83,36.67,0.0
1790716500,0xEAc2374016613765cF31afDB4AEB6f5d13a63726,1,0.0,267788.33,0.0,840.0,0.0,20.08
1790716500,0xEd36621aa98134b01d10005a912aA3Ff0E38ED3f,1,19.98,0.0,0.0,0.0,0.05,0.0
1790716500,0xF7957c8b20DbD3FcA93686B07679aee8e6755c43,4,38288.94,0.0,0.0,0.0,1182.72,0.0
1790716500,0xFC9533d3ED677ec80A2B30183be3495124E52dc6,1,0.0,8594.56,0.0,1163.57,0.0,3.08
1790717400,0x15efc06FEa57Bda3ceA94A53D5426E78ed4651F3,13,45743.11,0.0,0.0,0.0,203.51,9.15
1790717400,0x1f78Fb1234d2f9685fb35AcB1cf484eca83F8F63,2,1182.91,0.0,0.0,0.0,1.2,0.09
1790717400,0x21aa6DC573DA62abFD7E43C84bEF2DA4FE514053,5,914.16,0.0,0.0,0.0,-11.33,0.08
1790717400,0x2Fd96bd26E7a3c694DBD5ae5E2C29249a83b8a98,19,62631.87,0.0,0.0,0.0,16.6,0.0
1790717400,0x3aAa2bB57a0eFeA8F6f89423A923f7107c33471B,13,104843.42,0.0,0.0,0.0,-11.41,13.0
1790717400,0x3bf64B8c8ce86abDBcF44Fa5a559E27eb9F63Efb,1,0.0,80.35,0.0,1.52,0.0,0.0
1790717400,0x5AcdF21650925A7a2E7977b4A75406Ca1cD729BD,1,0.0,80.35,1.52,0.0,0.0,0.52
1790717400,0x8E87D8308D439c88dDF48762AA5D3C99b8366a3a,33,179511.09,0.0,0.0,0.0,306.45,10.34
1790717400,0xAe32A2c17fdf61f2d3136901e6717B69f920201E,5,0.0,191.98,0.0,0.0,0.0,0.29
1790717400,0xCDa43aF0E62ea12faE2BFF016557B6aB37Ec98B0,17,40012.1,0.0,0.0,0.0,0.0,12.0
1790717400,0xE1DC5576b36c78C75e6Abf2E1B121Db20A6069b7,3,49994.09,0.0,0.0,0.0,0.0,0.0
1790717400,0xEd36621aa98134b01d10005a912aA3Ff0E38ED3f,5,99.72,0.0,0.0,0.0,0.25,0.0
1790717400,0xda50a7E41BEb66B2a613bc22a206fb1cF34FFaE2,5,0.0,191.98,0.0,0.0,2.06,0.1
1790718300,0x15efc06FEa57Bda3ceA94A53D5426E78ed4651F3,2,23423.17,0.0,0.0,0.0,177.44,4.68
1790718300,0x21aa6DC573DA62abFD7E43C84bEF2DA4FE514053,6,1121.34,0.0,0.0,0.0,-18.88,0.08
1790718300,0x2Fd96bd26E7a3c694DBD5ae5E2C29249a83b8a98,14,29218.87,0.0,0.0,0.0,24.42,0.64
1790718300,0x3aAa2bB57a0eFeA8F6f89423A923f7107c33471B,18,184401.05,11280.01,0.0,3807.34,-88.07,16.9
1790718300,0x8E87D8308D439c88dDF48762AA5D3C99b8366a3a,27,201624.99,0.0,0.0,0.0,102.24,11.41
1790718300,0x978e3eb7997a9575cdE1799176829073d2876Fb9,1,999.77,0.0,0.0,0.0,1.46,0.15
1790718300,0xAe32A2c17fdf61f2d3136901e6717B69f920201E,5,0.0,191.77,0.0,0.0,0.0,0.29
1790718300,0xCDa43aF0E62ea12faE2BFF016557B6aB37Ec98B0,1,5002.28,0.0,0.0,0.0,0.0,1.5
1790718300,0xD6BbfEe985fC8551d9a8719d8D8f824e6b8b9BE8,1,0.0,11280.01,3807.34,0.0,0.0,3.88
1790718300,0xda50a7E41BEb66B2a613bc22a206fb1cF34FFaE2,5,0.0,191.77,0.0,0.0,2.06,0.1
1790719200,0x15efc06FEa57Bda3ceA94A53D5426E78ed4651F3,3,24419.68,0.0,0.0,0.0,138.98,4.88
1790719200,0x1f78Fb1234d2f9685fb35AcB1cf484eca83F8F63,2,1099.08,0.0,0.0,0.0,0.0,0.0
1790719200,0x21aa6DC573DA62abFD7E43C84bEF2DA4FE514053,3,455.89,0.0,0.0,0.0,-12.46,0.0
1790719200,0x2254C8E957FfA8615f77ebb8C042F04320B9F083,1,0.0,83588.11,460.0,0.0,0.0,8.36
1790719200,0x2Fd96bd26E7a3c694DBD5ae5E2C29249a83b8a98,15,59939.72,0.0,0.0,0.0,-13.29,0.0
1790719200,0x346D8C1365Da6f7a03720969B66df4371b54c55F,2,3088.57,0.0,0.0,0.0,0.0,0.94
1790719200,0x3aAa2bB57a0eFeA8F6f89423A923f7107c33471B,41,496879.08,56558.31,8375.81,0.0,-207.59,55.58
1790719200,0x558077d8D5c007C37a86FA4e2634807E55b6E37f,3,0.0,322189.16,46650.0,9438.0,0.0,60.91
1790719200,0x57D20F8aF5875aD611dC836f78e4992DDA5E6073,1,0.0,10724.83,0.0,83.2,0.0,0.0
1790719200,0x793F59010D878848327aF4052790273D01215D62,1,0.0,821.28,0.0,0.0,5.68,0.41
1790719200,0x8E87D8308D439c88dDF48762AA5D3C99b8366a3a,31,433137.68,0.0,0.0,0.0,-46.23,14.63
1790719200,0x978e3eb7997a9575cdE1799176829073d2876Fb9,2,37763.46,0.0,0.0,0.0,28.83,4.33
1790719200,0xAe32A2c17fdf61f2d3136901e6717B69f920201E,11,0.0,1203.87,0.0,0.0,0.0,1.81
1790719200,0xB90134C652814890691671c849381A0B3cdD0247,3,8048.89,0.0,0.0,0.0,0.0,2.41
1790719200,0xE1DC5576b36c78C75e6Abf2E1B121Db20A6069b7,2,0.0,94312.95,83.2,460.0,4.8,7.07
1790719200,0xda50a7E41BEb66B2a613bc22a206fb1cF34FFaE2,10,0.0,382.59,0.0,0.0,4.11,0.19
1790719200,0xdd63886819B221D37bBf6E63F626e6022550e75F,2,0.0,56558.31,0.0,8375.81,781.74,17.97
1790719200,0xebC11Ac4450E3eA74F5D65e5c0138A0C50a2DE4f,3,0.0,322189.16,9438.0,46650.0,0.0,0.0
1790720100,0x15efc06FEa57Bda3ceA94A53D5426E78ed4651F3,12,74522.23,0.0,0.0,0.0,113.14,14.9
1790720100,0x1f78Fb1234d2f9685fb35AcB1cf484eca83F8F63,2,549.34,0.0,0.0,0.0,0.0,0.0
1790720100,0x1fD0876eEAaB1Af9BbF3EeB70064bc03bf111718,4,2392.93,0.0,0.0,0.0,-1.96,0.0
1790720100,0x21aa6DC573DA62abFD7E43C84bEF2DA4FE514053,2,780.39,0.0,0.0,0.0,-10.36,0.06
1790720100,0x2Fd96bd26E7a3c694DBD5ae5E2C29249a83b8a98,25,88632.32,0.0,0.0,0.0,-8.27,0.0
1790720100,0x2f1AD479C495CCa0eF1E3eCA6981feea47eaFc3d,2,172.29,0.0,0.0,0.0,-0.17,0.02
1790720100,0x346D8C1365Da6f7a03720969B66df4371b54c55F,1,2681.35,0.0,0.0,0.0,0.0,0.81
1790720100,0x3aAa2bB57a0eFeA8F6f89423A923f7107c33471B,45,655986.95,0.0,0.0,0.0,-107.57,60.74
1790720100,0x558077d8D5c007C37a86FA4e2634807E55b6E37f,10,80455.31,482291.5,69799.5,14052.0,0.0,115.57
1790720100,0x8E87D8308D439c88dDF48762AA5D3C99b8366a3a,51,646866.29,0.0,0.0,0.0,640.63,33.69
1790720100,0x978e3eb7997a9575cdE1799176829073d2876Fb9,3,21212.56,0.0,0.0,0.0,8.94,1.85
1790720100,0xB80efabF261F1FA31b0afD96f55246A7e0825b93,1,0.0,10033.39,28.8,0.0,0.0,3.51
1790720100,0xB90134C652814890691671c849381A0B3cdD0247,2,8048.79,0.0,0.0,0.0,0.0,2.41
1790720100,0xBC8015FA779be6ac91e5616f37e1768b8DbC16df,5,997.94,10033.39,0.0,28.8,-20.58,0.15
1790720100,0xEd36621aa98134b01d10005a912aA3Ff0E38ED3f,1,19.88,0.0,0.0,0.0,0.0,0.0
1790720100,0xF7957c8b20DbD3FcA93686B07679aee8e6755c43,2,34707.84,0.0,0.0,0.0,169.3,0.0
1790720100,0xebC11Ac4450E3eA74F5D65e5c0138A0C50a2DE4f,6,0.0,482291.5,14052.0,69799.5,0.0,0.0
1790721000,0x0ED2F5A37c29a605f47b12dBA90c46dee9c17580,1,109.59,0.0,0.0,0.0,-0.65,0.01
1790721000,0x1ae699Ac5B2f7b3cDe6424279c41Af76fe555Cc4,1,0.0,53528.84,1042.0,0.0,0.0,5.35
1790721000,0x2Fd96bd26E7a3c694DBD5ae5E2C29249a83b8a98,9,28265.8,0.0,0.0,0.0,3.49,0.15
1790721000,0x3aAa2bB57a0eFeA8F6f89423A923f7107c33471B,24,238448.19,16926.96,0.0,129.56,-57.01,20.62
1790721000,0x558077d8D5c007C37a86FA4e2634807E55b6E37f,5,80349.05,0.0,0.0,0.0,58.06,24.11
1790721000,0x793F59010D878848327aF4052790273D01215D62,1,0.0,0.38,0.0,0.0,0.0,0.0
1790721000,0x8E87D8308D439c88dDF48762AA5D3C99b8366a3a,17,228780.96,0.0,0.0,0.0,-15.58,10.03
1790721000,0x94ECb4C47D8E2CB07874A33a0141016254b46873,1,323.63,0.0,0.0,0.0,-4.18,0.11
1790721000,0xB80efabF261F1FA31b0afD96f55246A7e0825b93,1,0.0,367511.91,2547.6,0.0,0.0,110.75
1790721000,0xD4B7E82CDA5f230ab5e150C0afB0E0381C7AFfc9,2,0.0,27430.69,328.3,0.0,0.0,9.23
1790721000,0xE1DC5576b36c78C75e6Abf2E1B121Db20A6069b7,3,0.0,431544.48,0.0,3788.34,-54.34,4.01
1790721000,0xda50a7E41BEb66B2a613bc22a206fb1cF34FFaE2,1,0.0,0.38,0.0,0.0,-0.0,0.0
1790721000,0xfE6e3099dc514A63bd2Fe79BD3d9e8a653bBAF06,2,4318.25,0.0,0.0,0.0,0.0,0.65
1790721900,0x15efc06FEa57Bda3ceA94A53D5426E78ed4651F3,4,25780.19,0.0,0.0,0.0,0.0,5.15
1790721900,0x1f78Fb1234d2f9685fb35AcB1cf484eca83F8F63,2,1099.14,0.0,0.0,0.0,-2.65,0.0
1790721900,0x21aa6DC573DA62abFD7E43C84bEF2DA4FE514053,1,333.57,0.0,0.0,0.0,-8.17,0.05
1790721900,0x2Fd96bd26E7a3c694DBD5ae5E2C29249a83b8a98,11,30641.4,0.0,0.0,0.0,-0.59,0.4
1790721900,0x3aAa2bB57a0eFeA8F6f89423A923f7107c33471B,20,103610.9,835790.13,8378.96,19772.7,-15.18,14.53
1790721900,0x7Be9121B6D8008FFBb7B13A4C3ca1Cc5Af6Fe169,2,0.0,835790.13,19772.7,8378.96,0.0,125.87
1790721900,0x8E87D8308D439c88dDF48762AA5D3C99b8366a3a,13,90833.03,0.0,0.0,0.0,118.63,0.0
1790721900,0x9a95FaA6da88c332f638663C39ba56A1A8C07369,3,631.2,98.76,0.0,0.0,-28.39,0.36
1790721900,0xBC8015FA779be6ac91e5616f37e1768b8DbC16df,1,1002.35,0.0,0.0,0.0,-17.94,0.15
1790721900,0xEA2Eec3dc92E860ca7c00DDa51f1AfbCD1fC2E73,1,631.2,0.0,0.0,0.0,0.0,0.0
1790721900,0xda50a7E41BEb66B2a613bc22a206fb1cF34FFaE2,2,0.0,98.76,0.0,0.0,0.0,0.0
1790722800,0x15efc06FEa57Bda3ceA94A53D5426E78ed4651F3,9,55131.36,0.0,0.0,0.0,241.33,11.03
1790722800,0x1fD0876eEAaB1Af9BbF3EeB70064bc03bf111718,2,1197.4,0.0,0.0,0.0,-0.79,0.0
1790722800,0x21aa6DC573DA62abFD7E43C84bEF2DA4FE514053,1,339.94,0.0,0.0,0.0,0.0,0.05
1790722800,0x27932a02574719fAE0879070039851d79Ac8B944,2,0.0,26844.34,969.8,0.0,0.0,9.05
1790722800,0x2Fd96bd26E7a3c694DBD5ae5E2C29249a83b8a98,5,13981.75,0.0,0.0,0.0,-2.33,0.0
1790722800,0x2f1AD479C495CCa0eF1E3eCA6981feea47eaFc3d,2,172.74,0.0,0.0,0.0,-0.29,0.02
1790722800,0x3aAa2bB57a0eFeA8F6f89423A923f7107c33471B,18,216913.73,13426.21,0.0,276.8,49.39,15.0
1790722800,0x3bf64B8c8ce86abDBcF44Fa5a559E27eb9F63Efb,2,0.0,836167.03,3623.53,11364.86,-1901.94,0.0
1790722800,0x51efa467CC3B762063bfBE86Ee812E4D51193F68,1,1257.05,0.0,0.0,0.0,0.0,0.39
1790722800,0x7Be9121B6D8008FFBb7B13A4C3ca1Cc5Af6Fe169,2,0.0,836167.03,11364.86,3623.53,0.0,125.93
1790722800,0x7e040FC3950CeccCf16055aeA756a7a39c394CDC,1,0.0,9512.17,0.0,126.5,47.13,0.71
1790722800,0x8E87D8308D439c88dDF48762AA5D3C99b8366a3a,18,285191.08,0.0,0.0,0.0,-149.4,23.34
1790722800,0xABC4303faBdFA3b68c9588c776D0e96B3F7d065E,1,0.0,9512.17,126.5,0.0,0.0,0.95
1790722800,0xBC8015FA779be6ac91e5616f37e1768b8DbC16df,3,768.13,0.0,0.0,0.0,-14.0,0.12
1790722800,0xE1DC5576b36c78C75e6Abf2E1B121Db20A6069b7,3,49993.48,0.0,0.0,0.0,0.0,0.0
1790722800,0xF7957c8b20DbD3FcA93686B07679aee8e6755c43,1,1074.04,0.0,0.0,0.0,6.66,0.0
1790722800,0xebC11Ac4450E3eA74F5D65e5c0138A0C50a2DE4f,1,0.0,13418.13,0.0,693.0,0.0,0.0
1790723700,0x15efc06FEa57Bda3ceA94A53D5426E78ed4651F3,4,46540.65,0.0,0.0,0.0,156.18,9.31
1790723700,0x1c847e46576ba210189381C0c512C58278121d42,3,0.0,11721.02,0.0,36.2,0.0,0.0
1790723700,0x21aa6DC573DA62abFD7E43C84bEF2DA4FE514053,1,247.27,0.0,0.0,0.0,-5.91,0.04
1790723700,0x2Fd96bd26E7a3c694DBD5ae5E2C29249a83b8a98,9,22161.48,0.0,0.0,0.0,-10.53,0.33
1790723700,0x3aAa2bB57a0eFeA8F6f89423A923f7107c33471B,2,268.08,86.27,0.0,4.15,0.0,0.0
1790723700,0x3bf64B8c8ce86abDBcF44Fa5a559E27eb9F63Efb,1,0.0,418525.14,0.0,1335.0,0.0,0.0
1790723700,0x7E2E468D4ad19Ab5DeB133E5593adC2036E6686b,2,0.0,10724.03,142.2,22.8,0.0,2.11
1790723700,0x8E87D8308D439c88dDF48762AA5D3C99b8366a3a,9,47240.3,0.0,0.0,0.0,-34.92,1.39
1790723700,0xAAB98f1787EA33270626d44cEC3f184714643B91,1,0.0,86.27,4.15,0.0,0.0,0.53
1790723700,0xB80efabF261F1FA31b0afD96f55246A7e0825b93,5,0.0,440292.78,1402.4,0.0,0.0,134.09
1790723700,0xBC8015FA779be6ac91e5616f37e1768b8DbC16df,1,0.0,10046.63,0.0,31.2,0.0,0.0
1790723700,0xE1DC5576b36c78C75e6Abf2E1B121Db20A6069b7,2,0.0,24284.88,0.0,130.5,44.73,1.82
1790723700,0xEAc2374016613765cF31afDB4AEB6f5d13a63726,2,0.0,10724.03,22.8,142.2,0.0,0.0
1790723700,0xbb05319CD62Ff29BdEC1567718d12B1da3b66aEe,2,0.0,24284.88,130.5,0.0,-73.52,2.43
1790724600,0x15efc06FEa57Bda3ceA94A53D5426E78ed4651F3,4,39144.64,0.0,0.0,0.0,140.17,7.83
1790724600,0x1f78Fb1234d2f9685fb35AcB1cf484eca83F8F63,2,471.62,0.0,0.0,0.0,0.48,0.04
1790724600,0x21aa6DC573DA62abFD7E43C84bEF2DA4FE514053,3,1061.12,0.0,0.0,0.0,0.0,0.16
1790724600,0x22e1a08c1e4Fc8fBEc0209BB3fF56d919d99F887,2,0.0,214199.95,733.33,444.49,1220.01,32.63
1790724600,0x2Fd96bd26E7a3c694DBD5ae5E2C29249a83b8a98,5,12094.55,0.0,0.0,0.0,2.66,0.17
1790724600,0x3aAa2bB57a0eFeA8F6f89423A923f7107c33471B,11,122705.92,214199.95,444.49,733.33,-1253.94,13.16
1790724600,0x3bf64B8c8ce86abDBcF44Fa5a559E27eb9F63Efb,1,0.0,418205.72,0.0,1320.0,0.0,0.0
1790724600,0x8E87D8308D439c88dDF48762AA5D3C99b8366a3a,11,129017.71,0.0,0.0,0.0,-61.49,3.45
1790724600,0xABC4303faBdFA3b68c9588c776D0e96B3F7d065E,1,0.0,1288.26,20.4,0.0,0.0,0.89
1790724600,0xB80efabF261F1FA31b0afD96f55246A7e0825b93,16,0.0,683396.72,2712.33,0.0,0.0,213.02
1790724600,0xBC8015FA779be6ac91e5616f37e1768b8DbC16df,13,0.0,130533.65,0.0,405.6,0.0,0.0
1790724600,0xE1DC5576b36c78C75e6Abf2E1B121Db20A6069b7,2,0.0,134657.35,0.0,986.73,0.0,0.0
1790724600,0xea19Fe621592b9aF895f2d8d5Af7288C02FbBbF3,1,0.0,1288.26,0.0,20.4,1.93,0.13
1790725500,0x15efc06FEa57Bda3ceA94A53D5426E78ed4651F3,1,251.02,0.0,0.0,0.0,0.96,0.05
1790725500,0x1f78Fb1234d2f9685fb35AcB1cf484eca83F8F63,2,1111.91,0.0,0.0,0.0,4.14,0.08
1790725500,0x21aa6DC573DA62abFD7E43C84bEF2DA4FE514053,2,341.21,0.0,0.0,0.0,-10.02,0.0
1790725500,0x2Fd96bd26E7a3c694DBD5ae5E2C29249a83b8a98,3,10976.82,0.0,0.0,0.0,-0.14,0.0
1790725500,0x2d5E3844E825A91607D15265b120b63Cfb55B84D,1,0.0,129039.49,0.0,186.6,0.0,23.82
1790725500,0x3aAa2bB57a0eFeA8F6f89423A923f7107c33471B,17,213084.58,974480.7,17396.7,9667.82,1011.63,27.28
1790725500,0x3bf64B8c8ce86abDBcF44Fa5a559E27eb9F63Efb,3,0.0,573381.65,13625.3,5758.24,-883.65,0.0
1790725500,0x8E87D8308D439c88dDF48762AA5D3C99b8366a3a,8,189919.32,0.0,0.0,0.0,-21.53,3.01
1790725500,0x978e3eb7997a9575cdE1799176829073d2876Fb9,2,10786.46,0.0,0.0,0.0,0.0,1.62
1790725500,0xD9884e6f8a8Bc801E24bB19E371d71D626C22680,2,0.0,267799.57,0.0,1538.41,0.0,36.6
1790725500,0xEA2Eec3dc92E860ca7c00DDa51f1AfbCD1fC2E73,1,564.22,0.0,0.0,0.0,21.94,0.0
1790725500,0xe9377e88E5f3E01b4732bE0f23A189F8550FB8C7,4,0.0,1151023.29,15426.06,29296.99,838.68,173.65
