bucket_ts,wallet,legs,perp_notional_usd,option_notional_usd,premium_bought_usd,premium_sold_usd,realized_pnl_usd,fees_usd
1790467200,0x0AAb34845981F49e657525e947bC81F3821cd224,3,0.0,7399.01,203.83,197.81,0.0,1.61
1790467200,0x15efc06FEa57Bda3ceA94A53D5426E78ed4651F3,4,3930.68,0.0,0.0,0.0,0.0,0.76
1790467200,0x1f78Fb1234d2f9685fb35AcB1cf484eca83F8F63,1,549.08,0.0,0.0,0.0,0.0,0.0
1790467200,0x21aa6DC573DA62abFD7E43C84bEF2DA4FE514053,3,357.7,0.0,0.0,0.0,0.01,0.0
1790467200,0x2Fd96bd26E7a3c694DBD5ae5E2C29249a83b8a98,9,27989.67,0.0,0.0,0.0,5.84,0.0
1790467200,0x3aAa2bB57a0eFeA8F6f89423A923f7107c33471B,30,172170.95,10817.61,197.81,347.39,-1.91,21.9
1790467200,0x3bf64B8c8ce86abDBcF44Fa5a559E27eb9F63Efb,2,0.0,38652.82,696.0,143.22,-31.56,0.0
1790467200,0x5A6B16ec699652990fF6df89D29b10D027F0636F,1,4326.92,0.0,0.0,0.0,0.0,1.31
1790467200,0x6Cf144eb80f885376Ce31c87521c2f34E0887431,4,281.47,0.0,0.0,0.0,0.0,0.12
1790467200,0x8E87D8308D439c88dDF48762AA5D3C99b8366a3a,26,169456.87,0.0,0.0,0.0,-97.19,6.92
1790467200,0x978e3eb7997a9575cdE1799176829073d2876Fb9,2,9888.03,0.0,0.0,0.0,5.18,0.15
1790467200,0x9D0eE8589d00102c76d0bA47999bb8d4d9BB305F,1,0.0,3418.6,143.56,0.0,0.0,1.53
1790467200,0xBC8015FA779be6ac91e5616f37e1768b8DbC16df,1,0.0,10476.64,0.0,144.71,0.0,0.0
1790467200,0xCDa43aF0E62ea12faE2BFF016557B6aB37Ec98B0,1,5003.17,0.0,0.0,0.0,0.0,1.5
1790467200,0xE1DC5576b36c78C75e6Abf2E1B121Db20A6069b7,1,20001.12,0.0,0.0,0.0,-456.79,0.0
1790467200,0xEA2Eec3dc92E860ca7c00DDa51f1AfbCD1fC2E73,4,765.53,0.0,0.0,0.0,-2.45,0.11
1790467200,0xEe3361A43B2290E9b72990771853d3817e296248,1,0.0,16488.09,0.0,696.0,-59.14,5.45
1790467200,0xb045C8727fA30a011B8B49d8fe4A1B0Ea6e65467,2,0.0,32641.37,287.92,0.0,0.0,10.79
1790468100,0x006C1E28F9A8423F57bd8eB8C1A5edcebb74EEd6,9,32053.09,0.0,0.0,0.0,252.98,8.34
1790468100,0x021d21f43d6d8921eF876Ec72f59E45820883B8F,1,0.0,4929.45,232.2,0.0,-33.9,0.0
1790468100,0x15efc06FEa57Bda3ceA94A53D5426E78ed4651F3,2,2999.81,0.0,0.0,0.0,0.0,0.6
1790468100,0x1f78Fb1234d2f9685fb35AcB1cf484eca83F8F63,1,1464.4,0.0,0.0,0.0,0.0,0.0
1790468100,0x2Fd96bd26E7a3c694DBD5ae5E2C29249a83b8a98,11,17209.02,0.0,0.0,0.0,-21.95,0.19
1790468100,0x3aAa2bB57a0eFeA8F6f89423A923f7107c33471B,9,87129.75,0.0,0.0,0.0,-20.69,4.33
1790468100,0x3bf64B8c8ce86abDBcF44Fa5a559E27eb9F63Efb,2,0.0,17034.84,194.0,20.34,0.0,0.0
1790468100,0x811C5fD9eD6B5b009ad6725521ED2B8E424d2573,2,0.0,59300.51,29.41,39.36,-82.95,9.6
1790468100,0x8E87D8308D439c88dDF48762AA5D3C99b8366a3a,16,127357.92,0.0,0.0,0.0,-32.64,9.37
1790468100,0x978e3eb7997a9575cdE1799176829073d2876Fb9,11,44886.13,0.0,0.0,0.0,-251.74,5.32
1790468100,0xBC8015FA779be6ac91e5616f37e1768b8DbC16df,1,0.0,17650.13,39.36,0.0,129.3,0.0
1790468100,0xCDa43aF0E62ea12faE2BFF016557B6aB37Ec98B0,4,9999.8,0.0,0.0,0.0,0.0,3.0
1790468100,0xD9884e6f8a8Bc801E24bB19E371d71D626C22680,2,0.0,21374.26,0.0,426.2,0.0,3.21
1790468100,0xEA2Eec3dc92E860ca7c00DDa51f1AfbCD1fC2E73,1,10000.75,0.0,0.0,0.0,0.0,0.0
1790468100,0xEAc2374016613765cF31afDB4AEB6f5d13a63726,1,0.0,41650.38,0.0,29.41,0.0,0.0
1790468100,0xc9E8b61B149355429444DC6B32EFFa6BbB01Ca1C,1,0.0,590.03,20.34,0.0,0.0,0.68
1790469000,0x0AAb34845981F49e657525e947bC81F3821cd224,2,0.0,47622.79,853.31,777.23,0.0,7.64
1790469000,0x15efc06FEa57Bda3ceA94A53D5426E78ed4651F3,2,297.16,0.0,0.0,0.0,-1.98,0.06
1790469000,0x1e5ca09C9DB0F5B84956C3F785FFD5977192C9d6,4,0.0,496557.27,34554.04,47066.75,-1601.55,75.48
1790469000,0x1f78Fb1234d2f9685fb35AcB1cf484eca83F8F63,6,1330.84,1796.18,25.88,0.0,1.1,0.08
1790469000,0x21aa6DC573DA62abFD7E43C84bEF2DA4FE514053,2,297.16,0.0,0.0,0.0,0.33,0.0
1790469000,0x2Fd96bd26E7a3c694DBD5ae5E2C29249a83b8a98,16,41543.39,0.0,0.0,0.0,-28.36,0.03
1790469000,0x3aAa2bB57a0eFeA8F6f89423A923f7107c33471B,40,221515.06,66194.48,1217.2,968.3,-83.4,22.02
1790469000,0x3bf64B8c8ce86abDBcF44Fa5a559E27eb9F63Efb,4,0.0,496557.27,47066.75,34554.04,229.07,0.0
1790469000,0x6E740B88ca3dAB36a9dEf048FC060759AE7910b2,3,0.0,18571.69,114.99,439.97,-11.75,5.87
1790469000,0x80e93386C24B88609919Fbfd6D47124184afBE57,1,92.55,0.0,0.0,0.0,0.29,0.04
1790469000,0x87aFC574Da11e310fF724aF273177B619F002B4d,6,0.0,2659.36,0.0,103.9,0.0,3.8
1790469000,0x8E87D8308D439c88dDF48762AA5D3C99b8366a3a,27,171390.68,0.0,0.0,0.0,-188.75,8.76
1790469000,0x978e3eb7997a9575cdE1799176829073d2876Fb9,4,642.27,0.0,0.0,0.0,-8.67,0.03
1790469000,0xCDa43aF0E62ea12faE2BFF016557B6aB37Ec98B0,2,5002.61,0.0,0.0,0.0,0.0,1.5
1790469000,0xCe73656b6C7275248B0125c1609E2a62Bd601e57,2,0.0,480.18,46.5,0.0,0.0,0.05
1790469000,0xea19Fe621592b9aF895f2d8d5Af7288C02FbBbF3,6,342.67,383.0,31.52,0.0,24.4,0.19
1790469000,0xfE6e3099dc514A63bd2Fe79BD3d9e8a653bBAF06,5,18541.51,0.0,0.0,0.0,0.0,2.78
1790469900,0x15efc06FEa57Bda3ceA94A53D5426E78ed4651F3,1,999.43,0.0,0.0,0.0,0.0,0.2
1790469900,0x1e5ca09C9DB0F5B84956C3F785FFD5977192C9d6,2,0.0,139902.68,43073.71,0.0,0.0,42.97
1790469900,0x1f78Fb1234d2f9685fb35AcB1cf484eca83F8F63,1,549.21,0.0,0.0,0.0,0.0,0.0
1790469900,0x21aa6DC573DA62abFD7E43C84bEF2DA4FE514053,3,409.07,0.0,0.0,0.0,0.46,0.0
1790469900,0x2Fd96bd26E7a3c694DBD5ae5E2C29249a83b8a98,16,31629.3,0.0,0.0,0.0,-35.1,0.76
1790469900,0x3aAa2bB57a0eFeA8F6f89423A923f7107c33471B,26,127379.84,0.0,0.0,0.0,19.74,17.64
1790469900,0x3bf64B8c8ce86abDBcF44Fa5a559E27eb9F63Efb,6,0.0,206365.97,666.28,45660.98,-224.96,0.0
1790469900,0x6772329A85E1333570d277180b4FB91C88d4C7FE,4,0.0,23698.78,259.36,255.98,-7.93,4.55
1790469900,0x7B61332543d7EDc2AE27D06B7E7526636bB86F81,1,3574.23,0.0,0.0,0.0,0.0,0.36
1790469900,0x87aFC574Da11e310fF724aF273177B619F002B4d,1,0.0,109.99,0.0,0.0,-0.38,0.17
1790469900,0x8E87D8308D439c88dDF48762AA5D3C99b8366a3a,32,112622.1,0.0,0.0,0.0,-69.17,1.91
1790469900,0x954B1335cA41c833469F317815f66F986dC3ddBE,1,0.0,46390.81,2430.0,0.0,0.0,14.42
1790469900,0xEA2Eec3dc92E860ca7c00DDa51f1AfbCD1fC2E73,4,4336.93,0.0,0.0,0.0,0.13,0.65
1790469900,0xEAc2374016613765cF31afDB4AEB6f5d13a63726,2,0.0,11850.8,156.2,102.08,-1090.08,0.0
1790469900,0xEe3361A43B2290E9b72990771853d3817e296248,1,0.0,8224.5,0.0,566.49,10.78,2.97
1790469900,0xda50a7E41BEb66B2a613bc22a206fb1cF34FFaE2,1,0.0,109.99,0.0,0.0,0.0,0.0
1790470800,0x15efc06FEa57Bda3ceA94A53D5426E78ed4651F3,1,30873.11,0.0,0.0,0.0,0.0,6.17
1790470800,0x1f78Fb1234d2f9685fb35AcB1cf484eca83F8F63,3,2750.02,0.0,0.0,0.0,3.13,0.25
1790470800,0x21aa6DC573DA62abFD7E43C84bEF2DA4FE514053,4,470.52,0.0,0.0,0.0,1.27,0.0
1790470800,0x2338fCF2e96Bc1B1fF0b4ee43e6d1148F22278cd,2,0.0,16873.23,197.27,41.94,0.0,3.03
1790470800,0x2Fd96bd26E7a3c694DBD5ae5E2C29249a83b8a98,7,19511.41,0.0,0.0,0.0,-0.98,0.38
1790470800,0x3aAa2bB57a0eFeA8F6f89423A923f7107c33471B,25,101444.6,16873.23,41.94,197.27,58.19,11.26
1790470800,0x3bf64B8c8ce86abDBcF44Fa5a559E27eb9F63Efb,2,0.0,24653.03,1000.5,0.0,0.0,0.0
1790470800,0x6772329A85E1333570d277180b4FB91C88d4C7FE,2,0.0,53832.45,463.0,709.0,0.0,8.57
1790470800,0x87b8df4f8a95b719fda56ca067BE9F4C5687A694,2,1647.2,8224.6,330.0,0.0,153.73,3.47
1790470800,0x8E87D8308D439c88dDF48762AA5D3C99b8366a3a,34,110459.47,0.0,0.0,0.0,-306.06,7.91
1790470800,0x978e3eb7997a9575cdE1799176829073d2876Fb9,2,28893.77,0.0,0.0,0.0,44.54,3.0
1790470800,0xE1DC5576b36c78C75e6Abf2E1B121Db20A6069b7,3,33385.45,0.0,0.0,0.0,-701.52,0.0
1790470800,0xEA2Eec3dc92E860ca7c00DDa51f1AfbCD1fC2E73,6,32889.46,0.0,0.0,0.0,-61.81,0.19
1790470800,0xEAc2374016613765cF31afDB4AEB6f5d13a63726,2,0.0,53832.45,709.0,463.0,-4955.93,0.0
1790470800,0xEe3361A43B2290E9b72990771853d3817e296248,3,0.0,32877.63,0.0,1330.5,-178.1,9.22
1790470800,0xea19Fe621592b9aF895f2d8d5Af7288C02FbBbF3,5,162.64,0.0,0.0,0.0,0.0,0.1
1790470800,0xfE6e3099dc514A63bd2Fe79BD3d9e8a653bBAF06,1,9290.0,0.0,0.0,0.0,0.0,0.0
1790471700,0x1f78Fb1234d2f9685fb35AcB1cf484eca83F8F63,3,648.66,0.0,0.0,0.0,1.35,0.09
1790471700,0x21aa6DC573DA62abFD7E43C84bEF2DA4FE514053,3,417.82,0.0,0.0,0.0,0.0,0.03
1790471700,0x2Fd96bd26E7a3c694DBD5ae5E2C29249a83b8a98,12,34205.15,0.0,0.0,0.0,0.1,0.0
1790471700,0x3aAa2bB57a0eFeA8F6f89423A923f7107c33471B,28,89583.37,0.0,0.0,0.0,21.59,11.32
1790471700,0x8E87D8308D439c88dDF48762AA5D3C99b8366a3a,35,88656.11,0.0,0.0,0.0,-30.37,4.21
1790471700,0xB90134C652814890691671c849381A0B3cdD0247,9,18259.23,0.0,0.0,0.0,69.46,5.53
1790471700,0xE1DC5576b36c78C75e6Abf2E1B121Db20A6069b7,1,20002.8,0.0,0.0,0.0,-433.71,0.0
1790471700,0xEA2Eec3dc92E860ca7c00DDa51f1AfbCD1fC2E73,3,6246.17,0.0,0.0,0.0,14.78,0.94
1790471700,0xea19Fe621592b9aF895f2d8d5Af7288C02FbBbF3,10,326.0,0.0,0.0,0.0,0.0,0.2
1790472600,0x02138e9930837932aa7c3293aD0B9d686358E3ED,5,0.0,24226.4,0.0,365.22,-113.16,9.77
1790472600,0x1f78Fb1234d2f9685fb35AcB1cf484eca83F8F63,1,549.86,0.0,0.0,0.0,0.0,0.0
1790472600,0x21aa6DC573DA62abFD7E43C84bEF2DA4FE514053,2,421.76,0.0,0.0,0.0,0.93,0.0
1790472600,0x2Fd96bd26E7a3c694DBD5ae5E2C29249a83b8a98,9,29996.15,0.0,0.0,0.0,0.77,0.0
1790472600,0x3aAa2bB57a0eFeA8F6f89423A923f7107c33471B,32,243816.78,0.0,0.0,0.0,21.63,33.07
1790472600,0x8E87D8308D439c88dDF48762AA5D3C99b8366a3a,26,256835.55,0.0,0.0,0.0,-110.99,7.87
1790472600,0x978e3eb7997a9575cdE1799176829073d2876Fb9,1,291.05,0.0,0.0,0.0,-0.2,0.0
1790472600,0xB90134C652814890691671c849381A0B3cdD0247,1,4037.74,0.0,0.0,0.0,19.73,1.22
1790472600,0xE1DC5576b36c78C75e6Abf2E1B121Db20A6069b7,6,20000.26,24226.4,365.22,0.0,-431.17,0.0
1790472600,0xEA2Eec3dc92E860ca7c00DDa51f1AfbCD1fC2E73,3,1784.25,0.0,0.0,0.0,2.13,0.27
1790473500,0x021d21f43d6d8921eF876Ec72f59E45820883B8F,1,0.0,495.19,19.59,0.0,0.0,0.0
1790473500,0x15efc06FEa57Bda3ceA94A53D5426E78ed4651F3,21,112195.5,0.0,0.0,0.0,-154.88,16.87
1790473500,0x1f78Fb1234d2f9685fb35AcB1cf484eca83F8F63,2,1099.13,0.0,0.0,0.0,1.12,0.0
1790473500,0x1fD0876eEAaB1Af9BbF3EeB70064bc03bf111718,4,2437.91,0.0,0.0,0.0,-0.06,0.0
1790473500,0x21aa6DC573DA62abFD7E43C84bEF2DA4FE514053,3,479.23,0.0,0.0,0.0,2.98,0.0
1790473500,0x2Fd96bd26E7a3c694DBD5ae5E2C29249a83b8a98,16,43261.87,0.0,0.0,0.0,-45.56,0.0
1790473500,0x3E703f896d2B7F858A5FE44C2994D3d8da148875,1,0.0,495.19,0.0,19.59,2.91,0.65
1790473500,0x3aAa2bB57a0eFeA8F6f89423A923f7107c33471B,29,217961.23,372477.46,8430.87,16752.15,2311.93,8.42
1790473500,0x3bf64B8c8ce86abDBcF44Fa5a559E27eb9F63Efb,3,0.0,83766.2,1029.46,0.0,0.0,0.0
1790473500,0x42974A167De3F098cEf1Ffbf5f250D33a9200520,4,0.0,74513.46,400.0,424.46,7.91,16.55
1790473500,0x5A6B16ec699652990fF6df89D29b10D027F0636F,1,2289.59,0.0,0.0,0.0,0.0,0.7
1790473500,0x793F59010D878848327aF4052790273D01215D62,1,0.0,1094.68,0.0,0.0,0.0,0.55
1790473500,0x8E87D8308D439c88dDF48762AA5D3C99b8366a3a,59,355696.29,0.0,0.0,0.0,-367.02,31.0
1790473500,0x9162bC7e6586a2b197c7b1AcFf47C0fE31DAD0C8,1,810.48,0.0,0.0,0.0,0.0,0.0
1790473500,0x9510e225165363C31b09462AEA128D81Eb86402a,1,0.0,404.71,1.5,0.0,0.0,0.04
1790473500,0x978e3eb7997a9575cdE1799176829073d2876Fb9,3,5622.46,0.0,0.0,0.0,18.55,0.21
1790473500,0xA0D678cb6F48CA52720232361BfB376C46c2c5B0,9,4809.59,9804.24,75.3,199.33,-24.01,1.46
1790473500,0xB90134C652814890691671c849381A0B3cdD0247,16,44596.61,0.0,0.0,0.0,35.59,13.48
1790473500,0xBC8015FA779be6ac91e5616f37e1768b8DbC16df,1,0.0,19426.08,0.0,642.24,0.0,0.0
1790473500,0xCDa43aF0E62ea12faE2BFF016557B6aB37Ec98B0,19,45011.99,0.0,0.0,0.0,0.0,13.5
1790473500,0xD9884e6f8a8Bc801E24bB19E371d71D626C22680,4,0.0,93058.84,0.0,1105.0,0.0,6.97
1790473500,0xE1DC5576b36c78C75e6Abf2E1B121Db20A6069b7,10,25003.12,29230.32,841.57,75.3,-555.43,2.19
1790473500,0xEA2Eec3dc92E860ca7c00DDa51f1AfbCD1fC2E73,2,11999.95,0.0,0.0,0.0,43.64,0.0
1790473500,0xEAc2374016613765cF31afDB4AEB6f5d13a63726,1,0.0,404.71,0.0,1.5,0.0,0.03
1790473500,0xEd36621aa98134b01d10005a912aA3Ff0E38ED3f,4,79.76,0.0,0.0,0.0,0.1,0.0
1790473500,0xF7957c8b20DbD3FcA93686B07679aee8e6755c43,2,8106.69,0.0,0.0,0.0,0.0,0.0
1790473500,0xa167F132b24e8D17C49937872FA6D281aeEbD5dD,2,0.0,372477.46,16752.15,8430.87,0.0,56.37
1790473500,0xd95754330a4bf9A3C8e199ed140817AE07422ee9,1,0.0,9320.56,100.0,0.0,0.0,3.3
1790473500,0xe8616C2B4872Ffd594C07BabAA916A01aa501932,1,0.0,1094.68,0.0,0.0,6.13,1.64
1790474400,0x15efc06FEa57Bda3ceA94A53D5426E78ed4651F3,5,60706.69,0.0,0.0,0.0,-0.9,12.14
1790474400,0x1f78Fb1234d2f9685fb35AcB1cf484eca83F8F63,2,1986.77,0.0,0.0,0.0,-2.92,0.22
1790474400,0x21aa6DC573DA62abFD7E43C84bEF2DA4FE514053,4,427.21,0.0,0.0,0.0,1.84,0.0
1790474400,0x2B1eB2323DA774b9748D6BA511696C9ebd17ebE2,2,4660.3,27969.92,135.0,0.0,34.32,10.3
1790474400,0x2Fd96bd26E7a3c694DBD5ae5E2C29249a83b8a98,26,84964.53,0.0,0.0,0.0,-82.16,0.0
1790474400,0x3aAa2bB57a0eFeA8F6f89423A923f7107c33471B,77,1274432.9,1705432.84,0.0,2748.68,1462.83,137.04
1790474400,0x3bf64B8c8ce86abDBcF44Fa5a559E27eb9F63Efb,6,0.0,466444.18,5434.05,0.0,0.0,0.0
1790474400,0x42974A167De3F098cEf1Ffbf5f250D33a9200520,10,0.0,839587.16,4500.0,4899.05,220.48,178.57
1790474400,0x87b8df4f8a95b719fda56ca067BE9F4C5687A694,3,9320.52,20516.03,220.0,0.0,0.0,9.46
1790474400,0x8E87D8308D439c88dDF48762AA5D3C99b8366a3a,59,682463.04,0.0,0.0,0.0,-1093.29,21.12
1790474400,0xBC8015FA779be6ac91e5616f37e1768b8DbC16df,6,0.0,116737.15,0.0,578.88,-23.04,0.0
1790474400,0xCDa43aF0E62ea12faE2BFF016557B6aB37Ec98B0,9,20010.18,0.0,0.0,0.0,0.0,6.0
1790474400,0xD9884e6f8a8Bc801E24bB19E371d71D626C22680,7,0.0,885933.51,0.0,9500.0,0.0,0.0
1790474400,0xE1DC5576b36c78C75e6Abf2E1B121Db20A6069b7,3,49997.58,179121.62,0.0,536.54,-1316.37,0.0
1790474400,0xEA2Eec3dc92E860ca7c00DDa51f1AfbCD1fC2E73,5,7478.22,27969.92,0.0,135.0,29.28,0.9
1790474400,0xEAc2374016613765cF31afDB4AEB6f5d13a63726,8,0.0,2475401.93,0.0,13623.46,422.29,1.97
1790474400,0xF07D12A746e989F15D79E207a37BA7bDA1661a03,19,0.0,4476693.54,17487.57,0.0,0.0,1068.4
1790474400,0xF7957c8b20DbD3FcA93686B07679aee8e6755c43,3,117362.78,0.0,0.0,0.0,0.0,0.0
1790474400,0xFfd6339DA9D6a8D84FD5b323a6088441947A10B3,2,0.0,492274.5,4780.0,535.0,21.01,73.84
1790474400,0xea19Fe621592b9aF895f2d8d5Af7288C02FbBbF3,4,130.65,0.0,0.0,0.0,0.0,0.08
1790475300,0x15efc06FEa57Bda3ceA94A53D5426E78ed4651F3,4,11177.05,0.0,0.0,0.0,-171.69,2.23
1790475300,0x1f78Fb1234d2f9685fb35AcB1cf484eca83F8F63,4,2200.37,0.0,0.0,0.0,1.31,0.08
1790475300,0x21aa6DC573DA62abFD7E43C84bEF2DA4FE514053,7,1040.54,0.0,0.0,0.0,3.27,0.0
1790475300,0x2Fd96bd26E7a3c694DBD5ae5E2C29249a83b8a98,14,37782.63,0.0,0.0,0.0,-23.23,0.27
1790475300,0x3aAa2bB57a0eFeA8F6f89423A923f7107c33471B,41,305734.45,307433.97,1142.38,0.0,195.46,38.5
1790475300,0x3bf64B8c8ce86abDBcF44Fa5a559E27eb9F63Efb,11,0.0,473988.33,5673.29,0.0,0.0,0.0
1790475300,0x42974A167De3F098cEf1Ffbf5f250D33a9200520,2,0.0,37323.26,242.0,252.34,2.05,8.29
1790475300,0x80e93386C24B88609919Fbfd6D47124184afBE57,1,69.9,0.0,0.0,0.0,0.0,0.03
1790475300,0x8E87D8308D439c88dDF48762AA5D3C99b8366a3a,33,255284.77,0.0,0.0,0.0,-236.88,11.06
1790475300,0x978e3eb7997a9575cdE1799176829073d2876Fb9,1,551.12,0.0,0.0,0.0,-24.63,0.0
1790475300,0xB90134C652814890691671c849381A0B3cdD0247,1,4054.92,0.0,0.0,0.0,2.55,1.23
1790475300,0xD9884e6f8a8Bc801E24bB19E371d71D626C22680,6,0.0,391733.48,0.0,3463.0,0.0,73.44
1790475300,0xE1DC5576b36c78C75e6Abf2E1B121Db20A6069b7,3,49999.73,0.0,0.0,0.0,-1180.17,0.0
1790475300,0xEA2Eec3dc92E860ca7c00DDa51f1AfbCD1fC2E73,5,1856.44,0.0,0.0,0.0,6.95,0.17
1790475300,0xEAc2374016613765cF31afDB4AEB6f5d13a63726,4,0.0,640503.75,1890.0,1843.08,0.0,19.55
1790475300,0xF07D12A746e989F15D79E207a37BA7bDA1661a03,1,0.0,109446.08,1287.58,0.0,0.0,33.33
1790475300,0xF7957c8b20DbD3FcA93686B07679aee8e6755c43,2,19449.95,0.0,0.0,0.0,-34.09,0.0
1790475300,0xFfd6339DA9D6a8D84FD5b323a6088441947A10B3,15,0.0,604774.84,1331.0,6007.82,193.16,143.81
1790475300,0xea19Fe621592b9aF895f2d8d5Af7288C02FbBbF3,2,65.36,0.0,0.0,0.0,0.0,0.04
1790475300,0xfE6e3099dc514A63bd2Fe79BD3d9e8a653bBAF06,1,9340.0,0.0,0.0,0.0,0.0,0.0
1790476200,0x1f78Fb1234d2f9685fb35AcB1cf484eca83F8F63,2,1099.66,0.0,0.0,0.0,-0.17,0.0
1790476200,0x21aa6DC573DA62abFD7E43C84bEF2DA4FE514053,1,244.47,0.0,0.0,0.0,0.0,0.0
1790476200,0x2Fd96bd26E7a3c694DBD5ae5E2C29249a83b8a98,7,18808.1,0.0,0.0,0.0,-39.24,0.16
1790476200,0x3aAa2bB57a0eFeA8F6f89423A923f7107c33471B,23,165922.32,0.0,0.0,0.0,233.0,19.43
1790476200,0x3bf64B8c8ce86abDBcF44Fa5a559E27eb9F63Efb,8,0.0,139999.94,1911.15,0.0,0.0,0.0
1790476200,0x42974A167De3F098cEf1Ffbf5f250D33a9200520,2,0.0,37330.14,242.0,252.8,2.51,8.29
1790476200,0x57D20F8aF5875aD611dC836f78e4992DDA5E6073,1,0.0,4916.55,0.0,11.28,0.0,0.0
1790476200,0x626cf8dc1320D57D41D7bcC89E087bdED2CE5F21,1,0.0,15221.27,700.0,0.0,0.0,1.52
1790476200,0x87b8df4f8a95b719fda56ca067BE9F4C5687A694,2,1648.64,15221.27,0.0,700.0,155.17,5.57
1790476200,0x8Bb3b8bd067bf069695316F52556B0fd7f8a2d0a,1,0.0,4916.55,11.28,0.0,0.0,1.91
1790476200,0x8E87D8308D439c88dDF48762AA5D3C99b8366a3a,18,104059.61,0.0,0.0,0.0,-109.74,0.68
1790476200,0x978e3eb7997a9575cdE1799176829073d2876Fb9,1,1648.64,0.0,0.0,0.0,-41.16,0.0
1790476200,0xCDa43aF0E62ea12faE2BFF016557B6aB37Ec98B0,7,25008.57,0.0,0.0,0.0,0.0,7.5
1790476200,0xD9884e6f8a8Bc801E24bB19E371d71D626C22680,8,0.0,140023.83,0.0,1815.0,0.0,0.0
1790476200,0xE1DC5576b36c78C75e6Abf2E1B121Db20A6069b7,1,5003.61,0.0,0.0,0.0,-117.52,0.0
1790476200,0xEA2Eec3dc92E860ca7c00DDa51f1AfbCD1fC2E73,3,1876.33,0.0,0.0,0.0,4.92,0.12
1790476200,0xFfd6339DA9D6a8D84FD5b323a6088441947A10B3,14,0.0,242693.62,1573.0,1658.35,31.23,54.12
1790477100,0x021d21f43d6d8921eF876Ec72f59E45820883B8F,1,0.0,1491.83,0.0,48.0,-5.08,0.0
1790477100,0x05cfF5B6DC5697AA54200b42c51ee54aFE5eF875,3,0.0,3356.46,48.0,64.2,23.97,2.51
1790477100,0x15efc06FEa57Bda3ceA94A53D5426E78ed4651F3,1,152.94,0.0,0.0,0.0,-2.13,0.03
1790477100,0x1f78Fb1234d2f9685fb35AcB1cf484eca83F8F63,4,1099.21,1864.62,64.2,0.0,-0.11,0.0
1790477100,0x21aa6DC573DA62abFD7E43C84bEF2DA4FE514053,2,1309.14,0.0,0.0,0.0,10.65,0.0
1790477100,0x2Fd96bd26E7a3c694DBD5ae5E2C29249a83b8a98,1,2998.6,0.0,0.0,0.0,-5.29,0.0
1790477100,0x3aAa2bB57a0eFeA8F6f89423A923f7107c33471B,1,2001.88,0.0,0.0,0.0,-1.08,0.0
1790477100,0x3bf64B8c8ce86abDBcF44Fa5a559E27eb9F63Efb,7,0.0,102626.05,1393.0,0.0,0.0,0.0
1790477100,0x801209Bf04cfB7D37135CcDeA450C680dB26995C,1,0.0,522047.77,6776.0,0.0,0.0,39.15
1790477100,0x8Bb3b8bd067bf069695316F52556B0fd7f8a2d0a,1,0.0,350.94,0.81,0.0,0.0,0.04
1790477100,0x8E87D8308D439c88dDF48762AA5D3C99b8366a3a,5,9158.73,0.0,0.0,0.0,-20.43,0.77
1790477100,0xCDa43aF0E62ea12faE2BFF016557B6aB37Ec98B0,3,10000.94,0.0,0.0,0.0,0.0,3.0
1790477100,0xD9884e6f8a8Bc801E24bB19E371d71D626C22680,8,0.0,624688.78,0.0,8107.0,0.0,0.0
1790477100,0xE1DC5576b36c78C75e6Abf2E1B121Db20A6069b7,1,5000.46,0.0,0.0,0.0,-114.38,0.0
1790477100,0xEA2Eec3dc92E860ca7c00DDa51f1AfbCD1fC2E73,2,1099.21,0.0,0.0,0.0,6.37,0.16
1790477100,0xEAc2374016613765cF31afDB4AEB6f5d13a63726,1,0.0,350.94,0.0,0.81,0.0,0.03
1790477100,0xFfd6339DA9D6a8D84FD5b323a6088441947A10B3,14,0.0,205267.06,1331.0,1393.0,15.74,46.26
1790478000,0x15efc06FEa57Bda3ceA94A53D5426E78ed4651F3,4,3099.28,0.0,0.0,0.0,-44.48,0.62
1790478000,0x1f78Fb1234d2f9685fb35AcB1cf484eca83F8F63,4,2197.36,0.0,0.0,0.0,0.38,0.0
1790478000,0x2Fd96bd26E7a3c694DBD5ae5E2C29249a83b8a98,6,16964.47,0.0,0.0,0.0,0.54,0.15
1790478000,0x2d5E3844E825A91607D15265b120b63Cfb55B84D,2,0.0,98356.3,0.0,4429.38,0.0,30.51
1790478000,0x3687eFc4fBAAfF0F50faD7DF20861E0074419008,1,0.0,1349.85,0.0,23.6,-20.92,0.9
1790478000,0x3aAa2bB57a0eFeA8F6f89423A923f7107c33471B,15,202780.6,98356.3,4429.38,0.0,175.22,23.72
1790478000,0x3bf64B8c8ce86abDBcF44Fa5a559E27eb9F63Efb,3,0.0,1657021.44,251.88,48626.35,-7930.47,0.0
1790478000,0x80e93386C24B88609919Fbfd6D47124184afBE57,1,93.26,0.0,0.0,0.0,1.0,0.04
1790478000,0x8E87D8308D439c88dDF48762AA5D3C99b8366a3a,19,155985.87,0.0,0.0,0.0,-88.65,5.28
1790478000,0xB90134C652814890691671c849381A0B3cdD0247,2,4900.88,0.0,0.0,0.0,0.0,1.48
1790478000,0xBC8015FA779be6ac91e5616f37e1768b8DbC16df,1,0.0,1349.85,23.6,0.0,0.0,0.0
1790478000,0xDfAc4E3db12aaC0b088F53499ff5bE011e08FCD0,2,0.0,1638364.48,48626.35,0.0,0.0,248.74
1790478000,0xE1DC5576b36c78C75e6Abf2E1B121Db20A6069b7,1,19997.62,0.0,0.0,0.0,-469.8,0.0
1790478000,0xEA2Eec3dc92E860ca7c00DDa51f1AfbCD1fC2E73,2,1098.34,0.0,0.0,0.0,5.51,0.16
1790478000,0xFfd6339DA9D6a8D84FD5b323a6088441947A10B3,1,0.0,18656.96,0.0,251.88,0.0,5.49
1790478900,0x15efc06FEa57Bda3ceA94A53D5426E78ed4651F3,2,10216.53,0.0,0.0,0.0,0.0,2.04
1790478900,0x1f78Fb1234d2f9685fb35AcB1cf484eca83F8F63,4,2164.68,0.0,0.0,0.0,-4.21,0.08
1790478900,0x201D9E8fe6d8F2b471dDD1fE76b6C1fB5a66AE82,1,0.0,970.4,0.0,1.44,0.0,0.68
1790478900,0x21aa6DC573DA62abFD7E43C84bEF2DA4FE514053,1,106.24,0.0,0.0,0.0,0.8,0.0
1790478900,0x2Fd96bd26E7a3c694DBD5ae5E2C29249a83b8a98,9,20722.66,0.0,0.0,0.0,0.12,0.78
1790478900,0x3aAa2bB57a0eFeA8F6f89423A923f7107c33471B,13,90749.62,0.0,0.0,0.0,-9.2,5.75
1790478900,0x57D20F8aF5875aD611dC836f78e4992DDA5E6073,1,0.0,4070.37,0.67,0.0,0.67,0.0
1790478900,0x7888B3a0c2Cc892670757440e8a78117fb0B9bbf,1,0.0,4219.07,3.6,0.0,0.0,0.42
1790478900,0x8E87D8308D439c88dDF48762AA5D3C99b8366a3a,14,78771.09,0.0,0.0,0.0,-5.27,3.0
1790478900,0xB90134C652814890691671c849381A0B3cdD0247,6,10353.11,0.0,0.0,0.0,13.54,3.14
1790478900,0xBC8015FA779be6ac91e5616f37e1768b8DbC16df,1,0.0,970.4,1.44,0.0,7.09,0.0
1790478900,0xCDa43aF0E62ea12faE2BFF016557B6aB37Ec98B0,36,120034.67,0.0,0.0,0.0,-4840.73,36.0
1790478900,0xE1DC5576b36c78C75e6Abf2E1B121Db20A6069b7,12,65228.41,0.0,0.0,0.0,-1469.98,0.0
1790478900,0xEA2Eec3dc92E860ca7c00DDa51f1AfbCD1fC2E73,3,11000.31,0.0,0.0,0.0,50.41,0.0
1790478900,0xEAc2374016613765cF31afDB4AEB6f5d13a63726,1,0.0,4219.07,0.0,3.6,0.0,0.32
1790478900,0xb132f26B105edd0C493080ba2dCC02037291A0fa,1,0.0,4070.37,0.0,0.67,0.0,0.58
1790479800,0x1f78Fb1234d2f9685fb35AcB1cf484eca83F8F63,2,1099.75,0.0,0.0,0.0,-0.18,0.0
1790479800,0x2Fd96bd26E7a3c694DBD5ae5E2C29249a83b8a98,9,30422.58,0.0,0.0,0.0,-14.27,0.52
1790479800,0x3aAa2bB57a0eFeA8F6f89423A923f7107c33471B,16,254716.25,0.0,0.0,0.0,-120.13,25.58
1790479800,0x42974A167De3F098cEf1Ffbf5f250D33a9200520,1,0.0,120.64,0.0,3.3,0.0,0.0
1790479800,0x8E87D8308D439c88dDF48762AA5D3C99b8366a3a,21,218815.59,0.0,0.0,0.0,-145.02,10.56
1790479800,0xCDa43aF0E62ea12faE2BFF016557B6aB37Ec98B0,12,35010.97,0.0,0.0,0.0,-4844.71,10.5
1790479800,0xCc86CC729aef21f478947a445aF92Bc3461a48E6,1,0.0,120.64,3.3,0.0,0.0,0.54
1790479800,0xE1DC5576b36c78C75e6Abf2E1B121Db20A6069b7,4,8442.36,0.0,0.0,0.0,-188.84,0.0
1790479800,0xEA2Eec3dc92E860ca7c00DDa51f1AfbCD1fC2E73,4,11551.54,0.0,0.0,0.0,58.01,0.08
1790480700,0x15efc06FEa57Bda3ceA94A53D5426E78ed4651F3,2,2798.59,0.0,0.0,0.0,0.0,0.56
1790480700,0x1f78Fb1234d2f9685fb35AcB1cf484eca83F8F63,1,549.11,0.0,0.0,0.0,0.0,0.0
1790480700,0x21aa6DC573DA62abFD7E43C84bEF2DA4FE514053,1,306.68,0.0,0.0,0.0,0.0,0.05
1790480700,0x2Fd96bd26E7a3c694DBD5ae5E2C29249a83b8a98,4,11988.59,0.0,0.0,0.0,-2.06,0.15
1790480700,0x3aAa2bB57a0eFeA8F6f89423A923f7107c33471B,5,69698.57,0.0,0.0,0.0,-13.31,6.35
1790480700,0x8E87D8308D439c88dDF48762AA5D3C99b8366a3a,11,103343.53,0.0,0.0,0.0,-43.81,7.19
1790480700,0xCDa43aF0E62ea12faE2BFF016557B6aB37Ec98B0,7,30004.91,0.0,0.0,0.0,0.0,9.0
1790480700,0xE1DC5576b36c78C75e6Abf2E1B121Db20A6069b7,5,33809.28,0.0,0.0,0.0,-745.69,0.0
1790480700,0xEA2Eec3dc92E860ca7c00DDa51f1AfbCD1fC2E73,4,4209.22,0.0,0.0,0.0,20.68,0.59
1790481600,0x15efc06FEa57Bda3ceA94A53D5426E78ed4651F3,6,19837.0,0.0,0.0,0.0,-6.56,0.32
1790481600,0x1f78Fb1234d2f9685fb35AcB1cf484eca83F8F63,4,2782.62,0.0,0.0,0.0,3.54,0.25
1790481600,0x21aa6DC573DA62abFD7E43C84bEF2DA4FE514053,9,2119.23,0.0,0.0,0.0,9.76,0.03
1790481600,0x2Fd96bd26E7a3c694DBD5ae5E2C29249a83b8a98,30,93407.14,0.0,0.0,0.0,-39.82,0.0
1790481600,0x3aAa2bB57a0eFeA8F6f89423A923f7107c33471B,43,537309.49,514724.85,463.6,0.0,129.18,67.41
1790481600,0x3bf64B8c8ce86abDBcF44Fa5a559E27eb9F63Efb,1,0.0,1637.0,0.0,181.0,0.0,0.0
1790481600,0x5Baf3e67fdFAAeCa0F48414C2eaB15aA595ae9B7,1,0.0,1637.0,181.0,0.0,0.0,0.99
1790481600,0x80e93386C24B88609919Fbfd6D47124184afBE57,1,69.84,0.0,0.0,0.0,0.0,0.03
1790481600,0x8E87D8308D439c88dDF48762AA5D3C99b8366a3a,57,445237.67,0.0,0.0,0.0,-463.29,12.28
1790481600,0xB90134C652814890691671c849381A0B3cdD0247,2,2741.34,0.0,0.0,0.0,0.0,0.83
1790481600,0xCDa43aF0E62ea12faE2BFF016557B6aB37Ec98B0,26,75025.81,0.0,0.0,0.0,0.0,22.5
1790481600,0xE1DC5576b36c78C75e6Abf2E1B121Db20A6069b7,2,49999.48,0.0,0.0,0.0,-1113.89,0.0
1790481600,0xEA2Eec3dc92E860ca7c00DDa51f1AfbCD1fC2E73,6,3073.24,0.0,0.0,0.0,14.63,0.43
1790481600,0xEAc2374016613765cF31afDB4AEB6f5d13a63726,1,0.0,514724.85,0.0,463.6,0.0,38.6
1790481600,0xea19Fe621592b9aF895f2d8d5Af7288C02FbBbF3,11,360.54,0.0,0.0,0.0,0.0,0.22
1790482500,0x0ED2F5A37c29a605f47b12dBA90c46dee9c17580,1,706.91,0.0,0.0,0.0,0.0,0.07
1790482500,0x15efc06FEa57Bda3ceA94A53D5426E78ed4651F3,47,200651.07,0.0,0.0,0.0,-3.67,31.07
1790482500,0x1f78Fb1234d2f9685fb35AcB1cf484eca83F8F63,2,1099.04,0.0,0.0,0.0,0.69,0.0
1790482500,0x21aa6DC573DA62abFD7E43C84bEF2DA4FE514053,5,660.74,0.0,0.0,0.0,4.29,0.0
1790482500,0x2Fd96bd26E7a3c694DBD5ae5E2C29249a83b8a98,105,282312.3,0.0,0.0,0.0,-25.39,0.0
1790482500,0x3aAa2bB57a0eFeA8F6f89423A923f7107c33471B,74,551950.82,84952.19,47.29,0.0,-65.59,70.51
1790482500,0x8E87D8308D439c88dDF48762AA5D3C99b8366a3a,233,1020158.86,0.0,0.0,0.0,-243.46,2.57
1790482500,0x978e3eb7997a9575cdE1799176829073d2876Fb9,12,29853.85,0.0,0.0,0.0,0.0,0.0
1790482500,0xB90134C652814890691671c849381A0B3cdD0247,273,837787.55,0.0,0.0,0.0,1710.43,253.29
1790482500,0xCDa43aF0E62ea12faE2BFF016557B6aB37Ec98B0,79,175063.44,0.0,0.0,0.0,0.0,52.49
1790482500,0xEA2Eec3dc92E860ca7c00DDa51f1AfbCD1fC2E73,9,15853.48,0.0,0.0,0.0,164.38,0.28
1790482500,0xEAc2374016613765cF31afDB4AEB6f5d13a63726,1,0.0,84952.19,0.0,47.29,0.0,5.91
1790482500,0xF7957c8b20DbD3FcA93686B07679aee8e6755c43,54,199156.5,0.0,0.0,0.0,0.0,0.0
1790482500,0xea19Fe621592b9aF895f2d8d5Af7288C02FbBbF3,3,98.5,0.0,0.0,0.0,0.0,0.06
1790483400,0x15efc06FEa57Bda3ceA94A53D5426E78ed4651F3,11,36882.27,0.0,0.0,0.0,0.0,7.37
1790483400,0x1f78Fb1234d2f9685fb35AcB1cf484eca83F8F63,3,1648.67,0.0,0.0,0.0,0.0,0.0
1790483400,0x21aa6DC573DA62abFD7E43C84bEF2DA4FE514053,3,955.61,0.0,0.0,0.0,0.0,0.0
1790483400,0x2Fd96bd26E7a3c694DBD5ae5E2C29249a83b8a98,23,55381.54,0.0,0.0,0.0,8.49,0.21
1790483400,0x3aAa2bB57a0eFeA8F6f89423A923f7107c33471B,28,254464.08,0.0,0.0,0.0,-162.02,38.11
1790483400,0x8E87D8308D439c88dDF48762AA5D3C99b8366a3a,28,245100.31,0.0,0.0,0.0,85.24,0.45
1790483400,0xEA2Eec3dc92E860ca7c00DDa51f1AfbCD1fC2E73,7,3604.37,0.0,0.0,0.0,20.65,0.54
1790483400,0xEd36621aa98134b01d10005a912aA3Ff0E38ED3f,7,139.22,0.0,0.0,0.0,0.0,0.0
1790484300,0x15efc06FEa57Bda3ceA94A53D5426E78ed4651F3,6,5391.43,0.0,0.0,0.0,-10.09,0.95
1790484300,0x1f78Fb1234d2f9685fb35AcB1cf484eca83F8F63,3,1563.28,0.0,0.0,0.0,0.0,0.07
1790484300,0x1fD0876eEAaB1Af9BbF3EeB70064bc03bf111718,2,1205.59,0.0,0.0,0.0,-0.01,0.0
1790484300,0x21aa6DC573DA62abFD7E43C84bEF2DA4FE514053,5,1776.51,0.0,0.0,0.0,4.96,0.02
1790484300,0x2Fd96bd26E7a3c694DBD5ae5E2C29249a83b8a98,2,7995.44,0.0,0.0,0.0,0.0,0.0
1790484300,0x3aAa2bB57a0eFeA8F6f89423A923f7107c33471B,10,104250.7,252879.47,2178.0,0.0,373.1,13.27
1790484300,0x7769398cf2C22DcbA0c5D48f44C315a1d50D5431,1,0.0,252879.47,0.0,2178.0,0.0,76.36
1790484300,0x8E87D8308D439c88dDF48762AA5D3C99b8366a3a,19,111449.92,0.0,0.0,0.0,-76.49,3.25
1790484300,0x978e3eb7997a9575cdE1799176829073d2876Fb9,1,549.39,0.0,0.0,0.0,0.0,0.08
1790484300,0xCDa43aF0E62ea12faE2BFF016557B6aB37Ec98B0,2,5002.14,0.0,0.0,0.0,-1610.99,1.5
1790484300,0xEA2Eec3dc92E860ca7c00DDa51f1AfbCD1fC2E73,3,5436.52,0.0,0.0,0.0,17.5,0.19
1790485200,0x15efc06FEa57Bda3ceA94A53D5426E78ed4651F3,9,75153.07,0.0,0.0,0.0,-60.47,11.28
1790485200,0x1f78Fb1234d2f9685fb35AcB1cf484eca83F8F63,2,1100.3,0.0,0.0,0.0,-1.29,0.08
1790485200,0x21aa6DC573DA62abFD7E43C84bEF2DA4FE514053,4,779.79,0.0,0.0,0.0,1.39,0.0
1790485200,0x2Fd96bd26E7a3c694DBD5ae5E2C29249a83b8a98,5,13489.21,0.0,0.0,0.0,-9.46,0.37
1790485200,0x3Dd2EA3c4256E3Da9D2e03D0eC02119CDaCdcdFc,1,0.0,1636.39,175.5,0.0,0.0,0.99
1790485200,0x3aAa2bB57a0eFeA8F6f89423A923f7107c33471B,16,112388.99,1636.39,0.0,175.5,489.23,3.78
1790485200,0x8E87D8308D439c88dDF48762AA5D3C99b8366a3a,26,168773.7,0.0,0.0,0.0,53.16,13.89
1790485200,0xB3D11Ee445CA160384A0E84451fEA7E8137035e3,1,0.0,32326.53,22.8,0.0,0.0,3.35
1790485200,0xCDa43aF0E62ea12faE2BFF016557B6aB37Ec98B0,2,5001.68,0.0,0.0,0.0,-1594.11,1.5
1790485200,0xEA2Eec3dc92E860ca7c00DDa51f1AfbCD1fC2E73,3,12197.21,0.0,0.0,0.0,9.04,1.83
1790485200,0xEAc2374016613765cF31afDB4AEB6f5d13a63726,1,0.0,32326.53,0.0,22.8,12.0,0.0
1790486100,0x15efc06FEa57Bda3ceA94A53D5426E78ed4651F3,1,1798.19,0.0,0.0,0.0,0.0,0.36
1790486100,0x1f78Fb1234d2f9685fb35AcB1cf484eca83F8F63,2,1100.12,0.0,0.0,0.0,1.53,0.08
1790486100,0x21aa6DC573DA62abFD7E43C84bEF2DA4FE514053,4,564.77,0.0,0.0,0.0,0.46,0.0
1790486100,0x2Fd96bd26E7a3c694DBD5ae5E2C29249a83b8a98,2,2000.46,0.0,0.0,0.0,0.21,0.3
1790486100,0x3aAa2bB57a0eFeA8F6f89423A923f7107c33471B,1,3102.17,0.0,0.0,0.0,32.7,0.0
1790486100,0x3bf64B8c8ce86abDBcF44Fa5a559E27eb9F63Efb,1,0.0,16476.67,825.0,0.0,0.0,0.0
1790486100,0x6aaBDB5a5C84EdC20E8b6c32B0f6f08611f350E7,10,0.0,9276.35,155.0,0.0,0.0,7.78
1790486100,0x8E87D8308D439c88dDF48762AA5D3C99b8366a3a,5,5424.29,0.0,0.0,0.0,-13.41,0.51
1790486100,0xD9884e6f8a8Bc801E24bB19E371d71D626C22680,11,0.0,25753.02,0.0,980.0,0.0,2.47
1790486100,0xE1DC5576b36c78C75e6Abf2E1B121Db20A6069b7,1,1798.19,0.0,0.0,0.0,-40.19,0.0
1790486100,0xEA2Eec3dc92E860ca7c00DDa51f1AfbCD1fC2E73,4,1343.22,0.0,0.0,0.0,-55.47,0.12
1790487000,0x14835dF8F003790C7FFC57623b905aBA20bBCBf1,1,0.0,3549.2,9.38,0.0,0.0,1.56
1790487000,0x15efc06FEa57Bda3ceA94A53D5426E78ed4651F3,4,18564.18,0.0,0.0,0.0,-13.45,0.11
1790487000,0x1f78Fb1234d2f9685fb35AcB1cf484eca83F8F63,3,1525.93,0.0,0.0,0.0,-0.69,0.07
1790487000,0x21aa6DC573DA62abFD7E43C84bEF2DA4FE514053,5,501.52,0.0,0.0,0.0,1.65,0.0
1790487000,0x2Fd96bd26E7a3c694DBD5ae5E2C29249a83b8a98,7,20845.24,0.0,0.0,0.0,-30.1,0.0
1790487000,0x334F0CeaB0D8B3509f0304FC65ea8Ae99a76993c,2,0.0,33804.08,0.0,14.0,0.0,2.75
1790487000,0x3aAa2bB57a0eFeA8F6f89423A923f7107c33471B,29,277202.26,33804.08,14.0,0.0,294.41,25.5
1790487000,0x3bf64B8c8ce86abDBcF44Fa5a559E27eb9F63Efb,6,0.0,419989.9,4694.75,9.38,898.22,0.0
1790487000,0x42974A167De3F098cEf1Ffbf5f250D33a9200520,5,0.0,418784.36,3875.0,3267.1,87.58,86.5
1790487000,0x5092D4bEbD5bbc63198110A5f96b05fC69c834b6,1,845.56,0.0,0.0,0.0,0.0,0.26
1790487000,0x6626DFD8561d3E3585b2fEb87c0B3cCe1eCB0F7d,1,0.0,8096.43,6.0,0.0,138.19,0.75
1790487000,0x87b8df4f8a95b719fda56ca067BE9F4C5687A694,5,3146.44,23237.24,387.5,0.0,76.95,8.44
1790487000,0x889a18bc957a848c89000812706A5A9E0397E39f,2,0.0,46466.13,387.5,406.0,3.56,14.94
1790487000,0x8E87D8308D439c88dDF48762AA5D3C99b8366a3a,28,256555.65,0.0,0.0,0.0,-359.0,16.91
1790487000,0x94ECb4C47D8E2CB07874A33a0141016254b46873,1,354.81,0.0,0.0,0.0,0.0,0.12
1790487000,0x978e3eb7997a9575cdE1799176829073d2876Fb9,1,823.69,0.0,0.0,0.0,-19.95,0.0
1790487000,0xB90134C652814890691671c849381A0B3cdD0247,2,4066.86,0.0,0.0,0.0,0.0,1.23
1790487000,0xBC8015FA779be6ac91e5616f37e1768b8DbC16df,1,0.0,5409.15,39.2,0.0,-1.58,0.0
1790487000,0xD9884e6f8a8Bc801E24bB19E371d71D626C22680,4,0.0,279159.12,0.0,4650.0,0.0,0.0
1790487000,0xE1DC5576b36c78C75e6Abf2E1B121Db20A6069b7,1,0.0,42303.57,0.0,2014.5,0.0,0.0
1790487000,0xEA2Eec3dc92E860ca7c00DDa51f1AfbCD1fC2E73,3,644.43,0.0,0.0,0.0,8.01,0.03
1790487000,0xEAc2374016613765cF31afDB4AEB6f5d13a63726,3,0.0,220615.46,0.0,1076.05,0.0,16.14
1790487000,0xeA6A31B80CF5b954C8910096E278472fDA5dc195,1,0.0,42303.57,2014.5,0.0,0.0,13.19
1790487000,0xef698DFC8Be573EE20cA86842C15deC0A9C9c44D,2,0.0,10816.1,48.4,39.2,-13.44,4.24
1790487900,0x15efc06FEa57Bda3ceA94A53D5426E78ed4651F3,3,12391.9,0.0,0.0,0.0,-33.18,2.48
1790487900,0x1f78Fb1234d2f9685fb35AcB1cf484eca83F8F63,5,4763.06,0.0,0.0,0.0,-2.77,0.55
1790487900,0x21aa6DC573DA62abFD7E43C84bEF2DA4FE514053,1,144.96,0.0,0.0,0.0,0.61,0.02
1790487900,0x3aAa2bB57a0eFeA8F6f89423A923f7107c33471B,10,114841.97,0.0,0.0,0.0,158.49,0.0
1790487900,0x3bf64B8c8ce86abDBcF44Fa5a559E27eb9F63Efb,7,0.0,255753.07,4494.38,0.0,1092.8,0.0
1790487900,0x42974A167De3F098cEf1Ffbf5f250D33a9200520,10,0.0,465088.59,3487.5,4494.38,121.3,103.6
1790487900,0x570FE25FBB57f45BF043d7ef3F20D95E5A1fC699,3,0.0,55834.13,588.0,0.0,0.0,18.25
1790487900,0x57D20F8aF5875aD611dC836f78e4992DDA5E6073,1,0.0,10823.35,0.0,40.0,0.0,0.0
1790487900,0x87b8df4f8a95b719fda56ca067BE9F4C5687A694,6,5584.27,27923.72,408.0,0.0,0.0,11.07
1790487900,0x8E87D8308D439c88dDF48762AA5D3C99b8366a3a,26,108765.03,0.0,0.0,0.0,-92.49,12.11
1790487900,0x978e3eb7997a9575cdE1799176829073d2876Fb9,2,29344.15,0.0,0.0,0.0,-0.6,4.33
1790487900,0xBC8015FA779be6ac91e5616f37e1768b8DbC16df,1,0.0,10825.14,33.6,0.0,0.0,0.0
1790487900,0xCDa43aF0E62ea12faE2BFF016557B6aB37Ec98B0,8,15000.33,0.0,0.0,0.0,-4813.63,4.5
1790487900,0xD9884e6f8a8Bc801E24bB19E371d71D626C22680,8,0.0,293093.38,0.0,4483.5,0.0,0.0
1790487900,0xEA2Eec3dc92E860ca7c00DDa51f1AfbCD1fC2E73,3,14001.46,0.0,0.0,0.0,29.59,0.9
1790487900,0xEAc2374016613765cF31afDB4AEB6f5d13a63726,1,0.0,13520.72,0.0,54.0,28.12,0.0
1790487900,0xef698DFC8Be573EE20cA86842C15deC0A9C9c44D,3,0.0,35169.22,94.0,33.6,-13.89,12.05
1790488800,0x15efc06FEa57Bda3ceA94A53D5426E78ed4651F3,6,17133.05,0.0,0.0,0.0,-55.11,3.43
1790488800,0x1f78Fb1234d2f9685fb35AcB1cf484eca83F8F63,2,1098.71,0.0,0.0,0.0,-0.14,0.0
1790488800,0x21aa6DC573DA62abFD7E43C84bEF2DA4FE514053,4,2513.53,0.0,0.0,0.0,6.18,0.0
1790488800,0x2Fd96bd26E7a3c694DBD5ae5E2C29249a83b8a98,7,21474.35,0.0,0.0,0.0,-50.15,0.0
1790488800,0x3aAa2bB57a0eFeA8F6f89423A923f7107c33471B,12,107277.62,506716.06,5774.79,8849.46,245.62,13.68
1790488800,0x3bf64B8c8ce86abDBcF44Fa5a559E27eb9F63Efb,9,0.0,349135.45,6174.32,0.0,1444.54,0.0
1790488800,0x42974A167De3F098cEf1Ffbf5f250D33a9200520,12,0.0,730592.28,6355.0,6174.32,238.92,137.42
1790488800,0x7e040FC3950CeccCf16055aeA756a7a39c394CDC,1,0.0,9303.03,155.0,0.0,0.0,0.7
1790488800,0x87b8df4f8a95b719fda56ca067BE9F4C5687A694,3,3996.89,23258.28,387.5,0.0,0.0,8.69
1790488800,0x8E87D8308D439c88dDF48762AA5D3C99b8366a3a,12,98515.3,0.0,0.0,0.0,-106.64,1.67
1790488800,0xCDa43aF0E62ea12faE2BFF016557B6aB37Ec98B0,1,4999.43,0.0,0.0,0.0,-1603.23,1.5
1790488800,0xD24F6e28e7E8C6E0C14983f9D08e3Cc41142dc46,2,0.0,506716.06,8849.46,5774.79,0.0,76.51
1790488800,0xD9884e6f8a8Bc801E24bB19E371d71D626C22680,5,0.0,414018.14,0.0,6897.5,0.0,0.0
1790489700,0x15efc06FEa57Bda3ceA94A53D5426E78ed4651F3,16,85580.34,0.0,0.0,0.0,-700.59,3.94
1790489700,0x1f78Fb1234d2f9685fb35AcB1cf484eca83F8F63,2,1099.82,0.0,0.0,0.0,0.25,0.0
1790489700,0x21aa6DC573DA62abFD7E43C84bEF2DA4FE514053,3,335.92,0.0,0.0,0.0,1.43,0.0
1790489700,0x2Fd96bd26E7a3c694DBD5ae5E2C29249a83b8a98,16,50981.78,0.0,0.0,0.0,-117.98,0.0
1790489700,0x3aAa2bB57a0eFeA8F6f89423A923f7107c33471B,39,207874.4,22763.13,310.0,95.09,571.22,23.13
1790489700,0x3bf64B8c8ce86abDBcF44Fa5a559E27eb9F63Efb,5,0.0,717617.29,1756.14,1211.88,-199.47,0.0
1790489700,0x42974A167De3F098cEf1Ffbf5f250D33a9200520,1,0.0,32591.77,0.0,580.89,26.5,9.25
1790489700,0x570FE25FBB57f45BF043d7ef3F20D95E5A1fC699,1,0.0,18625.36,0.0,210.0,6.05,1.86
1790489700,0x629F534091Ff959697d655826c19aB56046ec977,2,0.0,524.63,98.34,0.0,0.0,1.16
1790489700,0x69c3df6830Ff750c6db8BD0f29737474653d3Cad,2,0.0,3873.84,47.79,0.0,0.0,2.16
1790489700,0x7769398cf2C22DcbA0c5D48f44C315a1d50D5431,1,0.0,18618.31,0.0,310.0,0.0,6.09
1790489700,0x8E87D8308D439c88dDF48762AA5D3C99b8366a3a,62,358828.76,0.0,0.0,0.0,-933.34,9.24
1790489700,0x978e3eb7997a9575cdE1799176829073d2876Fb9,1,1000.04,0.0,0.0,0.0,0.0,0.15
1790489700,0xA026dF847776cA6F2d5b31c30836A6F5E9852084,2,0.0,8132.09,0.0,899.03,-54.36,3.44
1790489700,0xD9884e6f8a8Bc801E24bB19E371d71D626C22680,2,0.0,865808.22,0.0,9114.0,0.0,0.0
1790489700,0xEA2Eec3dc92E860ca7c00DDa51f1AfbCD1fC2E73,1,93.01,0.0,0.0,0.0,0.24,0.01
1790489700,0xEAc2374016613765cF31afDB4AEB6f5d13a63726,1,0.0,253.65,0.0,51.04,0.0,0.0
1790489700,0xF7957c8b20DbD3FcA93686B07679aee8e6755c43,1,4208.52,0.0,0.0,0.0,0.0,0.0
1790489700,0xd49b269840fD09a9A1efA9388F50d733961888Af,2,0.0,676893.43,1211.88,276.22,0.0,102.03
1790489700,0xfE6e3099dc514A63bd2Fe79BD3d9e8a653bBAF06,42,258493.95,884433.58,9324.0,0.0,792.91,103.5
1790490600,0x15efc06FEa57Bda3ceA94A53D5426E78ed4651F3,3,32876.52,0.0,0.0,0.0,0.0,6.57
1790490600,0x1f78Fb1234d2f9685fb35AcB1cf484eca83F8F63,1,547.76,0.0,0.0,0.0,1.13,0.08
1790490600,0x21aa6DC573DA62abFD7E43C84bEF2DA4FE514053,3,908.28,0.0,0.0,0.0,0.57,0.0
1790490600,0x2Fd96bd26E7a3c694DBD5ae5E2C29249a83b8a98,12,34121.84,0.0,0.0,0.0,-2.03,0.3
1790490600,0x3aAa2bB57a0eFeA8F6f89423A923f7107c33471B,35,207494.06,9300.25,155.0,0.0,554.46,25.26
1790490600,0x3bf64B8c8ce86abDBcF44Fa5a559E27eb9F63Efb,4,0.0,14907.6,845.3,1262.02,175.79,0.0
1790490600,0x42974A167De3F098cEf1Ffbf5f250D33a9200520,4,0.0,14907.6,1262.02,845.3,29.21,2.96
1790490600,0x529E1602E33cdb49Aae0E4E6768384Dd96b14108,2,0.0,50744.08,47.4,11.7,0.0,6.42
1790490600,0x57D20F8aF5875aD611dC836f78e4992DDA5E6073,1,0.0,21124.02,0.0,11.25,0.0,0.0
1790490600,0x69c3df6830Ff750c6db8BD0f29737474653d3Cad,1,0.0,2708.8,37.6,0.0,0.0,0.27
1790490600,0x7769398cf2C22DcbA0c5D48f44C315a1d50D5431,1,0.0,9300.25,0.0,155.0,0.0,3.29
1790490600,0x7e040FC3950CeccCf16055aeA756a7a39c394CDC,1,0.0,4650.54,93.5,0.0,73.65,0.0
1790490600,0x8E87D8308D439c88dDF48762AA5D3C99b8366a3a,33,208133.47,0.0,0.0,0.0,-301.7,8.03
1790490600,0x95f702d4A557507B65a372a44e5815eD7687319F,1,0.0,541236.74,240.0,0.0,0.0,30.0
1790490600,0xBc4713b3B41726541D373e57518012302FfBFAa7,4,0.0,1568881.18,1098.75,0.0,0.0,139.34
1790490600,0xCDa43aF0E62ea12faE2BFF016557B6aB37Ec98B0,10,20003.25,0.0,0.0,0.0,-6388.78,6.0
1790490600,0xE1DC5576b36c78C75e6Abf2E1B121Db20A6069b7,2,50880.97,0.0,0.0,0.0,-1227.8,0.0
1790490600,0xEAc2374016613765cF31afDB4AEB6f5d13a63726,7,0.0,2142446.78,11.7,1412.5,23.54,0.2
1790490600,0xfE6e3099dc514A63bd2Fe79BD3d9e8a653bBAF06,1,0.0,4650.54,0.0,93.5,0.0,0.35
1790491500,0x0288464a72C47b1F18f8c23c172f027C98373E41,1,0.0,1652.67,31.9,0.0,0.0,1.0
1790491500,0x15efc06FEa57Bda3ceA94A53D5426E78ed4651F3,1,5243.26,0.0,0.0,0.0,0.0,1.05
1790491500,0x3aAa2bB57a0eFeA8F6f89423A923f7107c33471B,10,16380.88,265311.93,720.68,31.9,152.43,0.0
1790491500,0x3bf64B8c8ce86abDBcF44Fa5a559E27eb9F63Efb,1,0.0,2706.54,1013.04,0.0,-602.36,0.0
1790491500,0x57D20F8aF5875aD611dC836f78e4992DDA5E6073,1,0.0,21126.1,0.0,11.75,0.0,0.0
1790491500,0x7e040FC3950CeccCf16055aeA756a7a39c394CDC,3,0.0,113239.01,0.0,172.86,0.0,8.49
1790491500,0x8E87D8308D439c88dDF48762AA5D3C99b8366a3a,3,11137.62,0.0,0.0,0.0,-19.87,1.67
1790491500,0xBC8015FA779be6ac91e5616f37e1768b8DbC16df,1,0.0,10140.71,0.0,13.2,0.0,0.0
1790491500,0xBFc18bd7c77B20e9611F1526043153Baf6c19ceE,2,0.0,20279.64,13.2,11.16,-6.08,4.04
1790491500,0xBc4713b3B41726541D373e57518012302FfBFAa7,4,0.0,1644998.73,811.75,0.0,0.0,103.47
1790491500,0xE1DC5576b36c78C75e6Abf2E1B121Db20A6069b7,1,0.0,10138.93,11.16,0.0,0.0,0.0
1790491500,0xEAc2374016613765cF31afDB4AEB6f5d13a63726,3,0.0,1623872.63,0.0,800.0,0.0,0.0
1790491500,0xFdDad116B09703225ac64979079F11C9D36b7aC9,1,0.0,2706.54,0.0,1013.04,676.74,1.31
1790491500,0xd95754330a4bf9A3C8e199ed140817AE07422ee9,2,0.0,150420.25,0.0,547.82,0.0,46.13
1790492400,0x1f78Fb1234d2f9685fb35AcB1cf484eca83F8F63,1,550.24,0.0,0.0,0.0,0.0,0.0
1790492400,0x1fD0876eEAaB1Af9BbF3EeB70064bc03bf111718,2,1357.72,0.0,0.0,0.0,0.42,0.0
1790492400,0x21aa6DC573DA62abFD7E43C84bEF2DA4FE514053,1,92.65,0.0,0.0,0.0,0.13,0.0
1790492400,0x2Fd96bd26E7a3c694DBD5ae5E2C29249a83b8a98,6,12154.33,0.0,0.0,0.0,-1.03,0.32
1790492400,0x3aAa2bB57a0eFeA8F6f89423A923f7107c33471B,10,77063.17,0.0,0.0,0.0,149.63,9.79
1790492400,0x3bf64B8c8ce86abDBcF44Fa5a559E27eb9F63Efb,4,0.0,1234.95,0.0,41.54,-0.23,0.0
1790492400,0x42974A167De3F098cEf1Ffbf5f250D33a9200520,1,0.0,319.61,0.0,45.19,0.0,0.0
1790492400,0x602BC977CF7531cf02cb1e93b14d41BAA20C5A30,1,0.0,845.26,0.86,0.0,0.0,0.61
1790492400,0x6626DFD8561d3E3585b2fEb87c0B3cCe1eCB0F7d,1,0.0,189.47,0.63,0.0,1.78,0.02
1790492400,0x77DDA23327E873aECd7054F5fbFd1bfB5d4A60e1,1,0.0,189.47,0.0,0.63,-3.08,0.56
1790492400,0x8E87D8308D439c88dDF48762AA5D3C99b8366a3a,13,91746.8,0.0,0.0,0.0,-491.27,4.96
1790492400,0x978e3eb7997a9575cdE1799176829073d2876Fb9,5,14806.66,0.0,0.0,0.0,-21.32,2.22
1790492400,0xAf2baD8Da63b97cE047977266fe225506CaeBaed,2,0.0,85.56,2.56,0.0,0.0,0.51
1790492400,0xBC8015FA779be6ac91e5616f37e1768b8DbC16df,1,0.0,10141.28,0.0,13.2,0.0,0.0
1790492400,0xBFc18bd7c77B20e9611F1526043153Baf6c19ceE,2,0.0,20282.58,13.2,11.16,-6.08,4.04
1790492400,0xE1DC5576b36c78C75e6Abf2E1B121Db20A6069b7,1,0.0,10141.3,11.16,0.0,0.0,0.0
1790492400,0xEA2Eec3dc92E860ca7c00DDa51f1AfbCD1fC2E73,4,32887.49,0.0,0.0,0.0,408.55,0.0
1790492400,0xFdDad116B09703225ac64979079F11C9D36b7aC9,2,0.0,623.73,83.31,0.0,0.0,1.19
1790493300,0x1f78Fb1234d2f9685fb35AcB1cf484eca83F8F63,2,1069.45,0.0,0.0,0.0,0.19,0.16
1790493300,0x21aa6DC573DA62abFD7E43C84bEF2DA4FE514053,1,452.34,0.0,0.0,0.0,0.0,0.0
1790493300,0x3aAa2bB57a0eFeA8F6f89423A923f7107c33471B,5,62756.86,2705.58,80.4,0.0,181.96,0.0
1790493300,0x3bf64B8c8ce86abDBcF44Fa5a559E27eb9F63Efb,2,0.0,166312.95,13185.87,0.11,0.0,0.0
1790493300,0x88EC4C97A6A2D7880181e25c99842BD271D78c03,2,0.0,10822.38,99.4,0.0,0.0,2.12
1790493300,0x8E87D8308D439c88dDF48762AA5D3C99b8366a3a,12,81733.84,0.0,0.0,0.0,-100.47,10.08
1790493300,0xAf2baD8Da63b97cE047977266fe225506CaeBaed,1,0.0,42.79,0.11,0.0,-0.62,0.51
1790493300,0xCDa43aF0E62ea12faE2BFF016557B6aB37Ec98B0,2,10000.27,0.0,0.0,0.0,-3202.82,3.0
1790493300,0xEA2Eec3dc92E860ca7c00DDa51f1AfbCD1fC2E73,2,2461.31,0.0,0.0,0.0,8.45,0.0
1790493300,0xEAc2374016613765cF31afDB4AEB6f5d13a63726,2,0.0,10822.38,0.0,99.4,0.0,0.0
1790493300,0xc608a134a2F49304755578D7DdfBEe91FcD33497,1,0.0,2705.58,0.0,80.4,-34.01,1.31
1790493300,0xebC11Ac4450E3eA74F5D65e5c0138A0C50a2DE4f,2,1911.52,166270.16,0.0,13185.87,0.0,12.88
1790494200,0x0ED2F5A37c29a605f47b12dBA90c46dee9c17580,6,781.23,0.0,0.0,0.0,-3.47,0.29
1790494200,0x15efc06FEa57Bda3ceA94A53D5426E78ed4651F3,14,220148.86,0.0,0.0,0.0,-988.98,38.46
1790494200,0x1f78Fb1234d2f9685fb35AcB1cf484eca83F8F63,2,617.61,0.0,0.0,0.0,-0.52,0.0
1790494200,0x21aa6DC573DA62abFD7E43C84bEF2DA4FE514053,2,341.66,0.0,0.0,0.0,1.13,0.03
1790494200,0x2Fd96bd26E7a3c694DBD5ae5E2C29249a83b8a98,16,47241.5,0.0,0.0,0.0,-37.18,0.23
1790494200,0x3aAa2bB57a0eFeA8F6f89423A923f7107c33471B,46,750483.16,0.0,0.0,0.0,469.41,100.1
1790494200,0x57D20F8aF5875aD611dC836f78e4992DDA5E6073,1,0.0,10544.26,0.0,17.5,0.0,0.0
1790494200,0x6404fd9f498973b68d6D2045eb3cbebe4fFc5a0a,16,338400.0,0.0,0.0,0.0,0.0,33.83
1790494200,0x6626DFD8561d3E3585b2fEb87c0B3cCe1eCB0F7d,1,0.0,10649.73,35.37,0.0,100.15,1.06
1790494200,0x88EC4C97A6A2D7880181e25c99842BD271D78c03,2,0.0,27118.37,80.5,0.0,0.0,9.14
1790494200,0x8E87D8308D439c88dDF48762AA5D3C99b8366a3a,64,1043990.89,0.0,0.0,0.0,-1072.75,57.55
1790494200,0xBFc18bd7c77B20e9611F1526043153Baf6c19ceE,1,0.0,10544.26,17.5,0.0,0.0,2.69
1790494200,0xE1DC5576b36c78C75e6Abf2E1B121Db20A6069b7,6,49998.1,29632.76,0.0,99.57,-1313.75,0.8
1790494200,0xEA2Eec3dc92E860ca7c00DDa51f1AfbCD1fC2E73,17,59152.27,0.0,0.0,0.0,7.56,0.07
1790494200,0xEAc2374016613765cF31afDB4AEB6f5d13a63726,2,0.0,98066.49,0.0,43.5,0.0,0.0
1790494200,0xF4551ED181365612A324B2e3e7D10c3FEcD399ff,1,0.0,84507.62,9.0,0.0,0.0,1.62
1790494200,0xF7957c8b20DbD3FcA93686B07679aee8e6755c43,1,11107.51,0.0,0.0,0.0,70.29,0.0
1790494200,0xbBE5541A9f89b1Da2bF54a79AdBFDD8BD5F11373,1,0.0,5423.53,18.2,0.0,0.0,2.13
1790494200,0xebC11Ac4450E3eA74F5D65e5c0138A0C50a2DE4f,15,28678.53,0.0,0.0,0.0,0.0,4.3
1790495100,0x00563E74bC075e04cF84e68B87A9beB8c065Dc4c,2,0.0,4906.69,47.69,45.83,-4.33,2.47
1790495100,0x021d21f43d6d8921eF876Ec72f59E45820883B8F,2,0.0,24455.43,0.0,13.5,-7.65,0.0
1790495100,0x0ED2F5A37c29a605f47b12dBA90c46dee9c17580,8,1034.79,0.0,0.0,0.0,-5.4,0.39
1790495100,0x0b3EbE54262229da55b9B23C84FB89350bB32C19,1,0.0,2714.19,0.0,610.0,0.0,0.27
1790495100,0x15efc06FEa57Bda3ceA94A53D5426E78ed4651F3,10,176865.31,0.0,0.0,0.0,-667.23,35.35
1790495100,0x1c847e46576ba210189381C0c512C58278121d42,2,767.78,0.0,0.0,0.0,0.0,0.0
1790495100,0x1f78Fb1234d2f9685fb35AcB1cf484eca83F8F63,3,384.95,0.0,0.0,0.0,0.0,0.0
1790495100,0x20448523EFeCD5caDf3a1147C01Ec16b71b698FF,2,1235.43,0.0,0.0,0.0,-21.93,0.38
1790495100,0x21aa6DC573DA62abFD7E43C84bEF2DA4FE514053,2,542.61,0.0,0.0,0.0,2.25,0.0
1790495100,0x2Fd96bd26E7a3c694DBD5ae5E2C29249a83b8a98,64,196531.33,0.0,0.0,0.0,-173.71,0.0
1790495100,0x3aAa2bB57a0eFeA8F6f89423A923f7107c33471B,49,847349.36,67457.31,0.0,1805.6,252.92,101.71
1790495100,0x3bf64B8c8ce86abDBcF44Fa5a559E27eb9F63Efb,2,0.0,3315.9,44.8,47.69,-1.28,0.0
1790495100,0x57D20F8aF5875aD611dC836f78e4992DDA5E6073,1,0.0,10865.57,0.0,11.2,0.0,0.0
1790495100,0x641284e17f73F2A29740e8a10bfD1907446822c9,3,0.0,29885.8,25.7,0.0,0.0,4.21
1790495100,0x7888B3a0c2Cc892670757440e8a78117fb0B9bbf,1,0.0,4233.96,53.8,0.0,0.0,1.77
1790495100,0x834DB17b2d00919644480F0894235AD81dd0738f,1,0.0,84691.96,0.0,410.0,0.0,8.47
1790495100,0x8E87D8308D439c88dDF48762AA5D3C99b8366a3a,125,1017199.69,0.0,0.0,0.0,-6639.25,60.66
1790495100,0x9162bC7e6586a2b197c7b1AcFf47C0fE31DAD0C8,1,848.27,0.0,0.0,0.0,0.0,0.0
1790495100,0x978e3eb7997a9575cdE1799176829073d2876Fb9,1,999.96,0.0,0.0,0.0,-21.56,0.15
1790495100,0xA32eA067C8F96729f3940c03a6AA5095Cf40c03C,4,0.0,59733.13,53.2,146.2,22.33,10.28
1790495100,0xBB5033dBFfA041ADb87E87a2348DEdc81E8602e4,1,0.0,2715.54,100.9,0.0,0.0,1.31
1790495100,0xBC8015FA779be6ac91e5616f37e1768b8DbC16df,1,999.89,0.0,0.0,0.0,0.0,0.0
1790495100,0xCDa43aF0E62ea12faE2BFF016557B6aB37Ec98B0,63,180092.99,0.0,0.0,0.0,0.0,53.99
1790495100,0xD15fB9d9FC203ED4530a0733546b4FB106C73f03,1,0.0,863.18,0.0,44.8,0.0,0.76
1790495100,0xE1DC5576b36c78C75e6Abf2E1B121Db20A6069b7,4,0.0,95285.05,1212.03,0.0,-429.15,6.56
1790495100,0xEA2Eec3dc92E860ca7c00DDa51f1AfbCD1fC2E73,18,116991.13,0.0,0.0,0.0,0.0,0.0
1790495100,0xF7957c8b20DbD3FcA93686B07679aee8e6755c43,24,373742.28,0.0,0.0,0.0,4303.18,0.0
1790495100,0xc0Caa9eB661E0eA889d81A16268e1Ac28475F47B,1,0.0,11634.8,1596.7,0.0,0.0,3.99
1790495100,0xebC11Ac4450E3eA74F5D65e5c0138A0C50a2DE4f,15,28851.62,0.0,0.0,0.0,0.0,4.32
1790496000,0x15efc06FEa57Bda3ceA94A53D5426E78ed4651F3,2,2000.46,0.0,0.0,0.0,-61.41,0.4
1790496000,0x1c847e46576ba210189381C0c512C58278121d42,2,738.17,0.0,0.0,0.0,0.0,0.0
1790496000,0x1f78Fb1234d2f9685fb35AcB1cf484eca83F8F63,1,549.54,0.0,0.0,0.0,-2.04,0.0
1790496000,0x21aa6DC573DA62abFD7E43C84bEF2DA4FE514053,5,819.52,0.0,0.0,0.0,0.0,0.0
1790496000,0x2Fd96bd26E7a3c694DBD5ae5E2C29249a83b8a98,38,107451.58,0.0,0.0,0.0,-188.72,0.0
1790496000,0x2bdC1A6e79de5c1c7d81b1A5577f7ee90d25316a,4,0.0,339281.52,410.43,948.43,0.0,51.39
1790496000,0x3aAa2bB57a0eFeA8F6f89423A923f7107c33471B,34,342201.14,13585.19,0.0,196.0,-162.97,30.01
1790496000,0x3bf64B8c8ce86abDBcF44Fa5a559E27eb9F63Efb,4,0.0,339281.52,948.43,410.43,150.22,0.0
1790496000,0x42974A167De3F098cEf1Ffbf5f250D33a9200520,1,0.0,2717.64,0.0,163.0,0.0,0.41
1790496000,0x57D20F8aF5875aD611dC836f78e4992DDA5E6073,2,0.0,12711.19,0.0,6.25,0.0,0.0
1790496000,0x641284e17f73F2A29740e8a10bfD1907446822c9,2,0.0,12711.19,6.25,0.0,0.0,1.78
1790496000,0x645b5c584f995FD7A55ffBE4cde4B58Aa7cCB1Dd,20,0.0,833.35,0.0,0.0,0.0,1.25
1790496000,0x6A8604c44C6DcbFcf77ED437bb4AecCcFC3078b0,1,0.0,2483.06,0.0,160.0,103.07,0.25
1790496000,0x7B61332543d7EDc2AE27D06B7E7526636bB86F81,4,3677.93,16068.26,356.0,0.0,102.23,6.93
1790496000,0x8E87D8308D439c88dDF48762AA5D3C99b8366a3a,71,359101.23,0.0,0.0,0.0,-1718.77,8.33
1790496000,0x978e3eb7997a9575cdE1799176829073d2876Fb9,6,87664.22,0.0,0.0,0.0,-1485.05,13.15
1790496000,0xBB5033dBFfA041ADb87E87a2348DEdc81E8602e4,1,0.0,2718.44,76.2,0.0,0.0,1.32
1790496000,0xBc4713b3B41726541D373e57518012302FfBFAa7,4,0.0,1444421.16,1136.48,0.0,0.0,121.49
1790496000,0xC41077487FA95167e319E2d78EC36ca382E8DCAF,1,478.13,0.0,0.0,0.0,0.0,0.15
1790496000,0xCDa43aF0E62ea12faE2BFF016557B6aB37Ec98B0,80,290148.52,0.0,0.0,0.0,0.0,86.98
1790496000,0xD87890df93bf74173b51077e5c6cD12121d87903,1,0.0,5707.16,0.0,17.01,0.0,0.0
1790496000,0xE1DC5576b36c78C75e6Abf2E1B121Db20A6069b7,3,0.0,9920.96,17.01,171.26,12.83,0.43
1790496000,0xEA2Eec3dc92E860ca7c00DDa51f1AfbCD1fC2E73,2,60008.37,0.0,0.0,0.0,0.0,0.0
1790496000,0xEAc2374016613765cF31afDB4AEB6f5d13a63726,4,0.0,1444421.16,0.0,1136.48,0.0,73.35
1790496000,0xF7957c8b20DbD3FcA93686B07679aee8e6755c43,3,24590.71,0.0,0.0,0.0,194.42,0.0
1790496000,0xb52D9591d1BE5cfd996aC112B445c4398B66Bb51,1,0.0,2717.64,163.0,0.0,0.0,0.27
1790496000,0xc608a134a2F49304755578D7DdfBEe91FcD33497,1,0.0,1495.36,95.06,0.0,0.0,0.95
1790496000,0xda50a7E41BEb66B2a613bc22a206fb1cF34FFaE2,20,0.0,833.35,0.0,0.0,-20.89,0.42
1790496900,0x0AE5df77128eb4Dfb03C1E51Bf115F54D0597194,2,0.0,1629979.23,15388.95,1414.02,0.0,245.0
1790496900,0x0c3BB82B34e2B544DF735D987038A05D766F5d2D,2,0.0,5430.82,46.64,0.0,0.0,1.31
1790496900,0x15efc06FEa57Bda3ceA94A53D5426E78ed4651F3,5,32995.6,0.0,0.0,0.0,-1177.38,6.59
1790496900,0x1c847e46576ba210189381C0c512C58278121d42,1,499.08,0.0,0.0,0.0,0.0,0.0
1790496900,0x1fD0876eEAaB1Af9BbF3EeB70064bc03bf111718,2,1371.23,0.0,0.0,0.0,-1.61,0.0
1790496900,0x21aa6DC573DA62abFD7E43C84bEF2DA4FE514053,4,1105.95,0.0,0.0,0.0,1.94,0.0
1790496900,0x2Fd96bd26E7a3c694DBD5ae5E2C29249a83b8a98,40,113813.0,0.0,0.0,0.0,-137.14,0.23
1790496900,0x3aAa2bB57a0eFeA8F6f89423A923f7107c33471B,16,113165.13,19013.83,0.0,83.64,540.29,0.0
1790496900,0x3bf64B8c8ce86abDBcF44Fa5a559E27eb9F63Efb,3,0.0,1645425.25,1414.02,15972.22,0.0,0.0
1790496900,0x3d49dc57389da315394AeB6984C39Ea0dc4fa9C8,1,0.0,4655.93,45.0,0.0,22.08,1.9
1790496900,0x51efa467CC3B762063bfBE86Ee812E4D51193F68,1,874.45,0.0,0.0,0.0,0.0,0.27
1790496900,0x570FE25FBB57f45BF043d7ef3F20D95E5A1fC699,1,0.0,4655.93,0.0,45.0,0.0,0.47
1790496900,0x57D20F8aF5875aD611dC836f78e4992DDA5E6073,1,0.0,10861.77,0.0,11.2,0.0,0.0
1790496900,0x645b5c584f995FD7A55ffBE4cde4B58Aa7cCB1Dd,8,0.0,306.44,0.0,0.0,0.0,0.46
1790496900,0x8E87D8308D439c88dDF48762AA5D3C99b8366a3a,60,323720.95,0.0,0.0,0.0,-1458.88,20.14
1790496900,0x978e3eb7997a9575cdE1799176829073d2876Fb9,5,69153.76,0.0,0.0,0.0,-770.46,10.37
1790496900,0xA32eA067C8F96729f3940c03a6AA5095Cf40c03C,3,0.0,38024.27,58.7,0.0,0.0,8.29
1790496900,0xCDa43aF0E62ea12faE2BFF016557B6aB37Ec98B0,61,185053.03,0.0,0.0,0.0,-4830.31,55.49
1790496900,0xE1DC5576b36c78C75e6Abf2E1B121Db20A6069b7,4,7023.4,162.98,2.73,0.0,-190.42,0.0
1790496900,0xEA2Eec3dc92E860ca7c00DDa51f1AfbCD1fC2E73,6,61138.37,0.0,0.0,0.0,-905.17,4.64
1790496900,0xEAc2374016613765cF31afDB4AEB6f5d13a63726,1,0.0,13579.48,0.0,10.5,0.0,0.0
1790496900,0xc52a37E35F2eD857a154D2EBCA2964E9EE09276a,1,0.0,162.98,0.0,2.73,0.0,0.55
1790496900,0xda50a7E41BEb66B2a613bc22a206fb1cF34FFaE2,8,0.0,306.44,0.0,0.0,-7.68,0.15
1790496900,0xea19Fe621592b9aF895f2d8d5Af7288C02FbBbF3,2,138.98,384.83,0.0,42.56,0.0,0.09
1790496900,0xfF4Cd9BaA9858dAd34EAC8099211F032768d0dD7,2,0.0,15830.85,625.83,0.0,0.0,5.75
1790497800,0x15efc06FEa57Bda3ceA94A53D5426E78ed4651F3,2,58553.5,0.0,0.0,0.0,-549.82,11.7
1790497800,0x21aa6DC573DA62abFD7E43C84bEF2DA4FE514053,3,472.44,0.0,0.0,0.0,0.63,0.0
1790497800,0x2Fd96bd26E7a3c694DBD5ae5E2C29249a83b8a98,24,66622.91,0.0,0.0,0.0,-47.36,0.22
1790497800,0x2bdC1A6e79de5c1c7d81b1A5577f7ee90d25316a,8,0.0,1017119.66,862.71,383.3,-239.25,85.77
1790497800,0x3687eFc4fBAAfF0F50faD7DF20861E0074419008,1,0.0,1359.9,0.0,27.5,-16.25,0.14
1790497800,0x3aAa2bB57a0eFeA8F6f89423A923f7107c33471B,11,6450.83,1030700.98,383.3,907.56,-417.58,0.0
1790497800,0x3bf64B8c8ce86abDBcF44Fa5a559E27eb9F63Efb,3,0.0,28263.44,11.21,1052.78,0.26,0.0
1790497800,0x57D20F8aF5875aD611dC836f78e4992DDA5E6073,1,0.0,2718.81,0.0,7.5,0.0,0.0
1790497800,0x59141F98338aE9B272Ba062AA2554d82EC9AF6A9,2,0.0,3394.33,22.94,11.21,0.0,1.01
1790497800,0x66b08788899b22aFE17D3c2B167Ce037CcDe9cd2,1,0.0,24869.12,1029.84,0.0,-345.6,7.96
1790497800,0x88EC4C97A6A2D7880181e25c99842BD271D78c03,1,0.0,13581.33,44.86,0.0,0.0,4.57
1790497800,0x8E87D8308D439c88dDF48762AA5D3C99b8366a3a,40,177818.0,0.0,0.0,0.0,-408.98,8.01
1790497800,0xA32eA067C8F96729f3940c03a6AA5095Cf40c03C,1,0.0,2718.81,7.5,0.0,0.0,1.32
1790497800,0xCDa43aF0E62ea12faE2BFF016557B6aB37Ec98B0,39,115038.96,0.0,0.0,0.0,0.0,34.5
1790497800,0xE1DC5576b36c78C75e6Abf2E1B121Db20A6069b7,3,10007.1,1359.9,27.5,0.0,-263.8,0.1
1790497800,0xF7957c8b20DbD3FcA93686B07679aee8e6755c43,2,21994.22,0.0,0.0,0.0,-13.15,0.0
1790498700,0x10D23b00B4d76EaE3b3A8c66409d7568ad8A7B4C,8,0.0,169520.7,108.25,0.0,0.0,17.53
1790498700,0x15efc06FEa57Bda3ceA94A53D5426E78ed4651F3,2,1201.05,0.0,0.0,0.0,-1.38,0.24
1790498700,0x1DfA762116D96b53e057aef20E94576d4ca2D6B4,1,0.0,42350.66,0.0,220.5,0.0,13.21
1790498700,0x1f78Fb1234d2f9685fb35AcB1cf484eca83F8F63,1,549.13,0.0,0.0,0.0,0.0,0.0
1790498700,0x21aa6DC573DA62abFD7E43C84bEF2DA4FE514053,4,1432.52,0.0,0.0,0.0,2.28,0.07
1790498700,0x2Fd96bd26E7a3c694DBD5ae5E2C29249a83b8a98,21,57954.15,0.0,0.0,0.0,-15.03,0.15
1790498700,0x2bdC1A6e79de5c1c7d81b1A5577f7ee90d25316a,4,0.0,338819.85,503.26,941.1,0.0,51.32
1790498700,0x3aAa2bB57a0eFeA8F6f89423A923f7107c33471B,8,57081.61,338819.85,941.1,503.26,0.0,0.0
1790498700,0x57D20F8aF5875aD611dC836f78e4992DDA5E6073,8,0.0,169520.7,0.0,108.25,0.0,0.0
1790498700,0x7b1671c18AecECf59303948d98ff730137aE3448,2,0.0,1406.6,7.05,12.08,0.0,0.71
1790498700,0x8E87D8308D439c88dDF48762AA5D3C99b8366a3a,42,215640.7,0.0,0.0,0.0,-1032.6,15.5
1790498700,0x978e3eb7997a9575cdE1799176829073d2876Fb9,3,57774.72,0.0,0.0,0.0,-122.81,8.66
1790498700,0xBC8015FA779be6ac91e5616f37e1768b8DbC16df,1,0.0,10556.96,17.12,0.0,0.0,0.0
1790498700,0xBFc18bd7c77B20e9611F1526043153Baf6c19ceE,1,0.0,10556.96,0.0,17.12,-5.72,2.64
1790498700,0xCDa43aF0E62ea12faE2BFF016557B6aB37Ec98B0,23,70020.03,0.0,0.0,0.0,0.0,21.0
1790498700,0xE1DC5576b36c78C75e6Abf2E1B121Db20A6069b7,3,6021.58,42350.66,220.5,0.0,-189.4,0.0
1790498700,0xEAc2374016613765cF31afDB4AEB6f5d13a63726,2,0.0,1406.6,12.08,7.05,0.46,0.0
1790499600,0x10D23b00B4d76EaE3b3A8c66409d7568ad8A7B4C,2,0.0,74330.53,61.39,0.0,0.0,8.67
1790499600,0x15efc06FEa57Bda3ceA94A53D5426E78ed4651F3,7,41536.48,0.0,0.0,0.0,-231.64,8.31
1790499600,0x17160e9C36a78452C5EBc8FafcD46A91017FD73F,1,0.0,1491.65,36.85,0.0,0.0,0.95
1790499600,0x1f78Fb1234d2f9685fb35AcB1cf484eca83F8F63,3,1604.14,0.0,0.0,0.0,-0.83,0.08
1790499600,0x1fD0876eEAaB1Af9BbF3EeB70064bc03bf111718,2,1223.13,0.0,0.0,0.0,0.0,0.09
1790499600,0x21aa6DC573DA62abFD7E43C84bEF2DA4FE514053,3,1187.57,0.0,0.0,0.0,2.28,0.0
1790499600,0x2Fd96bd26E7a3c694DBD5ae5E2C29249a83b8a98,22,64986.35,0.0,0.0,0.0,-204.43,0.0
1790499600,0x3aAa2bB57a0eFeA8F6f89423A923f7107c33471B,16,173395.99,0.0,0.0,0.0,588.31,23.94
1790499600,0x3bf64B8c8ce86abDBcF44Fa5a559E27eb9F63Efb,2,0.0,1660874.34,33466.2,66079.95,435.99,0.0
1790499600,0x6aaBDB5a5C84EdC20E8b6c32B0f6f08611f350E7,1,2524.32,0.0,0.0,0.0,0.0,0.25
1790499600,0x7573eDB4bE971900B1e98137Fcf48fFDa1d16dC8,2,0.0,1660874.34,66079.95,33466.2,0.0,249.63
1790499600,0x8E87D8308D439c88dDF48762AA5D3C99b8366a3a,44,227601.27,0.0,0.0,0.0,-181.25,3.59
1790499600,0x978e3eb7997a9575cdE1799176829073d2876Fb9,3,1136.41,0.0,0.0,0.0,-28.92,0.09
1790499600,0xCDa43aF0E62ea12faE2BFF016557B6aB37Ec98B0,39,85021.08,0.0,0.0,0.0,-6395.64,25.5
1790499600,0xE1DC5576b36c78C75e6Abf2E1B121Db20A6069b7,3,0.0,75822.19,0.0,98.24,0.0,0.0
1790499600,0xEA2Eec3dc92E860ca7c00DDa51f1AfbCD1fC2E73,2,2002.54,0.0,0.0,0.0,-46.4,0.0
1790499600,0xEd36621aa98134b01d10005a912aA3Ff0E38ED3f,1,19.87,0.0,0.0,0.0,0.23,0.0
1790499600,0xF7957c8b20DbD3FcA93686B07679aee8e6755c43,1,21517.38,0.0,0.0,0.0,-68.08,0.0
1790500500,0x15efc06FEa57Bda3ceA94A53D5426E78ed4651F3,7,134927.73,0.0,0.0,0.0,-247.56,26.97
1790500500,0x1f78Fb1234d2f9685fb35AcB1cf484eca83F8F63,2,1099.44,0.0,0.0,0.0,-0.87,0.0
1790500500,0x1fD0876eEAaB1Af9BbF3EeB70064bc03bf111718,2,1223.1,0.0,0.0,0.0,-0.06,0.0
1790500500,0x21aa6DC573DA62abFD7E43C84bEF2DA4FE514053,2,233.23,0.0,0.0,0.0,0.5,0.0
1790500500,0x2Fd96bd26E7a3c694DBD5ae5E2C29249a83b8a98,20,57697.77,0.0,0.0,0.0,11.7,0.0
1790500500,0x2b834643749dd0361C4cF1F79B7543B6e617f55A,1,0.0,271.0,49.07,0.0,0.0,0.03
1790500500,0x3aAa2bB57a0eFeA8F6f89423A923f7107c33471B,29,193852.76,0.0,0.0,0.0,271.96,25.38
1790500500,0x57D20F8aF5875aD611dC836f78e4992DDA5E6073,1,0.0,325.11,0.0,0.91,0.0,0.0
1790500500,0x8Bb3b8bd067bf069695316F52556B0fd7f8a2d0a,1,0.0,325.11,0.91,0.0,0.0,0.6
1790500500,0x8E87D8308D439c88dDF48762AA5D3C99b8366a3a,36,326568.34,0.0,0.0,0.0,-203.97,5.63
1790500500,0x978e3eb7997a9575cdE1799176829073d2876Fb9,3,2161.24,0.0,0.0,0.0,2.34,0.32
1790500500,0xCDa43aF0E62ea12faE2BFF016557B6aB37Ec98B0,15,30009.73,0.0,0.0,0.0,0.0,9.0
1790500500,0xE1DC5576b36c78C75e6Abf2E1B121Db20A6069b7,1,0.0,271.0,0.0,49.07,0.0,0.02
1790501400,0x15efc06FEa57Bda3ceA94A53D5426E78ed4651F3,5,8358.89,0.0,0.0,0.0,-44.52,1.67
1790501400,0x1f78Fb1234d2f9685fb35AcB1cf484eca83F8F63,5,2765.81,0.0,0.0,0.0,3.54,0.25
1790501400,0x21aa6DC573DA62abFD7E43C84bEF2DA4FE514053,2,348.4,0.0,0.0,0.0,1.8,0.0
1790501400,0x2Fd96bd26E7a3c694DBD5ae5E2C29249a83b8a98,11,23580.29,0.0,0.0,0.0,-112.6,0.48
1790501400,0x3aAa2bB57a0eFeA8F6f89423A923f7107c33471B,11,99211.11,1626.82,53.4,0.0,174.87,9.08
1790501400,0x3bf64B8c8ce86abDBcF44Fa5a559E27eb9F63Efb,1,0.0,1084.97,0.0,82.64,-51.74,0.0
1790501400,0x68A2C29dE114cf36aED33952BF1266E745819f01,1,0.0,1084.97,82.64,0.0,0.0,0.83
1790501400,0x8E87D8308D439c88dDF48762AA5D3C99b8366a3a,13,100305.12,0.0,0.0,0.0,-80.12,5.66
1790501400,0x937f0286092D46627B86d1B8E1a9559FdEE57Ae9,1,0.0,1626.82,0.0,53.4,-9.35,0.99
1790501400,0x978e3eb7997a9575cdE1799176829073d2876Fb9,1,301.15,0.0,0.0,0.0,-14.26,0.0
1790501400,0xCDa43aF0E62ea12faE2BFF016557B6aB37Ec98B0,7,15001.06,0.0,0.0,0.0,0.0,4.5
1790501400,0xEA2Eec3dc92E860ca7c00DDa51f1AfbCD1fC2E73,2,3215.12,0.0,0.0,0.0,0.0,0.0
1790502300,0x15efc06FEa57Bda3ceA94A53D5426E78ed4651F3,7,40158.69,0.0,0.0,0.0,-379.69,8.03
1790502300,0x1f78Fb1234d2f9685fb35AcB1cf484eca83F8F63,1,549.91,0.0,0.0,0.0,0.0,0.0
1790502300,0x21aa6DC573DA62abFD7E43C84bEF2DA4FE514053,1,281.0,0.0,0.0,0.0,0.0,0.0
1790502300,0x2Fd96bd26E7a3c694DBD5ae5E2C29249a83b8a98,16,44851.26,0.0,0.0,0.0,-38.85,0.0
1790502300,0x3aAa2bB57a0eFeA8F6f89423A923f7107c33471B,23,217071.96,6794.05,48.06,104.95,607.12,18.88
1790502300,0x3bf64B8c8ce86abDBcF44Fa5a559E27eb9F63Efb,1,0.0,1357.08,0.0,184.0,0.0,0.0
1790502300,0x8E87D8308D439c88dDF48762AA5D3C99b8366a3a,38,249821.46,0.0,0.0,0.0,-308.44,11.6
1790502300,0x937f0286092D46627B86d1B8E1a9559FdEE57Ae9,1,0.0,1357.08,184.0,0.0,0.0,0.91
1790502300,0xBC8015FA779be6ac91e5616f37e1768b8DbC16df,1,0.0,6790.97,37.6,0.0,0.0,0.0
1790502300,0xBc4713b3B41726541D373e57518012302FfBFAa7,7,0.0,2252536.09,851.97,0.0,0.0,108.0
1790502300,0xCDa43aF0E62ea12faE2BFF016557B6aB37Ec98B0,28,65016.29,0.0,0.0,0.0,-3212.85,19.5
1790502300,0xEAc2374016613765cF31afDB4AEB6f5d13a63726,8,0.0,2259327.06,0.0,889.57,0.0,38.01
1790502300,0xb0FEbDec9EC7555911b359ACFC27A65D746Ea94A,4,849.36,6794.05,104.95,48.06,0.0,1.78
1790503200,0x15efc06FEa57Bda3ceA94A53D5426E78ed4651F3,5,5131.95,0.0,0.0,0.0,54.67,1.03
1790503200,0x1f78Fb1234d2f9685fb35AcB1cf484eca83F8F63,2,1100.59,0.0,0.0,0.0,1.02,0.08
1790503200,0x21aa6DC573DA62abFD7E43C84bEF2DA4FE514053,2,605.13,0.0,0.0,0.0,5.02,0.0
1790503200,0x2Fd96bd26E7a3c694DBD5ae5E2C29249a83b8a98,23,70969.39,0.0,0.0,0.0,-62.1,0.0
1790503200,0x31F8a6d94aabE7D883288414d035A1Dc6811d8c7,1,0.0,8145.63,0.0,33.6,0.0,2.94
1790503200,0x3aAa2bB57a0eFeA8F6f89423A923f7107c33471B,14,179224.38,0.0,0.0,0.0,443.4,6.87
1790503200,0x3bf64B8c8ce86abDBcF44Fa5a559E27eb9F63Efb,2,0.0,1710.49,0.0,63.45,0.0,0.0
1790503200,0x3d49dc57389da315394AeB6984C39Ea0dc4fa9C8,1,0.0,465.09,0.0,9.85,0.0,0.64
1790503200,0x441d206b94b2a39fA705F037Bd11d8aBbA880d02,1,0.0,466.29,10.45,0.0,0.0,0.64
1790503200,0x68A2C29dE114cf36aED33952BF1266E745819f01,1,0.0,543.07,48.76,0.0,0.0,0.66
1790503200,0x8E87D8308D439c88dDF48762AA5D3C99b8366a3a,47,268906.36,0.0,0.0,0.0,-382.14,25.72
1790503200,0x978e3eb7997a9575cdE1799176829073d2876Fb9,1,28877.7,0.0,0.0,0.0,0.0,4.33
1790503200,0xBC8015FA779be6ac91e5616f37e1768b8DbC16df,1,0.0,8145.63,33.6,0.0,0.0,0.0
1790503200,0xBc4713b3B41726541D373e57518012302FfBFAa7,2,0.0,688769.01,300.0,0.0,0.0,37.5
1790503200,0xCDa43aF0E62ea12faE2BFF016557B6aB37Ec98B0,24,80023.4,0.0,0.0,0.0,-8024.97,24.0
1790503200,0xD15fB9d9FC203ED4530a0733546b4FB106C73f03,1,0.0,1244.2,53.0,0.0,-32.72,0.87
1790503200,0xE1DC5576b36c78C75e6Abf2E1B121Db20A6069b7,5,29003.17,543.07,0.0,48.76,-825.66,0.0
1790503200,0xEAc2374016613765cF31afDB4AEB6f5d13a63726,2,0.0,688769.01,0.0,300.0,0.0,37.5
1790503200,0xea19Fe621592b9aF895f2d8d5Af7288C02FbBbF3,1,0.0,465.09,9.85,0.0,0.0,0.05
1790504100,0x15efc06FEa57Bda3ceA94A53D5426E78ed4651F3,6,31825.72,0.0,0.0,0.0,-353.47,6.36
1790504100,0x1f78Fb1234d2f9685fb35AcB1cf484eca83F8F63,2,1098.24,0.0,0.0,0.0,1.14,0.08
1790504100,0x21aa6DC573DA62abFD7E43C84bEF2DA4FE514053,2,255.72,0.0,0.0,0.0,0.0,0.0
1790504100,0x2Fd96bd26E7a3c694DBD5ae5E2C29249a83b8a98,13,40982.29,0.0,0.0,0.0,-182.31,0.0
1790504100,0x3aAa2bB57a0eFeA8F6f89423A923f7107c33471B,20,184739.69,43402.99,26.27,109.06,293.99,12.54
1790504100,0x6404fd9f498973b68d6D2045eb3cbebe4fFc5a0a,3,59960.25,0.0,0.0,0.0,0.0,5.99
1790504100,0x8E87D8308D439c88dDF48762AA5D3C99b8366a3a,36,413243.18,0.0,0.0,0.0,-1200.05,36.23
1790504100,0x978e3eb7997a9575cdE1799176829073d2876Fb9,3,58776.27,0.0,0.0,0.0,-58.27,8.82
1790504100,0xBC937aFD63187F809C363C79b1A51b6B5c3c1aE6,2,0.0,43402.99,109.06,26.27,0.0,7.01
1790504100,0xCDa43aF0E62ea12faE2BFF016557B6aB37Ec98B0,9,30002.42,0.0,0.0,0.0,0.0,9.0
1790504100,0xE1DC5576b36c78C75e6Abf2E1B121Db20A6069b7,6,72018.29,0.0,0.0,0.0,-2110.99,0.0
1790505000,0x15efc06FEa57Bda3ceA94A53D5426E78ed4651F3,1,549.78,0.0,0.0,0.0,0.0,0.11
1790505000,0x1f78Fb1234d2f9685fb35AcB1cf484eca83F8F63,1,549.78,0.0,0.0,0.0,0.0,0.0
1790505000,0x2254C8E957FfA8615f77ebb8C042F04320B9F083,1,0.0,84914.93,462.0,0.0,0.0,25.97
1790505000,0x2Fd96bd26E7a3c694DBD5ae5E2C29249a83b8a98,7,14956.58,0.0,0.0,0.0,-4.93,0.3
1790505000,0x3aAa2bB57a0eFeA8F6f89423A923f7107c33471B,9,8482.24,33226.64,91.28,1799.13,625.04,0.83
1790505000,0x67d612038A1757d98504165D193841C706498296,1,0.0,270.96,7.63,0.0,0.0,0.58
1790505000,0x8E87D8308D439c88dDF48762AA5D3C99b8366a3a,20,43536.91,0.0,0.0,0.0,-29.67,0.44
1790505000,0x93337BBEA97C6db86D11E5E466704e95273E5736,1,0.0,27089.16,1662.0,0.0,0.0,8.63
1790505000,0x978e3eb7997a9575cdE1799176829073d2876Fb9,1,999.74,0.0,0.0,0.0,2.1,0.15
1790505000,0xBe28FFbc5a6AF0931a1fF9f9B88Aa4BD7434649F,1,0.0,2709.57,30.6,0.0,0.0,1.31
1790505000,0xC405B79e3aF8F6920fDAd6069db034DA78b4c55D,1,0.0,1667.07,98.9,0.0,0.0,1.0
1790505000,0xC4Dfd021De398205CB90c80B8dd5abf9A17AD776,2,0.0,5419.11,9.4,0.0,0.0,1.68
1790505000,0xCDa43aF0E62ea12faE2BFF016557B6aB37Ec98B0,22,65016.65,0.0,0.0,0.0,-3213.06,19.5
1790505000,0xE1DC5576b36c78C75e6Abf2E1B121Db20A6069b7,5,20005.69,84914.93,0.0,462.0,-560.4,0.0
1790505000,0xEAc2374016613765cF31afDB4AEB6f5d13a63726,2,0.0,5419.11,0.0,9.4,0.0,0.0
1790505000,0xc301558A4DF09dcE433817e1715EC800C3aC70c7,1,0.0,1489.88,0.0,91.28,38.3,0.95
1790505900,0x15efc06FEa57Bda3ceA94A53D5426E78ed4651F3,5,3215.67,0.0,0.0,0.0,-1.13,0.64
1790505900,0x1f78Fb1234d2f9685fb35AcB1cf484eca83F8F63,1,549.45,0.0,0.0,0.0,0.0,0.0
1790505900,0x1fD0876eEAaB1Af9BbF3EeB70064bc03bf111718,2,1230.0,0.0,0.0,0.0,-0.72,0.0
1790505900,0x20E352D7179657B32e0e530054933c19F2A1CFa5,6,0.0,46162.07,294.22,310.41,-29.55,16.85
1790505900,0x21aa6DC573DA62abFD7E43C84bEF2DA4FE514053,1,228.74,0.0,0.0,0.0,1.06,0.0
1790505900,0x2A672736E3017C931D7b1927732420795AD873A6,2,0.0,7964.09,16.17,14.7,-4.86,3.39
1790505900,0x2Fd96bd26E7a3c694DBD5ae5E2C29249a83b8a98,6,14623.64,0.0,0.0,0.0,3.2,0.1
1790505900,0x3aAa2bB57a0eFeA8F6f89423A923f7107c33471B,3,13760.77,0.0,0.0,0.0,20.19,0.0
1790505900,0x57D20F8aF5875aD611dC836f78e4992DDA5E6073,1,0.0,3982.03,0.0,16.17,0.0,0.0
1790505900,0x8E87D8308D439c88dDF48762AA5D3C99b8366a3a,15,90360.1,0.0,0.0,0.0,-24.43,6.51
1790505900,0x978e3eb7997a9575cdE1799176829073d2876Fb9,2,28886.35,0.0,0.0,0.0,21.07,4.33
1790505900,0xBC8015FA779be6ac91e5616f37e1768b8DbC16df,1,0.0,3982.06,14.7,0.0,0.0,0.0
1790505900,0xCDa43aF0E62ea12faE2BFF016557B6aB37Ec98B0,10,30007.14,0.0,0.0,0.0,0.0,9.0
1790505900,0xE1DC5576b36c78C75e6Abf2E1B121Db20A6069b7,9,30002.04,46162.07,310.41,294.22,56.04,0.0
1790505900,0xEA2Eec3dc92E860ca7c00DDa51f1AfbCD1fC2E73,1,615.36,0.0,0.0,0.0,0.0,0.09
1790505900,0xEd36621aa98134b01d10005a912aA3Ff0E38ED3f,1,19.97,0.0,0.0,0.0,0.33,0.0
1790506800,0x15efc06FEa57Bda3ceA94A53D5426E78ed4651F3,2,312.64,0.0,0.0,0.0,-1.04,0.06
1790506800,0x21aa6DC573DA62abFD7E43C84bEF2DA4FE514053,2,312.64,0.0,0.0,0.0,0.99,0.0
1790506800,0x2Fd96bd26E7a3c694DBD5ae5E2C29249a83b8a98,15,43960.12,0.0,0.0,0.0,-10.56,0.0
1790506800,0x3aAa2bB57a0eFeA8F6f89423A923f7107c33471B,18,116963.49,0.0,0.0,0.0,268.96,14.33
1790506800,0x57D20F8aF5875aD611dC836f78e4992DDA5E6073,1,0.0,21231.74,0.0,16.25,0.0,0.0
1790506800,0x8E87D8308D439c88dDF48762AA5D3C99b8366a3a,19,121985.88,0.0,0.0,0.0,-70.72,5.08
1790506800,0xB90134C652814890691671c849381A0B3cdD0247,2,5945.67,0.0,0.0,0.0,0.0,1.8
1790506800,0xCDa43aF0E62ea12faE2BFF016557B6aB37Ec98B0,12,45021.33,0.0,0.0,0.0,0.0,13.5
1790506800,0xE1DC5576b36c78C75e6Abf2E1B121Db20A6069b7,7,27026.75,21231.74,16.25,0.0,-755.81,1.59
1790507700,0x15efc06FEa57Bda3ceA94A53D5426E78ed4651F3,2,1148.91,0.0,0.0,0.0,-3.2,0.23
1790507700,0x1fD0876eEAaB1Af9BbF3EeB70064bc03bf111718,2,1370.53,0.0,0.0,0.0,-1.33,0.0
1790507700,0x21aa6DC573DA62abFD7E43C84bEF2DA4FE514053,2,319.18,0.0,0.0,0.0,0.8,0.0
1790507700,0x2Fd96bd26E7a3c694DBD5ae5E2C29249a83b8a98,12,35993.0,0.0,0.0,0.0,18.88,0.15
1790507700,0x3aAa2bB57a0eFeA8F6f89423A923f7107c33471B,24,284689.2,166487.89,2428.2,9750.16,601.37,35.15
1790507700,0x3bf64B8c8ce86abDBcF44Fa5a559E27eb9F63Efb,3,0.0,1246494.53,15199.59,3608.38,-258.97,0.0
1790507700,0x68354c9e47098ACd6d12DB54837086764459fe21,1,0.0,28602.73,0.0,5228.22,0.0,2.86
1790507700,0x6c7e036a5C4910f2621A9466a5be54EB6E728c1a,3,0.0,1246494.53,3608.38,15199.59,2635.19,187.47
1790507700,0x8E87D8308D439c88dDF48762AA5D3C99b8366a3a,29,251183.69,0.0,0.0,0.0,7.89,6.77
1790507700,0x978e3eb7997a9575cdE1799176829073d2876Fb9,2,1370.53,0.0,0.0,0.0,1.43,0.21
1790507700,0xCDa43aF0E62ea12faE2BFF016557B6aB37Ec98B0,5,19999.67,0.0,0.0,0.0,0.0,6.0
1790507700,0xE1DC5576b36c78C75e6Abf2E1B121Db20A6069b7,3,10000.52,28602.73,5228.22,0.0,-277.88,2.15
1790507700,0xd31e98a1B58453960b4376D54547E5Be507b450B,2,0.0,166487.89,9750.16,2428.2,0.0,25.47
1790508600,0x15efc06FEa57Bda3ceA94A53D5426E78ed4651F3,3,1138.52,0.0,0.0,0.0,55.79,0.23
1790508600,0x1a32423AF487a2E26B2D43EC170512264C1140BD,1,0.0,5418.9,165.0,0.0,0.0,2.13
1790508600,0x1f78Fb1234d2f9685fb35AcB1cf484eca83F8F63,4,2039.52,0.0,0.0,0.0,0.39,0.22
1790508600,0x1fD0876eEAaB1Af9BbF3EeB70064bc03bf111718,2,1368.5,0.0,0.0,0.0,-0.7,0.0
1790508600,0x21aa6DC573DA62abFD7E43C84bEF2DA4FE514053,2,666.33,0.0,0.0,0.0,2.26,0.07
1790508600,0x2Fd96bd26E7a3c694DBD5ae5E2C29249a83b8a98,4,11996.61,0.0,0.0,0.0,3.74,0.0
1790508600,0x3aAa2bB57a0eFeA8F6f89423A923f7107c33471B,9,82308.13,0.0,0.0,0.0,130.7,12.19
1790508600,0x3bf64B8c8ce86abDBcF44Fa5a559E27eb9F63Efb,2,0.0,5822579.79,65955.44,18095.47,-4253.37,0.0
1790508600,0x8E87D8308D439c88dDF48762AA5D3C99b8366a3a,30,124695.89,0.0,0.0,0.0,35.15,2.96
1790508600,0x978e3eb7997a9575cdE1799176829073d2876Fb9,2,1368.5,0.0,0.0,0.0,0.1,0.21
1790508600,0x9e04AE45913AE8E9F2aC1793a8BE28fA06821172,2,0.0,5822579.79,18095.47,65955.44,1141.39,873.89
1790508600,0xCDa43aF0E62ea12faE2BFF016557B6aB37Ec98B0,5,15006.32,0.0,0.0,0.0,0.0,4.5
1790508600,0xE1DC5576b36c78C75e6Abf2E1B121Db20A6069b7,1,0.0,5418.9,0.0,165.0,0.0,0.0
1790508600,0xEA2Eec3dc92E860ca7c00DDa51f1AfbCD1fC2E73,1,365.53,0.0,0.0,0.0,-13.03,0.0
1790509500,0x0ED2F5A37c29a605f47b12dBA90c46dee9c17580,2,953.17,1860.85,24.8,0.0,-0.43,1.35
1790509500,0x15efc06FEa57Bda3ceA94A53D5426E78ed4651F3,7,33756.7,0.0,0.0,0.0,-301.39,6.75
1790509500,0x1f78Fb1234d2f9685fb35AcB1cf484eca83F8F63,2,1099.12,0.0,0.0,0.0,-0.03,0.0
1790509500,0x21aa6DC573DA62abFD7E43C84bEF2DA4FE514053,1,756.56,0.0,0.0,0.0,0.0,0.0
1790509500,0x2Fd96bd26E7a3c694DBD5ae5E2C29249a83b8a98,14,33524.3,0.0,0.0,0.0,-68.64,0.38
1790509500,0x3009BbdD8b5397C93112c17D354ca91Ab9dB0162,2,0.0,717.48,95.96,0.0,0.0,0.72
1790509500,0x3aAa2bB57a0eFeA8F6f89423A923f7107c33471B,17,152082.42,1860.85,0.0,24.8,377.21,19.09
1790509500,0x3bf64B8c8ce86abDBcF44Fa5a559E27eb9F63Efb,2,0.0,1439.26,121.2,43.16,-0.95,0.0
1790509500,0x42974A167De3F098cEf1Ffbf5f250D33a9200520,1,0.0,395.85,0.0,52.8,0.0,0.0
1790509500,0x8E87D8308D439c88dDF48762AA5D3C99b8366a3a,30,237713.46,0.0,0.0,0.0,-570.96,6.44
1790509500,0x978e3eb7997a9575cdE1799176829073d2876Fb9,2,29888.34,0.0,0.0,0.0,-52.05,4.48
1790509500,0xBC8015FA779be6ac91e5616f37e1768b8DbC16df,1,0.0,270.69,4.4,0.0,0.99,0.0
1790509500,0xCDa43aF0E62ea12faE2BFF016557B6aB37Ec98B0,7,15004.54,0.0,0.0,0.0,0.0,4.5
1790509500,0xb1f931f35C39a1945E4476aEeD9b88d124FEafB3,1,0.0,270.69,0.0,4.4,0.0,0.58
1790509500,0xb4668E8Ad289FA12610BBb58C07E0841DE5ec2c9,1,0.0,1117.63,0.0,121.2,-26.15,0.84
1790510400,0x15efc06FEa57Bda3ceA94A53D5426E78ed4651F3,4,2444.09,0.0,0.0,0.0,-12.24,0.49
1790510400,0x1f78Fb1234d2f9685fb35AcB1cf484eca83F8F63,1,711.02,0.0,0.0,0.0,1.32,0.11
1790510400,0x21aa6DC573DA62abFD7E43C84bEF2DA4FE514053,3,1044.36,0.0,0.0,0.0,6.3,0.0
1790510400,0x2Fd96bd26E7a3c694DBD5ae5E2C29249a83b8a98,8,20082.56,0.0,0.0,0.0,-10.03,0.15
1790510400,0x31BDF187AC3faA563bF40f2a04cd6D822E1d34aa,4,0.0,970944.45,14170.5,0.0,0.0,292.78
1790510400,0x3aAa2bB57a0eFeA8F6f89423A923f7107c33471B,13,131459.26,0.0,0.0,0.0,402.87,15.84
1790510400,0x3bf64B8c8ce86abDBcF44Fa5a559E27eb9F63Efb,3,0.0,981176.87,0.0,13930.42,5803.95,0.0
1790510400,0x4d717A71e2337eb68bb0FafaBdeF5986CE20df4B,3,0.0,125.9,0.0,0.0,80.97,0.13
1790510400,0x570FE25FBB57f45BF043d7ef3F20D95E5A1fC699,2,0.0,37336.26,0.0,440.0,32.1,3.73
1790510400,0x8E87D8308D439c88dDF48762AA5D3C99b8366a3a,19,143678.15,0.0,0.0,0.0,-121.22,5.61
1790510400,0xB80efabF261F1FA31b0afD96f55246A7e0825b93,1,0.0,47568.68,199.92,0.0,0.0,14.77
1790510400,0xCDa43aF0E62ea12faE2BFF016557B6aB37Ec98B0,2,5007.08,0.0,0.0,0.0,0.0,1.5
1790510400,0xda50a7E41BEb66B2a613bc22a206fb1cF34FFaE2,3,0.0,125.9,0.0,0.0,0.0,0.06
1790511300,0x15efc06FEa57Bda3ceA94A53D5426E78ed4651F3,2,1998.85,0.0,0.0,0.0,-10.85,0.4
1790511300,0x2Fd96bd26E7a3c694DBD5ae5E2C29249a83b8a98,7,19998.02,0.0,0.0,0.0,-36.32,0.0
1790511300,0x3aAa2bB57a0eFeA8F6f89423A923f7107c33471B,9,126816.91,291.26,4.79,0.0,467.78,9.62
1790511300,0x4d717A71e2337eb68bb0FafaBdeF5986CE20df4B,15,0.0,630.12,0.0,0.0,404.83,0.63
1790511300,0x8E87D8308D439c88dDF48762AA5D3C99b8366a3a,10,142634.97,0.0,0.0,0.0,-120.77,12.39
1790511300,0x8eBe39AB27deDbB0a246050D25a8f499Bb3C7b49,1,0.0,291.26,0.0,4.79,0.0,0.59
1790511300,0x9C1E4365434dbf1D02dDeb4eEEB01d2a5F80BE25,1,0.0,33993.67,53.6,0.0,0.0,7.2
1790511300,0xCDa43aF0E62ea12faE2BFF016557B6aB37Ec98B0,7,20005.17,0.0,0.0,0.0,0.0,6.0
1790511300,0xE1DC5576b36c78C75e6Abf2E1B121Db20A6069b7,1,20000.41,0.0,0.0,0.0,-579.88,0.0
1790511300,0xEAc2374016613765cF31afDB4AEB6f5d13a63726,1,0.0,33993.67,0.0,53.6,0.0,0.0
1790511300,0xF7957c8b20DbD3FcA93686B07679aee8e6755c43,1,6188.35,0.0,0.0,0.0,-40.7,0.0
1790511300,0xda50a7E41BEb66B2a613bc22a206fb1cF34FFaE2,15,0.0,630.12,0.0,0.0,0.0,0.32
1790512200,0x021d21f43d6d8921eF876Ec72f59E45820883B8F,2,0.0,5429.28,46.6,90.3,0.0,0.0
1790512200,0x0ED2F5A37c29a605f47b12dBA90c46dee9c17580,1,194.36,0.0,0.0,0.0,0.0,0.02
1790512200,0x137Ba74D7F3Ad15020bF6774b6c163e48De2c00B,1,0.0,6.05,0.0,0.0,-0.07,0.02
1790512200,0x15efc06FEa57Bda3ceA94A53D5426E78ed4651F3,3,797.05,0.0,0.0,0.0,111.36,0.16
1790512200,0x1f78Fb1234d2f9685fb35AcB1cf484eca83F8F63,1,549.3,0.0,0.0,0.0,0.0,0.0
1790512200,0x21aa6DC573DA62abFD7E43C84bEF2DA4FE514053,4,373.67,0.0,0.0,0.0,3.43,0.0
1790512200,0x2Fd96bd26E7a3c694DBD5ae5E2C29249a83b8a98,3,1568.26,0.0,0.0,0.0,-11.47,0.24
1790512200,0x309B408fEd3948EEf95b7e8809B530eD2a63f565,3,0.0,176436.71,3295.77,1730.02,0.0,15.18
1790512200,0x3715f00a8B9287d42040F442022a9Ee4BfE2487c,2,0.0,5429.28,90.3,46.6,0.0,1.31
1790512200,0x3aAa2bB57a0eFeA8F6f89423A923f7107c33471B,4,1364.54,68122.68,4.35,875.0,-526.1,0.0
1790512200,0x3bf64B8c8ce86abDBcF44Fa5a559E27eb9F63Efb,2,0.0,108585.46,1730.02,2420.77,1551.42,0.0
1790512200,0x4042Cf670fCed85353e0BbAa12Ba72757E672A25,1,0.0,6.05,0.0,0.0,-0.07,0.02
1790512200,0x42974A167De3F098cEf1Ffbf5f250D33a9200520,1,0.0,2807.92,0.0,112.5,0.0,0.42
1790512200,0x4d717A71e2337eb68bb0FafaBdeF5986CE20df4B,34,0.0,12305.64,0.0,0.0,7910.3,12.31
1790512200,0x746Ab78a006dbE3dDAfaf51320903BF16524b692,1,0.0,2807.92,112.5,0.0,0.0,0.28
1790512200,0x793F59010D878848327aF4052790273D01215D62,4,0.0,11045.2,0.0,0.0,0.0,5.52
1790512200,0x8E87D8308D439c88dDF48762AA5D3C99b8366a3a,8,11962.42,0.0,0.0,0.0,-25.25,0.9
1790512200,0x8eBe39AB27deDbB0a246050D25a8f499Bb3C7b49,1,0.0,271.44,0.0,4.35,0.0,0.58
1790512200,0x925ab3fce8b11044FC06C1dA14d27c28dA3179e2,1,203.72,0.0,0.0,0.0,9.47,0.02
1790512200,0x9b0cFA748c7Ca58CF2f17B396EdcFDdD1f74AD6E,2,0.0,54291.09,542.0,253.0,0.0,8.64
1790512200,0xEA2Eec3dc92E860ca7c00DDa51f1AfbCD1fC2E73,2,703.59,0.0,0.0,0.0,-30.62,0.0
1790512200,0xEAc2374016613765cF31afDB4AEB6f5d13a63726,2,0.0,54291.09,253.0,542.0,96.89,0.0
1790512200,0xF88740fd0eFEB73f4e7803C358c20446C9615d74,1,0.0,6.05,0.0,0.0,-0.08,0.02
1790512200,0xbBf93b294c409b1FdB3bbe997C8E1e709143EE8C,1,0.0,9.9,0.0,0.0,-0.12,0.02
1790512200,0xda50a7E41BEb66B2a613bc22a206fb1cF34FFaE2,34,0.0,1288.5,0.0,0.0,0.0,0.63
1790512200,0xeedE59CF92bE67dFaB4E117DAe79555a4292a6DB,1,943.65,0.0,0.0,0.0,0.0,0.29
1790513100,0x15efc06FEa57Bda3ceA94A53D5426E78ed4651F3,3,529.02,0.0,0.0,0.0,0.0,0.11
1790513100,0x1f78Fb1234d2f9685fb35AcB1cf484eca83F8F63,1,548.18,0.0,0.0,0.0,1.04,0.08
1790513100,0x21aa6DC573DA62abFD7E43C84bEF2DA4FE514053,4,1158.76,0.0,0.0,0.0,0.0,0.0
1790513100,0x2Fd96bd26E7a3c694DBD5ae5E2C29249a83b8a98,11,24106.52,0.0,0.0,0.0,-21.41,0.35
1790513100,0x309B408fEd3948EEf95b7e8809B530eD2a63f565,1,0.0,67856.69,862.3,0.0,0.0,10.43
1790513100,0x3aAa2bB57a0eFeA8F6f89423A923f7107c33471B,22,127969.32,81430.5,476.0,862.3,-310.83,15.56
1790513100,0x3bf64B8c8ce86abDBcF44Fa5a559E27eb9F63Efb,1,0.0,10616.19,0.0,93.62,-496.87,0.0
1790513100,0x3e76982d7fe93e80c045901220dc01AB70B4BD6d,2,0.0,32577.96,0.0,1834.7,-326.78,10.77
1790513100,0x4d717A71e2337eb68bb0FafaBdeF5986CE20df4B,7,0.0,10260.46,0.0,0.0,6590.06,10.26
1790513100,0x6346396Db6777ad129E7cBD84F7F31efe77CA2bb,1,0.0,10616.19,93.62,0.0,0.0,3.68
1790513100,0x793F59010D878848327aF4052790273D01215D62,2,0.0,10050.35,0.0,0.0,0.0,5.03
1790513100,0x8E87D8308D439c88dDF48762AA5D3C99b8366a3a,39,202689.35,0.0,0.0,0.0,-70.52,12.12
1790513100,0xBc4713b3B41726541D373e57518012302FfBFAa7,1,0.0,330919.02,292.8,0.0,0.0,33.09
1790513100,0xCDa43aF0E62ea12faE2BFF016557B6aB37Ec98B0,16,35006.56,0.0,0.0,0.0,-1601.06,10.5
1790513100,0xE1DC5576b36c78C75e6Abf2E1B121Db20A6069b7,4,49998.17,19004.15,1358.7,0.0,-1409.71,0.0
1790513100,0xEA2Eec3dc92E860ca7c00DDa51f1AfbCD1fC2E73,1,4000.65,0.0,0.0,0.0,3.77,0.0
1790513100,0xEAc2374016613765cF31afDB4AEB6f5d13a63726,3,0.0,368853.73,14.7,402.0,0.0,24.82
1790513100,0xafbAFB6e4cb5268dF843542012FEe9d3B9345A34,2,0.0,37934.71,109.2,14.7,0.0,6.19
1790513100,0xda50a7E41BEb66B2a613bc22a206fb1cF34FFaE2,5,0.0,210.11,0.0,0.0,0.0,0.11
1790514000,0x0ED2F5A37c29a605f47b12dBA90c46dee9c17580,3,584.78,921.61,15.2,0.0,0.97,0.24
1790514000,0x15efc06FEa57Bda3ceA94A53D5426E78ed4651F3,9,30262.52,0.0,0.0,0.0,-49.28,6.05
1790514000,0x1fD0876eEAaB1Af9BbF3EeB70064bc03bf111718,2,1221.68,0.0,0.0,0.0,-2.94,0.0
1790514000,0x21aa6DC573DA62abFD7E43C84bEF2DA4FE514053,9,2116.38,0.0,0.0,0.0,-5.21,0.0
1790514000,0x2Fd96bd26E7a3c694DBD5ae5E2C29249a83b8a98,22,67219.08,0.0,0.0,0.0,53.94,0.0
1790514000,0x3aAa2bB57a0eFeA8F6f89423A923f7107c33471B,51,882987.35,91958.05,3726.22,6308.58,1212.62,88.53
1790514000,0x3bf64B8c8ce86abDBcF44Fa5a559E27eb9F63Efb,1,0.0,16451.94,554.0,0.0,0.0,0.0
1790514000,0x3e76982d7fe93e80c045901220dc01AB70B4BD6d,4,0.0,91958.05,6308.58,3726.22,0.0,14.29
1790514000,0x4d717A71e2337eb68bb0FafaBdeF5986CE20df4B,10,0.0,4.18,0.0,0.0,2.7,0.0
1790514000,0x793F59010D878848327aF4052790273D01215D62,10,0.0,4.18,0.0,0.0,0.0,0.0
1790514000,0x8E87D8308D439c88dDF48762AA5D3C99b8366a3a,62,563186.97,0.0,0.0,0.0,512.3,27.78
1790514000,0x978e3eb7997a9575cdE1799176829073d2876Fb9,3,1199.37,0.0,0.0,0.0,0.0,0.18
1790514000,0xBC8015FA779be6ac91e5616f37e1768b8DbC16df,2,1002.98,0.0,0.0,0.0,46.68,0.15
1790514000,0xCDa43aF0E62ea12faE2BFF016557B6aB37Ec98B0,22,65006.12,0.0,0.0,0.0,-7875.75,19.5
1790514000,0xD15fB9d9FC203ED4530a0733546b4FB106C73f03,1,0.0,921.61,0.0,15.2,0.0,0.78
1790514000,0xD9884e6f8a8Bc801E24bB19E371d71D626C22680,1,0.0,16451.94,0.0,554.0,0.0,2.47
1790514000,0xE1DC5576b36c78C75e6Abf2E1B121Db20A6069b7,1,5004.14,0.0,0.0,0.0,-134.57,0.0
1790514000,0xEA2Eec3dc92E860ca7c00DDa51f1AfbCD1fC2E73,4,18170.43,0.0,0.0,0.0,-129.43,2.73
1790514000,0xEd36621aa98134b01d10005a912aA3Ff0E38ED3f,2,39.7,0.0,0.0,0.0,0.43,0.0
1790514000,0xF7957c8b20DbD3FcA93686B07679aee8e6755c43,6,122348.8,0.0,0.0,0.0,-213.56,0.0
1790514000,0xfE6e3099dc514A63bd2Fe79BD3d9e8a653bBAF06,5,23025.0,0.0,0.0,0.0,323.4,0.0
1790514900,0x15efc06FEa57Bda3ceA94A53D5426E78ed4651F3,2,1019.75,0.0,0.0,0.0,10.31,0.2
1790514900,0x1f78Fb1234d2f9685fb35AcB1cf484eca83F8F63,2,1099.45,0.0,0.0,0.0,0.63,0.08
1790514900,0x21aa6DC573DA62abFD7E43C84bEF2DA4FE514053,2,726.7,0.0,0.0,0.0,-1.39,0.0
1790514900,0x2Fd96bd26E7a3c694DBD5ae5E2C29249a83b8a98,8,22982.17,0.0,0.0,0.0,-8.37,0.0
1790514900,0x3aAa2bB57a0eFeA8F6f89423A923f7107c33471B,5,6018.94,1694.58,0.0,8.62,2.64,0.0
1790514900,0x3bf64B8c8ce86abDBcF44Fa5a559E27eb9F63Efb,2,0.0,227089.79,2062.23,621.59,-66.77,0.0
1790514900,0x414F9fFDe32b0975F50880d1Df0b029a9451a031,1,0.0,1694.58,8.62,0.0,0.0,1.01
1790514900,0x68354c9e47098ACd6d12DB54837086764459fe21,1,0.0,14755.56,0.0,1696.15,0.0,1.48
1790514900,0x8E87D8308D439c88dDF48762AA5D3C99b8366a3a,16,63837.36,0.0,0.0,0.0,-36.04,5.59
1790514900,0xBC8015FA779be6ac91e5616f37e1768b8DbC16df,3,0.0,37878.19,76.0,0.0,0.0,0.0
1790514900,0xCDa43aF0E62ea12faE2BFF016557B6aB37Ec98B0,15,40007.36,0.0,0.0,0.0,-1571.32,12.0
1790514900,0xD1277d5fc6f804b796CDCf5926E35117e454bF38,5,0.0,216475.37,0.0,404.8,0.0,44.71
1790514900,0xE1DC5576b36c78C75e6Abf2E1B121Db20A6069b7,5,22008.69,193352.74,2024.95,0.0,-617.04,1.11
1790514900,0xEd36621aa98134b01d10005a912aA3Ff0E38ED3f,1,19.94,0.0,0.0,0.0,0.16,0.0
1790514900,0xeefc6Df4c5d5669dD406f1a41513F90330A5bbA9,2,0.0,227089.79,621.59,2062.23,-133.14,34.56
1790515800,0x021d21f43d6d8921eF876Ec72f59E45820883B8F,1,0.0,1699.67,0.0,0.52,-2.48,0.0
1790515800,0x15efc06FEa57Bda3ceA94A53D5426E78ed4651F3,7,27992.24,0.0,0.0,0.0,0.0,1.6
1790515800,0x1BF9Cf61a72bA1d6cFa8a6BF993972a5A6aA048b,2,0.0,1228.42,26.21,6.36,0.0,0.68
1790515800,0x1ae699Ac5B2f7b3cDe6424279c41Af76fe555Cc4,3,0.0,690412.31,2077.13,0.0,0.0,197.84
1790515800,0x1f78Fb1234d2f9685fb35AcB1cf484eca83F8F63,2,1099.6,0.0,0.0,0.0,0.11,0.08
1790515800,0x21aa6DC573DA62abFD7E43C84bEF2DA4FE514053,3,635.11,0.0,0.0,0.0,-0.53,0.0
1790515800,0x2Fd96bd26E7a3c694DBD5ae5E2C29249a83b8a98,24,75927.45,0.0,0.0,0.0,-46.37,0.0
1790515800,0x37Dbb43A23f958481d66c60E79a3750D2988a495,2,0.0,42549.07,16.25,11.75,-9.0,4.5
1790515800,0x3aAa2bB57a0eFeA8F6f89423A923f7107c33471B,34,456701.46,775323.13,299.41,2077.13,336.4,44.57
1790515800,0x3bf64B8c8ce86abDBcF44Fa5a559E27eb9F63Efb,5,0.0,661949.48,589.02,7921.47,0.0,0.0
1790515800,0x3d49C68670466128a3EDE5CfCF1EE6d5F9ef006B,2,0.0,568105.64,5240.86,582.67,0.0,85.72
1790515800,0x4887FEA4d44D2fEd5085919fB7eceF1604bC8868,1,0.0,1699.67,0.52,0.0,0.0,0.56
1790515800,0x57D20F8aF5875aD611dC836f78e4992DDA5E6073,1,0.0,21274.26,0.0,16.25,0.0,0.0
1790515800,0x5A6B16ec699652990fF6df89D29b10D027F0636F,3,10376.86,0.0,0.0,0.0,0.0,3.12
1790515800,0x6404fd9f498973b68d6D2045eb3cbebe4fFc5a0a,2,25089.75,0.0,0.0,0.0,0.0,2.51
1790515800,0x8E87D8308D439c88dDF48762AA5D3C99b8366a3a,60,407219.61,0.0,0.0,0.0,-330.02,30.5
1790515800,0x8da08d7346c9cc74461d46fb1B2Ec44507E444Cb,1,0.0,92615.42,2654.4,0.0,0.0,28.28
1790515800,0x925ab3fce8b11044FC06C1dA14d27c28dA3179e2,1,893.34,0.0,0.0,0.0,-2.4,0.09
1790515800,0x978e3eb7997a9575cdE1799176829073d2876Fb9,1,3175.96,0.0,0.0,0.0,2.3,0.0
1790515800,0xAAB98f1787EA33270626d44cEC3f184714643B91,1,0.0,1442.6,34.36,0.0,0.0,0.93
1790515800,0xCDa43aF0E62ea12faE2BFF016557B6aB37Ec98B0,19,55015.39,0.0,0.0,0.0,-6305.55,16.5
1790515800,0xE1DC5576b36c78C75e6Abf2E1B121Db20A6069b7,5,45006.64,22717.41,11.75,34.36,-1254.74,0.0
1790515800,0xF7957c8b20DbD3FcA93686B07679aee8e6755c43,1,40036.0,0.0,0.0,0.0,0.0,0.0
1790515800,0xFfd4C80745B38813ef9bb84bc2ff1f469fB24496,1,0.0,84910.82,0.0,299.41,110.4,25.97
1790516700,0x021d21f43d6d8921eF876Ec72f59E45820883B8F,2,0.0,738.81,1.5,13.8,0.0,0.0
1790516700,0x0DC04d5De15560768A9A48E5cd698Be5790cB530,1,0.0,849.18,132.0,0.0,0.0,0.75
1790516700,0x15efc06FEa57Bda3ceA94A53D5426E78ed4651F3,8,4319.15,0.0,0.0,0.0,-3.61,0.86
1790516700,0x16FCc4aB28c90b2f7EC836e691B68f5Fc597759C,2,0.0,169883.24,3551.0,1471.8,0.0,25.98
1790516700,0x1f78Fb1234d2f9685fb35AcB1cf484eca83F8F63,1,549.56,0.0,0.0,0.0,0.0,0.0
1790516700,0x21aa6DC573DA62abFD7E43C84bEF2DA4FE514053,10,3002.06,0.0,0.0,0.0,-5.76,0.0
1790516700,0x2Fd96bd26E7a3c694DBD5ae5E2C29249a83b8a98,8,22956.96,0.0,0.0,0.0,-1.94,0.0
1790516700,0x3aAa2bB57a0eFeA8F6f89423A923f7107c33471B,14,187370.12,849.18,0.0,132.0,994.58,0.0
1790516700,0x3bf64B8c8ce86abDBcF44Fa5a559E27eb9F63Efb,7,0.0,206439.3,2011.8,3802.82,-512.08,0.0
1790516700,0x414F9fFDe32b0975F50880d1Df0b029a9451a031,2,0.0,3394.5,23.02,0.0,0.0,0.34
1790516700,0x57D20F8aF5875aD611dC836f78e4992DDA5E6073,1,0.0,21235.5,0.0,91.75,0.0,0.0
1790516700,0x68354c9e47098ACd6d12DB54837086764459fe21,1,0.0,14779.3,0.0,1708.68,0.0,1.48
1790516700,0x6C57A3aB950CDe074E2A862ed73B5414515Eb1a5,3,0.0,30739.53,0.0,540.0,0.0,10.72
1790516700,0x83A56935cC55fEF987E46037E1f433F41E9A0644,1,0.0,5252.11,232.56,0.0,0.0,2.08
1790516700,0x8E87D8308D439c88dDF48762AA5D3C99b8366a3a,28,156787.37,0.0,0.0,0.0,-297.92,21.35
1790516700,0x978e3eb7997a9575cdE1799176829073d2876Fb9,4,75050.51,0.0,0.0,0.0,-937.9,11.25
1790516700,0x9AE1AdA688AFC0F2e021D52312811281F945396a,1,0.0,564.41,19.25,0.0,0.0,0.67
1790516700,0xBC8015FA779be6ac91e5616f37e1768b8DbC16df,3,0.0,21628.07,44.8,22.8,0.0,0.0
1790516700,0xCDa43aF0E62ea12faE2BFF016557B6aB37Ec98B0,17,40013.29,0.0,0.0,0.0,-1572.87,12.0
1790516700,0xE1DC5576b36c78C75e6Abf2E1B121Db20A6069b7,8,34012.07,37713.14,1800.43,4.4,-997.36,2.83
1790516700,0xEA2Eec3dc92E860ca7c00DDa51f1AfbCD1fC2E73,1,576.78,0.0,0.0,0.0,-3.03,0.09
1790516700,0xEAc2374016613765cF31afDB4AEB6f5d13a63726,3,0.0,15015.63,0.0,121.84,0.0,0.13
1790516700,0xEd36621aa98134b01d10005a912aA3Ff0E38ED3f,5,99.86,0.0,0.0,0.0,0.88,0.0
1790516700,0xbEBA81A621d4c078e10083798151592290000363,1,0.0,7906.66,95.42,0.0,0.0,2.87
1790516700,0xef698DFC8Be573EE20cA86842C15deC0A9C9c44D,4,0.0,27040.88,30.6,44.8,-28.68,8.44
1790517600,0x15efc06FEa57Bda3ceA94A53D5426E78ed4651F3,10,31542.87,0.0,0.0,0.0,0.0,6.31
1790517600,0x1BF9Cf61a72bA1d6cFa8a6BF993972a5A6aA048b,2,0.0,738.81,13.8,1.5,0.0,0.61
1790517600,0x1f78Fb1234d2f9685fb35AcB1cf484eca83F8F63,4,2198.21,0.0,0.0,0.0,-1.17,0.0
1790517600,0x21aa6DC573DA62abFD7E43C84bEF2DA4FE514053,7,1477.66,0.0,0.0,0.0,-1.68,0.0
1790517600,0x2Fd96bd26E7a3c694DBD5ae5E2C29249a83b8a98,13,38598.13,0.0,0.0,0.0,-3.59,0.0
1790517600,0x366d7209DcE401aBdCE11A5ECE0AcD071eA52879,3,0.0,49639.6,4275.36,2299.6,0.0,7.95
1790517600,0x3aAa2bB57a0eFeA8F6f89423A923f7107c33471B,36,641963.66,0.0,0.0,0.0,900.48,59.23
1790517600,0x3bf64B8c8ce86abDBcF44Fa5a559E27eb9F63Efb,5,0.0,60111.47,2299.6,4473.48,-171.46,0.0
1790517600,0x8E87D8308D439c88dDF48762AA5D3C99b8366a3a,62,438310.77,0.0,0.0,0.0,-34.67,24.25
1790517600,0x978e3eb7997a9575cdE1799176829073d2876Fb9,1,8885.77,0.0,0.0,0.0,0.0,0.0
1790517600,0xBC8015FA779be6ac91e5616f37e1768b8DbC16df,1,997.13,0.0,0.0,0.0,48.74,0.15
1790517600,0xCDa43aF0E62ea12faE2BFF016557B6aB37Ec98B0,11,30010.58,0.0,0.0,0.0,0.0,9.0
1790517600,0xE1DC5576b36c78C75e6Abf2E1B121Db20A6069b7,3,44997.75,0.0,0.0,0.0,-1336.63,0.0
1790517600,0xEA2Eec3dc92E860ca7c00DDa51f1AfbCD1fC2E73,2,336.04,0.0,0.0,0.0,-1.65,0.05
1790517600,0xEAc2374016613765cF31afDB4AEB6f5d13a63726,1,0.0,7899.49,73.47,0.0,19.69,0.59
1790517600,0xbEBA81A621d4c078e10083798151592290000363,3,0.0,18371.37,198.12,73.47,-25.61,4.93
1790518500,0x0ED2F5A37c29a605f47b12dBA90c46dee9c17580,2,287.53,919.48,5.0,0.0,0.0,0.19
1790518500,0x15efc06FEa57Bda3ceA94A53D5426E78ed4651F3,6,26704.22,0.0,0.0,0.0,109.84,5.34
1790518500,0x1f78Fb1234d2f9685fb35AcB1cf484eca83F8F63,1,549.39,0.0,0.0,0.0,-2.85,0.0
1790518500,0x21aa6DC573DA62abFD7E43C84bEF2DA4FE514053,4,1906.81,0.0,0.0,0.0,-11.88,0.07
1790518500,0x2Fd96bd26E7a3c694DBD5ae5E2C29249a83b8a98,10,19006.59,0.0,0.0,0.0,9.44,0.0
1790518500,0x3aAa2bB57a0eFeA8F6f89423A923f7107c33471B,17,237814.25,2266.01,0.0,65.77,204.57,0.0
1790518500,0x3bf64B8c8ce86abDBcF44Fa5a559E27eb9F63Efb,2,0.0,1699.58,0.0,44.49,-7.61,0.0
1790518500,0x42974A167De3F098cEf1Ffbf5f250D33a9200520,2,0.0,1838.61,3.8,5.0,0.0,0.28
1790518500,0x4c5Ae55d5D19DcEF0DeFe1218aF80E56C09dCb2c,1,0.0,2266.01,65.77,0.0,0.0,1.18
1790518500,0x5A6B16ec699652990fF6df89D29b10D027F0636F,2,6973.76,0.0,0.0,0.0,-127.35,2.1
1790518500,0x80e93386C24B88609919Fbfd6D47124184afBE57,1,91.83,0.0,0.0,0.0,0.0,0.01
1790518500,0x8E87D8308D439c88dDF48762AA5D3C99b8366a3a,43,305067.4,0.0,0.0,0.0,569.94,37.92
1790518500,0x978e3eb7997a9575cdE1799176829073d2876Fb9,2,3352.35,0.0,0.0,0.0,38.26,0.5
1790518500,0xA48232D674F993126945B9158d8eD64320883567,1,0.0,919.13,0.0,3.8,0.0,0.0
1790518500,0xBC8015FA779be6ac91e5616f37e1768b8DbC16df,3,1002.04,2701.78,18.4,0.0,46.22,0.15
1790518500,0xCDa43aF0E62ea12faE2BFF016557B6aB37Ec98B0,12,30009.47,0.0,0.0,0.0,0.0,9.0
1790518500,0xEA2Eec3dc92E860ca7c00DDa51f1AfbCD1fC2E73,2,8354.72,0.0,0.0,0.0,-88.3,1.25
1790518500,0xF6C642f7BA36EEd79618aAc19128C144bAA87A2e,1,469.0,0.0,0.0,0.0,0.0,0.05
1790518500,0xbfAF6901528321E952583BeA22AfE785dF17d4c5,2,24.61,0.0,0.0,0.0,-0.03,0.03
1790518500,0xcFc8d0F5fF84c9D12eD24700CAE549D7bce94D6d,2,0.0,1699.58,44.49,0.0,0.0,0.75
1790518500,0xef698DFC8Be573EE20cA86842C15deC0A9C9c44D,1,0.0,2701.78,0.0,18.4,-7.02,1.31
1790518500,0xfE6e3099dc514A63bd2Fe79BD3d9e8a653bBAF06,3,18360.0,0.0,0.0,0.0,318.72,0.0
1790519400,0x0ED2F5A37c29a605f47b12dBA90c46dee9c17580,1,220.76,0.0,0.0,0.0,2.31,0.02
1790519400,0x1f78Fb1234d2f9685fb35AcB1cf484eca83F8F63,1,549.78,0.0,0.0,0.0,-3.38,0.0
1790519400,0x21aa6DC573DA62abFD7E43C84bEF2DA4FE514053,2,541.76,0.0,0.0,0.0,-2.17,0.0
1790519400,0x2Fd96bd26E7a3c694DBD5ae5E2C29249a83b8a98,5,13994.75,0.0,0.0,0.0,18.09,0.0
1790519400,0x3aAa2bB57a0eFeA8F6f89423A923f7107c33471B,4,79969.17,0.0,0.0,0.0,5.77,0.0
1790519400,0x3d49dc57389da315394AeB6984C39Ea0dc4fa9C8,1,0.0,915.02,6.6,0.0,0.0,0.09
1790519400,0x87b8df4f8a95b719fda56ca067BE9F4C5687A694,1,0.0,915.02,0.0,6.6,-14.49,0.77
1790519400,0x8A10321cbf199cf9DB276C56eC0271D4E57c12BA,2,0.0,10768.44,95.2,0.0,0.0,2.12
1790519400,0x8E87D8308D439c88dDF48762AA5D3C99b8366a3a,19,165661.46,0.0,0.0,0.0,-56.66,12.02
1790519400,0x94ECb4C47D8E2CB07874A33a0141016254b46873,1,325.43,0.0,0.0,0.0,-1.55,0.11
1790519400,0x978e3eb7997a9575cdE1799176829073d2876Fb9,8,60795.32,0.0,0.0,0.0,74.73,9.12
1790519400,0xCDa43aF0E62ea12faE2BFF016557B6aB37Ec98B0,6,15005.46,0.0,0.0,0.0,0.0,4.5
1790519400,0xEA2Eec3dc92E860ca7c00DDa51f1AfbCD1fC2E73,3,1578.95,0.0,0.0,0.0,-19.48,0.24
1790519400,0xEAc2374016613765cF31afDB4AEB6f5d13a63726,3,0.0,11615.65,0.0,101.6,0.0,0.06
1790519400,0xEd36621aa98134b01d10005a912aA3Ff0E38ED3f,1,19.87,0.0,0.0,0.0,0.0,0.0
1790519400,0xe078900214DF4C973D37f20948815F2Dc42f4Ffd,1,0.0,847.21,6.4,0.0,0.0,0.08
1790519400,0xfE6e3099dc514A63bd2Fe79BD3d9e8a653bBAF06,5,22946.36,0.0,0.0,0.0,398.6,3.44
1790520300,0x15efc06FEa57Bda3ceA94A53D5426E78ed4651F3,1,1000.88,0.0,0.0,0.0,0.0,0.2
1790520300,0x1ae699Ac5B2f7b3cDe6424279c41Af76fe555Cc4,2,0.0,605276.44,1827.22,0.0,0.0,169.07
1790520300,0x1f78Fb1234d2f9685fb35AcB1cf484eca83F8F63,7,4378.54,0.0,0.0,0.0,0.38,0.2
1790520300,0x21aa6DC573DA62abFD7E43C84bEF2DA4FE514053,5,1824.02,0.0,0.0,0.0,-8.84,0.0
1790520300,0x2Fd96bd26E7a3c694DBD5ae5E2C29249a83b8a98,9,21384.24,0.0,0.0,0.0,13.98,0.2
1790520300,0x3aAa2bB57a0eFeA8F6f89423A923f7107c33471B,18,271469.82,637501.74,2879.93,1827.22,-792.54,0.0
1790520300,0x3bf64B8c8ce86abDBcF44Fa5a559E27eb9F63Efb,3,0.0,81546.63,5740.25,96.48,-130.34,0.0
1790520300,0x5A6B16ec699652990fF6df89D29b10D027F0636F,2,3531.6,0.0,0.0,0.0,-54.32,1.07
1790520300,0x7B61332543d7EDc2AE27D06B7E7526636bB86F81,1,0.0,26863.1,380.0,0.0,0.0,2.69
1790520300,0x8E87D8308D439c88dDF48762AA5D3C99b8366a3a,51,304453.51,0.0,0.0,0.0,1048.5,35.25
1790520300,0x978e3eb7997a9575cdE1799176829073d2876Fb9,3,71435.12,0.0,0.0,0.0,368.15,10.72
1790520300,0xB90134C652814890691671c849381A0B3cdD0247,23,68555.39,0.0,0.0,0.0,0.0,20.73
1790520300,0xE1DC5576b36c78C75e6Abf2E1B121Db20A6069b7,1,0.0,26863.1,0.0,380.0,0.0,2.01
1790520300,0xEA2Eec3dc92E860ca7c00DDa51f1AfbCD1fC2E73,9,7050.62,0.0,0.0,0.0,-45.85,1.0
1790520300,0xEAc2374016613765cF31afDB4AEB6f5d13a63726,1,0.0,844.9,0.0,5.5,0.0,0.06
1790520300,0xEe3361A43B2290E9b72990771853d3817e296248,3,0.0,112964.64,0.0,8620.18,-861.63,35.39
1790520300,0xc4A78643546aFfDa36688cdD56ceA0EB3b5d9BA3,1,0.0,807.28,96.48,0.0,0.0,0.74
1790520300,0xe078900214DF4C973D37f20948815F2Dc42f4Ffd,1,0.0,844.9,5.5,0.0,0.0,0.08
1790520300,0xfE6e3099dc514A63bd2Fe79BD3d9e8a653bBAF06,3,22850.0,0.0,0.0,0.0,498.4,0.0
1790521200,0x15efc06FEa57Bda3ceA94A53D5426E78ed4651F3,2,28812.61,0.0,0.0,0.0,-183.17,5.76
1790521200,0x21aa6DC573DA62abFD7E43C84bEF2DA4FE514053,5,1234.76,0.0,0.0,0.0,-10.02,0.0
1790521200,0x2Fd96bd26E7a3c694DBD5ae5E2C29249a83b8a98,11,36964.41,0.0,0.0,0.0,36.67,0.0
1790521200,0x377616B594d39875313F49250DB83805d6b3CAD0,1,0.0,9529.95,996.0,0.0,0.0,0.95
1790521200,0x3aAa2bB57a0eFeA8F6f89423A923f7107c33471B,6,45551.62,2015.21,25.12,0.0,-498.77,0.0
1790521200,0x42974A167De3F098cEf1Ffbf5f250D33a9200520,1,0.0,9529.95,0.0,996.0,0.0,1.43
1790521200,0x46e9C76684f9617d395a652cD95651e636995bC9,1,0.0,4221.64,830.5,0.0,0.0,0.42
1790521200,0x80e93386C24B88609919Fbfd6D47124184afBE57,1,69.64,0.0,0.0,0.0,0.0,0.01
1790521200,0x8E87D8308D439c88dDF48762AA5D3C99b8366a3a,26,158139.95,0.0,0.0,0.0,186.28,16.67
1790521200,0x978e3eb7997a9575cdE1799176829073d2876Fb9,2,28942.31,0.0,0.0,0.0,614.97,4.34
1790521200,0x996a2d0B8C7e4dCD4c6E65E215e44fDebaAcA12B,2,0.0,537.44,7.38,2.52,0.0,0.58
1790521200,0xB90134C652814890691671c849381A0B3cdD0247,2,4032.29,0.0,0.0,0.0,0.0,1.22
1790521200,0xBC8015FA779be6ac91e5616f37e1768b8DbC16df,3,0.0,18889.37,73.6,0.0,-1.6,0.0
1790521200,0xCDa43aF0E62ea12faE2BFF016557B6aB37Ec98B0,6,14999.87,0.0,0.0,0.0,0.0,4.5
1790521200,0xE1DC5576b36c78C75e6Abf2E1B121Db20A6069b7,6,69996.98,7600.86,6.88,830.5,-1499.96,0.32
1790521200,0xEA2Eec3dc92E860ca7c00DDa51f1AfbCD1fC2E73,2,6545.44,0.0,0.0,0.0,-101.57,0.08
1790521200,0xEAc2374016613765cF31afDB4AEB6f5d13a63726,2,0.0,537.44,2.52,7.38,0.0,0.0
1790521200,0xEE8173A6C17356Aa0f36A9Ac94E66a1e9Db154d2,2,0.0,7387.64,0.0,69.92,0.0,3.22
1790521200,0xbb05319CD62Ff29BdEC1567718d12B1da3b66aEe,3,0.0,16896.15,0.0,35.68,0.0,5.46
1790521200,0xfE6e3099dc514A63bd2Fe79BD3d9e8a653bBAF06,4,18268.05,0.0,0.0,0.0,407.94,2.74
1790522100,0x15efc06FEa57Bda3ceA94A53D5426E78ed4651F3,8,48087.31,0.0,0.0,0.0,198.76,9.62
1790522100,0x1f78Fb1234d2f9685fb35AcB1cf484eca83F8F63,1,549.19,0.0,0.0,0.0,0.0,0.0
1790522100,0x21aa6DC573DA62abFD7E43C84bEF2DA4FE514053,12,1995.17,0.0,0.0,0.0,-14.98,0.0
1790522100,0x2Fd96bd26E7a3c694DBD5ae5E2C29249a83b8a98,36,102973.95,0.0,0.0,0.0,74.36,0.0
1790522100,0x3aAa2bB57a0eFeA8F6f89423A923f7107c33471B,10,9866.14,142742.68,0.0,1212.45,-175.98,0.0
1790522100,0x80e93386C24B88609919Fbfd6D47124184afBE57,1,91.11,0.0,0.0,0.0,0.0,0.01
1790522100,0x8E87D8308D439c88dDF48762AA5D3C99b8366a3a,65,193899.05,0.0,0.0,0.0,539.36,11.39
1790522100,0x978e3eb7997a9575cdE1799176829073d2876Fb9,2,8079.27,0.0,0.0,0.0,2.6,0.0
1790522100,0xB90134C652814890691671c849381A0B3cdD0247,42,100967.08,0.0,0.0,0.0,0.0,30.53
1790522100,0xBc4713b3B41726541D373e57518012302FfBFAa7,1,0.0,75544.19,40.19,0.0,0.0,5.52
1790522100,0xCDa43aF0E62ea12faE2BFF016557B6aB37Ec98B0,14,35010.22,0.0,0.0,0.0,0.0,10.5
1790522100,0xE1DC5576b36c78C75e6Abf2E1B121Db20A6069b7,1,19997.48,0.0,0.0,0.0,-469.66,0.0
1790522100,0xEA2Eec3dc92E860ca7c00DDa51f1AfbCD1fC2E73,8,1508.88,0.0,0.0,0.0,-22.75,0.23
1790522100,0xEAc2374016613765cF31afDB4AEB6f5d13a63726,1,0.0,1690.89,0.0,0.58,0.0,0.07
1790522100,0xFbbEC5E644b6B60887Bd25cBf639263959420E2d,5,0.0,67198.49,1172.26,0.0,0.0,20.66
1790522100,0xd69baE71A51EaAED752f6593BdE3B57CFE54BdD9,1,0.0,1690.89,0.58,0.0,0.0,0.07
1790523000,0x0296e36652E2C079aFB28c0a7C2c9578c1aA3D87,1,0.0,14864.55,1423.9,0.0,0.0,1.49
1790523000,0x15efc06FEa57Bda3ceA94A53D5426E78ed4651F3,8,28349.52,0.0,0.0,0.0,145.17,5.52
1790523000,0x1f78Fb1234d2f9685fb35AcB1cf484eca83F8F63,2,1098.66,0.0,0.0,0.0,-3.25,0.0
1790523000,0x21aa6DC573DA62abFD7E43C84bEF2DA4FE514053,4,793.26,0.0,0.0,0.0,-1.32,0.0
1790523000,0x2Fd96bd26E7a3c694DBD5ae5E2C29249a83b8a98,13,32226.63,0.0,0.0,0.0,28.18,0.15
1790523000,0x3aAa2bB57a0eFeA8F6f89423A923f7107c33471B,3,23901.81,0.0,0.0,0.0,-28.12,0.0
1790523000,0x3bf64B8c8ce86abDBcF44Fa5a559E27eb9F63Efb,2,0.0,11056.4,159.7,923.51,0.0,0.0
1790523000,0x42974A167De3F098cEf1Ffbf5f250D33a9200520,2,0.0,11056.4,923.51,159.7,139.38,3.01
1790523000,0x80e93386C24B88609919Fbfd6D47124184afBE57,1,69.21,0.0,0.0,0.0,0.42,0.01
1790523000,0x87b8df4f8a95b719fda56ca067BE9F4C5687A694,9,9213.95,15775.57,4.8,1423.9,12.3,8.57
1790523000,0x8E87D8308D439c88dDF48762AA5D3C99b8366a3a,20,93563.78,0.0,0.0,0.0,44.22,9.25
1790523000,0x978e3eb7997a9575cdE1799176829073d2876Fb9,2,801.96,0.0,0.0,0.0,0.0,0.12
1790523000,0xA48232D674F993126945B9158d8eD64320883567,1,0.0,911.02,0.0,4.8,-16.11,0.0
1790523000,0xCDa43aF0E62ea12faE2BFF016557B6aB37Ec98B0,10,35013.44,0.0,0.0,0.0,0.0,10.5
1790523000,0xE1DC5576b36c78C75e6Abf2E1B121Db20A6069b7,6,42010.63,0.0,0.0,0.0,-567.52,0.0
1790523000,0xEA2Eec3dc92E860ca7c00DDa51f1AfbCD1fC2E73,9,15283.46,0.0,0.0,0.0,-145.91,0.19
1790523000,0xEd36621aa98134b01d10005a912aA3Ff0E38ED3f,1,19.99,0.0,0.0,0.0,0.0,0.0
1790523000,0xfE6e3099dc514A63bd2Fe79BD3d9e8a653bBAF06,4,9109.59,0.0,0.0,0.0,228.4,1.37
1790523900,0x15efc06FEa57Bda3ceA94A53D5426E78ed4651F3,11,37022.99,0.0,0.0,0.0,0.0,7.41
1790523900,0x1f78Fb1234d2f9685fb35AcB1cf484eca83F8F63,1,549.68,0.0,0.0,0.0,0.0,0.0
1790523900,0x21aa6DC573DA62abFD7E43C84bEF2DA4FE514053,5,519.56,0.0,0.0,0.0,-3.09,0.0
1790523900,0x2Fd96bd26E7a3c694DBD5ae5E2C29249a83b8a98,8,17018.59,0.0,0.0,0.0,32.92,0.22
1790523900,0x3aAa2bB57a0eFeA8F6f89423A923f7107c33471B,7,46266.99,5755.08,542.96,0.0,-91.15,0.0
1790523900,0x3bf64B8c8ce86abDBcF44Fa5a559E27eb9F63Efb,9,0.0,59187.55,147.62,2157.59,103.62,0.0
1790523900,0x57D20F8aF5875aD611dC836f78e4992DDA5E6073,1,0.0,21120.46,0.0,25.25,0.0,0.0
1790523900,0x7F91A9DAdCeB94906FEec3A0DFFa96b076BB64f4,7,0.0,50661.33,1965.1,0.0,0.0,18.7
1790523900,0x87b8df4f8a95b719fda56ca067BE9F4C5687A694,2,0.0,5755.08,0.0,542.96,0.0,2.73
1790523900,0x8E87D8308D439c88dDF48762AA5D3C99b8366a3a,18,90027.88,0.0,0.0,0.0,370.02,8.43
1790523900,0xBFc18bd7c77B20e9611F1526043153Baf6c19ceE,2,0.0,42227.48,25.25,19.25,-12.56,6.56
1790523900,0xC3eb1f466b49ecBfe9DE943c2831EC5F790a4D1d,2,0.0,8526.22,192.49,147.62,0.0,1.78
1790523900,0xCDa43aF0E62ea12faE2BFF016557B6aB37Ec98B0,6,25001.68,0.0,0.0,0.0,0.0,7.5
1790523900,0xE1DC5576b36c78C75e6Abf2E1B121Db20A6069b7,4,15000.95,21107.02,19.25,0.0,0.0,0.0
1790523900,0xF7957c8b20DbD3FcA93686B07679aee8e6755c43,1,7983.19,0.0,0.0,0.0,0.0,0.0
1790524800,0x21aa6DC573DA62abFD7E43C84bEF2DA4FE514053,3,357.54,0.0,0.0,0.0,-4.14,0.0
1790524800,0x2Fd96bd26E7a3c694DBD5ae5E2C29249a83b8a98,8,19492.47,0.0,0.0,0.0,24.47,0.24
1790524800,0x3aAa2bB57a0eFeA8F6f89423A923f7107c33471B,3,22115.82,0.0,0.0,0.0,-21.14,0.0
1790524800,0x3bf64B8c8ce86abDBcF44Fa5a559E27eb9F63Efb,6,0.0,122811.25,0.0,2979.6,253.39,0.0
1790524800,0x7F91A9DAdCeB94906FEec3A0DFFa96b076BB64f4,6,0.0,122811.25,2979.6,0.0,0.0,39.84
1790524800,0x8E87D8308D439c88dDF48762AA5D3C99b8366a3a,12,53350.81,0.0,0.0,0.0,48.57,6.95
1790524800,0x978e3eb7997a9575cdE1799176829073d2876Fb9,1,1000.14,0.0,0.0,0.0,0.0,0.15
1790524800,0xCDa43aF0E62ea12faE2BFF016557B6aB37Ec98B0,16,55019.85,0.0,0.0,0.0,0.0,16.5
1790524800,0xE1DC5576b36c78C75e6Abf2E1B121Db20A6069b7,9,56627.52,0.0,0.0,0.0,0.0,0.0
1790525700,0x15efc06FEa57Bda3ceA94A53D5426E78ed4651F3,6,96179.12,0.0,0.0,0.0,136.72,11.23
1790525700,0x21aa6DC573DA62abFD7E43C84bEF2DA4FE514053,2,226.6,0.0,0.0,0.0,0.0,0.0
1790525700,0x2Fd96bd26E7a3c694DBD5ae5E2C29249a83b8a98,7,24855.93,0.0,0.0,0.0,-46.19,0.0
1790525700,0x3E1E47A6862aC1f0c20CEb96277B4Dc980199C61,4,0.0,18284.09,473.9,185.69,0.0,3.24
1790525700,0x3aAa2bB57a0eFeA8F6f89423A923f7107c33471B,7,33131.56,5384.32,43.5,83.51,-8.15,0.0
1790525700,0x3bf64B8c8ce86abDBcF44Fa5a559E27eb9F63Efb,11,0.0,62096.69,542.97,1338.58,111.48,0.0
1790525700,0x558077d8D5c007C37a86FA4e2634807E55b6E37f,3,5261.0,6101.1,235.45,0.0,0.0,3.93
1790525700,0x88a8c3E302dDdDfBbF0Da70BA2971086255701d6,1,0.0,269242.23,90.0,0.0,0.0,11.75
1790525700,0x8B6458eC2E52f0281A413A2D7414ad7C6fc7eE8C,2,0.0,4686.72,48.4,41.6,-9.41,2.41
1790525700,0x8E87D8308D439c88dDF48762AA5D3C99b8366a3a,16,136011.64,0.0,0.0,0.0,77.84,12.3
1790525700,0x978e3eb7997a9575cdE1799176829073d2876Fb9,2,1381.72,0.0,0.0,0.0,-43.04,0.15
1790525700,0xA2A1cE1f3eCc07169dDDdFd38e0A8178A267322e,10,0.0,70020.75,935.24,799.79,-31.12,13.0
1790525700,0xA48232D674F993126945B9158d8eD64320883567,1,0.0,1993.27,0.0,48.4,0.0,0.0
1790525700,0xBC8015FA779be6ac91e5616f37e1768b8DbC16df,1,0.0,2693.45,41.6,0.0,6.73,0.0
1790525700,0xC3eb1f466b49ecBfe9DE943c2831EC5F790a4D1d,1,4272.12,0.0,0.0,0.0,0.0,1.29
1790525700,0xCDa43aF0E62ea12faE2BFF016557B6aB37Ec98B0,4,10000.07,0.0,0.0,0.0,0.0,3.0
1790525700,0xE1DC5576b36c78C75e6Abf2E1B121Db20A6069b7,2,6277.4,0.0,0.0,0.0,0.0,0.0
1790525700,0xEA2Eec3dc92E860ca7c00DDa51f1AfbCD1fC2E73,1,91.42,0.0,0.0,0.0,-1.35,0.01
1790525700,0xEAc2374016613765cF31afDB4AEB6f5d13a63726,3,0.0,296167.16,399.0,312.5,-33.86,0.0
1790526600,0x15efc06FEa57Bda3ceA94A53D5426E78ed4651F3,3,48713.34,0.0,0.0,0.0,-222.25,5.74
1790526600,0x21aa6DC573DA62abFD7E43C84bEF2DA4FE514053,2,182.44,0.0,0.0,0.0,0.0,0.0
1790526600,0x2Fd96bd26E7a3c694DBD5ae5E2C29249a83b8a98,13,38028.57,0.0,0.0,0.0,16.09,0.0
1790526600,0x3aAa2bB57a0eFeA8F6f89423A923f7107c33471B,5,31868.25,10755.6,0.0,972.0,45.86,0.0
1790526600,0x4f265AFa4cB507B33e07298A281bEE802A8dB113,3,0.0,24186.08,2564.5,0.0,0.0,8.76
1790526600,0x60cd575b22B308Ce29c96b4394d4CD649eE5B61e,2,0.0,16135.51,0.0,139.0,-275.95,1.61
1790526600,0x78fa65FCa2655365C56be1F19f8f8bB59e18A98f,1,0.0,2689.75,11.5,0.0,0.0,1.31
1790526600,0x8E87D8308D439c88dDF48762AA5D3C99b8366a3a,20,121882.16,0.0,0.0,0.0,239.97,12.21
1790526600,0xB5DD115265479eAAa30e85E854Ac85018dabB8aE,1,0.0,3378.6,120.72,0.0,0.0,1.51
1790526600,0xB90134C652814890691671c849381A0B3cdD0247,2,4034.42,0.0,0.0,0.0,0.0,1.22
1790526600,0xBC8015FA779be6ac91e5616f37e1768b8DbC16df,2,966.76,0.0,0.0,0.0,35.93,0.15
1790526600,0xCDa43aF0E62ea12faE2BFF016557B6aB37Ec98B0,4,10005.18,0.0,0.0,0.0,0.0,3.0
1790526600,0xE1DC5576b36c78C75e6Abf2E1B121Db20A6069b7,4,0.0,365565.06,878.66,1713.22,222.5,1.01
1790526600,0xEA2Eec3dc92E860ca7c00DDa51f1AfbCD1fC2E73,1,5470.42,0.0,0.0,0.0,-90.22,0.82
1790526600,0xF86fDfd001D7e7aD77E698FDd4dAC3B74518D999,1,0.0,335310.24,0.0,751.16,-231.4,94.4
1790527500,0x15efc06FEa57Bda3ceA94A53D5426E78ed4651F3,2,22629.64,0.0,0.0,0.0,0.0,4.52
1790527500,0x2Fd96bd26E7a3c694DBD5ae5E2C29249a83b8a98,7,16774.57,0.0,0.0,0.0,23.67,0.16
1790527500,0x3aAa2bB57a0eFeA8F6f89423A923f7107c33471B,6,59966.13,59082.96,88.57,729.88,-215.05,0.0
1790527500,0x3bf64B8c8ce86abDBcF44Fa5a559E27eb9F63Efb,2,0.0,6583.05,114.43,25.95,-11.7,0.0
1790527500,0x8A10321cbf199cf9DB276C56eC0271D4E57c12BA,1,0.0,53711.1,728.0,0.0,0.0,16.61
1790527500,0x8E87D8308D439c88dDF48762AA5D3C99b8366a3a,19,110766.78,0.0,0.0,0.0,409.8,9.59
1790527500,0x94c96D967Af531aE920CFb7191263c6960589f9E,1,0.0,3206.74,25.95,0.0,0.0,1.46
1790527500,0xB5DD115265479eAAa30e85E854Ac85018dabB8aE,1,0.0,3376.3,0.0,114.43,-9.32,1.51
1790527500,0xB90134C652814890691671c849381A0B3cdD0247,7,12091.0,0.0,0.0,0.0,0.0,3.66
1790527500,0xBC8015FA779be6ac91e5616f37e1768b8DbC16df,1,0.0,0.84,0.0,0.0,0.0,0.0
1790527500,0xCDa43aF0E62ea12faE2BFF016557B6aB37Ec98B0,5,20001.33,0.0,0.0,0.0,0.0,6.0
1790527500,0xE1DC5576b36c78C75e6Abf2E1B121Db20A6069b7,1,0.0,170934.67,380.81,0.0,0.0,0.0
1790527500,0xF86fDfd001D7e7aD77E698FDd4dAC3B74518D999,2,0.0,170935.51,0.0,380.81,-120.45,48.6
1790527500,0xf17a189c66Ef58E33e9AC49EA4370b686868C747,3,2686.55,5371.86,1.88,88.57,0.0,2.12
1790528400,0x21aa6DC573DA62abFD7E43C84bEF2DA4FE514053,1,360.08,0.0,0.0,0.0,-4.35,0.0
1790528400,0x2Fd96bd26E7a3c694DBD5ae5E2C29249a83b8a98,13,23070.98,0.0,0.0,0.0,25.82,0.61
1790528400,0x3aAa2bB57a0eFeA8F6f89423A923f7107c33471B,3,6838.91,0.0,0.0,0.0,-9.32,0.0
1790528400,0x3bf64B8c8ce86abDBcF44Fa5a559E27eb9F63Efb,6,0.0,16133.7,301.39,196.3,5.89,0.0
1790528400,0x8E87D8308D439c88dDF48762AA5D3C99b8366a3a,18,29540.3,0.0,0.0,0.0,57.65,2.35
1790528400,0xA2A1cE1f3eCc07169dDDdFd38e0A8178A267322e,6,0.0,16133.7,196.3,301.39,-16.17,3.92
1790528400,0xA48232D674F993126945B9158d8eD64320883567,1,0.0,564.34,0.0,5.02,0.0,0.0
1790528400,0xCDa43aF0E62ea12faE2BFF016557B6aB37Ec98B0,6,15006.43,0.0,0.0,0.0,0.0,4.5
1790528400,0xE46609ca3D9D94a3b7096587db1dBA8a37Fa20Fe,1,0.0,564.34,5.02,0.0,0.0,0.67
1790528400,0xEA2Eec3dc92E860ca7c00DDa51f1AfbCD1fC2E73,1,5367.71,0.0,0.0,0.0,-88.1,0.81
1790529300,0x15efc06FEa57Bda3ceA94A53D5426E78ed4651F3,4,8246.14,0.0,0.0,0.0,-37.55,1.65
1790529300,0x1f78Fb1234d2f9685fb35AcB1cf484eca83F8F63,1,0.0,587.91,7.25,0.0,0.0,0.0
1790529300,0x21aa6DC573DA62abFD7E43C84bEF2DA4FE514053,2,247.89,0.0,0.0,0.0,-2.77,0.0
1790529300,0x2Fd96bd26E7a3c694DBD5ae5E2C29249a83b8a98,3,10999.03,0.0,0.0,0.0,-0.24,0.0
1790529300,0x3aAa2bB57a0eFeA8F6f89423A923f7107c33471B,2,0.0,46072.32,496.05,0.0,448.18,0.0
1790529300,0x3bf64B8c8ce86abDBcF44Fa5a559E27eb9F63Efb,2,0.0,34784.09,325.0,28.7,0.0,0.0
1790529300,0x42974A167De3F098cEf1Ffbf5f250D33a9200520,1,0.0,1006.63,18.26,0.0,0.0,0.0
1790529300,0x57D20F8aF5875aD611dC836f78e4992DDA5E6073,2,0.0,42210.28,34.5,0.0,73.0,0.0
1790529300,0x5E04749F2d5188A5afEff404c376eF1079F90D86,3,0.0,9423.1,0.0,0.0,-82.17,14.14
1790529300,0x60cd575b22B308Ce29c96b4394d4CD649eE5B61e,1,0.0,24201.1,0.0,101.7,-374.8,7.76
1790529300,0x793F59010D878848327aF4052790273D01215D62,1,0.0,0.4,0.0,0.0,0.0,0.0
1790529300,0x87aFC574Da11e310fF724aF273177B619F002B4d,5,0.0,59813.4,0.0,1406.67,0.0,19.94
1790529300,0x8E87D8308D439c88dDF48762AA5D3C99b8366a3a,6,11003.62,0.0,0.0,0.0,16.13,0.3
1790529300,0xCDa43aF0E62ea12faE2BFF016557B6aB37Ec98B0,5,10002.89,0.0,0.0,0.0,0.0,3.0
1790529300,0xEAc2374016613765cF31afDB4AEB6f5d13a63726,2,0.0,42210.28,0.0,34.5,-90.67,3.17
1790529300,0xa383a06bad613706708AE90499C20225cE636e76,1,0.0,4277.19,28.7,0.0,0.0,1.78
1790529300,0xda50a7E41BEb66B2a613bc22a206fb1cF34FFaE2,2,0.0,323.93,0.0,0.0,-0.02,0.0
1790529300,0xf97F24d8C4Ece9786cb7E61eE3B8d20Ac1D1b786,2,0.0,9099.57,0.0,0.0,0.0,13.65
1790529300,0xfF4Cd9BaA9858dAd34EAC8099211F032768d0dD7,1,0.0,5840.74,661.81,0.0,0.0,0.58
1790530200,0x15efc06FEa57Bda3ceA94A53D5426E78ed4651F3,3,6143.72,0.0,0.0,0.0,-21.85,1.23
1790530200,0x21aa6DC573DA62abFD7E43C84bEF2DA4FE514053,2,224.34,0.0,0.0,0.0,-0.99,0.0
1790530200,0x2Fd96bd26E7a3c694DBD5ae5E2C29249a83b8a98,3,8948.21,0.0,0.0,0.0,5.37,0.0
1790530200,0x3aAa2bB57a0eFeA8F6f89423A923f7107c33471B,8,49808.8,42989.0,65.6,0.0,43.47,0.0
1790530200,0x3bf64B8c8ce86abDBcF44Fa5a559E27eb9F63Efb,2,0.0,8214.78,0.0,148.78,0.0,0.0
1790530200,0x5068c5c76436ad100E2Fdaf2DBB2bd0e03882836,2,0.0,26879.33,299.5,15.5,0.0,4.53
1790530200,0x6B5236A18b12BE8757ed459022c82729DC1d44Fa,1,0.0,752.24,0.98,0.0,0.0,0.08
1790530200,0x7d3c8c0047175Fd6A7A78F61D3A784F6B6f399f7,1,0.0,3937.56,127.28,0.0,0.0,1.68
1790530200,0x8E87D8308D439c88dDF48762AA5D3C99b8366a3a,7,55203.82,0.0,0.0,0.0,1.26,6.3
1790530200,0xBC8015FA779be6ac91e5616f37e1768b8DbC16df,1,0.0,2687.62,0.0,5.2,-2.88,0.0
1790530200,0xCDa43aF0E62ea12faE2BFF016557B6aB37Ec98B0,6,20008.8,0.0,0.0,0.0,0.0,6.0
1790530200,0xE1DC5576b36c78C75e6Abf2E1B121Db20A6069b7,3,0.0,198852.28,747.4,0.0,49.77,0.0
1790530200,0xEA2Eec3dc92E860ca7c00DDa51f1AfbCD1fC2E73,1,128.22,0.0,0.0,0.0,-1.66,0.02
1790530200,0xEAc2374016613765cF31afDB4AEB6f5d13a63726,2,0.0,26879.33,15.5,299.5,0.0,0.0
1790530200,0xF742cc2aAC4dcAB3bBa8B9C938079055EeD7f8De,6,0.0,242593.52,0.0,813.98,0.0,65.87
1790530200,0xa383a06bad613706708AE90499C20225cE636e76,1,0.0,4277.22,21.5,0.0,0.0,1.78
1790530200,0xc7d0BdcdA368fE24623d8c4D23A505FE53576a2a,1,0.0,2687.62,5.2,0.0,0.0,1.15
1790530200,0xe4664F032E5973B8638aA79C22DAC4413C241258,2,3903.51,0.0,0.0,0.0,0.0,1.19
1790531100,0x15efc06FEa57Bda3ceA94A53D5426E78ed4651F3,6,31306.29,0.0,0.0,0.0,-165.05,6.26
1790531100,0x1f78Fb1234d2f9685fb35AcB1cf484eca83F8F63,5,3296.54,0.0,0.0,0.0,9.72,0.49
1790531100,0x21aa6DC573DA62abFD7E43C84bEF2DA4FE514053,2,561.63,0.0,0.0,0.0,-1.04,0.0
1790531100,0x2Fd96bd26E7a3c694DBD5ae5E2C29249a83b8a98,1,3000.58,0.0,0.0,0.0,1.78,0.0
1790531100,0x3aAa2bB57a0eFeA8F6f89423A923f7107c33471B,5,2163.84,107.64,6.71,0.0,0.89,0.0
1790531100,0x3bf64B8c8ce86abDBcF44Fa5a559E27eb9F63Efb,4,0.0,228685.43,2055.31,970.14,-184.29,0.0
1790531100,0x558077d8D5c007C37a86FA4e2634807E55b6E37f,2,0.0,201775.36,970.14,1036.31,0.0,40.86
1790531100,0x63BffD2346f7f47e02Fa2fC9072941cF193c0450,1,0.0,1690.73,32.78,0.0,0.0,1.01
1790531100,0x68354c9e47098ACd6d12DB54837086764459fe21,3,0.0,95787.82,0.0,1126.97,0.0,9.58
1790531100,0x8E87D8308D439c88dDF48762AA5D3C99b8366a3a,13,47330.91,0.0,0.0,0.0,11.99,1.01
1790531100,0xBC8015FA779be6ac91e5616f37e1768b8DbC16df,1,0.0,13452.62,80.0,0.0,25.73,0.0
1790531100,0xCDa43aF0E62ea12faE2BFF016557B6aB37Ec98B0,3,4995.33,0.0,0.0,0.0,0.0,1.5
1790531100,0xE1DC5576b36c78C75e6Abf2E1B121Db20A6069b7,5,0.0,124388.05,1524.97,32.78,1112.04,7.18
1790531100,0xfc01eAEa66a52a1eB3E6797EA098e84d44F2Cf58,5,0.0,67379.82,0.0,1503.71,-215.01,22.71
1790532000,0x01a800A44E2E23FaA9dcB22521ec8ad026666EBd,1,0.0,2689.42,4.9,0.0,0.0,0.27
1790532000,0x15efc06FEa57Bda3ceA94A53D5426E78ed4651F3,9,76824.04,0.0,0.0,0.0,232.18,15.36
1790532000,0x21aa6DC573DA62abFD7E43C84bEF2DA4FE514053,2,575.04,0.0,0.0,0.0,-3.31,0.06
1790532000,0x2Fd96bd26E7a3c694DBD5ae5E2C29249a83b8a98,19,44066.65,0.0,0.0,0.0,-10.48,0.15
1790532000,0x3aAa2bB57a0eFeA8F6f89423A923f7107c33471B,4,6337.75,0.0,0.0,0.0,5.16,0.0
1790532000,0x80e93386C24B88609919Fbfd6D47124184afBE57,1,91.79,0.0,0.0,0.0,-0.26,0.01
1790532000,0x8E87D8308D439c88dDF48762AA5D3C99b8366a3a,47,198386.89,0.0,0.0,0.0,551.53,1.21
1790532000,0x978e3eb7997a9575cdE1799176829073d2876Fb9,2,8071.86,0.0,0.0,0.0,10.01,0.0
1790532000,0xB90134C652814890691671c849381A0B3cdD0247,52,157396.25,0.0,0.0,0.0,0.0,47.6
1790532000,0xBC8015FA779be6ac91e5616f37e1768b8DbC16df,1,0.0,5916.61,35.2,0.0,11.32,0.0
1790532000,0xC717DD4dBDdc98E62D264B0ca790195BF0579FAa,1,0.0,5916.61,0.0,35.2,-40.26,2.27
1790532000,0xCDa43aF0E62ea12faE2BFF016557B6aB37Ec98B0,8,20013.7,0.0,0.0,0.0,0.0,6.0
1790532000,0xEAc2374016613765cF31afDB4AEB6f5d13a63726,1,0.0,2689.42,0.0,4.9,0.0,0.2
1790532000,0xF7957c8b20DbD3FcA93686B07679aee8e6755c43,6,15653.75,0.0,0.0,0.0,50.72,0.0
1790532900,0x15efc06FEa57Bda3ceA94A53D5426E78ed4651F3,5,74278.64,0.0,0.0,0.0,44.31,14.86
1790532900,0x21aa6DC573DA62abFD7E43C84bEF2DA4FE514053,1,275.68,0.0,0.0,0.0,-1.78,0.0
1790532900,0x2Fd96bd26E7a3c694DBD5ae5E2C29249a83b8a98,15,49973.14,0.0,0.0,0.0,-7.68,0.0
1790532900,0x3aAa2bB57a0eFeA8F6f89423A923f7107c33471B,29,497417.45,302880.3,653.9,104.01,-162.48,15.0
1790532900,0x3bf64B8c8ce86abDBcF44Fa5a559E27eb9F63Efb,1,0.0,919.23,0.0,23.0,0.0,0.0
1790532900,0x4387399404bF6CAF45326812544c64f7dF65F3bc,3,0.0,3386.34,104.01,41.91,0.0,1.01
1790532900,0x83BF4C383e30CB527f8f1d7e03Ab326a495Efc9f,1,0.0,919.23,23.0,0.0,0.0,0.78
1790532900,0x8E87D8308D439c88dDF48762AA5D3C99b8366a3a,49,587300.29,0.0,0.0,0.0,60.46,57.94
1790532900,0x978e3eb7997a9575cdE1799176829073d2876Fb9,4,89256.21,0.0,0.0,0.0,-41.58,13.39
1790532900,0xB90134C652814890691671c849381A0B3cdD0247,4,12132.46,0.0,0.0,0.0,0.0,3.67
1790532900,0xBC8015FA779be6ac91e5616f37e1768b8DbC16df,3,0.0,20315.14,51.2,0.0,-10.4,0.0
1790532900,0xCDa43aF0E62ea12faE2BFF016557B6aB37Ec98B0,2,4996.98,0.0,0.0,0.0,0.0,1.5
1790532900,0xE1DC5576b36c78C75e6Abf2E1B121Db20A6069b7,3,0.0,694064.6,1766.55,0.0,-205.56,1.6
1790532900,0xF86fDfd001D7e7aD77E698FDd4dAC3B74518D999,7,0.0,1013873.69,0.0,2429.74,-347.14,288.02
1790532900,0xfE6e3099dc514A63bd2Fe79BD3d9e8a653bBAF06,1,18380.0,0.0,0.0,0.0,0.0,0.0
1790533800,0x021d21f43d6d8921eF876Ec72f59E45820883B8F,2,0.0,1186.3,101.92,5.84,-0.96,0.0
1790533800,0x0cf99e9D9b3E2ec20d5D0D189A071F4dF3572C54,2,0.0,1186.3,5.84,101.92,-0.4,0.68
1790533800,0x15efc06FEa57Bda3ceA94A53D5426E78ed4651F3,1,14849.78,0.0,0.0,0.0,91.39,2.97
1790533800,0x2Fd96bd26E7a3c694DBD5ae5E2C29249a83b8a98,8,21044.8,0.0,0.0,0.0,-21.16,0.0
1790533800,0x3aAa2bB57a0eFeA8F6f89423A923f7107c33471B,6,95175.64,0.0,0.0,0.0,12.54,0.0
1790533800,0x3bf64B8c8ce86abDBcF44Fa5a559E27eb9F63Efb,1,0.0,27021.64,0.0,506.0,0.0,0.0
1790533800,0x3e179623a514f0eA7150eC6d490A84DdEf1d0566,1,0.0,216.3,0.0,0.0,-0.44,0.33
1790533800,0x55fC1a187CB29DDbbA27C33A07222862BCedb30e,1,0.0,21169.69,18.5,0.0,0.0,2.81
1790533800,0x57D20F8aF5875aD611dC836f78e4992DDA5E6073,2,0.0,31954.64,0.0,30.5,0.0,0.0
1790533800,0x641284e17f73F2A29740e8a10bfD1907446822c9,1,0.0,10784.95,12.0,0.0,0.0,2.0
1790533800,0x8E87D8308D439c88dDF48762AA5D3C99b8366a3a,18,137874.67,0.0,0.0,0.0,-329.16,13.49
1790533800,0x978e3eb7997a9575cdE1799176829073d2876Fb9,3,30239.83,0.0,0.0,0.0,-19.98,4.54
1790533800,0xB90134C652814890691671c849381A0B3cdD0247,2,4045.27,0.0,0.0,0.0,0.0,1.22
1790533800,0xBC8015FA779be6ac91e5616f37e1768b8DbC16df,1,0.0,2695.76,0.0,2.4,0.0,0.0
1790533800,0xCDa43aF0E62ea12faE2BFF016557B6aB37Ec98B0,10,25009.85,0.0,0.0,0.0,0.0,7.5
1790533800,0xF8459aEb9e5823C5A10E9Ba112363fCd88CB10c4,1,0.0,27021.64,506.0,0.0,0.0,8.61
1790533800,0xc6D0ac574f0DF967fAD1DdfCAF2230eC2809b43E,1,0.0,2695.76,2.4,0.0,0.0,0.8
1790533800,0xda50a7E41BEb66B2a613bc22a206fb1cF34FFaE2,1,0.0,216.3,0.0,0.0,0.0,0.0
1790534700,0x15efc06FEa57Bda3ceA94A53D5426E78ed4651F3,5,60831.09,0.0,0.0,0.0,-525.38,12.16
1790534700,0x2Fd96bd26E7a3c694DBD5ae5E2C29249a83b8a98,14,37748.89,0.0,0.0,0.0,-69.98,0.17
1790534700,0x32Bb3939eD5bea994e4AD019D29e5fB276d66852,5,0.0,73392.7,975.8,0.0,0.0,23.77
1790534700,0x3aAa2bB57a0eFeA8F6f89423A923f7107c33471B,25,277004.11,1217191.78,0.0,1523.14,-883.74,27.95
1790534700,0x3bf64B8c8ce86abDBcF44Fa5a559E27eb9F63Efb,3,0.0,35943.34,0.0,477.71,-118.22,0.0
1790534700,0x57D20F8aF5875aD611dC836f78e4992DDA5E6073,10,0.0,102283.55,0.0,67.1,0.0,0.0
1790534700,0x641284e17f73F2A29740e8a10bfD1907446822c9,1,0.0,10.7,0.0,0.0,0.09,0.02
1790534700,0x8E87D8308D439c88dDF48762AA5D3C99b8366a3a,33,369989.39,0.0,0.0,0.0,-110.87,15.81
1790534700,0xB90134C652814890691671c849381A0B3cdD0247,12,32382.35,0.0,0.0,0.0,0.0,9.79
1790534700,0xBC8015FA779be6ac91e5616f37e1768b8DbC16df,7,0.0,103549.79,0.0,80.64,-54.72,0.0
1790534700,0xBc4713b3B41726541D373e57518012302FfBFAa7,28,0.0,3035341.79,2864.58,0.0,0.0,363.48
1790534700,0xC717DD4dBDdc98E62D264B0ca790195BF0579FAa,1,0.0,13382.13,0.0,85.81,-80.54,1.34
1790534700,0xCDa43aF0E62ea12faE2BFF016557B6aB37Ec98B0,2,5001.75,0.0,0.0,0.0,0.0,1.5
1790534700,0xD15fB9d9FC203ED4530a0733546b4FB106C73f03,1,0.0,1231.22,0.0,14.0,0.0,0.87
1790534700,0xE1DC5576b36c78C75e6Abf2E1B121Db20A6069b7,1,0.0,13382.13,85.81,0.0,29.6,1.0
1790534700,0xEAc2374016613765cF31afDB4AEB6f5d13a63726,5,0.0,1649263.27,0.0,1763.7,0.0,0.61
1790534700,0xc4A78643546aFfDa36688cdD56ceA0EB3b5d9BA3,1,0.0,728.47,85.91,0.0,0.0,0.72
1790534700,0xda50a7E41BEb66B2a613bc22a206fb1cF34FFaE2,1,0.0,10.7,0.0,0.0,0.0,0.01
1790534700,0xe52cC7980fEAb12d41AB4a97eD13e5638CdbbD02,1,616.21,0.0,0.0,0.0,0.0,0.19
1790535600,0x0eD68F60906C3dc8B81AD46B2675b9e03726812e,3,0.0,47777.85,3817.03,1966.13,1085.06,10.51
1790535600,0x15efc06FEa57Bda3ceA94A53D5426E78ed4651F3,7,43570.14,0.0,0.0,0.0,6.6,8.28
1790535600,0x1BF9Cf61a72bA1d6cFa8a6BF993972a5A6aA048b,10,0.0,4428.52,31.99,76.19,-9.74,3.16
1790535600,0x21aa6DC573DA62abFD7E43C84bEF2DA4FE514053,1,91.93,0.0,0.0,0.0,-0.56,0.0
1790535600,0x2Fd96bd26E7a3c694DBD5ae5E2C29249a83b8a98,3,3790.93,0.0,0.0,0.0,-30.43,0.45
1790535600,0x3aAa2bB57a0eFeA8F6f89423A923f7107c33471B,12,54428.51,74967.82,2032.74,3956.65,382.82,0.0
1790535600,0x3bf64B8c8ce86abDBcF44Fa5a559E27eb9F63Efb,11,0.0,389032.15,125.25,1605.64,14.71,0.0
1790535600,0x8E87D8308D439c88dDF48762AA5D3C99b8366a3a,23,141141.39,0.0,0.0,0.0,-639.65,8.42
1790535600,0x978e3eb7997a9575cdE1799176829073d2876Fb9,3,29620.23,0.0,0.0,0.0,0.0,4.45
1790535600,0x9b75Ac874070C5065Eb537eB7c56eF5457a44B7d,2,0.0,55909.31,1683.08,0.0,0.0,17.27
1790535600,0xA48232D674F993126945B9158d8eD64320883567,1,0.0,9931.26,0.0,298.08,0.0,0.0
1790535600,0xB90134C652814890691671c849381A0B3cdD0247,3,4043.08,0.0,0.0,0.0,0.0,1.22
1790535600,0xCDa43aF0E62ea12faE2BFF016557B6aB37Ec98B0,1,4999.78,0.0,0.0,0.0,0.0,1.5
1790535600,0xEA2Eec3dc92E860ca7c00DDa51f1AfbCD1fC2E73,2,1463.56,0.0,0.0,0.0,0.0,0.22
1790535600,0xEAc2374016613765cF31afDB4AEB6f5d13a63726,2,0.0,246.19,3.2,0.7,0.0,0.0
1790535600,0xd49b269840fD09a9A1efA9388F50d733961888Af,6,0.0,366061.74,328.97,118.87,-21.45,29.35
1790535600,0xe52cC7980fEAb12d41AB4a97eD13e5638CdbbD02,2,1791.1,0.0,0.0,0.0,0.0,0.55
1790536500,0x004ba33C4478FfCb6B28e658587A30c685bBF972,1,0.0,22993.09,255.0,0.0,0.0,7.4
1790536500,0x0DC04d5De15560768A9A48E5cd698Be5790cB530,1,0.0,2543.39,110.76,0.0,0.0,0.25
1790536500,0x15efc06FEa57Bda3ceA94A53D5426E78ed4651F3,4,31573.19,0.0,0.0,0.0,0.26,6.31
1790536500,0x20E352D7179657B32e0e530054933c19F2A1CFa5,2,0.0,7321.01,12.65,59.3,0.0,3.2
1790536500,0x21aa6DC573DA62abFD7E43C84bEF2DA4FE514053,2,356.51,0.0,0.0,0.0,0.0,0.0
1790536500,0x2Fd96bd26E7a3c694DBD5ae5E2C29249a83b8a98,1,2992.72,0.0,0.0,0.0,0.0,0.0
1790536500,0x3aAa2bB57a0eFeA8F6f89423A923f7107c33471B,6,88225.14,78860.34,0.0,40.03,-2.46,0.0
1790536500,0x3bf64B8c8ce86abDBcF44Fa5a559E27eb9F63Efb,1,0.0,22993.09,0.0,255.0,-1004.88,0.0
1790536500,0x8E87D8308D439c88dDF48762AA5D3C99b8366a3a,14,80410.13,0.0,0.0,0.0,1.51,9.86
1790536500,0x9754E5734daf717E73E1DB643a1f4CF1D593cF5c,1,539.07,0.0,0.0,0.0,0.0,0.17
1790536500,0xB90134C652814890691671c849381A0B3cdD0247,6,8084.25,0.0,0.0,0.0,0.0,2.44
1790536500,0xBc4713b3B41726541D373e57518012302FfBFAa7,1,0.0,78860.34,40.03,0.0,0.0,5.5
1790536500,0xE1DC5576b36c78C75e6Abf2E1B121Db20A6069b7,3,0.0,9864.4,59.3,123.41,132.65,0.19
1790536500,0xEA2Eec3dc92E860ca7c00DDa51f1AfbCD1fC2E73,1,218.58,0.0,0.0,0.0,-2.21,0.03
1790537400,0x004ba33C4478FfCb6B28e658587A30c685bBF972,4,0.0,146844.54,7278.0,0.0,0.0,44.55
1790537400,0x15efc06FEa57Bda3ceA94A53D5426E78ed4651F3,1,1000.27,0.0,0.0,0.0,0.0,0.2
1790537400,0x19F9353995db7b7f7EcDCa0026F2BefCdc672088,1,0.0,8473.61,0.0,120.1,-24.96,3.04
1790537400,0x1f78Fb1234d2f9685fb35AcB1cf484eca83F8F63,1,550.32,0.0,0.0,0.0,0.0,0.0
1790537400,0x21aa6DC573DA62abFD7E43C84bEF2DA4FE514053,2,417.69,0.0,0.0,0.0,-2.15,0.0
1790537400,0x3aAa2bB57a0eFeA8F6f89423A923f7107c33471B,4,33709.4,8473.61,120.1,0.0,-6.66,0.0
1790537400,0x3bf64B8c8ce86abDBcF44Fa5a559E27eb9F63Efb,4,0.0,146844.54,0.0,7278.0,-772.0,0.0
1790537400,0x4d717A71e2337eb68bb0FafaBdeF5986CE20df4B,1,0.0,500.0,0.0,0.0,323.69,0.5
1790537400,0x8E87D8308D439c88dDF48762AA5D3C99b8366a3a,4,34487.12,0.0,0.0,0.0,-10.13,5.02
1790537400,0x978e3eb7997a9575cdE1799176829073d2876Fb9,1,550.32,0.0,0.0,0.0,-64.25,0.08
1790537400,0xEA2Eec3dc92E860ca7c00DDa51f1AfbCD1fC2E73,1,140.54,0.0,0.0,0.0,-1.4,0.02
1790537400,0xb919aCEDE6aD150683Fb4b081724a990198b8781,2,499.71,500.0,0.0,0.0,-53.6,0.92
1790538300,0x2Fd96bd26E7a3c694DBD5ae5E2C29249a83b8a98,3,9990.22,0.0,0.0,0.0,-3.51,0.0
1790538300,0x3aAa2bB57a0eFeA8F6f89423A923f7107c33471B,2,0.0,161670.9,1279.45,8268.23,3463.66,0.0
1790538300,0x44E744924CbAe893FE0c3CFc3704003d7cb1E507,1,0.0,3.83,0.0,0.0,3.33,0.02
1790538300,0x4d717A71e2337eb68bb0FafaBdeF5986CE20df4B,23,0.0,41829.9,0.0,0.0,26879.64,41.83
1790538300,0x558077d8D5c007C37a86FA4e2634807E55b6E37f,7,80821.44,161670.9,8268.23,1279.45,-482.12,49.01
1790538300,0x793F59010D878848327aF4052790273D01215D62,7,0.0,32849.1,0.0,0.0,0.0,16.42
1790538300,0x8E87D8308D439c88dDF48762AA5D3C99b8366a3a,2,53990.85,0.0,0.0,0.0,110.58,0.45
1790538300,0x94e002669D90cf09f8Cb9F6A9846B0A6A0873Ff3,2,0.0,8399.29,0.0,0.0,0.0,7.56
1790538300,0x978e3eb7997a9575cdE1799176829073d2876Fb9,1,8887.6,0.0,0.0,0.0,1.18,0.0
1790538300,0xEA2Eec3dc92E860ca7c00DDa51f1AfbCD1fC2E73,1,13940.47,0.0,0.0,0.0,-440.43,0.0
1790538300,0xEAc2374016613765cF31afDB4AEB6f5d13a63726,1,0.0,134.54,0.0,14.41,0.0,0.0
1790538300,0xda50a7E41BEb66B2a613bc22a206fb1cF34FFaE2,15,0.0,585.34,0.0,0.0,0.0,0.29
1790538300,0xe5d3fE204e167D9B8a60C562338B2Ac1DF49CD96,1,0.0,134.54,14.41,0.0,0.0,0.54
1790539200,0x15efc06FEa57Bda3ceA94A53D5426E78ed4651F3,5,23107.88,0.0,0.0,0.0,0.18,4.62
1790539200,0x21aa6DC573DA62abFD7E43C84bEF2DA4FE514053,2,236.03,0.0,0.0,0.0,-1.65,0.0
1790539200,0x2Fd96bd26E7a3c694DBD5ae5E2C29249a83b8a98,2,4761.72,0.0,0.0,0.0,-28.68,0.0
1790539200,0x3aAa2bB57a0eFeA8F6f89423A923f7107c33471B,3,26569.87,0.0,0.0,0.0,13.21,0.0
1790539200,0x3bf64B8c8ce86abDBcF44Fa5a559E27eb9F63Efb,3,0.0,5387696.94,57407.0,11503.9,-2811.7,0.0
1790539200,0x42974A167De3F098cEf1Ffbf5f250D33a9200520,1,0.0,841.76,0.0,0.0,26.37,1.26
1790539200,0x8E87D8308D439c88dDF48762AA5D3C99b8366a3a,9,58463.82,0.0,0.0,0.0,-2.8,3.83
1790539200,0x94e002669D90cf09f8Cb9F6A9846B0A6A0873Ff3,1,0.0,841.76,0.0,0.0,0.0,0.76
1790539200,0x9c6BeF5E780f3C9B5C182A9204CC36d8B95487Db,1,0.0,123.02,1.8,0.0,0.0,0.54
1790539200,0x9e04AE45913AE8E9F2aC1793a8BE28fA06821172,2,0.0,5387573.92,11502.1,57407.0,2456.64,808.64
1790539200,0xB90134C652814890691671c849381A0B3cdD0247,1,4041.02,0.0,0.0,0.0,0.0,1.22
1790539200,0xCDa43aF0E62ea12faE2BFF016557B6aB37Ec98B0,3,10004.84,0.0,0.0,0.0,0.0,3.0
1790539200,0xe52cC7980fEAb12d41AB4a97eD13e5638CdbbD02,1,1764.65,0.0,0.0,0.0,0.0,0.54
1790540100,0x15efc06FEa57Bda3ceA94A53D5426E78ed4651F3,2,1161.37,0.0,0.0,0.0,-44.25,0.23
1790540100,0x1f78Fb1234d2f9685fb35AcB1cf484eca83F8F63,6,2748.73,0.0,0.0,0.0,-0.39,0.08
1790540100,0x1fD0876eEAaB1Af9BbF3EeB70064bc03bf111718,2,1222.08,0.0,0.0,0.0,0.09,0.0
1790540100,0x21aa6DC573DA62abFD7E43C84bEF2DA4FE514053,3,275.5,0.0,0.0,0.0,0.0,0.0
1790540100,0x2Fd96bd26E7a3c694DBD5ae5E2C29249a83b8a98,9,24441.31,0.0,0.0,0.0,-28.79,0.15
1790540100,0x3aAa2bB57a0eFeA8F6f89423A923f7107c33471B,12,202041.58,9195.27,360.0,0.0,67.05,27.04
1790540100,0x3bf64B8c8ce86abDBcF44Fa5a559E27eb9F63Efb,1,0.0,9191.37,57.0,0.0,0.0,0.0
1790540100,0x8E87D8308D439c88dDF48762AA5D3C99b8366a3a,12,192152.41,0.0,0.0,0.0,-41.42,3.0
1790540100,0x925ab3fce8b11044FC06C1dA14d27c28dA3179e2,5,1530.01,0.0,0.0,0.0,0.0,0.47
1790540100,0x978e3eb7997a9575cdE1799176829073d2876Fb9,3,650.72,0.0,0.0,0.0,0.0,0.1
1790540100,0xB242D447c819BDF6ed88DAdAe893F8dc1FF5b30E,1,0.0,1344.92,0.0,12.25,0.0,0.13
1790540100,0xC1c7F9f8C35572Fa825E0E084Ab031ee5191bA4F,3,0.0,27579.69,0.0,629.0,0.0,7.44
1790540100,0xCDa43aF0E62ea12faE2BFF016557B6aB37Ec98B0,13,30003.8,0.0,0.0,0.0,-7785.4,9.0
1790540100,0xE1DC5576b36c78C75e6Abf2E1B121Db20A6069b7,1,0.0,1344.92,12.25,0.0,0.0,0.1
1790540100,0xEA2Eec3dc92E860ca7c00DDa51f1AfbCD1fC2E73,11,20200.34,0.0,0.0,0.0,-223.63,0.27
1790540100,0xEd36621aa98134b01d10005a912aA3Ff0E38ED3f,5,99.39,0.0,0.0,0.0,-0.09,0.0
1790540100,0xF7957c8b20DbD3FcA93686B07679aee8e6755c43,2,549.03,0.0,0.0,0.0,0.0,0.0
1790540100,0xa72A9046b9C89838A592Bb01Bb86798C74718dd7,2,3051.29,0.0,0.0,0.0,0.0,0.94
1790540100,0xea19Fe621592b9aF895f2d8d5Af7288C02FbBbF3,1,0.0,2750.63,46.8,0.0,0.0,0.28
1790540100,0xfE6e3099dc514A63bd2Fe79BD3d9e8a653bBAF06,2,0.0,11943.68,212.0,46.8,243.97,0.9
1790541000,0x0B102D05e549bFd282ba6969b6e62bc34AD5ffe1,1,0.0,84621.05,48.0,0.0,0.0,6.5
1790541000,0x15efc06FEa57Bda3ceA94A53D5426E78ed4651F3,11,65326.74,0.0,0.0,0.0,15.22,13.06
1790541000,0x1f78Fb1234d2f9685fb35AcB1cf484eca83F8F63,1,550.0,0.0,0.0,0.0,0.0,0.0
1790541000,0x21aa6DC573DA62abFD7E43C84bEF2DA4FE514053,1,163.3,0.0,0.0,0.0,-1.31,0.0
1790541000,0x2Fd96bd26E7a3c694DBD5ae5E2C29249a83b8a98,9,26980.83,0.0,0.0,0.0,19.16,0.0
1790541000,0x3aAa2bB57a0eFeA8F6f89423A923f7107c33471B,9,44462.48,86226.19,0.0,177.9,73.22,0.0
1790541000,0x3bf64B8c8ce86abDBcF44Fa5a559E27eb9F63Efb,4,0.0,3187.88,81.72,213.68,-29.83,0.0
1790541000,0x42d30F10216Ad02c349023C29ba6F2A91A74F206,1,0.0,845.88,0.0,0.76,-1.65,0.59
1790541000,0x558077d8D5c007C37a86FA4e2634807E55b6E37f,17,161405.43,322795.24,16386.0,2415.0,-1201.6,97.86
1790541000,0x57f687B498a4FF6cAA185b7ce1CBbF84651De66e,1,0.0,1533.24,0.0,22.46,0.0,0.15
1790541000,0x8E87D8308D439c88dDF48762AA5D3C99b8366a3a,30,246901.3,0.0,0.0,0.0,418.55,5.99
1790541000,0x978e3eb7997a9575cdE1799176829073d2876Fb9,3,46652.49,0.0,0.0,0.0,48.54,4.33
1790541000,0xC1A8cC47892e16F441Bc428D8a58D6E180ebAb91,2,0.0,736.85,44.68,80.96,16.32,0.61
1790541000,0xCDa43aF0E62ea12faE2BFF016557B6aB37Ec98B0,9,25000.58,0.0,0.0,0.0,0.0,7.5
1790541000,0xEA2Eec3dc92E860ca7c00DDa51f1AfbCD1fC2E73,2,25845.97,0.0,0.0,0.0,-781.55,0.0
1790541000,0xEAc2374016613765cF31afDB4AEB6f5d13a63726,7,0.0,485798.37,3643.46,24600.0,0.0,0.11
1790541000,0xa72A9046b9C89838A592Bb01Bb86798C74718dd7,1,778.72,0.0,0.0,0.0,0.0,0.24
1790541000,0xbE6a74601C75433734Fe195ACa0b6B540Bff9745,2,0.0,3210.28,298.9,0.0,0.0,1.96
1790541000,0xe52cC7980fEAb12d41AB4a97eD13e5638CdbbD02,1,1467.9,0.0,0.0,0.0,0.0,0.45
1790541900,0x0B102D05e549bFd282ba6969b6e62bc34AD5ffe1,4,0.0,54102.97,31.2,0.0,0.0,4.9
1790541900,0x0ED2F5A37c29a605f47b12dBA90c46dee9c17580,1,103.51,0.0,0.0,0.0,1.08,0.01
1790541900,0x15efc06FEa57Bda3ceA94A53D5426E78ed4651F3,8,31379.0,0.0,0.0,0.0,0.0,6.28
1790541900,0x1f78Fb1234d2f9685fb35AcB1cf484eca83F8F63,3,1647.91,0.0,0.0,0.0,1.27,0.08
1790541900,0x21aa6DC573DA62abFD7E43C84bEF2DA4FE514053,1,141.94,0.0,0.0,0.0,0.0,0.0
1790541900,0x2D3fb860caAE86280D43e8Bd5fA10b3EcADC7E71,2,1014.21,0.0,0.0,0.0,0.0,0.31
1790541900,0x2Fd96bd26E7a3c694DBD5ae5E2C29249a83b8a98,2,5997.02,0.0,0.0,0.0,1.01,0.0
1790541900,0x3aAa2bB57a0eFeA8F6f89423A923f7107c33471B,2,5377.59,0.0,0.0,0.0,-18.41,0.0
1790541900,0x417804D64F4A9b79cd38537089ADC971866B34be,2,0.0,42266.18,7.25,12.5,0.0,3.47
1790541900,0x558077d8D5c007C37a86FA4e2634807E55b6E37f,4,80516.81,161469.89,8214.0,1206.0,-569.81,48.89
1790541900,0x57D20F8aF5875aD611dC836f78e4992DDA5E6073,1,0.0,21133.09,0.0,7.25,-10.0,0.0
1790541900,0x641284e17f73F2A29740e8a10bfD1907446822c9,1,0.0,845.37,0.0,0.5,-0.15,0.06
1790541900,0x7e040FC3950CeccCf16055aeA756a7a39c394CDC,1,0.0,25360.74,0.0,15.0,0.0,1.88
1790541900,0x8E87D8308D439c88dDF48762AA5D3C99b8366a3a,12,109992.33,0.0,0.0,0.0,119.01,4.95
1790541900,0x978e3eb7997a9575cdE1799176829073d2876Fb9,3,2014.77,0.0,0.0,0.0,2.36,0.3
1790541900,0xBC8015FA779be6ac91e5616f37e1768b8DbC16df,1,0.0,6763.77,0.0,3.2,0.0,0.0
1790541900,0xC717DD4dBDdc98E62D264B0ca790195BF0579FAa,1,0.0,4461.55,20.09,0.0,0.0,1.84
1790541900,0xD87890df93bf74173b51077e5c6cD12121d87903,1,0.0,4461.55,0.0,20.09,0.0,0.0
1790541900,0xEA2Eec3dc92E860ca7c00DDa51f1AfbCD1fC2E73,10,63422.06,0.0,0.0,0.0,-1812.85,0.35
1790542800,0x15efc06FEa57Bda3ceA94A53D5426E78ed4651F3,10,50347.38,0.0,0.0,0.0,0.0,10.07
1790542800,0x21aa6DC573DA62abFD7E43C84bEF2DA4FE514053,3,707.2,0.0,0.0,0.0,0.0,0.0
1790542800,0x2Fd96bd26E7a3c694DBD5ae5E2C29249a83b8a98,3,10993.78,0.0,0.0,0.0,0.0,0.0
1790542800,0x31a4A6460ddd9cB59Eff21df7b149c1683c9089C,2,0.0,390.9,3.81,0.0,0.0,1.12
1790542800,0x3aAa2bB57a0eFeA8F6f89423A923f7107c33471B,6,82352.62,0.0,0.0,0.0,-34.98,0.0
1790542800,0x558077d8D5c007C37a86FA4e2634807E55b6E37f,2,0.0,161206.81,8118.0,1182.0,0.0,24.68
1790542800,0x8E87D8308D439c88dDF48762AA5D3C99b8366a3a,20,142623.58,0.0,0.0,0.0,45.72,13.58
1790542800,0xB90134C652814890691671c849381A0B3cdD0247,2,4032.67,0.0,0.0,0.0,0.0,1.22
1790542800,0xC717DD4dBDdc98E62D264B0ca790195BF0579FAa,1,0.0,21458.51,140.45,0.0,0.0,6.94
1790542800,0xE1DC5576b36c78C75e6Abf2E1B121Db20A6069b7,3,0.0,21849.4,0.0,144.26,0.0,0.0
1790542800,0xEA2Eec3dc92E860ca7c00DDa51f1AfbCD1fC2E73,3,707.2,0.0,0.0,0.0,-8.06,0.11
1790542800,0xEAc2374016613765cF31afDB4AEB6f5d13a63726,2,0.0,161206.81,1182.0,8118.0,0.0,0.0
1790542800,0xb919aCEDE6aD150683Fb4b081724a990198b8781,1,499.37,0.0,0.0,0.0,-0.66,0.16
1790543700,0x0B102D05e549bFd282ba6969b6e62bc34AD5ffe1,5,0.0,37251.19,22.0,0.0,0.0,2.75
1790543700,0x15efc06FEa57Bda3ceA94A53D5426E78ed4651F3,8,4898.29,0.0,0.0,0.0,-21.04,0.98
1790543700,0x1c847e46576ba210189381C0c512C58278121d42,5,0.0,37251.19,0.0,22.0,0.0,2.75
1790543700,0x1f78Fb1234d2f9685fb35AcB1cf484eca83F8F63,2,1099.28,0.0,0.0,0.0,-0.0,0.0
1790543700,0x1fD0876eEAaB1Af9BbF3EeB70064bc03bf111718,2,1221.26,0.0,0.0,0.0,-0.12,0.0
1790543700,0x21aa6DC573DA62abFD7E43C84bEF2DA4FE514053,3,621.54,0.0,0.0,0.0,-3.96,0.0
1790543700,0x2Fd96bd26E7a3c694DBD5ae5E2C29249a83b8a98,4,11993.64,0.0,0.0,0.0,0.0,0.15
1790543700,0x3aAa2bB57a0eFeA8F6f89423A923f7107c33471B,9,103138.41,0.0,0.0,0.0,-19.36,5.6
1790543700,0x8E87D8308D439c88dDF48762AA5D3C99b8366a3a,19,109135.04,0.0,0.0,0.0,-4.88,10.52
1790543700,0xEA2Eec3dc92E860ca7c00DDa51f1AfbCD1fC2E73,3,5430.53,0.0,0.0,0.0,-59.61,0.81
1790544600,0x0B102D05e549bFd282ba6969b6e62bc34AD5ffe1,1,0.0,194425.92,92.0,0.0,0.0,11.5
1790544600,0x15efc06FEa57Bda3ceA94A53D5426E78ed4651F3,21,74611.58,0.0,0.0,0.0,-170.14,10.4
1790544600,0x1c847e46576ba210189381C0c512C58278121d42,1,845.41,0.0,0.0,0.0,-4.9,0.0
1790544600,0x1f78Fb1234d2f9685fb35AcB1cf484eca83F8F63,3,1647.94,0.0,0.0,0.0,0.09,0.0
1790544600,0x1fD0876eEAaB1Af9BbF3EeB70064bc03bf111718,1,607.66,0.0,0.0,0.0,0.0,0.0
1790544600,0x21aa6DC573DA62abFD7E43C84bEF2DA4FE514053,7,1491.06,0.0,0.0,0.0,-7.8,0.0
1790544600,0x2Fd96bd26E7a3c694DBD5ae5E2C29249a83b8a98,10,16354.71,0.0,0.0,0.0,15.47,0.18
1790544600,0x3aAa2bB57a0eFeA8F6f89423A923f7107c33471B,10,72874.11,5372.37,138.0,0.0,85.53,0.0
1790544600,0x3bf64B8c8ce86abDBcF44Fa5a559E27eb9F63Efb,1,0.0,16011.35,798.0,0.0,0.0,0.0
1790544600,0x5604C7728Af9F6d068dd31861c092C95f5FFa088,1,0.0,5372.37,0.0,138.0,0.0,2.11
1790544600,0x7e040FC3950CeccCf16055aeA756a7a39c394CDC,1,0.0,194425.92,0.0,92.0,0.0,11.5
1790544600,0x8573f3332bc9F6A342590f8C5D35f9B2a23A47EA,1,0.0,16011.35,0.0,798.0,0.0,5.3
1790544600,0x8E87D8308D439c88dDF48762AA5D3C99b8366a3a,45,240055.04,0.0,0.0,0.0,-164.79,14.8
1790544600,0x9162bC7e6586a2b197c7b1AcFf47C0fE31DAD0C8,2,1608.12,0.0,0.0,0.0,-2.33,0.12
1790544600,0x978e3eb7997a9575cdE1799176829073d2876Fb9,6,82872.72,0.0,0.0,0.0,-6.46,12.43
1790544600,0xB90134C652814890691671c849381A0B3cdD0247,2,4018.81,0.0,0.0,0.0,0.0,1.21
1790544600,0xCDa43aF0E62ea12faE2BFF016557B6aB37Ec98B0,7,15005.67,0.0,0.0,0.0,-1544.82,4.5
1790544600,0xE1DC5576b36c78C75e6Abf2E1B121Db20A6069b7,1,0.0,2684.25,160.0,0.0,0.0,0.2
1790544600,0xE77C66370b41104fc9C6675932C27c3173C65330,1,0.0,2684.25,0.0,160.0,0.0,0.27
1790544600,0xEA2Eec3dc92E860ca7c00DDa51f1AfbCD1fC2E73,8,2849.7,0.0,0.0,0.0,-41.02,0.43
1790545500,0x0B102D05e549bFd282ba6969b6e62bc34AD5ffe1,1,0.0,101529.86,48.0,0.0,0.0,6.0
1790545500,0x15E1Aea061B982b99dCa88b050dF1b102FE8DD1c,3,0.0,1610.48,42.03,0.58,-0.63,1.24
1790545500,0x15efc06FEa57Bda3ceA94A53D5426E78ed4651F3,3,1700.59,0.0,0.0,0.0,0.45,0.34
1790545500,0x1fD0876eEAaB1Af9BbF3EeB70064bc03bf111718,1,608.69,0.0,0.0,0.0,-1.02,0.0
1790545500,0x21aa6DC573DA62abFD7E43C84bEF2DA4FE514053,2,182.91,0.0,0.0,0.0,-1.0,0.0
1790545500,0x2Fd96bd26E7a3c694DBD5ae5E2C29249a83b8a98,2,5996.25,0.0,0.0,0.0,3.82,0.0
1790545500,0x3aAa2bB57a0eFeA8F6f89423A923f7107c33471B,9,125957.56,536.72,0.0,0.63,-112.33,8.67
1790545500,0x7e040FC3950CeccCf16055aeA756a7a39c394CDC,1,0.0,101529.86,0.0,48.0,0.0,6.0
1790545500,0x8E87D8308D439c88dDF48762AA5D3C99b8366a3a,17,171363.76,0.0,0.0,0.0,-124.54,10.72
1790545500,0x978e3eb7997a9575cdE1799176829073d2876Fb9,2,29888.42,0.0,0.0,0.0,1.49,4.48
1790545500,0xB90134C652814890691671c849381A0B3cdD0247,4,8052.33,0.0,0.0,0.0,0.0,2.44
1790545500,0xC5Ba75e85b9f5a60A828B7F6F976fA15E6a10642,1,2117.17,0.0,0.0,0.0,0.0,0.64
1790545500,0xCDa43aF0E62ea12faE2BFF016557B6aB37Ec98B0,2,10000.86,0.0,0.0,0.0,-3096.06,3.0
1790545500,0xEA2Eec3dc92E860ca7c00DDa51f1AfbCD1fC2E73,4,13751.14,0.0,0.0,0.0,-200.91,0.56
1790545500,0xEAc2374016613765cF31afDB4AEB6f5d13a63726,2,0.0,1073.76,0.58,41.4,1.38,0.0
1790546400,0x087d0015FB8Bac9Cb226A069b1479Ba96b068C5F,1,0.0,5321.8,503.47,0.0,0.0,0.53
1790546400,0x15efc06FEa57Bda3ceA94A53D5426E78ed4651F3,22,121313.54,0.0,0.0,0.0,6.93,24.26
1790546400,0x1Eb5d4c03A84530ccC8Bcb0194277BEf436C90b0,1,0.0,1123.53,7.35,0.0,0.0,0.11
1790546400,0x1f78Fb1234d2f9685fb35AcB1cf484eca83F8F63,5,2746.75,0.0,0.0,0.0,0.0,0.0
1790546400,0x1fD0876eEAaB1Af9BbF3EeB70064bc03bf111718,2,1213.44,0.0,0.0,0.0,-1.54,0.0
1790546400,0x21aa6DC573DA62abFD7E43C84bEF2DA4FE514053,14,1913.13,0.0,0.0,0.0,-8.32,0.0
1790546400,0x2Fd96bd26E7a3c694DBD5ae5E2C29249a83b8a98,9,20261.35,0.0,0.0,0.0,31.3,0.92
1790546400,0x3aAa2bB57a0eFeA8F6f89423A923f7107c33471B,20,187412.37,210868.93,9992.73,8714.33,2750.64,6.81
1790546400,0x513Dc0e3407CA3A6E073A2f2d43fd61498db5739,1,134.06,0.0,0.0,0.0,-15.78,0.02
1790546400,0x51efa467CC3B762063bfBE86Ee812E4D51193F68,1,843.53,0.0,0.0,0.0,-2.03,0.26
1790546400,0x558077d8D5c007C37a86FA4e2634807E55b6E37f,2,0.0,160514.83,7878.06,1195.84,0.0,24.58
1790546400,0x8E87D8308D439c88dDF48762AA5D3C99b8366a3a,50,305075.68,0.0,0.0,0.0,380.71,21.99
1790546400,0x978e3eb7997a9575cdE1799176829073d2876Fb9,4,79.32,0.0,0.0,0.0,-2.76,0.01
1790546400,0xA0D678cb6F48CA52720232361BfB376C46c2c5B0,1,1360.8,0.0,0.0,0.0,-18.67,0.14
1790546400,0xC5Ba75e85b9f5a60A828B7F6F976fA15E6a10642,2,2109.67,0.0,0.0,0.0,-8.8,0.65
1790546400,0xC717DD4dBDdc98E62D264B0ca790195BF0579FAa,1,0.0,19994.03,92.5,0.0,0.0,2.0
1790546400,0xCDa43aF0E62ea12faE2BFF016557B6aB37Ec98B0,12,35003.69,0.0,0.0,0.0,-10807.87,10.51
1790546400,0xE1DC5576b36c78C75e6Abf2E1B121Db20A6069b7,2,0.0,25315.84,0.0,595.97,-67.89,1.9
1790546400,0xEA2Eec3dc92E860ca7c00DDa51f1AfbCD1fC2E73,22,44992.21,0.0,0.0,0.0,-194.09,1.5
1790546400,0xEAc2374016613765cF31afDB4AEB6f5d13a63726,1,0.0,1123.53,0.0,7.35,0.0,0.08
1790546400,0xEd36621aa98134b01d10005a912aA3Ff0E38ED3f,7,139.2,0.0,0.0,0.0,0.25,0.0
1790546400,0xF7957c8b20DbD3FcA93686B07679aee8e6755c43,3,20250.91,0.0,0.0,0.0,-36.35,0.0
1790546400,0xa72A9046b9C89838A592Bb01Bb86798C74718dd7,2,0.0,50354.09,836.28,8796.89,-39.79,8.05
1790546400,0xf526f7e6E4A20A9c5327D3024DBCB99b65Cc85f8,1,267.28,0.0,0.0,0.0,0.0,0.09
1790546400,0xfE6e3099dc514A63bd2Fe79BD3d9e8a653bBAF06,4,9120.13,0.0,0.0,0.0,214.32,1.37
1790547300,0x15efc06FEa57Bda3ceA94A53D5426E78ed4651F3,4,79.79,0.0,0.0,0.0,0.0,0.02
1790547300,0x21aa6DC573DA62abFD7E43C84bEF2DA4FE514053,7,1036.06,0.0,0.0,0.0,-4.13,0.0
1790547300,0x2Fd96bd26E7a3c694DBD5ae5E2C29249a83b8a98,2,5997.39,0.0,0.0,0.0,0.0,0.0
1790547300,0x3aAa2bB57a0eFeA8F6f89423A923f7107c33471B,10,155684.36,0.0,0.0,0.0,-220.7,0.0
1790547300,0x3bf64B8c8ce86abDBcF44Fa5a559E27eb9F63Efb,2,0.0,642359.61,7031.98,8421.43,-3952.67,0.0
1790547300,0x8E87D8308D439c88dDF48762AA5D3C99b8366a3a,13,158349.9,0.0,0.0,0.0,199.36,23.59
1790547300,0x978e3eb7997a9575cdE1799176829073d2876Fb9,1,4680.59,0.0,0.0,0.0,-16.64,0.7
1790547300,0xBC8015FA779be6ac91e5616f37e1768b8DbC16df,2,0.0,10087.4,71.63,69.88,8.8,0.0
1790547300,0xC62E3482639044b135bb820cA12933a78c1CF7b4,2,0.0,10087.4,69.88,71.63,-38.65,4.03
1790547300,0xEA2Eec3dc92E860ca7c00DDa51f1AfbCD1fC2E73,7,1686.77,0.0,0.0,0.0,0.0,0.25
1790547300,0xEd36621aa98134b01d10005a912aA3Ff0E38ED3f,4,79.79,0.0,0.0,0.0,0.39,0.0
1790547300,0xf6cE55C786D1f4787Cd95b08cC7E440Ad2e27c84,2,0.0,642359.61,8421.43,7031.98,0.0,96.85
1790548200,0x15efc06FEa57Bda3ceA94A53D5426E78ed4651F3,8,4745.73,0.0,0.0,0.0,-2.19,0.95
1790548200,0x21aa6DC573DA62abFD7E43C84bEF2DA4FE514053,8,1670.63,0.0,0.0,0.0,-15.13,0.0
1790548200,0x2Fd96bd26E7a3c694DBD5ae5E2C29249a83b8a98,5,14995.24,0.0,0.0,0.0,22.88,0.0
1790548200,0x3aAa2bB57a0eFeA8F6f89423A923f7107c33471B,6,119970.5,0.0,0.0,0.0,-428.05,0.0
1790548200,0x8E87D8308D439c88dDF48762AA5D3C99b8366a3a,26,151137.48,0.0,0.0,0.0,452.45,21.04
1790548200,0x94ECb4C47D8E2CB07874A33a0141016254b46873,1,352.82,0.0,0.0,0.0,-3.88,0.12
1790548200,0x94e002669D90cf09f8Cb9F6A9846B0A6A0873Ff3,1,0.0,1715.74,0.0,0.0,0.0,1.54
1790548200,0xCDa43aF0E62ea12faE2BFF016557B6aB37Ec98B0,3,9996.83,0.0,0.0,0.0,-3083.19,3.0
1790548200,0xEA2Eec3dc92E860ca7c00DDa51f1AfbCD1fC2E73,5,9340.46,0.0,0.0,0.0,0.0,0.05
1790548200,0xEd36621aa98134b01d10005a912aA3Ff0E38ED3f,5,99.39,0.0,0.0,0.0,0.04,0.0
1790548200,0xb0FEbDec9EC7555911b359ACFC27A65D746Ea94A,1,842.29,0.0,0.0,0.0,-7.6,0.26
1790548200,0xd34bFc021AC39722490Db9a38D5e22c2A593e78a,1,0.0,1715.74,0.0,0.0,-19.46,2.57
1790549100,0x06797e69d2B9C5FA1Feecf0c7D6a83D40a79b811,1,0.0,42150.48,41.05,0.0,0.0,5.63
1790549100,0x15efc06FEa57Bda3ceA94A53D5426E78ed4651F3,3,43528.12,0.0,0.0,0.0,-63.24,8.7
1790549100,0x1Eb5d4c03A84530ccC8Bcb0194277BEf436C90b0,1,0.0,2723.22,12.24,0.0,0.0,1.32
1790549100,0x21aa6DC573DA62abFD7E43C84bEF2DA4FE514053,5,827.59,0.0,0.0,0.0,-5.24,0.0
1790549100,0x2Fd96bd26E7a3c694DBD5ae5E2C29249a83b8a98,2,5997.29,0.0,0.0,0.0,14.37,0.0
1790549100,0x3687eFc4fBAAfF0F50faD7DF20861E0074419008,1,0.0,1335.24,27.5,0.0,0.0,0.13
1790549100,0x3aAa2bB57a0eFeA8F6f89423A923f7107c33471B,6,87388.55,42150.48,0.0,41.05,-473.32,0.0
1790549100,0x3bf64B8c8ce86abDBcF44Fa5a559E27eb9F63Efb,1,0.0,6067.6,515.0,0.0,-198.18,0.0
1790549100,0x793F59010D878848327aF4052790273D01215D62,7,0.0,10600.46,0.0,0.0,0.0,1.09
1790549100,0x8E87D8308D439c88dDF48762AA5D3C99b8366a3a,9,51361.27,0.0,0.0,0.0,235.88,7.63
1790549100,0xBC8015FA779be6ac91e5616f37e1768b8DbC16df,1,0.0,2723.22,0.0,12.24,0.0,0.0
1790549100,0xCDa43aF0E62ea12faE2BFF016557B6aB37Ec98B0,1,5000.28,0.0,0.0,0.0,-1552.31,1.5
1790549100,0xE1DC5576b36c78C75e6Abf2E1B121Db20A6069b7,1,0.0,1335.24,0.0,27.5,0.0,0.1
1790549100,0xEA2Eec3dc92E860ca7c00DDa51f1AfbCD1fC2E73,4,5380.18,0.0,0.0,0.0,0.0,0.06
1790549100,0xEEaC00CFE85208481741b6fd75ea5698Dc6d63c7,1,0.0,6067.6,0.0,515.0,45.42,2.32
1790549100,0xEd36621aa98134b01d10005a912aA3Ff0E38ED3f,1,19.86,0.0,0.0,0.0,-0.02,0.0
1790549100,0xd34bFc021AC39722490Db9a38D5e22c2A593e78a,34,0.0,18041.5,0.0,0.0,116.12,27.36
1790549100,0xda50a7E41BEb66B2a613bc22a206fb1cF34FFaE2,28,0.0,9617.0,0.0,0.0,0.0,0.0
1790549100,0xe8616C2B4872Ffd594C07BabAA916A01aa501932,1,0.0,2175.96,0.0,0.0,2.28,3.26
1790550000,0x15efc06FEa57Bda3ceA94A53D5426E78ed4651F3,4,2361.84,0.0,0.0,0.0,-15.24,0.47
1790550000,0x1f78Fb1234d2f9685fb35AcB1cf484eca83F8F63,9,6599.51,0.0,0.0,0.0,7.53,0.41
1790550000,0x1fD0876eEAaB1Af9BbF3EeB70064bc03bf111718,4,2415.39,0.0,0.0,0.0,-1.92,0.0
1790550000,0x21aa6DC573DA62abFD7E43C84bEF2DA4FE514053,8,1679.99,0.0,0.0,0.0,-10.9,0.0
1790550000,0x3aAa2bB57a0eFeA8F6f89423A923f7107c33471B,5,27160.29,0.0,0.0,0.0,21.75,0.0
1790550000,0x3bf64B8c8ce86abDBcF44Fa5a559E27eb9F63Efb,3,0.0,834503.97,694.94,7331.41,0.0,0.0
1790550000,0x5148eDd6BAb5e0d9a6eB95da8a20761ec9aC2ba7,2,0.0,802285.31,6838.38,694.94,0.0,120.84
1790550000,0x55591f83f52B1d02309Eaa43B3817dF671c9348f,7,0.0,22038.75,0.0,0.0,-7.43,33.07
1790550000,0x793F59010D878848327aF4052790273D01215D62,3,0.0,5798.51,0.0,0.0,0.0,2.7
1790550000,0x87fa5065b2693a78bd6F41268D1DF4405C5068Ef,2,0.0,42609.15,586.28,0.0,0.0,13.78
1790550000,0x8E87D8308D439c88dDF48762AA5D3C99b8366a3a,19,53552.36,0.0,0.0,0.0,109.72,4.17
1790550000,0x94e002669D90cf09f8Cb9F6A9846B0A6A0873Ff3,3,0.0,10326.78,0.0,0.0,0.0,9.29
1790550000,0xBC8015FA779be6ac91e5616f37e1768b8DbC16df,2,961.18,0.0,0.0,0.0,0.0,0.14
1790550000,0xCDa43aF0E62ea12faE2BFF016557B6aB37Ec98B0,9,29997.52,0.0,0.0,0.0,-9279.35,9.01
1790550000,0xE1DC5576b36c78C75e6Abf2E1B121Db20A6069b7,1,0.0,10390.49,0.0,93.24,0.0,0.0
1790550000,0xEA2Eec3dc92E860ca7c00DDa51f1AfbCD1fC2E73,20,50064.82,0.0,0.0,0.0,-36.52,3.53
1790550000,0xF410a21c69dD8fACD85c8413217556A574Dbc296,1,0.0,5913.47,0.0,0.0,0.0,4.14
1790550900,0x0B102D05e549bFd282ba6969b6e62bc34AD5ffe1,1,0.0,32055.85,15.2,0.0,0.0,1.9
1790550900,0x15efc06FEa57Bda3ceA94A53D5426E78ed4651F3,2,28625.64,0.0,0.0,0.0,-113.04,0.0
1790550900,0x1f78Fb1234d2f9685fb35AcB1cf484eca83F8F63,6,4400.44,0.0,0.0,0.0,5.9,0.41
1790550900,0x21aa6DC573DA62abFD7E43C84bEF2DA4FE514053,7,1345.82,0.0,0.0,0.0,-2.55,0.0
1790550900,0x2Fd96bd26E7a3c694DBD5ae5E2C29249a83b8a98,2,5997.73,0.0,0.0,0.0,13.54,0.0
1790550900,0x3aAa2bB57a0eFeA8F6f89423A923f7107c33471B,1,2009.28,0.0,0.0,0.0,7.35,0.0
1790550900,0x3bf64B8c8ce86abDBcF44Fa5a559E27eb9F63Efb,5,0.0,1119640.99,1602.57,9313.9,390.85,0.0
1790550900,0x5148eDd6BAb5e0d9a6eB95da8a20761ec9aC2ba7,4,0.0,1073779.38,9313.9,977.57,0.0,162.07
1790550900,0x6aaBDB5a5C84EdC20E8b6c32B0f6f08611f350E7,4,0.0,3669.86,50.0,0.0,0.0,3.1
1790550900,0x7e040FC3950CeccCf16055aeA756a7a39c394CDC,1,0.0,32055.85,0.0,15.2,0.0,1.9
1790550900,0x8E87D8308D439c88dDF48762AA5D3C99b8366a3a,13,49676.09,0.0,0.0,0.0,42.75,5.92
1790550900,0x978e3eb7997a9575cdE1799176829073d2876Fb9,1,550.94,0.0,0.0,0.0,-18.47,0.0
1790550900,0xCDa43aF0E62ea12faE2BFF016557B6aB37Ec98B0,2,10000.54,0.0,0.0,0.0,-3111.53,3.0
1790550900,0xD9884e6f8a8Bc801E24bB19E371d71D626C22680,5,0.0,49531.47,0.0,675.0,0.0,6.88
1790550900,0xEA2Eec3dc92E860ca7c00DDa51f1AfbCD1fC2E73,10,18151.07,0.0,0.0,0.0,0.0,1.22
1790550900,0xF410a21c69dD8fACD85c8413217556A574Dbc296,1,0.0,2187.47,0.0,0.0,0.0,1.53
1790550900,0xe8616C2B4872Ffd594C07BabAA916A01aa501932,1,0.0,2187.47,0.0,0.0,12.26,3.28
1790551800,0x15efc06FEa57Bda3ceA94A53D5426E78ed4651F3,4,14001.32,0.0,0.0,0.0,40.41,0.4
1790551800,0x1f78Fb1234d2f9685fb35AcB1cf484eca83F8F63,7,2944.35,0.0,0.0,0.0,-1.09,0.0
1790551800,0x21aa6DC573DA62abFD7E43C84bEF2DA4FE514053,4,1213.19,0.0,0.0,0.0,-5.52,0.0
1790551800,0x2Fd96bd26E7a3c694DBD5ae5E2C29249a83b8a98,4,1368.7,0.0,0.0,0.0,-8.09,0.21
1790551800,0x2bdC1A6e79de5c1c7d81b1A5577f7ee90d25316a,4,0.0,337552.78,685.0,1197.0,0.0,51.13
1790551800,0x3aAa2bB57a0eFeA8F6f89423A923f7107c33471B,6,43566.42,2683.02,0.0,4.26,9.95,0.0
1790551800,0x3bf64B8c8ce86abDBcF44Fa5a559E27eb9F63Efb,2,0.0,5366.71,0.0,462.25,111.6,0.0
1790551800,0x5148eDd6BAb5e0d9a6eB95da8a20761ec9aC2ba7,2,0.0,268658.13,2570.0,635.0,0.0,40.8
1790551800,0x8E87D8308D439c88dDF48762AA5D3C99b8366a3a,16,57659.13,0.0,0.0,0.0,33.38,6.67
1790551800,0xCDa43aF0E62ea12faE2BFF016557B6aB37Ec98B0,13,40002.16,0.0,0.0,0.0,-12430.35,12.01
1790551800,0xEA2Eec3dc92E860ca7c00DDa51f1AfbCD1fC2E73,17,57511.09,0.0,0.0,0.0,0.0,3.19
1790551800,0xEAc2374016613765cF31afDB4AEB6f5d13a63726,6,0.0,606210.91,1832.0,3255.0,344.43,0.0
1790551800,0xEadD405b82e7296F065e87Cf9c51A46EAD987f26,3,0.0,8049.73,466.51,0.0,-5.3,2.34
1790552700,0x15efc06FEa57Bda3ceA94A53D5426E78ed4651F3,3,47643.12,0.0,0.0,0.0,15.7,9.53
1790552700,0x1f78Fb1234d2f9685fb35AcB1cf484eca83F8F63,3,1648.64,0.0,0.0,0.0,-0.26,0.0
1790552700,0x21aa6DC573DA62abFD7E43C84bEF2DA4FE514053,2,285.59,0.0,0.0,0.0,-2.74,0.0
1790552700,0x2Fd96bd26E7a3c694DBD5ae5E2C29249a83b8a98,7,21075.21,0.0,0.0,0.0,1.82,0.0
1790552700,0x3aAa2bB57a0eFeA8F6f89423A923f7107c33471B,16,193725.85,0.0,0.0,0.0,-59.96,0.0
1790552700,0x47C2572AB3Dcb336cBC06E1C1Cda839144BCd1BE,1,0.0,549.97,0.0,0.6,0.0,0.05
1790552700,0x765e46e5E585CeFa5091aa0E364E5C8BBa67f71c,1,0.0,549.97,0.6,0.0,0.0,0.57
1790552700,0x8E87D8308D439c88dDF48762AA5D3C99b8366a3a,21,170293.2,0.0,0.0,0.0,69.9,24.95
1790552700,0x94ECb4C47D8E2CB07874A33a0141016254b46873,1,322.8,0.0,0.0,0.0,0.0,0.11
1790552700,0xCDa43aF0E62ea12faE2BFF016557B6aB37Ec98B0,2,5002.31,0.0,0.0,0.0,0.0,1.5
1790552700,0xEA2Eec3dc92E860ca7c00DDa51f1AfbCD1fC2E73,3,1281.52,0.0,0.0,0.0,0.0,0.19
