day,index,index_src,carry_day,carry_pairs,carry,points,contracts,atm7,atm30,atm90,rr7,rr30,n7,n30,n90,atm7_a,atm30_a,atm90_a,rr7_a,rr30_a,atm7_b,atm30_b,atm90_b,rr7_b,rr30_b,rec_atm7,rec_atm30,rec_atm90,rec_rr7,rec_rr30,rec_n
2023-12-12,,,,0,,2,0.04,,,,,,0,0,0,,,,,,,,,,,,,,,,0
2023-12-14,42944.0,perp,,0,0.05,6,0.47,,,,,,0,0,0,,,,,,,,,,,,,,,,0
2023-12-15,42672.816901,perp,0.137043,3,0.05,15,33.922,,0.512005,,,0.031807,0,11,0,,0.502863,,,0.023075,,,,,,,,,,,0
2023-12-16,42245.811881,perp,0.179715,2,0.05,14,53.39,,0.514998,,,0.03741,0,11,0,,0.512708,,,0.035572,,0.515417,,,0.035557,,,,,,0
2023-12-17,42030.088203,perp,0.121945,2,0.137043,14,61.31,,0.506549,,,0.01157,0,11,0,,,,,,,0.501451,,,0.021467,,,,,,0
2023-12-18,41207.826087,perp,0.198193,1,0.158379,11,18.78,,0.540777,,,0.017309,0,9,0,,0.546196,,,0.047222,,,,,,,,,,,0
2023-12-19,42945.894293,perp,0.172849,2,0.172849,12,31.62,,,,,,0,0,0,,,,,,,,,,,,,,,,0
2023-12-20,43177.406015,perp,-0.020881,2,0.154946,12,18.47,,,,,,0,0,0,,,,,,,,,,,,,,,,0
2023-12-21,43673.577128,perp,0.192564,1,0.172849,12,43.508,,,,,,0,0,0,,,,,,,,,,,,,,,,0
2023-12-22,43763.323944,perp,0.175254,4,0.174051,16,92.352,,,,,,0,0,0,,,,,,,,,,,,,,,,0
2023-12-23,43737.974138,perp,0.154776,3,0.172849,10,13.96,,,,,,0,0,0,,,,,,,,,,,,,,,,0
2023-12-24,43655.666667,perp,0.215266,1,0.174051,11,9.5,,,,,,0,0,0,,,,,,,,,,,,,,,,0
2023-12-25,43529.611111,perp,0.270208,1,0.175254,10,16.88,,,,,,0,0,0,,,,,,,,,,,,,,,,0
2023-12-26,42637.637795,perp,0.222387,1,0.177484,9,11.062,,,,,,0,0,0,,,,,,,,,,,,,,,,0
2023-12-27,43191.287215,perp,,0,0.177484,10,21.81,,,,,,0,0,0,,,,,,,,,,,,,,,,0
2023-12-28,43124.965831,perp,0.354678,2,0.179715,11,21.3,,,,,,0,0,0,,,,,,,,,,,,,,,,0
2023-12-29,42320.222222,perp,0.343184,2,0.18614,13,43.59,,,,,,0,0,0,,,,,,,,,,,,,,,,0
2023-12-30,42001.543624,perp,0.252338,2,0.195379,17,25.5,,,,,,0,0,0,,,,,,,,,,,,,,,,0
2023-12-31,42607.761733,perp,,0,0.198193,8,15.884,,,,,,0,0,0,,,,,,,,,,,,,,,,0
2024-01-01,43312.482672,perp,0.205331,1,0.205331,11,12.68,,,,,,0,0,0,,,,,,,,,,,,,,,,0
2024-01-02,44829.498111,perp,0.32365,4,0.215266,21,47.192,,,,,,0,0,0,,,,,,,,,,,,,,,,0
2024-01-03,44406.367432,perp,0.207922,5,0.215266,23,103.474,,,,,,0,0,0,,,,,,,,,,,,,,,,0
2024-01-04,43616.772101,perp,0.104177,3,0.215266,17,31.562,0.757707,,,-0.020551,,12,0,0,0.760815,,,0.015433,,0.722242,,,-0.051737,,,,,,,0
2024-01-05,43664.181287,perp,,0,0.218827,24,229.136,0.826498,,,0.00822,,16,0,0,0.81123,,,0.075878,,0.822481,,,-0.022797,,,,,,,0
2024-01-06,43830.857143,perp,,0,0.222387,17,47.436,0.830101,,,-0.009513,,14,0,0,0.838196,,,-0.021418,,,,,,,,,,,,0
2024-01-07,44218.988824,perp,,0,0.237363,9,6.98,,,,,,0,0,0,,,,,,,,,,,,,,,,0
2024-01-08,46672.287044,perp,,0,0.252338,18,309.564,0.853422,,,-0.001909,,13,0,0,,,,,,0.859789,,,-0.000856,,,,,,,0
2024-01-09,46109.559023,perp,,0,0.237363,23,148.914,,,,,,0,0,0,,,,,,,,,,,,,,,,0
2024-01-10,45897.009845,perp,0.199365,2,0.23013,29,456.244,,,,,,0,0,0,,,,,,,,,,,,,,,,0
2024-01-11,47202.200957,perp,-0.008038,2,0.207922,25,335.08,,,,,,0,0,0,,,,,,,,,,,,,,,,0
2024-01-12,44914.57685,perp,,0,0.206626,16,24.32,0.576665,,,0.000507,,11,0,0,,,,,,0.553223,,,-0.061797,,,,,,,0
2024-01-13,,,,0,,8,7.502,,,,,,0,0,0,,,,,,,,,,,,,,,,0
2024-01-14,42881.835443,perp,,0,0.205331,6,11.802,,,,,,0,0,0,,,,,,,,,,,,,,,,0
2024-01-15,42642.640187,perp,,0,0.202348,19,88.06,0.510032,,,-0.065026,,10,0,0,0.522564,,,,,,,,,,,,,,,0
2024-01-16,42940.266667,perp,,0,0.202348,11,13.902,,,,,,0,0,0,,,,,,,,,,,,,,,,0
2024-01-17,42679.600849,perp,0.126499,1,0.162932,18,37.642,,,,,,0,0,0,,,,,,,,,,,,,,,,0
2024-01-18,42545.27027,perp,0.282379,1,0.162932,28,163.84,0.443155,0.45025,,-0.055736,-0.007011,7,6,0,,,,,,,,,,,,,,,,0
2024-01-19,41590.232558,perp,,0,0.126499,10,26.38,0.415894,,,-0.018176,,7,0,0,,,,,,,,,,,,,,,,0
2024-01-20,41568.235294,perp,,0,0.162932,8,137.606,,,,,,0,0,0,,,,,,,,,,,,,,,,0
2024-01-21,41622.0,perp,,0,0.162932,8,57.6,,,,,,0,0,0,,,,,,,,,,,,,,,,0
2024-01-22,40454.229015,perp,0.166445,2,0.166445,18,92.77,0.496038,,,-0.004301,,10,0,0,0.509516,,,-0.058367,,,,,,,,,,,,0
2024-01-23,39066.901012,perp,0.091734,5,0.146472,28,141.79,,0.483581,,,-0.121459,0,8,0,,,,,,,,,,,,,,,,0
2024-01-24,,,,0,,23,119.04,,,,,,0,0,0,,,,,,,,,,,,,,,,0
2024-01-25,39938.211144,perp,,0,0.146472,8,53.0,,,,,,0,0,0,,,,,,,,,,,,,,,,0
2024-01-26,40594.903226,perp,,0,0.146472,16,124.618,0.417147,,,-0.048558,,6,0,0,,,,,,,,,,,,,,,,0
2024-01-27,41871.333333,perp,,0,0.126499,5,19.24,,,,,,0,0,0,,,,,,,,,,,,,,,,0
2024-01-28,42254.146341,perp,0.066773,1,0.126499,11,71.452,,,,,,0,0,0,,,,,,,,,,,,,,,,0
2024-01-29,42042.479339,perp,-0.020107,1,0.109117,25,113.43,0.419885,,,-0.012255,,14,0,0,,,,,,0.418651,,,-0.009303,,,,,,,0
2024-01-30,,,,0,,15,44.08,,,,,,0,0,0,,,,,,,,,,,,,,,,0
2024-01-31,42956.99115,perp,,0,0.109117,14,49.802,,,,,,0,0,0,,,,,,,,,,,,,,,,0
2024-02-01,42178.110236,perp,0.081108,2,0.091734,16,97.14,,,,,,0,0,0,,,,,,,,,,,,,,,,0
2024-02-02,42935.689655,perp,,0,0.091734,12,51.404,0.372375,,,-0.023217,,5,0,0,,,,,,,,,,,,,,,,0
2024-02-03,43167.905605,perp,,0,0.086421,5,1.228,,,,,,0,0,0,,,,,,,,,,,,,,,,0
2024-02-04,,,,0,,10,32.958,,,,,,0,0,0,,,,,,,,,,,,,,,,0
2024-02-05,42516.0,perp,0.062058,2,0.07394,16,20.79,0.379654,,,-0.007812,,10,0,0,0.385095,,,-0.003717,,,,,,,,,,,,0
2024-02-06,43034.78943,perp,,0,0.07394,12,32.588,,0.417526,,,-0.000506,0,9,0,,,,,,,,,,,,,,,,0
2024-02-07,43766.013986,perp,,0,0.07394,21,68.48,,0.417361,,,-0.004852,0,6,0,,,,,,,,,,,,,,,,0
2024-02-08,44718.915809,perp,,0,0.07394,18,55.45,,,,,,0,0,0,,,,,,,,,,,,,,,,0
2024-02-09,46251.717137,perp,0.295286,1,0.07394,34,155.56,0.448181,0.444299,,-0.017169,0.012391,12,12,0,,,,,,0.449633,0.448287,,-0.021558,0.020183,,,,,,0
2024-02-10,47288.355049,perp,,0,0.066773,17,52.444,0.399709,0.464845,,0.043728,0.040589,7,6,0,,,,,,,,,,,,,,,,0
2024-02-11,48210.671141,perp,0.088286,5,0.07394,39,130.01,0.520446,0.488529,,0.072234,0.052028,8,16,0,,0.481736,,,0.054962,,0.489185,,,0.060925,,,,,,0
2024-02-12,49537.555746,perp,0.124532,7,0.081108,50,110.588,0.512778,0.511882,0.535431,0.053343,0.05203,12,19,9,,0.502855,,,0.061307,0.516561,0.51829,0.528934,0.091358,0.048539,,,,,,0
2024-02-13,48813.76947,perp,0.12589,2,0.084697,31,57.126,,,,,,0,0,0,,,,,,,,,,,,,,,,0
2024-02-14,50622.022665,perp,,0,0.088286,27,51.492,,,,,,0,0,0,,,,,,,,,,,,,,,,0
2024-02-15,51836.537051,perp,,0,0.106409,29,368.99,0.532029,,,0.002948,,12,0,0,,,,,,0.527352,,,-0.001745,,,,,,,0
2024-02-16,51822.690707,perp,0.107013,1,0.107013,24,357.672,0.471127,,,0.01487,,14,0,0,0.456441,,,0.015106,,0.497731,,,0.012954,,,,,,,0
2024-02-17,51464.599407,perp,,0,0.115773,14,37.096,0.484947,,,0.004523,,12,0,0,0.497501,,,0.092404,,,,,,,,,,,,0
2024-02-18,51801.96,perp,,0,0.115773,5,0.94,,,,,,0,0,0,,,,,,,,,,,,,,,,0
2024-02-19,52285.120275,perp,,0,0.115773,10,21.718,,,,,,0,0,0,,,,,,,,,,,,,,,,0
2024-02-20,51752.071823,perp,0.011422,2,0.115773,28,29.128,,,,,,0,0,0,,,,,,,,,,,,,,,,0
2024-02-21,51176.48,perp,,0,0.115773,23,21.586,,,,,,0,0,0,,,,,,,,,,,,,,,,0
2024-02-22,51519.707317,perp,,0,0.115773,18,25.002,0.526297,,,-0.012824,,7,0,0,,,,,,,,,,,,,,,,0
2024-02-23,51175.289256,perp,,0,0.115773,26,66.092,0.510641,,,0.195073,,6,0,0,,,,,,,,,,,,,,,,0
2024-02-24,51163.137255,perp,,0,0.107013,8,6.574,,,,,,0,0,0,,,,,,,,,,,,,,,,0
2024-02-25,,,,0,,11,3.8,,,,,,0,0,0,,,,,,,,,,,,,,,,0
2024-02-26,52577.015131,perp,0.20881,1,0.115773,38,111.962,0.502868,0.559469,,-0.000321,0.00976,10,11,0,0.524919,,,-0.026119,,,0.544416,,,0.006677,,,,,,0
2024-02-27,57096.328125,perp,0.139367,1,0.125211,44,84.816,,0.600701,,,-0.039023,0,10,0,,,,,,,,,,,,,,,,0
2024-02-28,59780.656,perp,-0.020506,3,0.116451,67,267.332,,0.614458,,,0.094162,0,15,0,,0.596947,,,0.1039,,0.657017,,,0.08843,,,,,,0
2024-02-29,61283.127572,perp,,0,0.107013,30,58.204,,,,,,0,0,0,,,,,,,,,,,,,,,,0
2024-03-01,61953.42576,perp,,0,0.107013,22,27.578,0.627048,,,0.042578,,7,0,0,,,,,,,,,,,,,,,,0
2024-03-02,62301.868687,perp,,0,0.107013,17,13.99,0.602926,,,0.093573,,7,0,0,0.588012,,,0.105527,,,,,,,,,,,,0
2024-03-03,62412.056075,perp,0.196017,1,0.139367,13,26.814,,,,,,0,0,0,,,,,,,,,,,,,,,,0
2024-03-04,66757.062457,perp,0.171017,5,0.155192,52,155.674,0.753877,0.708289,,-0.008715,0.105764,10,16,0,,0.704067,,,0.091105,0.756068,,,0.052169,,,,,,,0
2024-03-05,66384.44645,perp,0.201536,2,0.171017,36,69.818,,0.736562,,,0.060264,0,8,0,,0.729976,,,0.044619,,,,,,,,,,,0
2024-03-06,66180.968858,perp,,0,0.171017,14,17.266,,,,,,0,0,0,,,,,,,,,,,,,,,,0
2024-03-07,66983.284123,perp,,0,0.183517,13,21.64,,,,,,0,0,0,,,,,,,,,,,,,,,,0
2024-03-08,68543.733394,perp,0.269287,1,0.196017,33,114.822,0.70223,,,0.055867,,12,0,0,0.712666,,,0.079703,,,,,,,,,,,,0
2024-03-09,68231.318493,perp,,0,0.196017,17,67.544,0.681024,0.736259,,0.096506,0.067218,6,9,0,,0.736104,,,0.066384,,,,,,,,,,,0
2024-03-10,69304.173901,perp,,0,0.196017,35,104.062,0.772362,0.735886,,0.065381,0.114125,9,11,0,,0.738317,,,0.086571,,,,,,,,,,,0
2024-03-11,71054.378788,perp,,0,0.196017,45,123.734,0.84876,,,0.027694,,11,0,0,,,,,,,,,,,,,,,,0
2024-03-12,71623.081841,perp,0.316983,2,0.196017,39,70.41,,0.766068,,,0.072803,0,10,0,,,,,,,,,,,,,,,,0
2024-03-13,72477.112832,perp,,0,0.198776,28,31.668,,0.878866,,,0.035055,0,9,0,,,,,,,,,,,,,,,,0
2024-03-14,69937.494305,perp,0.322747,1,0.235411,42,63.602,0.696706,,,-0.001401,,7,0,0,,,,,,,,,,,,,,,,0
2024-03-15,68192.17646,perp,,0,0.235411,41,48.872,0.759894,0.774434,,-0.020265,,15,6,0,0.757936,,,-0.025967,,,,,,,,,,,,0
2024-03-16,66712.958084,perp,,0,0.235411,35,44.768,0.728077,,,-0.032812,,15,0,0,,,,,,0.705144,,,0.009652,,,,,,,0
2024-03-17,66317.498243,perp,0.347351,2,0.269287,38,45.442,0.797008,,,-0.100868,,11,0,0,0.794383,,,-0.063196,,,,,,,,,,,,0
2024-03-18,67572.638889,perp,0.268357,2,0.269287,26,70.47,0.737057,,,-0.019277,,11,0,0,0.714398,,,0.282658,,,,,,,,,,,,0
2024-03-19,63800.12987,perp,0.01938,4,0.269287,38,102.878,,0.729827,,,-0.021769,0,12,0,,0.728515,,,-0.018085,,,,,,,,,,,0
2024-03-20,65614.077869,perp,0.241499,2,0.269287,37,36.87,,0.768674,,,-0.025956,0,9,0,,0.766509,,,-0.041271,,,,,,,,,,,0
2024-03-21,66974.256272,perp,,0,0.269287,23,31.37,,,,,,0,0,0,,,,,,,,,,,,,,,,0
2024-03-22,64906.101365,perp,0.254652,1,0.268822,26,28.756,0.69466,,,-0.110681,,8,0,0,,,,,,,,,,,,,,,,0
2024-03-23,65365.484234,perp,,0,0.268357,15,56.866,0.720714,,,-0.097291,,7,0,0,,,,,,,,,,,,,,,,0
2024-03-24,66040.135624,perp,,0,0.268357,17,68.99,0.704076,,,0.003991,,6,0,0,,,,,,,,,,,,,,,,0
2024-03-25,69399.770658,perp,0.174219,2,0.261505,26,37.34,0.683073,,,0.049259,,10,0,0,,,,,,,,,,,,,,,,0
2024-03-26,70565.787037,perp,0.298395,1,0.268357,19,24.322,,0.764774,,,0.019258,0,7,0,,,,,,,,,,,,,,,,0
2024-03-27,68951.440397,perp,0.214012,3,0.254652,26,49.08,,0.731812,,,0.015341,0,8,0,,,,,,,0.723458,,,0.009363,,,,,,0
2024-03-28,70011.590679,perp,,0,0.254652,14,24.338,,,,,,0,0,0,,,,,,,,,,,,,,,,0
2024-03-29,69990.726115,perp,,0,0.248076,27,92.998,0.574724,,,-0.040327,,8,0,0,,,,,,,,,,,,,,,,0
2024-03-30,69971.832845,perp,0.280917,1,0.254652,12,6.494,,0.727456,,,0.06887,0,5,0,,,,,,,,,,,,,,,,0
2024-03-31,70543.055818,perp,0.305752,2,0.261505,17,37.098,0.703582,,,0.033966,,6,0,0,,,,,,,,,,,,,,,,0
2024-04-01,69766.518127,perp,0.191831,2,0.248076,22,20.632,,0.748731,,,0.07119,0,8,0,,0.751116,,,0.065249,,,,,,,,,,,0
2024-04-02,67736.626106,perp,0.282888,1,0.248076,31,36.492,,0.726329,,,0.056983,0,13,0,,0.728569,,,0.068579,,,,,,,,,,,0
2024-04-03,65945.789474,perp,0.140664,1,0.248076,16,22.29,,,,,,0,0,0,,,,,,,,,,,,,,,,0
2024-04-04,67789.980198,perp,,0,0.254652,10,23.75,,,,,,0,0,0,,,,,,,,,,,,,,,,0
2024-04-05,67798.75,perp,,0,0.254652,33,63.83,0.635672,,,-0.043535,,13,0,0,,,,,,0.635296,,,-0.040055,,,,,,,0
2024-04-06,68999.376026,perp,,0,0.247464,12,21.78,,,,,,0,0,0,,,,,,,,,,,,,,,,0
2024-04-07,69277.422969,perp,0.183682,1,0.214012,14,17.692,,,,,,0,0,0,,,,,,,,,,,,,,,,0
2024-04-08,71063.741185,perp,,0,0.214012,20,43.156,0.760819,,,0.076986,,6,0,0,,,,,,,,,,,,,,,,0
2024-04-09,70657.062937,perp,0.317415,1,0.280917,24,39.646,,,,,,0,0,0,,,,,,,,,,,,,,,,0
2024-04-10,68747.419847,perp,0.409355,1,0.280917,22,31.544,,,,,,0,0,0,,,,,,,,,,,,,,,,0
2024-04-11,70769.106145,perp,,0,0.281902,14,16.01,,,,,,0,0,0,,,,,,,,,,,,,,,,0
2024-04-12,69593.442879,perp,0.243467,1,0.280917,42,114.482,0.590515,,,-0.108928,,13,0,0,0.589229,,,-0.08859,,,,,,,,,,,,0
2024-04-13,64345.450469,perp,,0,0.280917,41,60.898,0.692846,,0.773672,-0.053961,,10,0,6,,,,,,,,,,,,,,,,0
2024-04-14,64118.176471,perp,,0,0.263177,23,39.18,0.76707,,0.701246,-0.059848,,9,0,5,,,,,,,,,,,,,,,,0
2024-04-15,64818.690852,perp,0.049236,1,0.217649,30,23.818,0.703978,,,-0.028654,,8,0,0,,,,,,,,,,,,,,,,0
2024-04-16,63377.583732,perp,,0,0.243467,15,33.612,,,,,,0,0,0,,,,,,,,,,,,,,,,0
2024-04-17,60962.990111,perp,,0,0.213575,23,23.48,,,,,,0,0,0,,,,,,,,,,,,,,,,0
2024-04-18,61801.823529,perp,-0.019552,1,0.213575,29,21.398,0.703213,,,-0.099766,,9,0,0,,,,,,0.686976,,,-0.093399,,,,,,,0
2024-04-19,64239.752322,perp,,0,0.213575,44,247.718,0.713359,,,-0.055736,,12,0,0,,,,,,,,,,,,,,,,0
2024-04-20,64791.85738,perp,,0,0.213575,18,42.004,0.675534,,,0.04416,,5,0,0,,,,,,,,,,,,,,,,0
2024-04-21,64727.592593,perp,,0,0.213575,12,38.594,,,,,,0,0,0,,,,,,,,,,,,,,,,0
2024-04-22,66111.066667,perp,,0,0.243467,25,113.542,0.650462,,,0.005385,,10,0,0,,,,,,,,,,,,,,,,0
2024-04-23,66677.250384,perp,0.129083,1,0.186275,20,25.028,,,,,,0,0,0,,,,,,,,,,,,,,,,0
2024-04-24,65019.688667,perp,0.094544,1,0.111813,21,16.156,,,,,,0,0,0,,,,,,,,,,,,,,,,0
2024-04-25,64211.793814,perp,0.102733,1,0.098638,14,35.126,,,,,,0,0,0,,,,,,,,,,,,,,,,0
2024-04-26,64752.0,perp,0.163157,6,0.102733,37,596.224,0.097763,,0.604221,-0.011075,,8,0,8,,,,,,,,,,,,,,,,0
2024-04-27,63010.47619,perp,,0,0.098639,18,57.92,0.483997,,,-0.037829,,9,0,0,,,,,,0.490129,,,,,,,,,,0
2024-04-28,63694.6875,perp,0.129212,1,0.102733,22,32.016,0.529347,,,0.047526,,6,0,0,,,,,,,,,,,,,,,,0
2024-04-29,63018.587361,perp,0.142245,1,0.115908,36,48.34,0.530968,,,0.003373,,9,0,0,,,,,,0.533046,,,-0.007675,,,,,,,0
2024-04-30,60619.365079,perp,,0,0.129083,33,54.186,,0.544229,,,-0.024712,0,8,0,,,,,,,,,,,,,,,,0
2024-05-01,57500.568572,perp,0.213845,3,0.129147,38,61.196,,,,,,0,0,0,,,,,,,,,,,,,,,,0
2024-05-02,58260.065217,perp,,0,0.129147,21,26.654,,,,,,0,0,0,,,,,,,,,,,,,,,,0
2024-05-03,60281.229698,perp,,0,0.129212,21,116.63,,,,,,0,0,0,,,,,,,,,,,,,,,,0
2024-05-04,63842.712551,perp,0.093201,2,0.129147,20,39.396,,,,,,0,0,0,,,,,,,,,,,,,,,,0
2024-05-05,63516.957143,perp,,0,0.129147,4,34.398,,,,,,0,0,0,,,,,,,,,,,,,,,,0
2024-05-06,63716.391437,perp,0.106881,4,0.129083,27,16.014,0.558919,0.585018,,-0.093603,0.008407,9,7,0,,,,,,,,,,,,,,,,0
2024-05-07,63704.871795,perp,-0.807551,2,0.117982,29,1254.92,,0.516382,,,-0.001397,0,8,0,,,,,,,,,,,,,,,,0
2024-05-08,62472.291667,perp,,0,0.106881,10,9.954,,,0.529256,,,0,0,5,,,,,,,,,,,,,,,,0
2024-05-09,61478.449198,perp,,0,0.118046,12,14.226,,,,,,0,0,0,,,,,,,,,,,,,,,,0
2024-05-10,62044.25184,perp,,0,0.129212,18,50.794,0.487176,,,0.018925,,7,0,0,,,,,,,,,,,,,,,,0
2024-05-11,60778.424908,perp,,0,0.118046,13,20.56,,,,,,0,0,0,,,,,,,,,,,,,,,,0
2024-05-12,61108.492823,perp,,0,0.118046,17,28.6,0.492851,,,-0.014984,,6,0,0,,,,,,,,,,,,,,,,0
2024-05-13,62633.897059,perp,0.150908,1,0.124563,26,39.46,0.538574,,,-0.005395,,12,0,0,,,,,,0.531617,,,-0.022986,,,,,,,0
2024-05-14,61826.305361,perp,-0.057371,2,0.100041,16,59.2,,,,,,0,0,0,,,,,,,,,,,,,,,,0
2024-05-15,63811.670507,perp,0.137048,1,0.106881,27,53.284,,,,,,0,0,0,,,,,,,,,,,,,,,,0
2024-05-16,65995.509259,perp,0.118117,1,0.106881,21,34.82,,,,,,0,0,0,,,,,,,,,,,,,,,,0
2024-05-17,66557.945205,perp,,0,0.106881,22,41.55,,,,,,0,0,0,,,,,,,,,,,,,,,,0
2024-05-18,66958.057188,perp,,0,0.106881,25,74.304,0.458242,,,-0.002901,,9,0,0,0.446162,,,-0.009714,,,,,,,,,,,,0
2024-05-19,66296.727273,perp,,0,0.112499,40,30.434,0.483729,,,-0.003642,,11,0,0,0.491581,,,0.013064,,,,,,,,,,,,0
2024-05-20,69425.495798,perp,0.149221,1,0.118117,45,103.528,,,,,,0,0,0,,,,,,,,,,,,,,,,0
2024-05-21,70935.840637,perp,0.238001,3,0.137048,33,528.32,,,,,,0,0,0,,,,,,,,,,,,,,,,0
2024-05-22,69942.040816,perp,0.138543,1,0.138543,26,47.722,,,,,,0,0,0,,,,,,,,,,,,,,,,0
2024-05-23,68137.057202,perp,0.123423,1,0.137796,30,56.116,0.490714,0.546964,,0.013218,,7,5,0,,,,,,0.485029,,,0.009676,,,,,,,0
2024-05-24,67240.0,perp,,0,0.137796,22,20.874,0.427643,,,0.008953,,7,0,0,,,,,,0.448555,,,0.030644,,,,,,,0
2024-05-25,69391.666667,perp,,0,0.137796,12,27.99,,,,,,0,0,0,,,,,,,,,,,,,,,,0
2024-05-26,68643.954802,perp,,0,0.137796,13,11.1,,,,,,0,0,0,,,,,,,,,,,,,,,,0
2024-05-27,68679.200653,perp,,0,0.137796,23,23.002,0.48158,,,0.018359,,8,0,0,,,,,,,,,,,,,,,,0
2024-05-28,68284.906367,perp,,0,0.137048,31,61.46,,0.550966,,,0.017035,0,10,0,,0.535604,,,,,,,,,,,,,,0
2024-05-29,68061.111111,perp,0.193074,1,0.138543,17,17.702,,,,,,0,0,0,,,,,,,,,,,,,,,,0
2024-05-30,68158.664987,perp,,0,0.143882,22,33.45,,0.501251,,,0.00296,0,7,0,,,,,,,0.49973,,,-0.002414,,,,,,0
2024-05-31,67741.097407,perp,0.188188,2,0.168704,22,9.38,0.410553,,,-0.000527,,9,0,0,,,,,,,,,,,,,,,,0
2024-06-01,67718.571429,perp,,0,0.168704,16,21.2,0.420389,0.478345,,0.029469,-0.011542,9,5,0,,,,,,,,,,,,,,,,0
2024-06-02,67836.737044,perp,,0,0.168704,10,13.69,,,,,,0,0,0,,,,,,,,,,,,,,,,0
2024-06-03,68647.527687,perp,0.173416,1,0.173416,22,27.968,,,0.582525,,,0,0,5,,,,,,,,,,,,,,,,0
2024-06-04,70264.331839,perp,0.146203,1,0.173416,30,29.57,,0.519794,,,-0.000856,0,7,0,,,,,,,,,,,,,,,,0
2024-06-05,71270.284757,perp,0.044047,1,0.146203,38,434.948,,0.562353,,,0.018299,0,7,0,,,,,,,,,,,,,,,,0
2024-06-06,71136.225166,perp,0.150914,1,0.150914,18,16.982,,,,,,0,0,0,,,,,,,,,,,,,,,,0
2024-06-07,70804.375857,perp,,0,0.162165,38,84.234,0.452854,0.521729,0.556574,0.045985,0.043915,11,8,6,0.461801,,,0.045115,,,0.521729,,,0.043915,,,,,,0
2024-06-08,69449.598214,perp,,0,0.162165,15,39.244,0.396247,,,0.040022,,7,0,0,0.393274,,,0.040089,,,,,,,,,,,,0
2024-06-09,69545.053571,perp,,0,0.162165,14,8.424,,,,,,0,0,0,,,,,,,,,,,,,,,,0
2024-06-10,69403.740234,perp,0.166051,2,0.166051,34,45.576,0.461696,,0.54711,0.039414,,13,0,9,0.460388,,,0.030453,,0.461043,,0.545459,0.040264,,,,,,,0
2024-06-11,67161.022429,perp,0.09535,1,0.158482,38,78.036,,0.516491,,,0.011884,0,10,0,,,,,,,0.502614,,,,,,,,,0
2024-06-12,69396.767961,perp,,0,0.158482,22,54.944,,,,,,0,0,0,,,,,,,,,,,,,,,,0
2024-06-13,67143.082368,perp,,0,0.150914,15,34.28,,,,,,0,0,0,,,,,,,,,,,,,,,,0
2024-06-14,66209.969128,perp,,0,0.150914,16,12.772,0.391037,,,0.002438,,5,0,0,,,,,,,,,,,,,,,,0
2024-06-15,66130.662379,perp,,0,0.148558,4,1.62,,,,,,0,0,0,,,,,,,,,,,,,,,,0
2024-06-16,66522.168784,perp,,0,0.148558,8,8.172,,,,,,0,0,0,,,,,,,,,,,,,,,,0
2024-06-17,65608.764706,perp,,0,0.148558,12,44.73,,,,,,0,0,0,,,,,,,,,,,,,,,,0
2024-06-18,65336.142857,perp,0.445902,2,0.148558,22,444.34,,,,,,0,0,0,,,,,,,,,,,,,,,,0
2024-06-19,65157.736111,perp,0.049925,1,0.123132,20,79.206,,0.477484,,,-0.002484,0,7,0,,,,,,,,,,,,,,,,0
2024-06-20,65234.345165,perp,,0,0.150914,16,43.686,,,,,,0,0,0,,,,,,,,,,,,,,,,0
2024-06-21,64159.798617,perp,0.080854,1,0.09535,23,33.312,0.40315,,,-0.009151,,6,0,0,,,,,,,,,,,,,,,,0
2024-06-22,64297.129338,perp,0.119521,1,0.107436,12,67.6,,,,,,0,0,0,,,,,,,,,,,,,,,,0
2024-06-23,64017.489994,perp,,0,0.107436,10,45.28,,,,,,0,0,0,,,,,,,,,,,,,,,,0
2024-06-24,62205.685123,perp,0.105614,2,0.105614,28,67.976,0.458307,0.477477,,0.023967,,8,6,0,,,,,,,,,,,,,,,,0
2024-06-25,60767.826087,perp,,0,0.100482,19,56.788,,,,,,0,0,0,,,,,,,,,,,,,,,,0
2024-06-26,60979.767442,perp,0.113766,1,0.10969,18,46.098,,,,,,0,0,0,,,,,,,,,,,,,,,,0
2024-06-27,61681.781832,perp,0.091901,1,0.105614,16,46.63,,,,,,0,0,0,,,,,,,,,,,,,,,,0
2024-06-28,61051.14105,perp,,0,0.105614,22,57.952,,,0.540875,,,0,0,7,,,,,,,,,,,,,,,,0
2024-06-29,60907.307692,perp,,0,0.105614,14,114.86,,,,,,0,0,0,,,,,,,,,,,,,,,,0
2024-06-30,61912.380952,perp,,0,0.105614,8,85.56,,,,,,0,0,0,,,,,,,,,,,,,,,,0
2024-07-01,62998.686567,perp,-0.310293,3,0.098757,32,683.01,0.43498,0.160164,0.463006,0.001712,-0.073703,8,9,6,,0.186074,,,-0.035572,,,,,,,,,,,0
2024-07-02,62814.334741,perp,,0,0.098757,12,4.854,,,,,,0,0,0,,,,,,,,,,,,,,,,0
2024-07-03,60367.463516,perp,,0,0.091901,10,9.378,,,,,,0,0,0,,,,,,,,,,,,,,,,0
2024-07-04,58196.840023,perp,,0,0.098757,25,78.816,,0.467038,,,-0.016287,0,6,0,,,,,,,,,,,,,,,,0
2024-07-05,54495.774393,perp,0.062026,3,0.091901,54,242.288,0.531065,,,-0.061824,,10,0,0,,,,,,,,,,,,,,,,0
2024-07-06,57938.0,perp,,0,0.098757,23,145.804,,,,,,0,0,0,,,,,,,,,,,,,,,,0
2024-07-07,56250.0,perp,,0,0.091901,19,77.104,0.551939,,,-0.061717,,10,0,0,,,,,,0.57112,,,-0.069977,,,,,,,0
2024-07-08,55535.789474,perp,,0,0.091901,34,92.04,0.587553,0.506939,,-0.010024,-0.08639,12,6,0,0.578485,,,-0.054584,,0.573398,,,-0.025134,,,,,,,0
2024-07-09,57546.796274,perp,,0,0.076963,16,33.398,,,,,,0,0,0,,,,,,,,,,,,,,,,0
2024-07-10,58036.964072,perp,0.086732,1,0.086732,20,70.41,,,,,,0,0,0,,,,,,,,,,,,,,,,0
2024-07-11,58632.074468,perp,,0,0.074379,20,73.322,,,,,,0,0,0,,,,,,,,,,,,,,,,0
2024-07-12,58112.673267,perp,,0,0.062026,17,13.466,0.436169,,,0.019223,,6,0,0,,,,,,,,,,,,,,,,0
2024-07-13,59044.441222,perp,0.245002,1,0.074379,23,141.856,,,,,,0,0,0,,,,,,,,,,,,,,,,0
2024-07-14,60562.923629,perp,,0,0.074379,16,138.206,,,,,,0,0,0,,,,,,,,,,,,,,,,0
2024-07-15,63107.376991,perp,0.093809,2,0.086732,27,101.976,0.547228,,,0.008787,,10,0,0,,,,,,,,,,,,,,,,0
2024-07-16,64454.490897,perp,0.089959,1,0.089959,24,91.29,,0.531648,,,0.020967,0,8,0,,,,,,,,,,,,,,,,0
2024-07-17,65336.166835,perp,0.214353,1,0.091884,18,79.102,,,,,,0,0,0,,,,,,,,,,,,,,,,0
2024-07-18,64673.082236,perp,0.172363,2,0.093809,22,63.794,,,,,,0,0,0,,,,,,,,,,,,,,,,0
2024-07-19,65196.072521,perp,0.080673,1,0.091884,36,243.276,0.534849,,,0.021482,,12,0,0,,,,,,0.517193,,,0.015643,,,,,,,0
2024-07-20,66729.120348,perp,,0,0.093809,14,22.85,0.496635,,,0.042078,,6,0,0,,,,,,,,,,,,,,,,0
2024-07-21,68046.130653,perp,-0.05173,1,0.091884,20,55.256,,,,,,0,0,0,,,,,,,,,,,,,,,,0
2024-07-22,67807.302201,perp,0.09739,1,0.093809,23,136.174,0.661615,,,0.05697,,7,0,0,,,,,,,,,,,,,,,,0
2024-07-23,66362.527168,perp,0.13483,1,0.0956,20,53.903,,,,,,0,0,0,,,,,,,,,,,,,,,,0
2024-07-24,65940.950038,perp,,0,0.0956,9,11.414,,,,,,0,0,0,,,,,,,,,,,,,,,,0
2024-07-25,64777.129917,perp,,0,0.09739,17,66.292,0.641383,,,0.078899,,5,0,0,,,,,,,,,,,,,,,,0
2024-07-26,67107.870183,perp,,0,0.09739,29,95.196,0.703163,,0.626564,0.117492,,8,0,8,,,,,,,,,,,,,,,,0
2024-07-27,67961.944341,perp,0.154654,1,0.11611,23,71.47,0.776697,,,0.136597,,5,0,0,,,,,,,,,,,,,,,,0
2024-07-28,67535.114079,perp,,0,0.09739,14,16.314,,,,,,0,0,0,,,,,,,,,,,,,,,,0
2024-07-29,69230.201067,perp,0.196115,1,0.11611,29,87.1,0.555571,0.576074,0.581637,0.041529,,11,8,8,,0.572723,0.575593,,,,,,,,,,,,,0
2024-07-30,66316.603558,perp,,0,0.13483,15,12.676,,,,,,0,0,0,,,,,,,,,,,,,,,,0
2024-07-31,65913.185024,perp,,0,0.144742,16,27.616,,0.435265,,,0.028969,0,7,0,,,,,,,,,,,,,,,,0
2024-08-01,64506.656987,perp,0.093775,1,0.11611,31,172.298,,0.465006,,,0.023411,0,7,0,,0.470599,,,0.015503,,,,,,,,,,,0
2024-08-02,63728.834628,perp,,0,0.09739,30,45.164,0.447558,0.471173,0.513973,-0.023052,-0.005665,12,8,7,0.440233,,,-0.029812,,,0.472703,,,-0.005169,,,,,,0
2024-08-03,61032.151639,perp,,0,0.11611,17,34.482,0.518925,,,-0.140573,,6,0,0,,,,,,,,,,,,,,,,0
2024-08-04,58325.584192,perp,0.067349,1,0.09739,30,74.514,,0.537623,0.547999,,-0.037097,0,6,10,,,0.523732,,,,,,,,,,,,,0
2024-08-05,54040.760485,perp,0.093206,9,0.09739,56,215.052,0.722864,0.578277,0.58811,-0.233534,0.029231,9,13,11,0.773286,0.586193,,-0.347822,-0.029961,,0.57366,0.587788,,-0.075373,,,,,,0
2024-08-06,56502.335878,perp,0.056974,1,0.093775,36,75.976,,0.591694,,,-0.03534,0,7,0,,,,,,,,,,,,,,,,0
2024-08-07,56439.189435,perp,0.12013,1,0.093775,21,18.09,,,,,,0,0,0,,,,,,,,,,,,,,,,0
2024-08-08,59772.979582,perp,-0.095786,2,0.093491,32,70.556,0.579818,,,-0.010513,,7,0,0,,,,,,0.583555,,,-0.008147,,,,,,,0
2024-08-09,61030.794923,perp,0.088344,2,0.093206,24,41.892,,,,,,0,0,0,,,,,,,,,,,,,,,,0
2024-08-10,60770.830258,perp,,0,0.093206,10,31.804,,,,,,0,0,0,,,,,,,,,,,,,,,,0
2024-08-11,60411.794872,perp,,0,0.090775,22,40.278,,,,,,0,0,0,,,,,,,,,,,,,,,,0
2024-08-12,59048.659612,perp,0.099606,2,0.093206,28,40.842,0.591491,,,-0.034567,,7,0,0,,,,,,,,,,,,,,,,0
2024-08-13,59739.151563,perp,0.065084,3,0.088344,28,15.126,,0.545808,,,-0.029422,0,7,0,,,,,,,,,,,,,,,,0
2024-08-14,60418.792213,perp,0.053184,1,0.077847,19,23.222,,,,,,0,0,0,,,,,,,,,,,,,,,,0
2024-08-15,58658.050847,perp,0.126349,2,0.088344,27,18.71,,,,,,0,0,0,,,,,,,,,,,,,,,,0
2024-08-16,58457.234219,perp,0.075037,1,0.075037,24,22.338,0.506169,,,-0.12729,,7,0,0,,,,,,,,,,,,,,,,0
2024-08-17,59301.133005,perp,,0,0.075037,8,2.13,,,,,,0,0,0,,,,,,,,,,,,,,,,0
2024-08-18,59901.923077,perp,,0,0.075037,18,7.046,0.501512,,,0.018862,,10,0,0,,,,,,,,,,,,,,,,0
2024-08-19,58643.433157,perp,,0,0.08169,13,8.16,0.514461,,,0.036407,,6,0,0,,,,,,,,,,,,,,,,0
2024-08-20,59459.871795,perp,,0,0.075037,28,45.896,,,,,,0,0,0,,,,,,,,,,,,,,,,0
2024-08-21,60021.38404,perp,,0,0.08169,17,17.29,,,,,,0,0,0,,,,,,,,,,,,,,,,0
2024-08-22,60427.544987,perp,0.056625,2,0.07006,28,20.314,,,,,,0,0,0,,,,,,,,,,,,,,,,0
2024-08-23,63457.788784,perp,0.057334,1,0.07006,40,41.986,0.479415,0.548782,,-0.005517,-0.013637,9,9,0,,,,,,,,,,,,,,,,0
2024-08-24,64248.09774,perp,0.148614,1,0.07006,28,15.582,0.499839,,,-0.010441,,10,0,0,,,,,,0.49428,,,-0.027646,,,,,,,0
2024-08-25,64341.334056,perp,,0,0.07006,22,45.846,0.494488,,,-0.000681,,10,0,0,,,,,,0.48768,,,0.022508,,,,,,,0
2024-08-26,63799.359336,perp,0.079385,1,0.075037,26,33.992,0.45093,,,-0.01584,,6,0,0,,,,,,,,,,,,,,,,0
2024-08-27,60299.679453,perp,0.08139,1,0.075037,36,46.684,,0.496867,,,,0,7,0,,,,,,,,,,,,,,,,0
2024-08-28,59723.92555,perp,0.044612,1,0.075037,31,58.924,,0.523703,,,,0,8,0,,,,,,,,,,,,,,,,0
2024-08-29,59381.034483,perp,,0,0.077211,32,21.91,,0.515533,,,-0.021147,0,6,0,,,,,,,,,,,,,,,,0
2024-08-30,58600.219111,perp,0.083588,3,0.077211,46,76.656,0.481007,0.494155,,-0.068236,-0.034155,14,10,0,0.461111,,,-0.065528,,0.499804,0.493379,,-0.073772,-0.030591,,,,,,0
2024-08-31,59043.741722,perp,,0,0.079385,26,8.104,0.44887,,,,,7,0,0,,,,,,,,,,,,,,,,0
2024-09-01,57927.141751,perp,0.100239,1,0.080388,29,29.908,0.470726,,,-0.066624,,9,0,0,,,,,,,,,,,,,,,,0
2024-09-02,57641.745098,perp,,0,0.080388,27,12.85,0.504909,,0.604074,-0.021179,,7,0,10,,,,,,,,,,,,,,,,0
2024-09-03,58022.323311,perp,0.028221,1,0.079385,21,15.116,,,,,,0,0,0,,,,,,,,,,,,,,,,0
2024-09-04,56754.409938,perp,0.070225,5,0.074805,34,58.932,,,,,,0,0,0,,,,,,,,,,,,,,,,0
2024-09-05,56386.939535,perp,0.126457,1,0.079385,30,38.332,0.552446,,,-0.076404,,7,0,0,,,,,,,,,,,,,,,,0
2024-09-06,55909.671021,perp,0.080804,3,0.080804,58,110.836,0.556875,0.572303,0.635276,-0.045944,-0.017653,12,8,9,0.559796,,0.628956,-0.039614,,,,,,,,,,,,0
2024-09-07,54365.744259,perp,,0,0.081097,33,62.978,,0.576777,0.656093,,-0.023149,0,11,9,,,,,,,,,,,,,,,,0
2024-09-08,54768.552632,perp,0.019576,1,0.080094,21,9.98,,,,,,0,0,0,,,,,,,,,,,,,,,,0
2024-09-09,56380.172835,perp,0.011154,1,0.079385,40,65.788,0.611121,0.569338,0.645906,0.013941,-0.070776,6,6,9,,,0.586599,,,,,,,,,,,,,0
2024-09-10,57456.957606,perp,0.056304,1,0.070225,31,29.892,,0.546035,,,-0.039676,0,6,0,,,,,,,,,,,,,,,,0
2024-09-11,56987.974684,perp,0.060257,1,0.060257,29,46.266,,0.527892,,,0.008603,0,6,0,,,,,,,,,,,,,,,,0
2024-09-12,58030.802752,perp,0.171446,1,0.070225,16,10.096,,,,,,0,0,0,,,,,,,,,,,,,,,,0
2024-09-13,60509.126984,perp,0.043027,3,0.065241,30,30.902,0.503729,,,-0.029571,,10,0,0,,,,,,0.490279,,,-0.010904,,,,,,,0
2024-09-14,60089.371429,perp,,0,0.060257,17,15.722,0.46548,,,-0.034114,,6,0,0,,,,,,,,,,,,,,,,0
2024-09-15,59727.182502,perp,0.002773,1,0.05828,24,25.236,,,,,,0,0,0,,,,,,,,,,,,,,,,0
2024-09-16,58501.254632,perp,0.083278,5,0.05828,40,55.74,0.5512,0.50522,,-0.018596,-0.010151,13,7,0,,,,,,0.549426,,,-0.008625,,,,,,,0
2024-09-17,60789.914861,perp,0.045688,2,0.056304,45,89.262,,0.554823,,,,0,9,0,,,,,,,,,,,,,,,,0
2024-09-18,61360.020559,perp,0.066687,5,0.060257,62,272.394,,0.516826,0.611974,,-0.043194,0,9,8,,,,,,,,,,,,,,,,0
2024-09-19,62628.257228,perp,-0.050916,3,0.056304,51,81.26,,0.520131,0.59019,,-0.048707,0,11,10,,,0.587102,,,,0.546819,,,-0.020397,,,,,,0
2024-09-20,63186.297281,perp,0.057121,2,0.056304,38,39.34,0.477007,0.501099,,-0.004636,-0.001572,12,7,0,,,,,,0.471286,,,,,,,,,,0
2024-09-21,63276.720539,perp,,0,0.050996,18,20.4,,,,,,0,0,0,,,,,,,,,,,,,,,,0
2024-09-22,63027.705242,perp,0.063817,1,0.056304,24,28.14,,,,,,0,0,0,,,,,,,,,,,,,,,,0
2024-09-23,63684.835025,perp,0.05581,1,0.056304,30,33.274,0.494209,0.499966,,-0.009742,0.00711,7,6,0,,,,,,,,,,,,,,,,0
2024-09-24,64153.793584,perp,0.316506,2,0.057121,34,1245.566,,,,,,0,0,0,,,,,,,,,,,,,,,,0
2024-09-25,63433.077706,perp,0.015652,1,0.057121,21,60.252,,,,,,0,0,0,,,,,,,,,,,,,,,,0
2024-09-26,64272.593726,perp,-0.010188,3,0.05581,46,88.244,0.453421,0.494865,,-0.046436,0.005623,6,8,0,,,,,,,,,,,,,,,,0
2024-09-27,65803.219442,perp,0.03494,6,0.045688,54,116.154,0.429383,0.501195,,-0.013079,0.065848,12,10,0,,0.47399,,,,0.424875,,,-0.014987,,,,,,,0
2024-09-28,65752.533599,perp,0.058094,2,0.05581,32,17.76,0.430398,,,0.020157,,9,0,0,,,,,,,,,,,,,,,,0
2024-09-29,65674.14026,perp,0.069676,1,0.056466,25,21.33,0.436329,,,-0.0303,,9,0,0,,,,,,,,,,,,,,,,0
2024-09-30,64288.273547,perp,0.070088,5,0.057607,41,27.286,0.462209,0.499216,,0.013521,0.001744,10,9,0,,,,,,,0.499553,,,,,,,,,0
2024-10-01,62147.047244,perp,0.094935,4,0.057607,56,112.462,,0.505494,0.581673,,-0.010899,0,12,5,,0.507331,,,,,0.503482,,,-0.006234,,,,,,0
2024-10-02,60490.71683,perp,0.091248,6,0.060955,51,49.462,,0.516893,0.569148,,-0.009666,0,12,6,,,,,,,,,,,,,,,,0
2024-10-03,60703.884952,perp,0.109306,4,0.060955,46,14.946,0.516996,0.538246,,,-0.007382,5,8,0,,,,,,,,,,,,,,,,0
2024-10-04,61657.408284,perp,0.083486,3,0.066747,46,69.354,0.438172,,,-0.017784,,12,0,0,0.462351,,,-0.058676,,0.433468,,,-0.082371,,,,,,,0
2024-10-05,62093.672036,perp,,0,0.069676,29,52.628,0.441746,,,,,6,0,0,,,,,,,,,,,,,,,,0
2024-10-06,62173.792545,perp,0.073892,1,0.069882,29,17.052,0.442984,,,0.030935,,6,0,0,,,,,,,,,,,,,,,,0
2024-10-07,63571.440763,perp,-0.026306,6,0.069882,58,1277.164,,0.533054,,,0.013632,0,11,0,,,,,,,0.536089,,,0.001376,,,,,,0
2024-10-08,62520.3708,perp,0.086217,3,0.07199,43,106.63,,0.513592,,,0.008496,0,13,0,,,,,,,0.51968,,,0.008047,,,,,,0
2024-10-09,62127.392157,perp,0.138712,7,0.07199,41,38.438,,0.469476,,,-0.078399,0,10,0,,,,,,,0.46141,,,-0.034179,,,,,,0
2024-10-10,60094.268963,perp,0.123739,7,0.078689,58,100.7312,0.450434,0.510337,,-0.048032,-0.002369,6,7,0,,,,,,0.450764,,,-0.048029,,,,,,,0
2024-10-11,62694.869832,perp,0.030285,3,0.078689,58,890.092,0.395914,0.492546,0.541532,0.01024,0.021995,16,8,11,0.383032,,0.548718,0.016188,,0.404693,,,0.007373,,,,,,,0
2024-10-12,62851.92187,perp,0.079213,3,0.08135,22,28.822,,,0.561603,,,0,0,7,,,,,,,,,,,,,,,,0
2024-10-13,62708.548799,perp,0.089232,2,0.084851,23,25.406,0.439871,,,0.010875,,8,0,0,,,,,,,,,,,,,,,,0
2024-10-14,65391.559611,perp,0.091722,9,0.087725,71,138.48,0.474275,0.540476,0.581144,0.023976,0.005574,17,13,12,0.474514,,0.570157,0.023028,,0.469612,0.513762,0.585973,0.022351,0.122242,,,,,,0
2024-10-15,65968.780207,perp,0.02486,7,0.087725,62,167.928,,0.575564,0.596541,,0.01847,0,10,8,,,,,,,0.573303,,,0.021245,,,,,,0
2024-10-16,67473.102878,perp,0.084952,7,0.085584,66,163.482,,0.558049,0.591822,,0.025331,0,16,7,,0.580361,,,0.136923,,0.566752,,,0.057983,,,,,,0
2024-10-17,66998.90238,perp,0.077235,6,0.084219,38,117.608,0.459904,,,0.011935,,6,0,0,,,,,,,,,,,,,,,,0
2024-10-18,67941.726985,perp,0.111711,2,0.084219,43,275.73,0.420528,0.557388,,0.01742,0.037379,11,9,0,,,,,,,,,,,,,,,,0
2024-10-19,68238.231827,perp,,0,0.084952,18,29.676,0.401001,,,0.025046,,7,0,0,,,,,,,,,,,,,,,,0
2024-10-20,68787.726621,perp,0.125084,1,0.085585,28,78.608,0.457412,,,0.054624,,7,0,0,,,,,,,,,,,,,,,,0
2024-10-21,68429.171,perp,0.135252,2,0.087725,47,92.04,0.460102,0.546369,,0.038873,0.058836,13,12,0,,0.540927,,,0.047061,0.460009,,,0.048239,,,,,,,0
2024-10-22,67340.4368,perp,0.042349,3,0.087725,36,235.958,,,,,,0,0,0,,,,,,,,,,,,,,,,0
2024-10-23,66393.341242,perp,0.169445,1,0.090477,46,173.986,,0.548191,,,0.041678,0,9,0,,0.550715,,,,,,,,,,,,,,0
2024-10-24,67906.965363,perp,0.124909,5,0.090477,43,104.198,0.409905,0.5359,,-0.016312,0.046162,7,6,0,,,,,,,,,,,,,,,,0
2024-10-25,67410.783333,perp,0.051329,4,0.087092,45,83.9144,0.394799,,,-0.00931,,16,0,0,0.404135,,,0.004909,,0.386135,,,-0.013702,,,,,,,0
2024-10-26,66683.785714,perp,0.172392,2,0.090477,28,17.478,0.462307,0.544018,,-0.037292,,10,5,0,,,,,,,,,,,,,,,,0
2024-10-27,68170.771812,perp,0.147632,1,0.101717,28,28.956,0.537951,,,0.043102,,9,0,0,0.54753,,,0.03855,,,,,,,,,,,,0
2024-10-28,68730.169869,perp,0.132448,5,0.11831,49,57.362,0.56252,0.562807,,0.008143,,17,10,0,0.561759,0.561764,,0.004885,,0.562284,,,0.02125,,,,,,,0
2024-10-29,71240.640613,perp,0.095187,14,0.11831,80,3068.276,,0.574913,,,,0,15,0,,0.417239,,,-0.229251,,0.572457,,,-0.26573,,,,,,0
2024-10-30,72123.000963,perp,0.208121,5,0.124997,40,65.854,,0.591072,,,-0.008883,0,11,0,,,,,,,0.585475,,,0.03448,,,,,,0
2024-10-31,70634.14862,perp,0.093725,4,0.124997,44,51.432,0.683723,0.576281,,-0.030682,0.016997,10,6,0,0.691792,,,-0.029794,,,,,,,,,,,,0
2024-11-01,69438.915848,perp,0.123201,5,0.124997,52,2867.13,0.693418,0.589227,,-0.003746,0.017442,18,6,0,0.689221,,,-0.004207,,0.703059,,,-0.003898,,,,,,,0
2024-11-02,69624.057304,perp,0.109815,1,0.124997,25,33.314,0.719265,0.584224,,-0.040368,0.071133,8,7,0,,,,,,,,,,,,,,,,0
2024-11-03,68126.159091,perp,0.101701,4,0.124909,52,68.636,0.754029,0.594715,,-0.03344,0.023177,12,10,0,,,,,,0.756155,0.60979,,-0.024975,0.012042,,,,,,0
2024-11-04,67798.678203,perp,0.133492,2,0.124909,51,133.846,0.787899,0.615993,,-0.006607,0.006632,16,9,0,,,,,,0.782971,,,0.032749,,,,,,,0
2024-11-05,68580.412595,perp,0.077219,3,0.123201,49,175.958,,0.620053,,,-0.014009,0,7,0,,,,,,,0.610191,,,0.031085,,,,,,0
2024-11-06,74542.38872,perp,0.190695,11,0.124909,96,346.094,,0.559662,0.540818,,0.02651,0,24,13,,0.547242,,,0.028934,,0.563158,0.566749,,0.024072,,,,,,0
2024-11-07,75257.071738,perp,0.127374,9,0.124909,65,68.882,0.522745,0.548713,0.524007,0.033814,0.028688,7,12,8,,0.559953,,,0.01425,,,,,,,,,,,0
2024-11-08,76085.185747,perp,0.163014,3,0.127374,57,366.968,0.487752,0.526649,,0.015613,0.029609,12,14,0,0.512635,0.52408,,0.02007,0.039297,0.503341,,,0.020059,,,,,,,0
2024-11-09,76388.298115,perp,0.131665,2,0.131665,37,77.56,0.435613,0.492194,0.499064,0.025857,0.026391,10,12,5,,0.491234,,,0.047967,0.442363,0.484008,,-0.004393,0.020926,,,,,,0
2024-11-10,79290.200182,perp,0.153575,11,0.131665,89,135.2348,0.554072,0.540775,0.529305,0.122377,0.031563,17,22,16,0.56449,0.541606,0.518462,0.182223,0.03915,0.551761,0.533675,0.530847,,0.053493,,,,,,0
2024-11-11,84938.564593,perp,0.127767,14,0.127767,106,164.694,0.59843,0.543402,0.544652,0.057479,0.058973,17,19,18,0.580111,0.531124,0.55835,0.074966,0.114002,,0.540569,0.541254,,0.058086,,,,,,0
2024-11-12,88457.928977,perp,0.159228,13,0.127767,89,61.544,,0.599275,,,0.061897,0,15,0,,0.620985,,,0.042224,,0.593598,,,0.055484,,,,,,0
2024-11-13,89079.763042,perp,0.130201,12,0.130201,82,96.378,,0.583581,0.579151,,0.016475,0,16,9,,0.574987,0.603972,,0.049105,,,,,,,,,,,0
2024-11-14,89233.068259,perp,0.226568,6,0.130201,46,68.602,0.621622,,,0.016213,,8,0,0,0.617445,,,0.01768,,,,,,,,,,,,0
2024-11-15,89398.892284,perp,0.147564,3,0.131665,48,70.998,0.573841,0.577011,,0.027096,0.022016,15,7,0,0.585466,,,0.033501,,0.599246,,,-0.038369,,,,,,,0
2024-11-16,91321.685454,perp,0.159885,1,0.133492,36,40.32,0.512344,,,0.057167,,11,0,0,0.522659,,,0.033968,,,,,,,,,,,,0
2024-11-17,90042.861592,perp,,0,0.140528,27,11.156,,,,,,0,0,0,,,,,,,,,,,,,,,,0
2024-11-18,89903.357771,perp,0.249366,2,0.150569,41,142.056,0.607523,0.563314,,0.026187,0.040576,11,9,0,0.608119,0.564947,,0.019207,0.04518,,,,,,,,,,,0
2024-11-19,92719.796631,perp,0.166929,6,0.156401,56,63.866,,0.573624,,,0.022316,0,11,0,,0.572273,,,0.031026,,,,,,,,,,,0
2024-11-20,94441.1939,perp,0.096193,5,0.156401,58,49.516,,0.589033,,,0.03357,0,14,0,,0.582333,,,0.049624,,0.58891,,,0.039429,,,,,,0
2024-11-21,96954.434662,perp,0.185337,11,0.156401,80,574.66,0.627115,0.607411,0.650496,0.020175,0.019095,5,10,9,,0.605961,,,0.042426,,,,,,,,,,,0
2024-11-22,99227.27984,perp,0.156168,4,0.157698,60,113.932,0.682621,0.622806,,0.037262,0.059137,9,12,0,,,,,,,,,,,,,,,,0
2024-11-23,98432.135977,perp,,0,0.156168,36,9.142,0.556954,,,0.04261,,7,0,0,,,,,,,,,,,,,,,,0
2024-11-24,97696.579078,perp,0.324187,1,0.159228,29,78.25,0.56093,,,0.030609,,7,0,0,,,,,,,,,,,,,,,,0
2024-11-25,96989.46325,perp,0.271779,7,0.159885,59,70.15,0.608159,0.6208,,0.024707,0.039021,7,16,0,,0.615354,,,0.037218,,0.619622,,,0.048835,,,,,,0
2024-11-26,91289.310949,perp,0.214099,5,0.166929,66,48.958,,0.59229,0.626897,,0.01993,0,8,7,,,,,,,,,,,,,,,,0
2024-11-27,94147.874016,perp,0.182012,7,0.182012,47,38.254,,0.592233,,,-0.018031,0,9,0,,,,,,,0.565017,,,-0.04612,,,,,,0
2024-11-28,94971.744097,perp,0.110202,3,0.182012,34,21.084,,0.580306,,,0.013117,0,6,0,,,,,,,,,,,,,,,,0
2024-11-29,96006.052335,perp,0.143646,3,0.166929,51,55.82,0.517343,0.578903,,0.010968,0.03128,13,8,0,0.536026,0.57877,,0.014987,0.033925,0.505585,,,0.02463,,,,,,,0
2024-11-30,96605.878533,perp,0.21856,3,0.182012,35,49.384,0.482807,,0.574183,0.011424,,9,0,7,,,,,,,,,,,,,,,,0
2024-12-01,96958.095238,perp,0.257945,2,0.185337,42,20.17,0.494376,0.577921,,0.037294,0.074851,8,9,0,,,,,,,0.572613,,,,,,,,,0
2024-12-02,95277.067288,perp,0.242648,1,0.199718,48,20.722,0.555273,0.538976,,-0.03574,0.031354,13,10,0,0.549959,,,-0.037384,,0.565885,,,0.005599,,,,,,,0
2024-12-03,94303.989021,perp,0.207011,5,0.196174,55,484.664,,0.557307,0.53865,,0.01387,0,14,12,,0.561481,0.536284,,-0.004367,,0.495075,,,0.002226,,,,,,0
2024-12-04,96693.412888,perp,0.130197,9,0.196174,74,196.904,,0.567832,0.587801,,0.051018,0,16,14,,,,,,,0.589364,0.59139,,0.065312,,,,,,0
2024-12-05,101166.154774,perp,0.17802,10,0.196174,109,476.914,0.595503,0.579647,0.605548,0.043786,0.03951,14,18,15,0.602768,0.583612,0.601499,0.014377,0.021541,0.595811,0.578609,0.61836,0.07885,0.041484,,,,,,0
2024-12-06,99373.605415,perp,0.166781,3,0.194512,95,177.852,0.521436,0.563518,0.574768,0.027756,0.046145,18,16,14,0.518583,0.564742,,0.024517,0.043364,0.525903,0.589654,0.579091,0.031443,0.046422,,,,,,0
2024-12-07,100134.640273,perp,0.209973,5,0.208492,47,69.268,0.519532,,,-0.00361,,10,0,0,,,,,,0.518688,,,-0.004564,,,,,,,0
2024-12-08,100106.724417,perp,0.185491,5,0.207011,55,83.844,0.541324,0.555517,,-0.062496,0.008227,14,8,0,,,,,,0.542173,,,-0.056962,,,,,,,0
2024-12-09,97243.706625,perp,0.212085,8,0.207011,73,245.412,0.566715,0.561282,0.569085,0.017599,0.031472,14,13,8,0.545093,0.56681,,0.033286,0.032947,0.572739,0.55185,0.560063,0.017136,0.025341,,,,,,0
2024-12-10,96896.76557,perp,0.17764,6,0.185491,66,172.710176,,0.558739,0.605928,,0.017143,0,11,14,,,,,,,,0.60854,,,,,,,,0
2024-12-11,99845.334728,perp,0.142966,9,0.182012,82,283.346818,,0.57169,0.58931,,0.02452,0,10,12,,0.572263,0.586922,,0.026223,,,,,,,,,,,0
2024-12-12,101098.905318,perp,0.174329,7,0.17802,77,48.702,0.537065,,0.601464,0.019639,,16,0,13,0.538699,,0.61017,0.019097,,0.531046,,0.609058,0.052702,,,,,,,0
2024-12-13,101183.437056,perp,0.076951,2,0.17802,68,233.23,0.487045,,0.641276,0.003756,,22,0,12,0.483721,,,0.00983,,0.494185,,0.590827,-0.00475,,,,,,,0
2024-12-14,101931.565001,perp,0.056005,2,0.17802,42,65.538,0.517357,0.564732,,0.046398,,12,6,0,0.504631,,,0.035922,,0.514299,,,,,,,,,,0
2024-12-15,102077.462604,perp,0.035749,3,0.17764,70,185.866,0.525172,0.562287,0.615968,-0.031813,0.006119,17,13,11,0.515966,,,-0.055276,,0.513116,0.573704,,-0.011223,0.039899,,,,,,0
2024-12-16,105669.163086,perp,0.12218,7,0.174329,128,196.112,0.597955,0.593058,0.635794,0.015406,0.009945,20,17,26,0.593152,0.576535,0.646407,-0.022055,0.000615,0.620775,0.60606,0.625588,0.029027,0.019495,,,,,,0
2024-12-17,107070.569815,perp,0.167464,4,0.167464,66,120.164,,0.560186,,,-0.006032,0,10,0,,,,,,,0.564515,,,-0.022935,,,,,,0
2024-12-18,103001.289321,perp,0.175299,8,0.167464,89,146.234,,0.568081,,,-0.014019,0,14,0,,,,,,,0.565765,,,-0.010068,,,,,,0
2024-12-19,99181.973985,perp,0.164371,10,0.167464,99,180.539622,0.53355,,0.6205,-0.042047,,5,0,9,,,0.614232,,,,,,,,,,,,,0
2024-12-20,95656.444232,perp,0.11642,8,0.166781,120,354.714,0.560358,0.593866,,-0.032207,-0.008088,29,18,0,0.562636,0.599801,,-0.031209,0.016899,0.554625,0.57913,,-0.017318,-0.001125,,,,,,0
2024-12-21,98180.802074,perp,0.103215,2,0.164371,64,28.4,0.494647,,,-0.023233,,17,0,0,0.490797,,,-0.030653,,0.490107,,,0.001108,,,,,,,0
2024-12-22,95516.945757,perp,0.125888,5,0.142966,84,83.96,0.557257,0.586405,,-0.012695,0.009312,24,10,0,0.552693,,,-0.014693,,0.567445,0.548162,,-0.026422,0.089969,,,,,,0
2024-12-23,94313.050066,perp,0.130236,2,0.130236,86,133.474,0.529266,0.572417,0.624872,0.009726,-0.049761,19,8,6,0.531825,0.562057,,0.016593,-0.063174,0.525839,,,0.01084,,,,,,,0
2024-12-24,97174.967957,perp,0.13802,7,0.130236,92,218.162,,0.587493,,,0.00433,0,12,0,,,,,,,0.602755,,,-0.056479,,,,,,0
2024-12-25,98820.293477,perp,0.05378,2,0.125888,48,54.778,,0.575754,,,0.023715,0,12,0,,,,,,,0.568091,,,0.026557,,,,,,0
2024-12-26,96538.446732,perp,0.185244,5,0.125888,81,106.943,0.538903,0.591971,,0.021748,0.002592,16,7,0,0.540839,,,0.017913,,0.52229,0.581542,,0.029846,-0.021018,,,,,,0
2024-12-27,95106.218191,perp,0.134339,6,0.125888,107,226.1516,0.524954,0.576189,0.624691,-0.006238,0.013576,26,12,11,0.536223,0.58315,0.627179,-0.007732,-0.00087,0.521776,,,-0.008821,,,,,,,0
2024-12-28,94573.62949,perp,0.133884,3,0.130236,54,72.824,0.508062,,,-0.002914,,17,0,0,0.502674,,,-0.007673,,0.523105,,,-0.006304,,,,,,,0
2024-12-29,94146.300195,perp,0.139509,4,0.133884,78,80.414,0.526443,0.575977,0.619049,-0.005927,,21,8,5,0.533792,,,-0.008958,,0.523788,,,0.002351,,,,,,,0
2024-12-30,93349.882034,perp,0.136745,5,0.134339,98,219.706,0.536884,0.570115,0.598736,0.013071,0.05146,21,14,7,0.539133,0.564004,,0.00505,0.020536,0.537056,0.56157,,0.033554,0.053001,,,,,,0
2024-12-31,93776.446523,perp,0.170701,4,0.136745,81,131.182,,0.583952,,,0.042778,0,14,0,,,,,,,0.576659,,,0.036697,,,,,,0
2025-01-01,93837.578147,perp,0.200412,6,0.136745,68,128.422,,0.578052,,,0.007152,0,16,0,,0.580481,,,0.14788,,0.56922,,,0.023459,,,,,,0
2025-01-02,96123.70659,perp,0.163857,13,0.136745,104,166.576,0.551008,0.595587,,0.000856,0.025297,15,13,0,0.573213,0.601073,,0.011484,0.026117,0.545604,0.586732,,0.016649,-0.024837,,,,,,0
2025-01-03,97537.823476,perp,0.15312,4,0.136745,92,142.496,0.465264,0.578596,0.611295,0.023952,0.017099,21,15,7,0.459897,0.572938,,0.02427,,0.471935,0.578125,,0.039351,0.016923,,,,,,0
2025-01-04,97987.36775,perp,0.123251,5,0.136745,65,111.44,0.467072,0.606968,0.624391,0.008456,0.049513,17,8,7,0.469423,,,0.011212,,0.457687,,,-0.005341,,,,,,,0
2025-01-05,97999.362177,perp,0.11911,1,0.136745,54,56.55,0.504085,0.576855,,-0.000752,0.007543,16,9,0,0.507119,0.574126,,-0.000851,0.005152,,,,,,,,,,,0
2025-01-06,100424.161213,perp,0.113737,9,0.136745,116,197.244,0.499734,0.575497,,-0.000176,-0.004461,25,19,0,0.500735,0.567625,,-0.001503,0.015694,0.498924,0.578736,,0.027128,0.003623,,,,,,0
2025-01-07,98771.621869,perp,0.140244,8,0.13802,104,516.11,,0.574637,0.613171,,0.020115,0,13,9,,,,,,,0.581228,0.599666,,0.021153,,,,,,0
2025-01-08,95496.410641,perp,0.134889,12,0.136745,98,311.686,,0.570917,0.611314,,0.006359,0,22,9,,0.564301,,,0.030435,,0.57803,0.606322,,0.043316,,,,,,0
2025-01-09,92928.922622,perp,0.146091,12,0.139509,114,875.542,0.541585,0.592373,0.63076,-0.051882,-0.009428,17,18,16,0.541612,0.596166,0.654757,-0.055022,-0.009551,0.540797,0.585294,0.625973,-0.051158,-0.001054,,,,,,0
2025-01-10,94158.31702,perp,0.122109,1,0.136745,94,402.298,0.541151,0.576901,0.589733,-0.020322,0.007862,21,11,12,0.527915,0.579165,0.582198,-0.050986,0.003742,0.545894,,0.589966,-0.020036,,,,,,,0
2025-01-11,94323.873111,perp,0.081729,1,0.136745,72,816.954,0.509202,,,-0.013435,,22,0,0,0.506315,,,-0.024757,,0.513573,,,-0.0175,,,,,,,0
2025-01-12,94638.196606,perp,0.10382,2,0.136745,75,283.024,0.548913,,,-0.037956,,27,0,0,0.546429,,,-0.039905,,0.549973,,,-0.033235,,,,,,,0
2025-01-13,92516.9815,perp,0.104606,11,0.134889,101,2570.87,0.350767,0.591981,0.591707,-0.023352,-0.01379,19,16,11,0.328405,0.605836,0.603494,-0.024407,,0.371217,0.592455,,-0.021585,-0.015822,,,,,,0
2025-01-14,96050.782317,perp,0.090186,9,0.123251,90,62.338,,0.606574,,,0.018076,0,19,0,,0.601478,,,0.029301,,0.607972,,,0.012293,,,,,,0
2025-01-15,98787.797204,perp,0.089618,10,0.122109,96,218.428,,0.559775,0.627571,,2e-05,0,12,9,,,,,,,0.563794,,,0.004967,,,,,,0
2025-01-16,99588.425142,perp,0.140792,8,0.122109,76,226.198,0.553721,,,0.04886,,15,0,0,0.563152,,,0.047687,,0.552098,,,0.048,,,,,,,0
2025-01-17,102725.653497,perp,0.0954,11,0.11911,131,210.836,0.59484,0.610933,,0.042664,0.033975,35,17,0,0.604144,0.60563,,0.047611,-0.019071,0.58462,0.615506,,0.043616,0.041026,,,,,,0
2025-01-18,103832.950388,perp,0.207298,2,0.11911,74,141.6166,0.635033,0.621991,,0.035578,0.053188,25,9,0,0.625643,,,0.034124,,0.641141,,,0.043054,,,,,,,0
2025-01-19,102556.363154,perp,0.156673,5,0.11911,83,59.108,0.715936,0.706561,,0.028995,,28,8,0,0.695226,,,0.057113,,,0.705448,,,,,,,,,0
2025-01-20,104512.265533,perp,0.218249,10,0.122109,121,208.702,0.746367,0.674378,,0.077468,0.050401,34,12,0,0.779862,0.664429,,0.016565,0.03992,0.732075,0.686702,,0.076508,0.017415,,,,,,0
2025-01-21,104403.309812,perp,0.19686,3,0.134889,96,125.646,,0.627766,,,0.048897,0,8,0,,,,,,,,,,,,,,,,0
2025-01-22,104651.067332,perp,0.122557,5,0.122557,59,83.738,,,,,,0,0,0,,,,,,,,,,,,,,,,0
2025-01-23,102699.029312,perp,0.150179,8,0.122557,84,244.33,0.594996,0.60737,,0.030653,,13,6,0,0.607283,,,0.021608,,0.597484,,,0.034657,,,,,,,0
2025-01-24,105496.803263,perp,0.106597,8,0.122109,97,249.578,0.544454,0.567939,,0.03067,0.009853,23,16,0,0.542722,0.563812,,0.02985,-0.001658,0.545814,0.568066,,0.031555,0.020195,,,,,,0
2025-01-25,104726.366581,perp,0.080656,1,0.106597,35,30.316,0.525987,,,0.033889,,16,0,0,,,,,,0.530306,,,0.021559,,,,,,,0
2025-01-26,104587.037037,perp,,0,0.114577,30,25.158,0.55614,,,0.013788,,12,0,0,,,,,,0.542972,,,0.005993,,,,,,,0
2025-01-27,100380.986083,perp,0.113422,10,0.11799,98,311.538,0.589872,0.570101,,-0.018201,0.03381,24,15,0,0.590338,0.562605,,-0.005794,0.032152,0.584851,0.574552,,-0.026588,0.002232,,,,,,0
2025-01-28,102400.969489,perp,0.09176,8,0.117989,79,67.872,,0.558866,0.568124,,0.015206,0,16,6,,0.562239,,,0.013462,,0.556818,,,0.009097,,,,,,0
2025-01-29,103224.485118,perp,0.081347,4,0.117989,54,74.64,,,,,,0,0,0,,,,,,,,,,,,,,,,0
2025-01-30,105547.987988,perp,0.091448,6,0.117989,68,69.044,0.491775,,,0.003954,,12,0,0,0.488759,,,0.008531,,0.498366,,,-0.005012,,,,,,,0
2025-01-31,103749.086957,perp,0.103278,2,0.110009,81,137.006,0.448786,0.52253,,-0.011828,0.017927,23,14,0,0.450393,,,0.005741,,0.450648,0.528835,,-0.014761,0.014106,,,,,,0
2025-02-01,101683.899416,perp,,0,0.113422,48,61.116,0.454202,0.515213,,-0.041389,-0.006238,14,12,0,0.455355,,,-0.045159,,,0.49859,,,0.011061,,,,,,0
2025-02-02,99030.307023,perp,0.157938,11,0.113422,104,205.124,0.542489,0.536445,0.566942,-0.021038,0.027408,25,21,12,0.545114,0.543744,0.561891,-0.038235,0.047237,0.541894,0.531359,0.569544,0.031665,0.019665,,,,,,0
2025-02-03,96061.181517,perp,0.080043,9,0.106597,131,255.2592,0.600731,0.565844,0.598063,-0.059301,-0.003426,31,27,13,0.609084,0.56812,0.602934,-0.059545,0.003035,0.597593,0.563976,,-0.056222,-0.003469,,,,,,0
2025-02-04,99096.381758,perp,0.086765,5,0.103278,79,164.166,,0.530042,0.607452,,-0.023648,0,10,6,,,,,,,0.524703,,,-0.045739,,,,,,0
2025-02-05,97616.727005,perp,,0,0.097519,48,54.354,,0.518862,,,-0.023321,0,8,0,,,,,,,,,,,,,,,,0
2025-02-06,97537.59889,perp,0.116025,7,0.097519,55,72.522,0.491246,,,-0.027731,,14,0,0,0.492206,,,-0.028172,,0.483641,,,-0.031133,,,,,,,0
2025-02-07,98466.457633,perp,0.056217,5,0.091604,93,273.028,0.459721,0.506648,0.554861,-0.018811,0.002395,24,15,6,0.460293,,,-0.020454,,0.464258,0.507489,,-0.025913,0.002823,,,,,,0
2025-02-08,96105.48261,perp,0.07669,1,0.089107,47,41.392,0.461596,0.494465,,-0.044783,-0.034651,14,7,0,0.450226,,,-0.05207,,0.471809,,,-0.042255,,,,,,,0
2025-02-09,95847.553843,perp,0.04905,1,0.089107,54,89.72,0.479488,0.502465,,-0.043225,-0.024745,16,11,0,0.473994,,,-0.035666,,0.491259,0.507598,,-0.046998,-0.018594,,,,,,0
2025-02-10,97391.197388,perp,0.099561,3,0.091448,60,107.106,0.478656,0.512758,,-0.022567,-0.015542,15,11,0,0.479295,,,-0.023662,,0.483971,,,-0.033465,,,,,,,0
2025-02-11,96909.721976,perp,0.104467,3,0.091448,69,71.218,,0.503127,,,-0.016631,0,13,0,,,,,,,0.507125,,,-0.019478,,,,,,0
2025-02-12,97302.069449,perp,0.066613,4,0.086765,69,134.37,,0.523318,,,0.00409,0,7,0,,,,,,,,,,,,,,,,0
2025-02-13,96087.480315,perp,0.120085,4,0.091448,54,75.282,0.436191,,,-0.011904,,8,0,0,0.43478,,,-0.032612,,,,,,,,,,,,0
2025-02-14,97141.179704,perp,0.043407,1,0.086765,71,213.758,0.401169,0.500176,,-0.001538,0.007722,23,9,0,0.400376,,,-0.001055,,0.402213,,,-0.00107,,,,,,,0
2025-02-15,97536.303531,perp,,0,0.083404,33,61.318,0.395711,,,0.013468,,11,0,0,,,,,,0.395488,,,0.014718,,,,,,,0
2025-02-16,96769.017241,perp,0.064494,2,0.080043,43,37.27,0.424038,,,0.022542,,14,0,0,0.424146,,,0.025109,,0.425276,,,0.025031,,,,,,,0
2025-02-17,95859.216903,perp,0.10061,3,0.080043,53,150.742,0.441348,0.503923,,0.013189,-0.010992,17,7,0,0.451941,,,-0.000463,,0.437751,,,0.014542,,,,,,,0
2025-02-18,94367.935061,perp,0.052124,5,0.07669,83,106.498,,0.489869,,,-1.3e-05,0,13,0,,,,,,,0.483996,,,0.013927,,,,,,0
2025-02-19,95514.364261,perp,0.02135,3,0.066613,52,104.314,,,,,,0,0,0,,,,,,,,,,,,,,,,0
2025-02-20,97756.885216,perp,0.022925,3,0.065554,64,172.73,0.413233,,,-0.012446,,11,0,0,,,,,,0.409019,,,-0.014745,,,,,,,0
2025-02-21,97097.701266,perp,0.049355,4,0.060355,77,162.42,0.38743,0.460291,,-0.031456,0.01281,18,11,0,0.366908,,,-0.022747,,0.398269,0.473877,,-0.028683,0.005305,,,,,,0
2025-02-22,96491.050558,perp,,0,0.064494,38,29.98,0.393148,,,-0.019271,,13,0,0,,,,,,0.395887,,,-0.021229,,,,,,,0
2025-02-23,95529.735661,perp,0.050343,3,0.052124,39,51.606,0.417151,0.47792,,0.014164,0.046232,8,7,0,,,,,,0.418218,,,0.014546,,,,,,,0
2025-02-24,94049.851092,perp,0.102486,5,0.064494,65,107.572,0.435004,0.444487,,-0.029202,-0.001507,13,12,0,,0.447835,,,-0.000626,0.430499,,,0.010619,,,,,,,0
2025-02-25,88882.650661,perp,0.083913,13,0.064494,122,318.3316,,0.470106,0.515133,,0.010016,0,27,11,,0.480254,0.525327,,0.01374,,0.469174,,,0.00656,,,,,,0
2025-02-26,85788.703926,perp,0.086869,9,0.064494,91,151.5507,,0.485966,,,-0.025638,0,16,0,,0.493363,,,0.006811,,0.475389,,,-0.028475,,,,,,0
2025-02-27,84257.18521,perp,0.047214,8,0.052124,72,124.478,0.538607,,0.528407,-0.08866,,8,0,9,,,,,,,,0.528776,,,,,,,,0
2025-02-28,80779.900274,perp,0.097763,9,0.052124,143,281.925114,0.594718,0.520998,0.501143,-0.060481,-0.012226,26,15,11,0.600152,0.524981,0.560169,-0.074341,2.3e-05,0.579309,0.53067,,-0.04123,-0.023746,,,,,,0
2025-03-01,85663.892516,perp,-0.003082,3,0.052124,52,36.91964,0.496077,0.488952,,-0.036438,-0.000365,14,8,0,0.489163,,,-0.02759,,0.498543,,,-0.037331,,,,,,,0
2025-03-02,90934.923113,perp,0.004204,8,0.051234,109,114.622,0.621144,0.52713,0.545475,0.006335,0.00761,28,15,15,0.623142,,,0.024517,,0.624654,0.526641,0.540112,-0.004859,0.008667,,,,,,0
2025-03-03,90870.626679,perp,0.040046,6,0.049849,101,296.596386,0.588021,0.523861,,-0.000509,-0.020663,24,13,0,0.594434,0.524538,,0.02224,-0.015875,0.585237,,,-0.008333,,,,,,,0
2025-03-04,85064.862623,perp,0.108241,10,0.049849,100,139.07011,,0.575152,0.544772,,-0.012397,0,16,11,,,,,,,0.578927,0.540984,,-0.013624,,,,,,0
2025-03-05,88825.458674,perp,0.086794,5,0.049849,82,192.99,,0.583635,,,-0.017085,0,14,0,,,,,,,0.594932,,,-0.026376,,,,,,0
2025-03-06,90703.810445,perp,0.068855,11,0.059599,106,173.348,0.67686,0.569661,0.55512,-0.010648,-0.015508,14,15,11,0.687583,0.568448,0.557925,-0.000693,-0.009835,,0.577624,0.559836,,-0.024666,,,,,,0
2025-03-07,87293.810515,perp,0.05364,6,0.061248,115,237.43564,0.589472,0.55656,0.574803,-0.06986,-0.016309,24,16,16,0.591251,0.535204,0.566233,-0.082555,-0.004435,0.580349,0.565724,0.604534,-0.045164,-0.020493,,,,,,0
2025-03-08,86224.530904,perp,0.044489,2,0.061247,45,32.56,0.519661,0.502407,0.533654,-0.011209,0.006374,11,9,10,,,0.523199,,,0.495875,,,0.011621,,,,,,,0
2025-03-09,84646.698245,perp,0.108062,9,0.068855,97,86.726,0.604695,0.551319,0.541952,0.015788,-0.01665,27,14,13,0.612489,0.554997,0.535827,0.011944,-0.002476,0.596945,0.54476,0.578135,-0.044331,,,,,,,0
2025-03-10,79879.449703,perp,0.084806,13,0.083913,135,271.382,0.673377,0.582741,0.570458,-0.05083,-0.023882,29,21,22,0.6757,0.585113,0.569803,-0.05044,-0.052469,0.67313,0.578201,0.571002,-0.044509,-0.018448,,,,,,0
2025-03-11,80934.301812,perp,0.060036,12,0.068855,100,288.218,,0.596366,,,-0.05459,0,18,0,,0.604381,,,-0.0668,,0.59019,,,-0.043165,,,,,,0
2025-03-12,82849.656777,perp,0.034031,4,0.060036,69,65.662,,0.567947,,,-0.037959,0,13,0,,0.5636,,,-0.047674,,,,,,,,,,,0
2025-03-13,82332.490634,perp,0.03016,7,0.05364,58,48.784,0.559252,,,-0.045211,,12,0,0,0.559772,,,-0.055586,,0.558065,,,-0.01553,,,,,,,0
2025-03-14,83986.032332,perp,-0.050797,2,0.05364,83,200.222,0.520679,0.539792,0.556087,-0.032567,-0.031903,21,8,6,0.52302,,,-0.043366,,,,,,,,,,,,0
2025-03-15,84300.15557,perp,0.054704,1,0.05364,38,47.108,0.494257,0.504412,,-0.041121,-0.028792,8,8,0,,,,,,,,,,,,,,,,0
2025-03-16,83247.912479,perp,0.043093,4,0.05364,50,39.418,0.579905,0.525167,,-0.094397,-0.001975,11,7,0,,0.525619,,,-0.003783,0.595098,,,,,,,,,,0
2025-03-17,83385.193016,perp,0.077081,3,0.054704,52,53.002,0.537763,0.532065,,-0.046262,-0.006035,12,9,0,0.531513,,,-0.05835,,0.563973,0.53502,,-0.047053,-0.001286,,,,,,0
2025-03-18,82009.774384,perp,0.031838,3,0.054704,46,22.144,,,,,,0,0,0,,,,,,,,,,,,,,,,0
2025-03-19,84827.358485,perp,0.048687,7,0.05364,74,127.808,,0.513657,0.546128,,-0.019799,0,13,6,,0.518269,,,-0.03635,,,,,,,,,,,0
2025-03-20,84782.271898,perp,-0.054691,4,0.048687,57,81.208,,0.489083,,,0.010354,0,6,0,,,,,,,,,,,,,,,,0
2025-03-21,84104.428923,perp,0.028034,4,0.044489,57,198.19,0.418288,0.463273,,-0.017443,0.0005,13,8,0,0.407035,,,-0.020822,,0.458304,,,-0.016385,,,,,,,0
2025-03-22,84024.257692,perp,,0,0.043791,23,49.72,0.434892,,,-0.009204,,7,0,0,,,,,,,,,,,,,,,,0
2025-03-23,84987.419172,perp,0.018305,1,0.038562,40,49.502,0.458179,0.469626,,-0.035085,-0.005637,9,7,0,,,,,,,,,,,,,,,,0
2025-03-24,87310.790706,perp,0.017613,5,0.032934,78,75.56,0.467574,0.465272,0.517541,-0.005004,0.001849,14,13,15,,,0.518326,,,0.467263,0.464847,0.512377,-0.003725,-0.001546,,,,,,0
2025-03-25,87557.120443,perp,-0.00104,1,0.030999,44,47.442,,0.458827,,,0.010229,0,13,0,,,,,,,0.465548,,,0.006382,,,,,,0
2025-03-26,87088.18576,perp,0.08232,2,0.030999,38,50.564,,0.447839,0.450206,,-0.001321,0,9,6,,,,,,,0.458105,,,0.034175,,,,,,0
2025-03-27,87410.710536,perp,-0.013494,5,0.029097,40,20.508,0.44965,,,-0.016635,,8,0,0,,,,,,0.440682,,,-0.01982,,,,,,,0
2025-03-28,84798.440811,perp,0.039275,6,0.029936,94,523.9074,0.482129,0.473349,,-0.05964,-0.031464,19,12,0,0.488996,0.480384,,-0.059694,-0.01773,0.488025,0.470723,,-0.043567,-0.041042,,,,,,0
2025-03-29,82577.5181,perp,-0.033137,1,0.029936,43,28.564,0.514321,0.494729,,-0.103023,-0.039238,11,6,0,,,,,,0.526848,,,-0.150731,,,,,,,0
2025-03-30,82590.386058,perp,,0,0.028034,43,18.738,0.546102,,,-0.130016,,9,0,0,,,,,,,,,,,,,,,,0
2025-03-31,83348.958643,perp,-0.000333,1,0.018305,54,63.846,0.583557,0.498703,0.520879,-0.056036,-0.060084,16,7,7,0.592855,,,-0.077317,,0.534779,,,-0.167455,,,,,,,0
2025-04-01,84400.786966,perp,,0,0.017959,53,47.432,,0.449832,0.496471,,0.014644,0,7,6,,,,,,,,,,,,,,,,0
2025-04-02,84270.264444,perp,0.021898,7,0.017959,81,79.794,,0.486863,0.519226,,-0.019805,0,19,13,,0.487041,,,-0.019628,,0.478031,,,0.014603,,,,,,0
2025-04-03,82509.43562,perp,0.073283,6,0.017959,69,73.92,0.54748,0.498443,0.509745,-0.074354,-0.039996,10,13,6,,,,,,0.541288,0.496287,,-0.063515,-0.03265,,,,,,0
2025-04-04,83389.890084,perp,0.091212,3,0.020102,74,126.136284,0.536813,0.503471,,-0.067828,-0.044824,22,8,0,0.534757,,,-0.071408,,0.544466,,,-0.071092,,,,,,,0
2025-04-05,83070.073331,perp,,0,0.018305,29,31.728,0.552232,,,-0.067433,,9,0,0,,,,,,,,,,,,,,,,0
2025-04-06,79306.682358,perp,0.080601,9,0.020102,126,160.692028,0.751801,0.636001,0.562637,-0.133095,-0.077473,23,14,24,0.712558,0.620752,0.554261,-0.110789,-0.07764,0.770782,0.607472,0.562516,-0.118072,-0.062839,,,,,,0
2025-04-07,77440.628444,perp,0.04739,9,0.030586,119,139.305094,0.679109,0.58701,0.553675,-0.087924,-0.01801,21,18,24,0.666826,0.583318,0.547118,-0.080629,-0.004757,0.701522,0.576123,0.556016,-0.088499,-0.022094,,,,,,0
2025-04-08,79659.347961,perp,0.048624,3,0.043332,71,73.488,,0.510531,,,0.000879,0,10,0,,,,,,,,,,,,,,,,0
2025-04-09,79366.550575,perp,0.018725,11,0.043332,115,232.078,,0.526085,0.534883,,-0.047695,0,20,19,,0.524408,0.535839,,-0.049013,,0.52976,0.532355,,-0.041196,,,,,,0
2025-04-10,81024.104408,perp,0.018986,7,0.030586,73,192.596,0.518918,,0.49171,-0.028507,,10,0,9,0.531359,,,-0.073488,,,,,,,,,,,,0
2025-04-11,81981.686652,perp,0.046703,5,0.042989,81,245.024,0.550835,,0.531405,-0.037201,,21,0,9,0.543709,,,-0.042036,,0.554505,,,-0.031523,,,,,,,0
2025-04-12,84283.993215,perp,0.00479,2,0.0343,56,49.11,0.547736,,,0.017142,,20,0,0,0.541171,,,0.016082,,0.549096,,,-0.031933,,,,,,,0
2025-04-13,84132.936257,perp,0.063819,2,0.047047,48,47.98,0.597682,,,-0.018625,,23,0,0,0.61429,,,-0.023204,,0.587898,,,-0.009104,,,,,,,0
2025-04-14,84623.054904,perp,0.039698,1,0.046703,44,26.56732,0.545488,,,-0.029513,,13,0,0,0.567346,,,-0.026696,,,,,,,,,,,,0
2025-04-15,85178.39851,perp,-0.004414,2,0.046703,62,94.892,,,,,,0,0,0,,,,,,,,,,,,,,,,0
2025-04-16,84120.615789,perp,0.094872,4,0.047047,50,63.28,,,,,,0,0,0,,,,,,,,,,,,,,,,0
2025-04-17,84745.023725,perp,0.077562,2,0.048007,40,26.542,,,,,,0,0,0,,,,,,,,,,,,,,,,0
2025-04-18,84524.698525,perp,0.038672,1,0.047047,48,92.79,0.382809,0.444952,,-0.024016,-0.000437,14,10,0,,,,,,0.380123,,,-0.024614,,,,,,,0
2025-04-19,85232.776699,perp,,0,0.046703,22,17.47,0.389042,,,0.008081,,6,0,0,,,,,,,,,,,,,,,,0
2025-04-20,84448.274598,perp,,0,0.046703,25,18.196,0.434412,,,-0.002641,,7,0,0,,,,,,,,,,,,,,,,0
2025-04-21,87194.263739,perp,0.01396,7,0.039698,76,145.004,0.450355,0.475332,,-0.02168,-0.005109,14,21,0,,0.477564,,,-0.013439,0.456811,0.473131,,-0.017665,0.005289,,,,,,0
2025-04-22,91294.034765,perp,0.018671,13,0.038672,127,510.13,,0.48781,0.52652,,0.016616,0,24,8,,0.487402,,,0.031631,,0.491035,,,0.014219,,,,,,0
2025-04-23,93511.330492,perp,0.045961,9,0.038672,87,171.65,,0.500586,0.536767,,0.021116,0,22,7,,0.505424,,,0.038728,,0.497916,,,0.018153,,,,,,0
2025-04-24,93075.556362,perp,-0.036552,7,0.038672,59,90.924,0.432376,0.479987,,0.005938,0.031398,11,5,0,,,,,,0.429176,,,0.000454,,,,,,,0
2025-04-25,94789.351813,perp,0.038396,10,0.038672,106,191.112,0.420163,0.448722,0.493859,0.008134,0.01023,28,14,10,0.423531,0.445959,,0.004516,0.01144,0.419808,0.451496,0.494066,0.008156,0.0161,,,,,,0
2025-04-26,94400.03522,perp,0.074327,1,0.038672,41,82.452,0.390723,0.452444,0.491138,0.050442,0.00772,10,6,7,,,,,,,,,,,,,,,,0
2025-04-27,93977.939236,perp,0.046815,2,0.039698,40,19.978,0.446756,,0.488462,-0.007651,,13,0,6,0.450896,,0.490356,0.009339,,,,,,,,,,,,0
2025-04-28,94418.966528,perp,0.020225,4,0.038672,64,69.892,0.446642,0.453066,0.488498,0.000241,0.034567,17,13,5,0.460126,0.456004,,0.010467,0.046096,0.45188,0.44895,,0.015712,0.048306,,,,,,0
2025-04-29,94834.826299,perp,0.042506,4,0.038672,56,62.086,,0.452737,0.471461,,0.012686,0,17,8,,0.457403,,,0.006165,,0.44851,0.462728,,0.01308,,,,,,0
2025-04-30,94142.955464,perp,0.074396,4,0.042506,61,78.066,,0.440834,,,0.041883,0,11,0,,0.436632,,,0.017324,,0.4341,,,0.080259,,,,,,0
2025-05-01,96053.637538,perp,0.015479,7,0.038672,69,141.878,0.399638,0.45311,0.49527,0.005357,0.004869,11,9,8,0.402691,0.458516,0.5049,0.00708,,0.382138,,,-0.008431,,,,,,,0
2025-05-02,97096.565276,perp,0.041269,3,0.038672,75,261.866,0.394764,0.44782,0.487011,0.009421,0.017624,22,13,8,0.398626,0.456167,,0.000723,,0.396704,0.442835,0.491291,0.016938,0.018507,,,,,,0
2025-05-03,96242.239207,perp,,0,0.039832,33,75.478,0.36385,0.438529,0.489218,-0.01081,-0.013079,10,9,7,,,,,,0.366228,,,-0.012192,,,,,,,0
2025-05-04,95509.31,perp,0.018727,2,0.038396,30,41.176,0.392857,,,0.019538,,12,0,0,,,,,,,,,,,,,,,,0
2025-05-05,94546.236474,perp,,0,0.038396,52,100.522,0.394757,0.451502,,0.014446,0.01157,16,8,0,0.39541,,,0.016724,,0.393967,,,0.004406,,,,,,,0
2025-05-06,94781.226448,perp,,0,0.039832,35,59.354,,0.428877,,,0.017346,0,9,0,,,,,,,0.433273,,,0.021345,,,,,,0
2025-05-07,96920.597781,perp,0.02761,4,0.039832,52,72.572,,0.436023,0.469504,,0.0116,0,13,6,,0.43652,,,,,,,,,,,,,,0
2025-05-08,100653.536009,perp,0.030793,12,0.034594,102,176.404,0.415896,0.447842,0.465544,0.025611,0.032999,14,15,9,0.414457,0.457795,0.477233,0.019923,0.023811,0.418084,0.438927,,0.028286,0.027743,,,,,,0
2025-05-09,103467.797077,perp,0.089163,6,0.039832,81,239.54,0.408961,0.458136,0.481327,0.024507,0.019529,20,14,8,0.409935,0.45914,0.469832,0.020207,0.054151,0.412171,0.448775,,0.029037,0.013772,,,,,,0
2025-05-10,103704.744963,perp,0.102316,4,0.041888,64,73.653242,0.402804,0.447129,0.479874,0.039775,0.081762,15,9,10,0.400789,,,0.034018,,0.441808,,,,,,,,,,0
2025-05-11,103911.140099,perp,0.02796,7,0.036031,73,89.494,0.447066,0.454464,0.484357,0.009335,-0.000567,10,13,14,,0.460457,0.461052,,-0.007775,0.444205,0.452912,0.503747,0.011975,-0.003573,,,,,,0
2025-05-12,103218.145468,perp,0.070925,5,0.036031,76,175.624,0.431464,0.464561,0.516342,0.029368,0.024974,14,16,12,0.43938,0.468766,0.511009,0.054593,0.007156,0.433714,0.455783,,0.022859,0.042376,,,,,,0
2025-05-13,104086.250735,perp,0.052784,2,0.041888,58,99.652,,0.443165,,,0.014866,0,9,0,,,,,,,,,,,,,,,,0
2025-05-14,103718.260781,perp,0.069079,2,0.047026,38,28.926,,0.44242,,,0.031014,0,7,0,,,,,,,,,,,,,,,,0
2025-05-15,102673.224798,perp,0.050916,3,0.046093,65,88.456,0.355604,,,0.010156,,8,0,0,,,,,,,,,,,,,,,,0
2025-05-16,103839.079753,perp,0.058985,4,0.05185,57,90.966,0.344071,0.393124,,0.006932,0.007682,16,10,0,0.341041,,,0.000755,,0.343611,,,0.008463,,,,,,,0
2025-05-17,103007.85892,perp,,0,0.052784,25,19.99,0.340247,,,-0.002985,,7,0,0,,,,,,0.331089,,,0.006903,,,,,,,0
2025-05-18,105040.897425,perp,0.069132,3,0.055885,55,45.31,0.426406,,,0.044724,,17,0,0,,,,,,0.434699,,,-0.003445,,,,,,,0
2025-05-19,103218.825659,perp,-0.019949,1,0.055885,62,93.064,0.430994,0.427622,,-0.010081,0.002123,23,10,0,0.43757,,,0.006784,,0.427087,,,-0.014004,,,,,,,0
2025-05-20,106281.596837,perp,0.039071,3,0.052784,61,68.438,,0.454609,,,0.003303,0,8,0,,,,,,,,,,,,,,,,0
2025-05-21,108523.968667,perp,0.029102,6,0.05185,99,217.482,,0.47539,0.485389,,0.017335,0,15,10,,0.483956,,,0.01102,,0.471631,,,0.019155,,,,,,0
2025-05-22,111431.936926,perp,0.051304,7,0.052044,105,262.780634,0.466749,0.481435,0.483761,0.014418,0.016199,7,11,9,,0.479273,0.499844,,0.026625,,0.484464,,,0.011581,,,,,,0
2025-05-23,109389.145673,perp,0.081269,7,0.055885,92,142.48,0.433323,0.454954,,0.002339,0.018059,20,11,0,0.434935,0.44861,,0.01101,0.019329,0.426636,,,-0.009442,,,,,,,0
2025-05-24,107896.891732,perp,0.02589,2,0.052044,32,51.09936,0.437101,,,-0.004258,,12,0,0,0.435867,,,0.002947,,,,,,,,,,,,0
2025-05-25,108014.002821,perp,0.135356,1,0.052044,42,32.23,0.506229,,,0.009474,,12,0,0,,,,,,0.512128,,,0.016193,,,,,,,0
2025-05-26,109508.316911,perp,0.031231,4,0.052044,55,85.946,0.473815,0.469921,0.493793,0.03572,0.031685,9,14,9,0.445894,0.469938,,0.035622,,,0.489519,,,0.022128,,,,,,0
2025-05-27,109548.807198,perp,,0,0.051304,43,110.262,,,,,,0,0,0,,,,,,,,,,,,,,,,0
2025-05-28,107796.22891,perp,0.06365,1,0.051304,42,70.23,,0.435756,,,0.007335,0,8,0,,,,,,,,,,,,,,,,0
2025-05-29,106509.070038,perp,0.026263,2,0.050916,45,50.802,0.40434,,,-0.040701,,10,0,0,0.406782,,,-0.032409,,,,,,,,,,,,0
2025-05-30,105172.857214,perp,0.04389,5,0.04389,82,152.806,0.381355,0.431519,,-0.004558,-0.003424,18,18,0,0.397634,0.434361,,0.001691,-0.016622,0.372275,0.432046,,-0.033122,-0.0025,,,,,,0
2025-05-31,103827.583398,perp,0.078475,3,0.04389,54,89.384,0.388737,0.429733,0.484132,-0.01463,0.006316,15,10,6,0.38872,,,-0.017542,,0.394895,,,0.003158,,,,,,,0
2025-06-01,104893.792275,perp,0.067618,1,0.047597,33,21.944,0.425238,0.447664,,-0.02925,0.015585,9,7,0,,,,,,,,,,,,,,,,0
2025-06-02,105414.182283,perp,0.045108,2,0.044499,56,127.112,0.374141,0.410373,,-0.006642,-0.001536,13,5,0,0.371362,,,-0.005964,,,,,,,,,,,,0
2025-06-03,105843.408103,perp,0.034705,1,0.044499,43,36.88,,0.419634,,,,0,7,0,,,,,,,,,,,,,,,,0
2025-06-04,105076.662322,perp,0.042583,1,0.044499,52,59.3,,0.399897,0.415511,,0.009281,0,13,6,,,,,,,0.400005,,,-0.003258,,,,,,0
2025-06-05,102639.459808,perp,0.101809,7,0.048206,69,91.344,0.387575,0.407509,0.462046,-0.025755,-0.007057,8,12,8,,0.407031,,,-0.006674,,,,,,,,,,,0
2025-06-06,104087.454073,perp,0.006095,5,0.044499,81,135.068,0.356615,0.392394,0.451459,-0.013688,0.001549,21,14,11,0.36049,0.392143,,-0.018242,-0.008806,0.34453,,0.44989,-0.010612,,,,,,,0
2025-06-07,105367.955941,perp,-0.008296,1,0.043236,45,47.03,0.341125,,,-0.008848,,17,0,0,0.360179,,,-0.008041,,0.329772,,,0.008309,,,,,,,0
2025-06-08,106190.570466,perp,0.103971,1,0.044499,30,12.912,0.366511,,,-0.01615,,10,0,0,,,,,,,,,,,,,,,,0
2025-06-09,108470.085119,perp,-0.026552,5,0.043236,82,85.166,0.384441,0.407843,0.442443,0.008998,-0.016672,22,10,8,,,,,,0.383185,,,0.021736,,,,,,,0
2025-06-10,109562.679405,perp,0.069774,2,0.044499,75,66.946,,0.409547,,,-0.000921,0,14,0,,0.410023,,,,,0.415655,,,-0.000888,,,,,,0
2025-06-11,109288.184238,perp,-0.00296,3,0.04389,55,45.428,,0.396228,0.444043,,-0.022831,0,11,7,,,,,,,0.408349,,,-0.028702,,,,,,0
2025-06-12,106701.465693,perp,0.069828,4,0.04389,56,71.238,0.355097,,,-0.016986,,7,0,0,0.356831,,,-0.008918,,,,,,,,,,,,0
2025-06-13,104515.897494,perp,0.003506,3,0.04389,76,149.048,0.384643,0.403616,0.427412,-0.038556,-0.02188,20,9,7,0.393014,,,-0.049936,,0.379909,,,-0.034842,,,,,,,0
2025-06-14,105163.456724,perp,,0,0.043846,33,41.836,0.393284,,,-0.023496,,13,0,0,0.364312,,,-0.036777,,,,,,,,,,,,0
2025-06-15,105460.557234,perp,,0,0.042583,18,35.744,0.419148,,,-0.053943,,8,0,0,,,,,,,,,,,,,,,,0
2025-06-16,106704.628243,perp,0.021347,3,0.034705,51,72.226,0.377065,,,-0.030509,,16,0,0,0.377165,,,-0.036483,,0.372641,,,-0.058247,,,,,,,0
2025-06-17,106652.018185,perp,-0.004479,3,0.021347,51,68.994,,,,,,0,0,0,,,,,,,,,,,,,,,,0
2025-06-18,105000.555287,perp,,0,0.013721,27,25.598,,,,,,0,0,0,,,,,,,,,,,,,,,,0
2025-06-19,104747.598964,perp,,0,0.006095,20,11.206,,,,,,0,0,0,,,,,,,,,,,,,,,,0
2025-06-20,103386.528476,perp,,0,0.004801,37,85.398,0.366024,,,-0.037591,,15,0,0,0.367779,,,-0.037549,,,,,,,,,,,,0
2025-06-21,103189.315837,perp,,0,0.003506,26,22.614,0.338918,0.405429,,-0.032942,0.026984,6,6,0,,,,,,,,,,,,,,,,0
2025-06-22,100894.577148,perp,0.042855,3,0.021347,48,112.54,0.417185,0.408464,,-0.061707,-0.020456,12,10,0,0.419935,0.414855,,-0.052716,-0.015289,,,,,,,,,,,0
2025-06-23,101170.402155,perp,-0.010824,1,0.003506,33,69.682,0.380612,0.413515,,-0.070018,-0.021008,13,9,0,0.390802,,,-0.058389,,,0.431922,,,-0.023359,,,,,,0
2025-06-24,105366.466155,perp,0.016098,1,0.016098,37,43.702,,0.378678,0.408597,,-0.04185,0,12,5,,0.371768,,,-0.011451,,0.382727,,,-0.008805,,,,,,0
2025-06-25,107266.746116,perp,0.034578,12,0.016098,115,373.108,,0.357711,0.424218,,0.005985,0,16,15,,0.36085,,,-0.005081,,0.352546,0.423807,,0.023042,,,,,,0
2025-06-26,107916.101277,perp,,0,0.018723,36,43.684,0.312095,,,0.01366,,7,0,0,,,,,,,,,,,,,,,,0
2025-06-27,106964.1613,perp,,0,0.016098,51,122.128,0.311572,0.346861,0.398986,0.002693,-0.019074,15,9,7,0.312131,,,-0.004717,,0.312293,,,0.006051,,,,,,,0
2025-06-28,107429.930899,perp,,0,0.018723,22,24.956,0.297211,,,-0.009426,,7,0,0,,,,,,,,,,,,,,,,0
2025-06-29,107949.839448,perp,,0,0.018723,20,18.22,,,,,,0,0,0,,,,,,,,,,,,,,,,0
2025-06-30,107927.735484,perp,-0.063706,1,0.016098,34,114.806,0.343832,0.365516,,0.009553,-0.014584,12,7,0,,,,,,0.342651,,,0.009274,,,,,,,0
2025-07-01,106198.935372,perp,0.031102,3,0.016098,32,25.23,,,,,,0,0,0,,,,,,,,,,,,,,,,0
2025-07-02,108764.661393,perp,0.033757,2,0.031102,63,94.812,,0.359892,0.423871,,-0.00642,0,22,12,,0.364878,,,-0.005491,,0.363248,0.425129,,-0.009339,,,,,,0
2025-07-03,109359.973283,perp,0.038591,7,0.032429,86,53.427006,0.335276,,0.410338,-0.001682,,10,0,10,0.329224,,,-0.000703,,,,,,,,,,,,0
2025-07-04,108475.063426,perp,0.05627,1,0.033757,43,70.355954,0.30816,0.344583,,-0.009042,-0.011934,16,8,0,0.327044,,,-0.006451,,0.308595,,,-0.013693,,,,,,,0
2025-07-05,108116.642708,perp,,0,0.033757,25,18.606,0.333392,,0.397354,-0.036035,,8,0,7,0.330715,,,-0.036049,,,,,,,,,,,,0
2025-07-06,108950.478221,perp,0.018138,1,0.032429,29,13.736,0.342607,0.372378,,-0.01819,-0.020956,7,8,0,,,,,,,,,,,,,,,,0
2025-07-07,108659.203129,perp,,0,0.031102,26,36.89,0.339191,,,-4.7e-05,,11,0,0,0.341797,,,-0.016545,,,,,,,,,,,,0
2025-07-08,108599.34644,perp,0.015326,1,0.031102,30,14.066,,0.360558,0.386769,,0.015253,0,9,6,,,,,,,,,,,,,,,,0
2025-07-09,110810.242376,perp,0.038522,5,0.033757,56,54.424,,0.369911,,,0.015685,0,16,0,,,,,,,0.37411,,,0.007502,,,,,,0
2025-07-10,113777.967042,perp,0.026827,14,0.031102,84,48.956,0.358301,,0.4254,0.004695,,13,0,14,0.339932,,0.420841,0.016894,,0.363776,,0.401955,-0.000713,,,,,,,0
2025-07-11,117849.033166,perp,0.063389,7,0.032429,106,146.468,0.362068,0.367199,0.410762,0.003589,0.015398,27,19,27,0.37155,0.373636,0.411696,0.049213,0.028535,0.355432,0.351042,0.40499,-0.000938,0.018255,,,,,,0
2025-07-12,117395.899008,perp,,0,0.032429,24,10.798,0.325555,,,,,8,0,0,,,,,,,,,,,,,,,,0
2025-07-13,118564.694325,perp,0.063921,3,0.033757,62,37.392,0.379555,0.378059,0.402022,0.047312,0.002348,23,10,9,0.358575,0.378474,,0.051609,-0.000829,0.419905,,,0.028046,,,,,,,0
2025-07-14,120681.372815,perp,0.062166,8,0.03614,110,116.646,0.380513,0.371073,0.397241,0.007678,0.002538,22,20,25,0.385275,0.340475,0.399179,0.011652,0.033704,0.365496,0.376897,0.396211,0.009914,0.001105,,,,,,0
2025-07-15,117286.447385,perp,0.094938,6,0.038557,89,43.086,,0.388208,0.412277,,0.003073,0,25,9,,0.390426,,,-0.002576,,0.384843,,,0.045146,,,,,,0
2025-07-16,119305.70002,perp,0.037732,2,0.038557,76,56.012,,0.373149,,,0.008914,0,19,0,,0.367301,,,0.031153,,0.36825,,,0.00332,,,,,,0
2025-07-17,119523.944048,perp,0.076164,5,0.047431,90,83.128,0.342178,,0.389759,0.006886,,7,0,11,,,,,,,,,,,,,,,,0
2025-07-18,119234.311588,perp,0.017697,2,0.047396,83,128.712,0.333807,0.345237,0.41414,0.01957,0.042509,22,8,7,0.332294,0.351271,,0.021792,0.036206,0.337119,,,0.018779,,,,,,,0
2025-07-19,118243.249746,perp,,0,0.038522,21,38.512,0.349843,,,-0.007179,,6,0,0,,,,,,,,,,,,,,,,0
2025-07-20,117885.256776,perp,,0,0.038522,29,22.006,0.371119,,,0.033398,,11,0,0,,,,,,0.368783,,,0.05318,,,,,,,0
2025-07-21,118530.922843,perp,0.053002,1,0.053002,51,65.024,0.350227,0.377172,,0.004713,0.013979,19,6,0,0.354931,,,0.006121,,0.34734,,,0.020041,,,,,,,0
2025-07-22,118922.407883,perp,0.049445,4,0.051223,52,66.226,,0.369423,,,0.033162,0,7,0,,,,,,,,,,,,,,,,0
2025-07-23,118589.753142,perp,0.053867,1,0.053434,55,23.354,,,0.42608,,,0,0,9,,,,,,,,,,,,,,,,0
2025-07-24,118860.61117,perp,0.077819,1,0.058016,37,80.124,,,,,,0,0,0,,,,,,,,,,,,,,,,0
2025-07-25,115909.542114,perp,0.062238,2,0.062202,73,123.432,0.357374,0.390633,,0.003274,-0.000796,20,14,0,0.360274,0.389136,,0.009389,-0.000738,0.360687,,,-0.002057,,,,,,,0
2025-07-26,117799.85346,perp,,0,0.062166,29,24.514,0.37266,0.367668,,-0.032232,-0.012403,11,8,0,,0.359418,,,-0.006523,,,,,,,,,,,0
2025-07-27,119129.94069,perp,,0,0.062166,36,26.8,0.368288,,,,,7,0,0,,,,,,,,,,,,,,,,0
2025-07-28,118820.249058,perp,0.070905,1,0.062166,51,89.712,0.347045,0.381173,,0.011987,-0.021828,17,13,0,0.318648,0.375908,,0.023761,-0.026034,0.356557,0.388608,,0.015508,-0.00285,,,,,,0
2025-07-29,117929.726786,perp,0.075163,1,0.062238,50,75.338,,0.367315,,,-0.007591,0,16,0,,0.370964,,,-0.006346,,0.364115,,,0.000462,,,,,,0
2025-07-30,117317.088416,perp,0.017982,2,0.053867,47,61.922,,0.356829,,,-0.000251,0,6,0,,,,,,,,,,,,,,,,0
2025-07-31,117599.982539,perp,0.048942,2,0.053867,48,105.652,0.321826,0.355112,,-0.031662,-0.036605,12,8,0,0.339901,0.354475,,-0.02281,-0.036784,0.322882,,,-0.030264,,,,,,,0
2025-08-01,115153.943974,perp,0.07922,6,0.053867,89,144.514,0.346042,0.354002,0.426448,-0.031507,0.001733,22,21,11,0.352134,0.352619,0.425074,-0.030202,-0.007694,0.355729,0.350541,,-0.031514,-0.007968,,,,,,0
2025-08-02,112796.078521,perp,0.062783,4,0.062238,64,21.21,0.345075,0.364295,0.419168,-0.03855,-0.019455,15,16,12,,0.360633,,,-0.026463,0.323327,0.366684,0.420783,-0.030651,-0.020326,,,,,,0
2025-08-03,113698.54427,perp,,0,0.062238,51,50.074,0.389609,0.364313,,-0.044947,0.011405,15,11,0,0.392595,0.359954,,-0.056544,0.0159,0.381693,0.375797,,-0.04141,0.011093,,,,,,0
2025-08-04,115272.845078,perp,0.044093,4,0.058052,83,65.868,0.342481,0.347754,0.416151,-0.042244,-0.018737,21,21,15,0.344611,0.345039,0.407247,-0.032017,-0.029821,0.336631,0.352948,0.422254,-0.051296,-0.017624,,,,,,0
2025-08-05,113478.90627,perp,0.071739,1,0.06251,45,42.718,,,0.406291,,,0,0,8,,,0.431746,,,,,,,,,,,,,0
2025-08-06,114455.738402,perp,,0,0.062783,34,48.074,,0.341274,,,-0.045518,0,7,0,,,,,,,0.338792,,,-0.049378,,,,,,0
2025-08-07,116296.787431,perp,0.065418,2,0.065418,71,34.608,0.307341,0.338296,0.392677,-0.024104,-0.018807,8,19,13,,0.336867,0.381173,,-0.028511,0.307612,0.34411,,0.083111,-0.023023,,,,,,0
2025-08-08,116616.47493,perp,,0,0.064101,54,81.656,0.280768,0.334425,0.39373,-0.009477,-0.009512,14,15,10,,0.337482,,,-0.004652,0.295349,0.339831,,0.00626,-0.031046,,,,,,0
2025-08-09,117068.644306,perp,0.07072,2,0.068069,41,31.992,0.273015,0.320067,0.347321,0.006014,0.003919,8,15,9,,0.321519,0.363291,,0.008977,,,,,,,,,,,0
2025-08-10,118593.859283,perp,0.064422,2,0.065418,59,48.414,0.320291,0.336426,0.376961,0.029935,0.007721,10,12,11,,0.336082,,,0.016075,,,0.376863,,,,,,,,0
2025-08-11,120942.208264,perp,0.083154,5,0.068069,86,97.088,0.339566,0.342599,0.404651,0.010654,-0.004327,22,23,17,0.336752,0.33772,0.39482,-0.007987,-0.009443,0.347945,,0.396468,0.018419,,,,,,,0
2025-08-12,119252.183499,perp,0.099019,6,0.068069,78,74.53,,0.35596,,,0.003546,0,10,0,,0.340897,,,0.003904,,,,,,,,,,,0
2025-08-13,121389.617021,perp,0.082562,8,0.068069,71,131.444,,0.365912,,,0.011589,0,16,0,,0.36498,,,0.021695,,,,,,,,,,,0
2025-08-14,119783.124327,perp,0.09413,8,0.07123,99,144.396,0.324653,,0.426355,0.002355,,13,0,10,0.345933,,,-0.003871,,0.343753,,0.419082,0.042865,,,,,,,0
2025-08-15,118394.597704,perp,0.083057,4,0.07548,76,99.356,0.292667,0.353197,0.382647,-0.014707,-0.008822,19,9,7,0.282605,,,-0.00979,,0.309144,,,-0.021805,,,,,,,0
2025-08-16,117694.90993,perp,0.071052,2,0.071395,53,54.018,0.327073,,,-0.039162,,19,0,0,0.328275,,,-0.04138,,0.324824,,,-0.033551,,,,,,,0
2025-08-17,117935.394151,perp,0.061702,5,0.071396,49,49.788,0.333652,0.342991,,-0.03945,,19,8,0,0.326572,0.340113,,-0.031258,,0.333661,,,-0.043727,,,,,,,0
2025-08-18,115689.707781,perp,0.064448,9,0.071052,96,113.22,0.367138,0.358397,0.391112,-0.047954,-0.03148,22,18,18,0.363257,0.356028,0.3775,-0.049372,-0.032748,0.368221,0.356737,0.393716,-0.044852,-0.032827,,,,,,0
2025-08-19,114220.870861,perp,0.064462,10,0.071052,87,101.678,,0.361878,0.394506,,-0.027089,0,12,6,,0.359091,,,-0.078109,,0.360097,,,-0.017242,,,,,,0
2025-08-20,113306.509623,perp,0.06426,10,0.07072,89,97.064,,0.354056,0.375576,,-0.051382,0,12,7,,0.361303,,,-0.039768,,0.348637,,,-0.046075,,,,,,0
2025-08-21,112642.804878,perp,0.072125,9,0.070886,72,86.51,0.358696,0.362544,,-0.053844,-0.039936,9,11,0,0.359397,0.356788,,-0.046446,-0.02815,,,,,,,,,,,0
2025-08-22,114466.93805,perp,0.07526,10,0.071588,121,162.268,0.336952,0.34921,0.372394,-0.024079,-0.016724,18,19,10,0.34277,0.345434,,-0.05168,-0.019691,,0.355025,,,-0.0332,,,,,,0
2025-08-23,115400.335823,perp,0.11686,1,0.072125,60,42.036,0.29831,0.334851,,0.006914,-0.012978,13,12,0,0.297149,,,0.018693,,,0.337835,,,-0.013409,,,,,,0
2025-08-24,113302.391413,perp,0.105934,4,0.07526,73,50.022,0.340654,0.352511,,-0.000278,-0.011972,17,10,0,0.326928,0.35416,,-0.010046,-0.016705,,,,,,,,,,,0
2025-08-25,111058.507984,perp,0.081711,7,0.081711,99,176.78,0.394186,0.367021,0.386932,-0.058048,-0.022964,17,14,10,0.395543,0.3644,0.394068,-0.063428,-0.035425,,0.370186,,,-0.023699,,,,,,0
2025-08-26,110188.39066,perp,0.097935,5,0.081711,88,129.578,,0.370763,0.399262,,-0.031267,0,16,10,,0.369951,,,-0.025038,,0.374222,0.398789,,-0.030863,,,,,,0
2025-08-27,111851.717936,perp,0.057295,7,0.07526,58,112.202,,0.356329,0.411796,,-0.036104,0,8,6,,,,,,,0.354372,,,-0.031336,,,,,,0
2025-08-28,112219.9169,perp,0.074765,7,0.074765,58,89.726,0.330571,0.368364,,-0.031907,-0.034602,10,5,0,0.326435,,,-0.0311,,,,,,,,,,,,0
2025-08-29,109380.217655,perp,0.082764,11,0.074765,132,170.212,0.358152,0.375043,0.436812,-0.045967,-0.044223,22,17,17,0.348209,0.368789,0.452845,-0.050229,-0.041197,0.36074,0.380394,0.477013,-0.02077,-0.047558,,,,,,0
2025-08-30,108409.248558,perp,0.042053,7,0.072125,72,52.176,0.371094,0.369007,0.400776,-0.038731,-0.048742,15,9,7,0.367548,0.370771,,-0.052005,-0.048509,,,,,,,,,,,0
2025-08-31,108607.136266,perp,0.073982,5,0.073982,46,20.776,0.390951,0.381067,,0.019345,,6,5,0,,,,,,,,,,,,,,,,0
2025-09-01,109048.391962,perp,0.075966,6,0.074765,75,45.104,0.36015,0.361588,0.328392,-0.032264,-0.023892,14,20,12,0.357371,0.360738,0.407728,-0.03189,-0.024974,,,,,,,,,,,0
2025-09-02,110734.526966,perp,0.067591,3,0.074765,81,94.024,,0.378484,,,-0.022354,0,21,0,,,,,,,0.380542,,,-0.014612,,,,,,0
2025-09-03,111736.761964,perp,0.057481,6,0.074765,63,63.004,,0.36608,,,-0.031487,0,23,0,,0.385814,,,-0.058314,,0.365604,,,-0.023304,,,,,,0
2025-09-04,109883.12674,perp,0.077175,3,0.07526,70,69.966,0.380902,0.375632,0.393964,-0.046531,-0.035738,13,12,7,0.38857,0.365481,,-0.089434,-0.04909,0.380755,,,-0.042713,,,,,,,0
2025-09-05,112649.169133,perp,0.042474,5,0.07526,92,163.738,0.348613,0.364841,0.384235,-0.037451,-0.04647,19,15,6,0.347545,0.359777,,-0.036866,-0.016835,0.356448,0.367198,,-0.040434,-0.059781,,,,,,0
2025-09-06,110708.682759,perp,0.003298,2,0.074765,45,58.356,0.369345,0.35507,0.408035,-0.057111,-0.052878,11,10,7,0.368541,0.355065,0.410669,-0.046046,-0.041084,,,,,,,,,,,0
2025-09-07,111038.798407,perp,,0,0.074374,38,29.654,0.378877,0.384542,,-0.052718,-0.154804,11,7,0,,,,,,0.380054,,,-0.065222,,,,,,,0
2025-09-08,111977.635498,perp,0.103389,1,0.074374,52,41.438,0.364179,0.370612,0.383026,-0.030271,-0.053961,14,6,8,0.36712,,0.396472,-0.028079,,,,,,,,,,,,0
2025-09-09,112679.620759,perp,-0.035909,2,0.070787,67,95.318,,0.357408,0.388854,,-0.040859,0,11,8,,,,,,,0.359266,,,-0.041301,,,,,,0
2025-09-10,113357.657717,perp,0.064786,7,0.066189,74,94.672,,0.338134,0.394115,,-0.035386,0,10,12,,,,,,,0.361631,0.394908,,-0.029239,,,,,,0
2025-09-11,114748.282582,perp,0.062975,9,0.066188,78,120.556,0.330143,,0.380943,-0.024908,,9,0,12,0.330035,,,-0.024114,,,,0.399763,,,,,,,,0
2025-09-12,115267.812409,perp,0.061113,10,0.063881,92,160.732,0.30039,0.335533,0.39916,-0.013114,-0.011387,25,10,11,0.307364,,,-0.011468,,0.295606,,0.405632,-0.014167,,,,,,,0
2025-09-13,115751.476773,perp,0.039957,3,0.062044,52,97.614,0.306937,0.32308,0.367308,-0.006686,-0.015456,15,8,10,,,,,,0.311354,,,-0.00712,,,,,,,0
2025-09-14,115783.527391,perp,0.08561,2,0.063881,47,57.07,0.33955,0.331306,0.358524,-0.020909,-0.01191,8,11,16,,,0.358156,,,,0.335017,0.344563,,0.004631,,,,,,0
2025-09-15,115416.5436,perp,0.128691,1,0.063881,59,109.89,0.340294,0.331183,0.36998,-0.010312,,18,8,12,0.341208,,0.373137,-0.006786,,,,,,,,,,,,0
2025-09-16,116718.951151,perp,0.079342,3,0.063881,62,276.678,,,,,,0,0,0,,,,,,,,,,,,,,,,0
2025-09-17,115959.114477,perp,0.066931,10,0.063881,82,198.084,,0.338386,,,-0.023334,0,15,0,,,,,,,0.339824,,,-0.02514,,,,,,0
2025-09-18,117293.746875,perp,0.056882,6,0.063881,77,107.736,0.289123,,0.427281,-0.02599,,9,0,6,0.291302,,,-0.016583,,,,,,,,,,,,0
2025-09-19,116279.468081,perp,0.062354,2,0.062665,49,89.542,0.28471,0.319683,0.379243,-0.034249,-0.020414,12,11,6,0.282443,,,-0.026211,,,0.314933,,,,,,,,,0
2025-09-20,115961.292943,perp,,0,0.062975,26,29.682,0.278344,,,-0.042431,,8,0,0,0.274632,,,-0.043635,,,,,,,,,,,,0
2025-09-21,115610.72538,perp,0.052653,2,0.062975,33,52.9024,0.293676,0.317852,,-0.040069,-0.028771,10,9,0,,,,,,,,,,,,,,,,0
2025-09-22,112934.465153,perp,0.091391,11,0.063881,85,779.084,0.322554,0.341151,0.37249,-0.040098,-0.048531,15,20,10,0.314233,0.345132,,-0.035715,-0.045557,0.332415,0.336087,,-0.045662,-0.062245,,,,,,0
2025-09-23,112633.673527,perp,0.050983,2,0.062664,56,83.236,0.316184,0.332541,,-0.056942,-0.036069,6,14,0,,,,,,,0.341041,,,-0.058288,,,,,,0
2025-09-24,112817.199414,perp,0.042233,4,0.062664,57,318.64,0.30471,0.338147,,-0.045202,-0.038155,8,12,0,,0.334732,,,-0.027892,,0.337848,,,-0.090155,,,,,,0
2025-09-25,110541.779534,perp,0.071042,7,0.062664,91,435.436,0.337286,0.351306,0.484113,-0.033047,-0.019946,11,12,13,,,,,,0.331295,0.351934,0.455061,-0.037133,-0.036275,,,,,,0
2025-09-26,109521.326143,perp,0.060778,8,0.061733,102,178.4244,0.318466,0.355445,0.535992,-0.041919,-0.067821,27,12,12,0.31834,0.353696,0.450326,-0.046961,,0.315581,0.356516,,-0.035784,-0.062907,,,,,,0
2025-09-27,109481.699528,perp,,0,0.062354,31,30.02,0.326044,,,-0.054159,,7,0,0,,,,,,,,,,,,,,,,0
2025-09-28,111030.323731,perp,,0,0.064643,42,32.3,0.326472,0.370268,0.374202,,-0.100604,6,7,8,,,,,,,,,,,,,,,,0
2025-09-29,112762.074789,perp,0.042295,6,0.061566,66,67.444,0.32436,0.344991,0.403208,-0.057605,-0.049892,14,23,14,0.324746,0.343088,0.40357,-0.057939,-0.047288,0.330984,0.345479,,,-0.040863,,,,,,0
2025-09-30,114270.377542,perp,,0,0.060778,58,174.436,0.31548,0.347791,,-0.026377,-0.021599,9,12,0,,0.350296,,,-0.016408,,0.345142,,,-0.025624,,,,,,0
2025-10-01,117034.430714,perp,0.0542,14,0.056882,94,339.582,0.301376,0.349467,0.377729,-0.014034,-0.003461,11,25,13,0.300389,0.344051,0.370923,-0.000359,-0.003138,,0.35094,0.380567,,0.001211,,,,,,0
2025-10-02,120037.849677,perp,0.057488,13,0.056882,98,187.944,0.324262,0.357316,0.381819,0.010771,-0.014168,16,21,13,,0.358169,0.374765,,-0.015279,0.32227,0.357167,0.389111,0.011469,-0.014299,,,,,,0
2025-10-03,122012.54275,perp,0.070739,14,0.057488,132,274.838,0.323141,0.356596,0.386194,0.013237,-0.004389,24,24,20,0.306168,0.358276,0.377326,0.050024,-0.014847,0.31263,0.354789,0.395646,0.03526,0.001734,,,,,,0
2025-10-04,122290.619927,perp,0.064596,1,0.057488,49,43.194,0.336901,0.354808,0.385056,0.000397,0.007481,10,15,10,,0.350408,,,0.04337,,0.35585,0.385006,,0.006622,,,,,,0
2025-10-05,124025.620979,perp,0.075309,8,0.059133,94,129.694,0.366131,0.381316,0.389584,0.028594,-0.020383,17,25,14,0.366267,0.379066,0.387926,0.040799,-0.016166,0.383234,0.383655,0.389147,-0.003137,-0.010393,,,,,,0
2025-10-06,124478.99587,perp,0.082726,8,0.062687,72,91.264,0.389198,0.366954,,-0.002391,-0.002243,16,17,0,0.372676,0.366605,,-0.001393,-0.001089,0.405696,0.370685,,0.019748,-0.0081,,,,,,0
2025-10-07,123317.578159,perp,0.109529,8,0.062687,85,264.17,0.366787,0.368867,0.386709,0.06464,-0.006898,8,21,9,,0.365999,0.389611,,-0.018154,,0.368233,,,-0.005023,,,,,,0
2025-10-08,123012.723034,perp,0.105507,1,0.067667,67,76.1,0.359838,0.368055,0.381092,-0.011859,-0.004238,8,15,16,,0.378617,,,-0.059305,,0.375877,0.388968,,-0.006457,,,,,,0
2025-10-09,122356.321474,perp,0.085747,3,0.07089,61,85.54904,0.348442,0.375832,0.414508,0.010396,-0.01059,7,13,8,0.34271,0.375826,,0.015986,-0.009907,,0.382505,,,-0.010148,,,,,,0
2025-10-10,119972.658563,perp,0.098615,16,0.073024,140,230.68517,0.398724,0.415734,0.429688,-0.042861,0.019496,17,32,33,0.440646,0.455681,0.444735,0.067718,0.078789,0.381887,0.382694,0.412897,-0.089881,0.011825,,,,,,0
2025-10-11,111571.656596,perp,0.083879,18,0.079017,111,103.944,0.482438,0.442455,0.462009,-0.086277,-0.017687,12,26,20,0.52537,0.448285,0.459448,-0.096018,-0.03975,,0.455057,0.470041,,-0.01455,,,,,,0
2025-10-12,110758.535829,perp,0.088953,12,0.082726,75,53.014406,0.491184,0.453467,0.4602,-0.081206,-0.036483,9,22,19,,0.454334,0.438787,,-0.000201,,0.452365,0.487863,,-0.048443,,,,,,0
2025-10-13,114866.000701,perp,0.05032,2,0.079017,64,58.958,0.411457,0.422577,0.440585,-0.053858,-0.038863,7,18,13,,0.427999,0.434595,,-0.04809,,0.42066,,,-0.032409,,,,,,0
2025-10-14,113556.500692,perp,0.061145,6,0.079017,78,105.618,,0.438718,0.391766,,-0.011611,0,16,6,,0.43458,,,-0.001543,,0.438975,,,-0.02384,,,,,,0
2025-10-15,111549.297858,perp,0.049462,2,0.075309,69,121.304,0.411876,0.428627,,-0.0483,-0.037818,7,12,0,,,,,,,0.424462,,,-0.047572,,,,,,0
2025-10-16,108776.74015,perp,0.061755,9,0.075309,107,210.598,0.429361,,0.467772,-0.023443,,9,0,14,,,0.469216,,,,,,,,,,,,,0
2025-10-17,106806.744307,perp,0.065502,16,0.075309,125,349.856,0.479197,0.475223,0.482176,-0.044123,-0.055798,30,18,10,0.46261,0.462566,,-0.067483,-0.042221,0.485025,0.489207,,-0.049592,-0.058059,,,,,,0
2025-10-18,107147.674861,perp,0.05691,6,0.075309,48,51.182,0.432527,,,-0.090912,,11,0,0,,,,,,0.433818,,,-0.095237,,,,,,,0
2025-10-19,108337.428494,perp,,0,0.079017,66,45.497,0.473054,0.446769,,-0.068434,-0.027167,17,9,0,,0.486522,,,,0.466854,,,-0.095048,,,,,,,0
2025-10-20,110815.509046,perp,0.03294,3,0.074114,73,135.732,0.431129,0.452311,,-0.039456,-0.035924,15,8,0,0.46069,,,-0.132486,,,,,,,,,,,,0
2025-10-21,109000.231041,perp,0.053168,5,0.063629,98,176.296,0.469615,0.449189,,-0.058911,-0.055848,15,11,0,0.48147,,,-0.043316,,0.46789,,,-0.067204,,,,,,,0
2025-10-22,108161.695019,perp,0.060787,7,0.06145,87,231.204,0.465611,0.470558,,-0.057806,-0.054588,9,19,0,,0.480727,,,-0.048938,,0.491668,,,-0.07182,,,,,,0
2025-10-23,108605.369597,perp,-0.021085,2,0.060966,38,80.952,0.45639,,,-0.05361,,6,0,0,,,,,,,,,,,,,,,,0
2025-10-24,111113.640307,perp,0.049503,2,0.058848,75,212.834,0.401008,0.431044,,-0.039263,-0.035112,19,10,0,0.416706,0.422433,,-0.042757,-0.065108,0.39885,0.429532,,-0.038471,-0.031263,,,,,,0
2025-10-25,111623.460107,perp,,0,0.05691,33,8.132,0.390116,0.420811,,-0.039872,-0.067063,9,7,0,,,,,,0.406476,,,-0.020681,,,,,,,0
2025-10-26,113213.072556,perp,0.028324,3,0.053168,57,177.78,0.412575,0.424862,,-0.013621,-0.024738,16,7,0,,,,,,0.413293,,,-0.01467,,,,,,,0
2025-10-27,115033.215021,perp,0.069259,3,0.053168,64,36.176,0.404825,0.406765,,-0.025398,-0.013907,11,20,0,,0.406718,,,-0.013905,0.39238,0.405923,,-0.05347,-0.011385,,,,,,0
2025-10-28,114170.54157,perp,0.064691,2,0.05691,58,88.842,0.399244,0.402616,,-0.027495,-0.022809,7,14,0,,0.404183,,,,,0.403767,,,-0.023559,,,,,,0
2025-10-29,111649.831803,perp,0.051391,7,0.053168,100,190.188,0.428316,0.416132,0.449349,-0.04586,-0.039057,13,28,9,0.449366,0.415441,,-0.046769,-0.011955,,0.414283,,,-0.044818,,,,,,0
2025-10-30,109093.418698,perp,0.040045,12,0.053168,108,181.23,0.428258,0.424134,0.455081,-0.004728,-0.039305,11,22,12,0.434996,0.426207,0.457111,-0.032874,-0.037072,,0.419026,,,-0.038995,,,,,,0
2025-10-31,109939.258476,perp,0.062944,8,0.053168,87,146.8948,0.394933,0.415558,0.446371,-0.029464,-0.04325,16,18,10,0.385232,0.415263,,-0.033327,-0.038507,0.424477,0.413861,,-0.034015,-0.04666,,,,,,0
2025-11-01,110092.392324,perp,0.052465,5,0.052465,41,51.688,0.373207,0.406526,,-0.032808,-0.043347,11,14,0,,0.407393,,,-0.049578,0.385237,0.404252,,-0.024757,-0.044996,,,,,,0
2025-11-02,110217.76258,perp,,0,0.051928,38,38.55,0.39388,0.418889,0.445009,0.020919,-0.030443,11,11,6,,0.419538,,,-0.039808,0.424693,,0.445786,-0.029451,,,,,,,0
2025-11-03,107463.77674,perp,0.043207,5,0.051391,80,111.226,0.43549,0.433467,0.447376,-0.028247,-0.023411,16,25,16,0.426754,0.433642,0.451778,-0.045894,-0.040097,0.440321,0.441092,0.442508,-0.013155,-0.011204,,,,,,0
2025-11-04,103013.99765,perp,0.038824,20,0.051391,131,375.40251,0.49304,0.44915,0.458645,-0.068931,-0.03388,13,37,18,0.51238,0.436522,0.45266,-0.08347,-0.031047,,0.453146,0.45903,,-0.041429,,,,,,0
2025-11-05,103219.951521,perp,0.042941,5,0.049503,78,74.704,,0.445705,0.461429,,-0.048454,0,26,16,,0.430498,0.459975,,-0.045351,,0.452278,0.46105,,-0.046115,,,,,,0
2025-11-06,102548.049233,perp,0.05471,7,0.049503,69,78.40356,,0.438173,0.460219,,-0.036574,0,20,16,,0.437462,0.462341,,-0.041415,,0.439077,0.456856,,-0.028757,,,,,,0
2025-11-07,101349.468385,perp,0.04706,6,0.049503,92,123.91556,0.43413,0.43676,0.450822,-0.055188,-0.04538,14,18,12,0.434206,0.4382,0.449451,-0.051939,-0.043444,,0.437377,,,-0.060859,,,,,,0
2025-11-08,102593.425442,perp,0.040474,2,0.04706,37,42.686,0.384043,0.423738,0.432856,-0.070429,-0.04951,8,11,7,,0.423525,,,-0.045352,,,,,,,,,,,0
2025-11-09,101912.293781,perp,0.048869,4,0.047964,55,42.80916,0.447032,0.435874,0.464837,-0.065686,-0.038521,13,14,12,0.457592,0.428363,0.467667,-0.039942,-0.034402,,0.449436,,,-0.008608,,,,,,0
2025-11-10,105747.228781,perp,0.045364,5,0.047965,61,132.932,0.456924,0.431392,0.443268,-0.025368,-0.02491,17,18,11,0.449835,0.428057,0.438876,-0.022708,-0.027629,0.434478,0.433031,0.42842,-0.046613,-0.024738,,,,,,0
2025-11-11,105639.81382,perp,0.067264,8,0.047965,74,114.378,0.413522,0.423506,,-0.023565,-0.030017,10,19,0,0.415693,0.413724,,-0.026084,-0.024096,,0.426183,,,-0.030671,,,,,,0
2025-11-12,101902.110236,perp,0.049519,5,0.047965,71,101.648,0.427271,0.434031,,-0.060243,-0.041728,14,14,0,0.432327,0.434577,,-0.060305,-0.039166,,0.429629,,,-0.041531,,,,,,0
2025-11-13,99592.276526,perp,0.049464,11,0.047965,105,187.102242,,,0.467381,,,0,0,10,,,,,,,,,,,,,,,,0
2025-11-14,96408.745279,perp,0.043824,10,0.047965,142,236.403054,0.475986,0.453129,0.484429,-0.058389,-0.028362,26,17,15,0.484098,0.461718,,-0.048183,-0.024541,0.475561,0.445601,0.477316,-0.068982,-0.037248,,,,,,0
2025-11-15,95736.40334,perp,0.044713,5,0.046212,59,56.747592,0.474821,0.467876,,-0.032998,-0.042485,13,14,0,0.477721,0.467883,,-0.020316,-0.031966,0.468749,0.470646,,-0.032812,-0.043853,,,,,,0
2025-11-16,94789.65724,perp,0.042755,8,0.045039,68,57.3927,0.511479,0.485261,,-0.053151,-0.035412,17,13,0,0.513366,0.484083,,-0.062058,-0.033372,,0.496979,,,-0.035964,,,,,,0
2025-11-17,93910.667143,perp,0.045253,7,0.045253,97,141.409908,0.505725,0.475853,0.488559,-0.050422,-0.030929,15,14,12,0.505352,0.477989,,-0.047372,-0.036034,,0.469455,0.486393,,-0.03017,,,,,,0
2025-11-18,91265.661038,perp,0.026703,8,0.045253,85,164.510196,0.536464,0.493149,,-0.103,-0.045726,7,17,0,,0.492138,,,-0.046596,,,,,,,,,,,0
2025-11-19,90547.973136,perp,0.048979,7,0.045364,89,224.826596,0.502698,0.496733,,-0.046761,-0.039477,9,13,0,,0.49505,,,-0.038551,,,,,,,,,,,0
2025-11-20,91852.934251,perp,0.054193,9,0.04706,99,160.646978,0.526763,0.500599,,-0.008138,-0.024706,9,12,0,0.529782,0.507372,,0.003027,-0.042997,,,,,,,,,,,0
2025-11-21,84376.448572,perp,0.040564,10,0.045364,152,332.01215,0.632035,0.558868,0.526233,-0.070075,-0.041887,20,16,21,0.636033,0.565643,0.530743,-0.076803,-0.049674,0.62338,0.556433,0.536322,-0.070714,-0.05655,,,,,,0
2025-11-22,84622.10912,perp,0.028596,4,0.045253,54,72.93,0.567392,0.551515,,-0.097518,-0.057289,8,13,0,,0.549566,,,-0.055853,,,,,,,,,,,0
2025-11-23,86211.977483,perp,0.029449,2,0.045253,69,82.623,0.585488,0.555116,0.539598,-0.077992,-0.092466,16,10,7,0.583974,0.565383,,-0.081811,-0.121008,0.587228,,,-0.140095,,,,,,,0
2025-11-24,87003.265217,perp,0.034303,4,0.044713,88,200.102,0.545406,0.532386,,-0.076537,-0.049282,10,14,0,0.525004,,,-0.087528,,,0.547614,,,-0.024484,,,,,,0
2025-11-25,87190.323721,perp,0.048046,1,0.044713,58,67.267094,0.482083,0.505185,,-0.042306,-0.055322,9,9,0,0.479722,,,-0.071434,,,,,,,,,,,,0
2025-11-26,88078.459913,perp,0.053836,4,0.044713,73,78.048816,0.466953,0.484378,,-0.046987,-0.057899,7,14,0,,,,,,,0.485353,,,-0.055231,,,,,,0
2025-11-27,91219.545299,perp,0.047032,4,0.044713,59,44.62,,0.467911,,,-0.040601,0,15,0,,0.468576,,,-0.036267,,,,,,,,,,,0
2025-11-28,91270.985697,perp,0.050793,9,0.044713,83,72.436862,0.406758,0.458814,0.469527,-0.046409,-0.052036,17,13,11,0.407478,0.460006,,-0.043218,-0.048741,0.402008,,,-0.027511,,,,,,,0
2025-11-29,90742.955234,perp,0.031541,2,0.044713,48,62.680232,0.439493,0.469139,0.475448,-0.044545,-0.059258,15,8,7,0.449714,0.469118,,-0.042393,-0.057758,0.441126,,0.481086,-0.053453,,,,,,,0
2025-11-30,91070.223642,perp,0.041595,2,0.042755,41,57.348,0.472816,0.465149,,-0.043211,-0.051494,17,8,0,,0.465067,,,-0.075917,0.464706,,,-0.071147,,,,,,,0
2025-12-01,87021.765985,perp,0.05061,5,0.045253,93,170.68,0.527862,0.501848,0.477818,-0.046111,-0.061074,16,19,18,0.532691,0.506334,0.482204,-0.046817,-0.067285,0.519635,0.487536,,-0.052866,-0.0589,,,,,,0
2025-12-02,88722.902502,perp,0.017286,6,0.041595,91,145.134,0.509701,0.486131,0.479735,-0.0636,-0.063599,12,20,11,,0.490137,,,-0.073911,,0.478968,0.482053,,-0.064844,,,,,,0
2025-12-03,92993.035355,perp,0.060615,2,0.047032,72,94.431414,0.485822,0.464295,0.461112,-0.077206,-0.040498,9,14,11,,0.457489,,,,0.480984,0.465996,0.457364,-0.055435,-0.040547,,,,,,0
2025-12-04,92886.72357,perp,0.036392,3,0.041595,68,92.371,,0.450783,,,-0.055969,0,19,0,,0.451361,,,-0.056565,,0.450629,,,-0.056641,,,,,,0
2025-12-05,90584.088061,perp,0.039185,2,0.040564,80,132.5746,0.472298,0.46855,0.467933,-0.04394,-0.062953,20,15,8,0.472652,0.471327,0.466613,-0.041917,-0.071965,0.47078,,,-0.048321,,,,,,,0
2025-12-06,89635.006329,perp,0.040829,2,0.040829,40,19.65198,0.469921,0.46302,0.472203,-0.040923,-0.058885,10,11,9,0.477707,,,-0.047439,,,,,,,,,,,,0
2025-12-07,89368.926266,perp,0.032119,3,0.040829,47,25.842,0.53991,0.49746,0.475078,-0.044215,-0.064299,8,13,9,,0.487688,,,-0.083506,,0.506227,0.477517,,-0.077219,,,,,,0
2025-12-08,90174.100681,perp,0.026583,4,0.040829,73,1011.126,0.508033,0.483751,0.473851,-0.066262,-0.064102,14,17,13,0.504894,0.482119,0.46843,-0.070343,-0.064962,,,,,,,,,,,0
2025-12-09,93248.822265,perp,0.046142,9,0.041595,102,194.87436,0.48009,0.459647,0.454792,-0.022629,-0.040571,18,17,11,0.47684,0.454778,,-0.025224,-0.047574,0.500111,0.462511,0.456939,-0.010335,-0.046587,,,,,,0
2025-12-10,92624.263973,perp,0.044915,6,0.041595,98,187.819,0.472696,0.453366,0.45369,-0.035947,-0.048745,15,15,10,0.467699,0.454623,,-0.033775,-0.056236,0.479202,0.45374,,-0.028455,-0.047508,,,,,,0
2025-12-11,92610.336304,perp,0.011537,4,0.040829,87,172.657,0.433501,,0.437952,-0.028588,,15,0,17,0.418704,,,-0.023733,,0.433177,,0.436939,,,,,,,,0
2025-12-12,91897.608846,perp,0.028797,3,0.039185,83,115.293,0.422985,0.415656,0.42816,-0.028233,-0.057111,20,8,17,,,0.42937,,,0.426549,,0.427651,-0.025784,,,,,,,0
2025-12-13,90123.806248,perp,-0.031712,1,0.036392,30,33.9426,0.411592,,,-0.039103,,9,0,0,,,,,,,,,,,,,,,,0
2025-12-14,89857.906896,perp,0.057132,3,0.039185,53,35.0092,0.490475,,0.45751,-0.018706,,15,0,6,0.491709,,,-0.029831,,,,,,,,,,,,0
2025-12-15,87944.2135,perp,0.040009,5,0.039185,103,347.673476,0.472533,0.44126,0.451024,-0.032272,-0.044475,19,21,22,0.463072,0.441083,0.447164,-0.053141,-0.044041,0.487089,0.440604,0.448256,-0.014225,-0.054253,,,,,,0
2025-12-16,87090.523009,perp,0.079357,3,0.039185,52,242.698036,,0.380243,,,-0.057277,0,8,0,,,,,,,,,,,,,,,,0
2025-12-17,87156.469284,perp,0.037508,5,0.039185,67,262.23238,0.43687,0.434633,,-0.054969,-0.036836,10,15,0,,0.437167,,,-0.040348,,,,,,,,,,,0
2025-12-18,87831.140023,perp,0.068827,4,0.039185,96,325.2965,0.447666,,,-0.032234,,14,0,0,0.428409,,,-0.03563,,0.453388,,,-0.04739,,,,,,,0
2025-12-19,87284.714172,perp,0.03911,2,0.039185,81,242.00532,0.415038,0.449527,,-0.035326,-0.032652,18,11,0,0.421771,0.451066,,-0.043036,-0.033176,0.40255,,,-0.027321,,,,,,,0
2025-12-20,88178.589448,perp,0.072508,2,0.040009,34,56.52098,0.40109,,,-0.024437,,8,0,0,,,,,,,,,,,,,,,,0
2025-12-21,88463.114286,perp,,0,0.039559,28,33.017,0.447865,,,-0.016361,,12,0,0,0.449907,,,-0.016566,,,,,,,,,,,,0
2025-12-22,89168.516348,perp,0.057666,7,0.042462,63,4192.09694,,0.426462,,,-0.019875,0,10,0,,,,,,,,,,,,,,,,0
2025-12-23,87574.75566,perp,0.052415,4,0.045528,50,81.73506,0.37403,,,-0.034077,,6,0,0,,,,,,,,,,,,,,,,0
2025-12-24,87053.622103,perp,0.04037,3,0.042642,53,155.517292,,0.418597,0.437596,,-0.02868,0,10,7,,0.422819,,,,,,,,,,,,,,0
2025-12-25,87690.393815,perp,0.061986,2,0.046393,41,45.4768,,,,,,0,0,0,,,,,,,,,,,,,,,,0
2025-12-26,88590.225329,perp,0.028567,2,0.046393,76,122.42626,0.36437,0.389137,0.455125,-0.019471,-0.020683,19,13,7,0.360838,0.393679,,-0.022126,-0.000736,0.365595,,0.455093,-0.017577,,,,,,,0
2025-12-27,87431.802197,perp,,0,0.052415,53,103.74988,0.349354,,,-0.0087,,18,0,0,0.355691,,,-0.009533,,0.338678,,,-0.000547,,,,,,,0
2025-12-28,87711.458859,perp,0.057253,1,0.057132,30,28.56332,0.373824,,,-0.013399,,10,0,0,0.380156,,,-0.011645,,,,,,,,,,,,0
2025-12-29,87893.008402,perp,0.055643,4,0.055643,84,303.74868,0.38847,0.407511,0.430797,-0.010685,-0.0418,15,19,14,0.40191,0.408677,0.430632,-0.004679,-0.038326,0.37726,0.40445,0.429645,-0.003014,-0.039993,,,,,,0
2025-12-30,87944.686531,perp,0.040886,3,0.055643,64,109.41692,0.387838,0.41083,0.416741,-0.034311,-0.036433,12,11,6,,0.410019,,,-0.035404,,,,,,,,,,,0
2025-12-31,88486.035033,perp,,0,0.054029,55,102.5678,0.371395,0.416896,0.417884,-0.008735,-0.021282,9,16,8,,0.415194,0.418642,,-0.029598,,0.41222,,,-0.01747,,,,,,0
2026-01-01,87715.381094,perp,,0,0.055643,41,115.23964,0.372269,,,-0.018732,,11,0,0,,,,,,,,,,,,,,,,0
2026-01-02,89558.164257,perp,0.028485,6,0.052415,89,163.42186,0.399441,0.421239,0.431811,-0.020866,-0.015331,21,18,7,0.399143,0.426929,,-0.022373,-0.017155,0.409614,0.414126,0.429985,-0.032216,-0.017815,,,,,,0
2026-01-03,90172.09037,perp,0.045638,3,0.052415,58,47.52922,0.401965,0.417083,0.433269,-0.008898,-0.025023,13,14,13,,,,,,0.399082,,0.410663,-0.014379,,,,,,,0
2026-01-04,91219.649248,perp,0.051896,4,0.051896,69,45.77596,0.435855,0.434326,0.438196,-0.009423,-0.022048,19,12,8,0.437527,,,-0.012948,,0.447315,0.436646,0.438648,0.013516,-0.026348,,,,,,0
2026-01-05,92847.248661,perp,0.048572,7,0.050234,102,174.996632,0.452126,0.441025,0.449634,-0.017111,-0.018267,21,17,15,0.450306,0.440292,0.438883,-0.023455,-0.012539,0.448548,0.432375,0.448708,-0.006955,0.002339,,,,,,0
2026-01-06,93059.62565,perp,0.053235,5,0.050234,81,259.84032,0.433135,0.43308,0.433955,-0.001104,-0.005439,10,12,6,,0.439618,,,-0.009439,0.440943,0.429888,0.431362,-0.0074,2.3e-05,,,,,,0
2026-01-07,92518.825521,perp,,0,0.048572,66,202.2541,0.429713,0.428167,0.458491,-0.007736,-0.011302,12,17,11,,0.431831,,,0.004424,0.430025,0.424865,0.44517,-0.004864,-0.010467,,,,,,0
2026-01-08,90758.056623,perp,0.05113,4,0.05113,70,118.29274,0.398815,0.428777,0.420569,-0.035276,-0.011274,14,15,8,,0.42821,,,-0.005607,0.393936,,,-0.037024,,,,,,,0
2026-01-09,90928.084298,perp,0.099097,1,0.05113,50,293.63242,0.361767,0.409271,,-0.012369,-0.009433,9,11,0,,0.404346,,,0.002586,,,,,,,,,,,0
2026-01-10,90622.016651,perp,0.04235,2,0.05113,39,53.3103,0.346428,,0.410796,-0.035848,,13,0,5,,,,,,0.353767,,,-0.032298,,,,,,,0
2026-01-11,90811.865783,perp,,0,0.05113,29,82.41344,0.374012,,,-0.024506,,12,0,0,,,,,,0.371888,,,-0.02784,,,,,,,0
2026-01-12,91132.532228,perp,0.046202,23,0.048572,153,629.56044,0.37512,0.387125,0.420094,-0.020749,-0.024171,19,34,42,0.368414,0.385331,0.42087,-0.018999,-0.024826,0.378873,0.390705,0.41927,-0.021032,-0.02535,,,,,,0
2026-01-13,93165.091344,perp,0.040972,2,0.046202,66,281.39606,,,,,,0,0,0,,,,,,,,,,,,,,,,0
2026-01-14,95944.495446,perp,0.009615,5,0.046202,78,583.18024,0.387714,0.400574,0.42312,-0.021714,-0.025773,8,16,9,,0.403915,,,-0.023684,,,,,,,,,,,0
2026-01-15,96296.700567,perp,0.016293,2,0.04592,74,218.4158,0.363997,,,0.00869,,9,0,0,,,,,,,,,,,,,,,,0
2026-01-16,95493.236673,perp,0.092326,1,0.046202,56,89.9181,0.358116,,,-0.020795,,16,0,0,0.365902,,,-0.017754,,0.355862,,,-0.01499,,,,,,,0
2026-01-17,95042.877292,perp,,0,0.047387,33,39.453,0.339629,0.372176,,0.015457,-0.026136,9,9,0,0.343443,0.373275,,0.013074,-0.026991,,,,,,,,,,,0
2026-01-18,95420.31307,perp,0.049743,1,0.049158,33,45.53828,0.358255,0.366277,,-0.024883,-0.023012,11,9,0,,,,,,0.351619,,,-0.024568,,,,,,,0
2026-01-19,93048.195643,perp,0.063212,1,0.049157,48,71.55708,0.392221,0.388957,,-0.030254,-0.030772,13,13,0,0.381681,0.387566,,0.017105,-0.034733,,,,,,,,,,,0
2026-01-20,89582.640676,perp,,0,0.049743,68,381.4967,,0.395322,0.428076,,-0.041899,0,15,6,,0.390593,,,-0.055205,,,,,,,,,,,0
2026-01-21,89618.808186,perp,0.087292,1,0.049743,72,305.65768,0.402791,0.383352,0.410468,-0.040676,-0.042168,12,14,6,0.397391,0.378684,,-0.05715,-0.046481,,,,,,,,,,,0
2026-01-22,89936.578912,perp,0.040075,2,0.047973,56,448.82078,0.361802,,,-0.036263,,8,0,0,0.361599,,,-0.03567,,,,,,,,,,,,0
2026-01-23,89925.193837,perp,0.013995,3,0.044276,64,305.85246,0.350241,0.370044,,-0.035994,-0.033361,15,10,0,0.354746,,,-0.039003,,0.349969,0.356643,,-0.028357,-0.036937,,,,,,0
2026-01-24,89441.964409,perp,0.039578,1,0.041661,44,42.27792,,0.371263,,,-0.027224,0,6,0,,,,,,,,,,,,,,,,0
2026-01-25,87938.284878,perp,0.054786,1,0.043587,49,147.39758,0.40971,0.38378,,-0.025618,-0.009816,12,9,0,0.393788,0.38371,,-0.05159,-0.008742,,,,,,,,,,,0
2026-01-26,87968.444966,perp,0.031257,5,0.040972,54,206.42998,0.401943,0.385047,,-0.06292,-0.062079,13,18,0,0.403793,0.38251,,-0.062173,-0.071162,,0.390343,,,-0.03941,,,,,,0
2026-01-27,88183.651412,perp,0.049671,1,0.040972,50,145.4511,,0.374391,,,-0.032433,0,12,0,,,,,,,0.377028,,,-0.031744,,,,,,0
2026-01-28,89545.487448,perp,0.040932,1,0.040932,63,87.0742,0.361364,0.368045,0.399927,-0.026643,-0.024918,12,13,6,0.36234,0.366199,,-0.028861,-0.029854,,0.375045,,,-0.023907,,,,,,0
2026-01-29,87564.300841,perp,0.068501,5,0.049671,90,390.32564,0.370377,0.372042,0.402421,-0.030542,-0.016087,10,15,9,,0.3619,,,,,0.372729,0.400327,,-0.015316,,,,,,0
2026-01-30,83079.046488,perp,0.043795,7,0.049671,101,282.96438,0.433331,0.401646,0.432822,-0.045368,-0.040375,19,17,10,0.45486,0.394839,,-0.043076,-0.033802,0.404796,0.394941,0.421087,-0.040829,-0.064652,,,,,,0
2026-01-31,78464.122595,perp,0.042773,7,0.043795,108,355.030714,0.54454,0.443227,0.454087,-0.121926,-0.058355,14,15,15,0.46666,,0.472275,-0.096593,,,0.441293,0.446862,,-0.068441,,,,,,0
2026-02-01,78177.118622,perp,0.04101,5,0.043284,85,206.94464,0.537746,0.43516,0.434226,-0.07514,-0.037863,12,11,12,,,,,,0.535297,0.421996,0.430996,-0.083639,-0.096041,,,,,,0
2026-02-02,76415.362023,perp,0.010034,5,0.041891,88,194.91514,0.560074,0.470011,0.438821,-0.091863,-0.052887,14,20,13,0.565229,0.477203,0.444807,-0.092699,-0.052594,0.529641,0.461026,,-0.097123,,,,,,,0
2026-02-03,75062.806992,perp,0.079765,8,0.041891,120,1081.634518,0.583708,0.484193,0.469673,-0.111381,-0.068707,13,17,15,,,0.482279,,,0.587171,0.475943,0.477073,-0.103014,-0.05935,,,,,,0
2026-02-04,75894.380878,perp,0.057933,9,0.042773,107,161.461782,0.545547,0.501928,0.484535,-0.051557,-0.036228,9,27,25,,0.509872,0.492468,,-0.035943,,0.487212,0.476574,,-0.036055,,,,,,0
2026-02-05,67978.068812,perp,0.103843,28,0.042773,211,1460.18497,0.758649,0.641965,0.581356,-0.253603,-0.128703,17,27,36,0.738413,0.628916,0.565884,-0.119411,-0.144049,0.782321,0.622466,0.580498,,-0.10753,,,,,,0
2026-02-06,68014.966133,perp,0.055175,17,0.043795,198,511.401808,0.705638,0.604294,0.529783,-0.202684,-0.063546,29,24,28,0.752254,0.578581,0.5393,-0.190797,-0.116803,0.705845,0.607476,0.531215,-0.155285,-0.038177,,,,,,0
2026-02-07,68672.291968,perp,0.017609,9,0.043795,100,163.06802,0.623454,0.560531,0.527637,-0.157713,-0.137039,10,20,18,0.615202,0.561958,,,-0.142842,,0.559884,0.535901,,-0.140043,,,,,,0
2026-02-08,69514.666667,perp,0.02074,2,0.043795,87,114.17894,0.629636,0.554639,0.53345,-0.118923,-0.113016,18,17,7,0.643743,0.553403,,-0.101272,-0.115104,0.623307,0.552245,,-0.133917,-0.108886,,,,,,0
2026-02-09,69904.902181,perp,0.029736,12,0.042773,90,193.6058,0.602147,0.53799,0.512606,-0.155063,-0.091798,12,15,12,0.616141,0.533256,,-0.146409,-0.096257,,0.543673,0.508875,,-0.090152,,,,,,0
2026-02-10,68922.591961,perp,0.035302,3,0.042773,51,109.57052,,0.522567,,,-0.100981,0,9,0,,,,,,,,,,,,,,,,0
2026-02-11,67348.713519,perp,0.031775,7,0.04101,95,221.45984,0.545742,0.531144,0.514551,-0.108495,-0.100191,6,19,10,,,,,,,0.528226,,,-0.095139,,,,,,0
2026-02-12,66658.230527,perp,-0.014359,6,0.04101,78,210.90556,0.54487,,0.506487,-0.129038,,11,0,7,0.507475,,,-0.092757,,0.558266,,,-0.120038,,,,,,,0
2026-02-13,68847.530732,perp,0.05576,5,0.04101,92,202.60842,0.483857,0.487847,0.496227,-0.073548,-0.085472,21,19,8,0.477297,0.475294,,-0.065337,-0.108021,0.488684,0.491665,,-0.081839,-0.080159,,,,,,0
2026-02-14,69315.885129,perp,0.005314,1,0.035302,39,25.93064,0.466606,0.485846,,-0.065172,-0.089054,10,10,0,,,,,,,,,,,,,,,,0
2026-02-15,70459.422696,perp,0.066675,3,0.035302,51,119.39154,0.529961,0.463084,,0.038543,-0.045397,10,15,0,,,,,,0.534665,0.473844,,0.020727,-0.037833,,,,,,0
2026-02-16,68249.211564,perp,0.032384,1,0.032384,51,92.9762,0.532404,0.488116,,-0.003894,-0.055109,7,17,0,,,,,,,0.48533,,,-0.063534,,,,,,0
2026-02-17,67441.025641,perp,,0,0.033843,51,64.02238,,0.500279,,,-0.077577,0,10,0,,,,,,,,,,,,,,,,0
2026-02-18,66995.287509,perp,0.039361,3,0.033843,75,266.84124,0.498366,0.489068,,-0.065582,-0.057749,14,14,0,0.499569,0.483846,,-0.06294,-0.059219,0.498469,0.488807,,,-0.062643,,,,,,0
2026-02-19,66811.925675,perp,0.012069,4,0.032079,64,276.34396,0.505739,0.491802,0.486749,-0.070747,-0.085111,10,5,6,,,,,,0.547205,,,,,,,,,,0
2026-02-20,67517.514629,perp,0.048934,1,0.032079,61,215.19474,0.464173,0.48215,,-0.062771,-0.062336,12,9,0,0.440645,0.483199,,-0.029233,-0.061841,0.484937,,,-0.081869,,,,,,,0
2026-02-21,68050.0,perp,0.029699,6,0.030755,64,149.41622,0.501032,0.47677,0.477734,-0.109039,-0.067049,10,8,10,,,,,,,,0.475298,,,,,,,,0
2026-02-22,68060.985353,perp,0.049022,2,0.032079,48,59.58314,0.518758,0.487023,,-0.079408,-0.052416,6,8,0,,,,,,,,,,,,,,,,0
2026-02-23,65148.388555,perp,0.05504,7,0.033843,105,542.04356,0.581524,0.530569,0.493762,-0.118734,-0.130148,15,21,8,0.536774,0.51585,,-0.124995,-0.125514,0.58212,0.529861,,-0.074992,-0.091596,,,,,,0
2026-02-24,63380.24104,perp,0.018727,8,0.033843,93,275.568462,0.59276,0.51406,0.510085,-0.158011,-0.109728,9,15,11,,0.516455,,,-0.092244,0.550045,0.523141,,-0.123875,-0.122426,,,,,,0
2026-02-25,66679.834078,perp,-0.004383,9,0.032079,117,417.9522,0.501505,0.505823,0.506184,-0.124738,-0.078744,13,30,14,0.501985,0.499545,,-0.100499,-0.080691,,0.510062,0.502605,,-0.07958,,,,,,0
2026-02-26,68504.375064,perp,0.007227,6,0.031041,93,177.152666,0.479034,0.485214,,-0.057765,-0.061836,10,17,0,,0.486012,,,-0.068938,,0.488828,,,-0.067493,,,,,,0
2026-02-27,66785.471899,perp,-0.007052,5,0.031041,96,1295.58008,0.488041,0.504334,0.484532,-0.077549,-0.066458,17,20,11,0.487216,0.489131,,-0.083357,-0.092923,0.479187,0.502496,,-0.077378,-0.089613,,,,,,0
2026-02-28,65722.00923,perp,0.035966,3,0.031041,93,1269.443258,0.58907,0.519818,0.49031,-0.075324,-0.105703,22,16,11,0.589861,0.513079,,-0.091327,-0.103333,0.569674,0.519332,0.494716,-0.061706,-0.114227,,,,,,0
2026-03-01,66510.750921,perp,0.013504,3,0.031041,57,714.47118,0.581847,0.520155,,-0.085348,-0.070825,17,16,0,0.573626,0.515374,,-0.084775,-0.069494,0.583336,0.519851,,-0.082782,-0.070576,,,,,,0
2026-03-02,67742.659457,perp,0.008456,4,0.024213,88,444.30642,0.547619,0.509855,0.492133,-0.086317,-0.055072,16,21,7,0.571229,0.502978,,-0.076346,-0.072084,0.545285,0.513378,0.483747,-0.10408,-0.068267,,,,,,0
2026-03-03,68569.457425,perp,0.049079,3,0.024213,80,1079.60966,0.540362,0.518554,0.497278,-0.067072,-0.057892,7,29,12,,0.514751,,,-0.056897,,0.517425,0.496506,,-0.067017,,,,,,0
2026-03-04,72079.655395,perp,0.028503,6,0.028503,129,776.30152,0.559177,0.530473,0.493357,-0.040705,-0.068229,15,30,11,0.554535,0.53782,,-0.017425,-0.111942,,0.52305,,,-0.05728,,,,,,0
2026-03-05,72248.139842,perp,0.001446,5,0.018727,89,693.1696,0.551457,0.522473,0.502885,-0.044695,-0.035181,14,27,14,0.548702,,,-0.044454,,,0.523499,0.502419,,-0.037868,,,,,,0
2026-03-06,69992.412023,perp,0.061132,4,0.028503,96,3073.19982,0.572928,0.515305,0.497424,-0.048113,-0.048334,18,20,14,0.579052,0.52512,0.495261,-0.051649,-0.051466,0.547265,0.513325,0.498289,-0.004265,-0.044127,,,,,,0
2026-03-07,67713.301362,perp,0.030853,2,0.028503,62,170.28858,0.562937,0.552567,0.511222,-0.074152,-0.061416,10,18,10,,0.54281,0.457807,,-0.046976,0.561103,0.597605,,-0.070828,-0.060045,,,,,,0
2026-03-08,66885.124038,perp,0.041955,3,0.028503,56,337.86864,0.686026,0.58237,,-0.095915,-0.093813,14,16,0,0.676126,0.574723,,-0.092799,-0.086855,,0.582098,,,-0.095992,,,,,,0
2026-03-09,68560.781408,perp,0.005294,3,0.018727,83,1303.88002,0.630442,0.557535,0.521815,-0.083895,-0.075892,18,24,12,0.636182,0.560571,0.531985,-0.075437,-0.075661,0.636604,0.554717,0.524861,-0.113147,-0.087703,,,,,,0
2026-03-10,69665.063351,perp,-0.011715,7,0.013504,88,6049.3754,0.548186,0.524714,,-0.091222,-0.091821,16,24,0,0.547277,0.533228,,-0.090073,-0.09755,,0.521572,,,-0.090126,,,,,,0
2026-03-11,70424.847636,perp,0.022143,5,0.013504,81,854.1234,0.528272,0.51797,,-0.060321,-0.055391,11,21,0,,0.513474,,,-0.062749,,0.519582,,,-0.054561,,,,,,0
2026-03-12,69947.602574,perp,0.040162,4,0.022143,77,577.46882,0.53733,,,-0.058923,,11,0,0,0.5351,,,-0.055389,,,,,,,,,,,,0
2026-03-13,71687.861769,perp,0.024957,7,0.024957,107,686.784746,0.525159,0.510711,0.511034,-0.062624,-0.058843,29,17,6,0.535412,0.511348,,-0.068534,-0.057443,0.515014,0.481386,,-0.059924,-0.064789,,,,,,0
2026-03-14,70872.423165,perp,,0,0.02673,49,4318.1444,0.542069,0.524103,,-0.057897,-0.05422,15,8,0,,,,,,0.554885,0.524756,,-0.07466,-0.055118,,,,,,0
2026-03-15,71936.250975,perp,0.026029,2,0.025493,55,289.467168,0.545212,0.512694,,-0.067355,-0.065249,14,8,0,0.544269,,,-0.067593,,0.546336,0.511794,,-0.063513,-0.065516,,,,,,0
2026-03-16,73909.942705,perp,0.006502,6,0.025493,90,530.40502,0.530772,0.513595,,-0.036682,-0.061781,25,14,0,0.557993,,,-0.038897,,0.525399,0.503605,,-0.047277,-0.070777,,,,,,0
2026-03-17,74661.096573,perp,0.010934,2,0.025493,77,2994.00808,0.527206,0.497534,0.48652,-0.062884,-0.050024,14,17,6,0.526448,0.491343,,-0.077565,-0.040795,0.526724,0.493551,,-0.058438,-0.052997,,,,,,0
2026-03-18,72558.516691,perp,0.045373,4,0.025493,89,1218.97772,0.512029,0.492951,,-0.029952,-0.043882,14,21,0,,0.494578,,,-0.038537,,0.491909,,,-0.04618,,,,,,0
2026-03-19,69521.634201,perp,0.021032,8,0.02355,75,998.63948,0.545693,0.525307,,-0.088428,-0.068367,12,14,0,,0.526911,,,-0.074016,0.546023,0.519969,,-0.086209,-0.063019,,,,,,0
2026-03-20,70000.106096,perp,0.04938,4,0.025493,78,4152.6727,0.522904,0.520288,,-0.073326,-0.069508,23,24,0,0.501924,0.51815,,-0.074461,-0.074501,0.529786,0.518599,,-0.071096,-0.055181,,,,,,0
2026-03-21,70258.531491,perp,0.029163,2,0.025493,55,89.37434,0.523727,0.512767,,-0.065765,-0.061622,13,14,0,,0.511714,,,-0.071645,0.530534,0.486947,,-0.065099,-0.065994,,,,,,0
2026-03-22,68876.757882,perp,0.002769,4,0.02355,69,275.0321,0.598528,0.54542,0.519095,-0.084095,-0.09423,17,12,8,,0.537055,,,-0.089169,0.604539,0.549153,,-0.080896,,,,,,,0
2026-03-23,71309.565092,perp,0.070101,3,0.02355,92,745.36546,0.533059,0.50905,,-0.04602,-0.056144,22,18,0,0.553177,,,-0.058482,,0.523954,0.505913,,-0.040971,-0.059792,,,,,,0
2026-03-24,69920.857972,perp,0.017584,3,0.02355,86,3528.5013,0.527252,0.524179,,-0.060113,-0.062199,16,16,0,0.523988,0.518422,,-0.04081,-0.06332,,0.526596,,,-0.064427,,,,,,0
2026-03-25,71118.55481,perp,0.099696,3,0.025493,87,463.21474,0.491036,0.496956,0.506158,-0.077975,-0.056814,11,17,12,0.488841,0.500013,,-0.070561,-0.054273,,0.496974,,,-0.060679,,,,,,0
2026-03-26,69604.973981,perp,0.050315,5,0.027596,93,1142.89384,0.513704,0.497706,0.502946,-0.042867,-0.049491,20,13,9,0.523418,,0.505419,-0.046968,,0.506138,0.497613,,-0.040197,-0.048306,,,,,,0
2026-03-27,68030.680603,perp,0.022971,9,0.025493,139,903.93054,0.532294,0.50896,0.505705,-0.045766,-0.07155,27,19,10,0.519678,0.51081,,-0.056652,-0.068873,0.533772,0.504175,,-0.031422,-0.091274,,,,,,0
2026-03-28,66470.398718,perp,,0,0.026029,84,123.80178,0.502506,0.521525,0.521547,-0.070611,-0.078865,18,12,6,0.490377,0.511505,,-0.065275,-0.12656,0.502675,,,-0.078298,,,,,,,0
2026-03-29,66000.174168,perp,0.004103,2,0.0245,73,750.7503,0.535344,0.515947,0.504996,-0.074632,-0.097232,16,7,9,0.518132,0.519772,,-0.064249,-0.106501,0.544769,,,-0.082586,,,,,,,0
2026-03-30,67572.145612,perp,0.018425,5,0.022002,100,322.45492,0.521155,0.520604,0.506059,-0.079953,-0.067941,19,18,11,0.519255,0.52168,0.505788,-0.077917,-0.074643,0.523007,0.506158,,-0.082642,-0.122832,,,,,,0
2026-03-31,67938.157959,perp,0.030822,7,0.026067,98,403.12576,0.51836,0.513483,0.50337,-0.059957,-0.077769,14,21,7,0.523457,,0.500187,-0.05202,,,0.510317,,,-0.081279,,,,,,0
2026-04-01,68710.303215,perp,0.076343,1,0.029992,86,248.938596,0.49322,0.49819,0.495284,-0.075696,-0.073394,12,29,12,,0.500654,0.495761,,-0.096597,0.495363,0.493996,0.497036,-0.072763,-0.074018,,,,,,0
2026-04-02,66716.274001,perp,0.021648,7,0.026067,96,501.282108,0.487084,0.502979,0.494447,-0.083728,-0.076639,10,21,15,,0.504429,0.485295,,-0.091287,0.484793,0.50155,0.505255,-0.080561,-0.091758,,,,,,0
2026-04-03,66823.218458,perp,,0,0.029163,77,1937.979328,0.424561,0.448982,0.470107,-0.072623,-0.069935,21,17,10,0.423317,0.454679,0.469524,-0.076031,-0.071185,0.425085,0.43916,,-0.071643,-0.069494,,,,,,0
2026-04-04,67021.756202,perp,,0,0.026067,67,186.98272,0.409125,0.458018,0.477104,-0.060904,-0.064323,17,12,11,0.404602,,,-0.060601,,0.412637,0.461445,0.469902,-0.055935,-0.057974,,,,,,0
2026-04-05,68190.049001,perp,0.004028,2,0.022309,55,117.35228,0.436139,0.457308,,-0.060417,-0.062897,8,13,0,,,,,,,0.461789,,,-0.06593,,,,,,0
2026-04-06,69535.846344,perp,0.040253,3,0.026896,92,239.86092,0.447725,0.455162,0.472313,-0.037822,-0.089205,15,10,15,0.43966,,0.467781,-0.036345,,0.463206,,,-0.034209,,,,,,,0
2026-04-07,68520.007203,perp,0.012946,7,0.022309,119,484.58229,0.496142,0.472736,0.475294,-0.090282,-0.073758,16,25,20,0.498018,0.474051,0.461865,-0.094601,-0.08205,0.498347,0.473622,0.476131,-0.089053,-0.071574,,,,,,0
2026-04-08,71642.466259,perp,-0.019696,8,0.022309,112,1280.718006,0.405489,0.427871,0.427756,-0.042966,-0.055797,14,27,16,,0.426638,,,-0.051155,0.405317,0.428312,0.430453,-0.044967,-0.059571,,,,,,0
2026-04-09,72096.460414,perp,0.008057,5,0.020036,113,283.97092,0.403057,,0.433067,-0.033428,,18,0,15,0.418699,,0.433693,-0.042294,,0.402138,,,-0.03384,,,,,,,0
2026-04-10,72990.032078,perp,0.014829,5,0.016627,100,764.136,0.400902,0.40696,0.430886,-0.042564,-0.045741,21,21,20,0.388196,0.411539,0.431865,-0.048136,-0.045237,0.410094,0.418002,,-0.044732,-0.050113,,,,,,0
2026-04-11,73050.007706,perp,0.051443,2,0.016627,80,199.00738,0.44886,0.425093,0.439529,-0.065779,-0.045528,20,14,14,0.459029,,0.441072,-0.056977,,0.434283,0.430035,0.44031,-0.066155,-0.050996,,,,,,0
2026-04-12,72001.652798,perp,-0.012938,4,0.014829,78,255.16828,0.457177,0.437975,0.433361,-0.050865,-0.04199,14,19,13,,0.433434,0.451859,,-0.043272,0.440252,0.448324,,-0.043595,-0.043005,,,,,,0
2026-04-13,71882.856727,perp,0.013466,5,0.014829,90,350.51818,0.44302,0.427994,0.42881,-0.069963,-0.04902,18,24,22,0.451556,0.428103,0.42876,-0.103412,-0.052065,0.428411,0.426694,,-0.065025,-0.045753,,,,,,0
2026-04-14,74630.31114,perp,0.016093,7,0.014829,107,706.257096,0.428853,0.434162,,-0.045706,-0.053723,18,14,0,0.427641,,,-0.046071,,0.430941,0.431883,,-0.059086,-0.057332,,,,,,0
2026-04-15,74283.159668,perp,-0.003925,2,0.013466,78,475.261396,0.404256,0.41794,,-0.052216,-0.047666,12,20,0,,0.418252,,,-0.054092,0.405009,0.418965,,-0.056563,-0.038856,,,,,,0
2026-04-16,74716.864757,perp,0.010452,2,0.012946,62,296.241,0.390541,,0.427794,-0.021239,,11,0,7,,,,,,,,,,,,,,,,0
2026-04-17,77088.598058,perp,-0.02189,10,0.010452,143,2714.79672,0.424571,0.420835,0.429909,-0.012166,-0.040365,29,26,11,0.407815,0.422981,0.427466,-0.02132,-0.042855,0.412794,0.414684,,0.020392,-0.039086,,,,,,0
2026-04-18,76202.893963,perp,0.00484,3,0.009254,82,197.64174,0.385481,0.42323,,-0.074014,-0.046449,21,13,0,0.379465,0.422127,,-0.061425,-0.084467,0.385899,,,-0.086818,,,,,,,0
2026-04-19,75134.496929,perp,-0.012389,4,0.008057,82,3638.97812,0.451872,0.426677,,-0.04086,-0.051001,21,17,0,0.453961,0.425222,,-0.038762,-0.048062,0.448211,0.412605,,-0.010173,-0.044947,,,,,,0
2026-04-20,74888.416558,perp,-0.010228,2,0.008057,79,374.46898,0.441263,0.425193,,-0.046024,,18,6,0,0.442878,,,-0.012064,,0.439364,,,-0.057277,,,,,,,0
2026-04-21,75954.704923,perp,-0.013607,5,0.00484,80,198.67402,0.416899,0.410466,,-0.056272,-0.050798,11,15,0,,0.409168,,,-0.04768,0.437294,0.410961,,-0.075515,-0.05063,,,,,,0
2026-04-22,78307.483947,perp,0.00302,15,0.00302,129,1522.65576,0.41202,0.419283,0.42833,-0.041806,-0.050814,14,22,13,,0.41959,0.428003,,-0.051801,0.413653,0.411763,,-0.02485,-0.043342,,,,,,0
2026-04-23,77886.0983,perp,0.012923,8,0.00484,96,983.37412,0.401882,0.41621,0.419369,-0.034231,-0.055135,10,13,11,0.408984,0.416058,,-0.03571,-0.049459,,0.416151,0.371419,,-0.060102,,,,,,0
2026-04-24,77712.61358,perp,-0.013347,8,0.00302,110,672.42026,0.371744,0.397989,0.415267,-0.044427,-0.048494,20,19,15,0.368916,0.406082,0.423018,-0.042904,-0.059275,0.377688,0.39411,0.408754,-0.047069,-0.04609,,,,,,0
2026-04-25,77525.875908,perp,-0.003156,2,-0.003156,60,215.414196,0.361258,0.375064,0.399914,-0.014552,-0.040745,13,11,9,0.362969,0.373333,0.394775,-0.025344,-0.040858,,0.389842,,,-0.05233,,,,,,0
2026-04-26,78042.538332,perp,-0.016655,4,-0.003925,62,566.67954,0.398032,0.391845,0.406176,-0.014408,-0.040305,19,9,7,0.402514,0.392571,,-0.028093,-0.033436,0.394484,,0.398129,-0.013801,,,,,,,0
2026-04-27,78265.820284,perp,0.005189,5,-0.003156,86,358.52848,0.384769,0.389921,0.405014,-0.024137,-0.042354,16,22,11,0.391855,0.390066,,-0.018177,-0.04017,0.380893,0.389059,0.403459,-0.024459,-0.044408,,,,,,0
2026-04-28,76282.007341,perp,0.002639,6,-0.003156,68,167.02996,0.387208,0.394077,0.419528,-0.034656,-0.053536,11,15,9,0.386566,0.39502,,-0.040906,-0.070282,,0.393509,,,-0.050949,,,,,,0
2026-04-29,76337.713959,perp,0.004467,5,-0.003156,90,377.52556,0.366182,0.386189,0.406536,-0.035256,-0.042606,11,24,8,0.359573,0.38761,,-0.034235,-0.038635,,0.387635,,,-0.049044,,,,,,0
2026-04-30,76263.073351,perp,0.015177,1,0.002639,64,1810.20608,0.379047,,0.408398,-0.028731,,12,0,9,0.375137,,0.408672,-0.023041,,,,,,,,,,,,0
2026-05-01,77854.496169,perp,-0.00537,5,-0.003156,99,491.38552,0.324815,0.373919,0.387996,-0.031685,-0.043498,22,19,9,0.337984,0.37698,,-0.021311,-0.051557,0.324669,0.371871,,-0.031798,-0.041535,,,,,,0
2026-05-02,78472.432845,perp,0.008519,1,0.002639,58,202.82298,0.33198,0.367682,0.396582,-0.031497,-0.033469,11,17,10,0.323354,0.36547,0.396768,-0.036025,-0.032635,,0.368273,,,-0.037164,,,,,,0
2026-05-03,78772.641974,perp,-0.009293,5,-0.003156,70,633.05326,0.344352,0.383702,0.400346,-0.013236,-0.034169,18,21,9,,0.383421,,,-0.033835,0.333828,0.3863,,-0.010814,-0.033424,,,,,,0
2026-05-04,80165.085542,perp,0.007783,8,0.002639,104,546.78612,0.372077,0.395501,0.407688,-0.016882,-0.039507,17,27,13,0.360192,0.398211,0.409041,-0.014286,-0.038849,0.372343,0.390077,0.399555,-0.008177,-0.036453,,,,,,0
2026-05-05,81126.127158,perp,0.002339,5,0.002639,101,1006.49752,0.377503,0.384431,0.413334,-0.039419,-0.034744,14,25,18,0.387669,0.387926,0.413586,-0.050387,-0.030611,0.359898,,0.415143,-0.032445,,,,,,,0
2026-05-06,81804.324249,perp,-0.001457,7,0.002639,102,874.90354,0.368511,0.387396,0.402242,-0.006055,-0.024252,8,31,18,,0.388423,0.409684,,-0.02474,0.365,0.384811,0.38881,-0.007417,-0.019705,,,,,,0
2026-05-07,80437.470097,perp,0.003693,6,0.002639,75,1397.7268,0.333342,0.373969,0.403968,-0.019049,-0.035706,14,14,12,0.34228,0.375467,0.403648,-0.025232,-0.035308,,,,,,,,,,,0
2026-05-08,79756.354257,perp,,0,0.002489,74,292.03988,0.33156,0.373467,0.395613,-0.033476,-0.038966,22,15,12,0.327101,0.376757,0.395276,-0.030977,-0.049173,0.331953,,,-0.030914,,,,,,,0
2026-05-09,80422.442222,perp,-0.002379,2,0.002489,63,1075.78902,0.349637,0.367745,0.39088,-0.039967,-0.038015,18,15,10,0.341998,0.376795,0.400254,-0.031068,-0.062472,0.342983,,,-0.046291,,,,,,,0
2026-05-10,81405.258299,perp,0.006524,4,0.003166,77,327.64319,0.355322,0.381286,0.389999,-0.029183,-0.042204,18,15,12,0.358268,0.389365,0.406761,-0.020771,-0.04334,0.361099,,0.376016,-0.035075,,,,,,,0
2026-05-11,81374.245565,perp,0.002439,4,0.003166,83,278.21112,0.341226,0.373145,0.390765,-0.028,-0.031136,13,18,15,0.343227,0.374934,0.395695,-0.030111,-0.039164,0.360498,,0.386171,-0.032128,,,,,,,0
2026-05-12,80741.89594,perp,0.005487,5,0.003166,66,769.4778,0.34526,0.370003,0.391382,-0.042251,-0.036875,6,16,5,,0.371071,,,-0.031855,,,,,,,,,,,0
2026-05-13,79999.684615,perp,0.027455,4,0.00408,70,226.16072,0.357349,0.375213,,-0.009722,-0.040081,9,16,0,,0.373998,,,-0.032463,,,,,,,,,,,0
2026-05-14,80637.767058,perp,0.002029,8,0.003066,85,348.76496,0.368569,,0.394227,-0.040914,,10,0,9,0.377074,,,,,0.355004,,,-0.023804,,,,,,,0
2026-05-15,80126.607576,perp,-0.010213,2,0.002389,87,231.4873,0.341747,0.377457,0.38525,-0.043661,-0.056594,27,11,7,0.336474,0.377727,,-0.052683,-0.057918,0.342893,,,-0.041996,,,,,,,0
2026-05-16,78326.803781,perp,-0.017552,1,0.002389,71,672.0227,0.359192,0.379504,0.39575,-0.050353,-0.064373,20,11,5,0.355264,0.378079,,-0.046767,-0.053173,0.360903,,,-0.053312,,,,,,,0
2026-05-17,77963.934426,perp,0.003912,3,0.002389,77,120.83572,0.377227,0.375914,,-0.062219,-0.068872,17,11,0,0.382924,0.376061,,-0.066153,-0.066806,,,,,,,,,,,0
2026-05-18,76951.709267,perp,0.019772,6,0.003066,88,225.92634,0.375367,0.388975,,-0.049778,-0.0568,18,16,0,0.376905,0.392194,,-0.056519,-0.056788,0.381291,,,-0.055308,,,,,,,0
2026-05-19,76835.107125,perp,0.025017,6,0.003066,71,154.044758,0.367599,0.385124,,-0.057195,-0.059904,12,8,0,0.368855,,,-0.067304,,0.376119,,,-0.052781,,,,,,,0
2026-05-20,77492.66102,perp,0.007846,4,0.003802,76,169.72912,0.346477,0.372268,,-0.04765,-0.040589,10,10,0,,,,,,,0.373934,,,-0.041351,,,,,,0
2026-05-21,77787.14632,perp,-0.011241,2,0.003802,67,145.95508,0.317297,0.361874,,-0.040077,-0.034251,13,6,0,0.315237,,,-0.040002,,,,,,,,,,,,0
2026-05-22,76382.635784,perp,0.022367,1,0.004699,92,472.58626,0.30892,0.344326,0.37737,-0.044999,-0.050388,18,12,10,0.304446,0.345136,,-0.040837,-0.047575,0.317114,,0.372354,-0.047983,,,,,,,0
2026-05-23,75110.083439,perp,0.030034,2,0.005487,88,386.89196,0.331518,0.366495,0.382179,-0.029338,-0.043446,13,13,8,0.329641,0.37887,,-0.033903,-0.028838,0.339597,0.361215,,-0.007628,-0.050526,,,,,,0
2026-05-24,76644.949242,perp,-0.035806,1,0.005487,58,195.65436,0.344399,,,-0.013264,,13,0,0,0.33574,,,-0.016131,,,,,,,,,,,,0
2026-05-25,77168.581232,perp,0.051294,1,0.005487,57,127.35566,0.312768,0.331996,,-0.024863,-0.04122,12,9,0,0.318261,,,-0.020528,,,,,,,,,,,,0
2026-05-26,76641.189817,perp,0.017954,2,0.007846,74,242.08646,0.316522,,,-0.027714,,13,0,0,0.313672,,,-0.028311,,,,,,,,,,,,0
2026-05-27,74973.010729,perp,0.064648,3,0.017954,80,393.14126,0.322393,0.361271,,-0.027805,-0.052356,9,8,0,0.324029,,,-0.028266,,,0.364164,,,-0.04219,,,,,,0
2026-05-28,73408.65743,perp,0.040939,11,0.017954,99,392.68024,0.330504,0.370942,0.37635,-0.006888,-0.051565,9,6,11,0.345708,,,-0.023263,,,,,,,,,,,,0
2026-05-29,73525.996938,perp,0.03133,6,0.019772,84,300.44646,0.311656,0.35746,0.361592,-0.036376,-0.031705,15,9,7,0.336109,0.355892,,-0.035545,-0.043768,0.309652,,,-0.028715,,,,,,,0
2026-05-30,73703.593545,perp,0.011113,2,0.019772,56,970.36242,0.281966,0.34111,0.376847,-0.028749,-0.049869,7,10,9,,,,,,,,,,,,,,,,0
2026-05-31,73555.396761,perp,0.000397,2,0.019772,53,272.90522,0.346906,0.343085,0.362999,-0.045467,-0.049903,11,6,8,,,,,,0.340739,,,-0.065003,,,,,,,0
2026-06-01,71492.608731,perp,0.036363,7,0.022367,97,2120.726768,0.380506,0.364329,0.395596,-0.046305,-0.0589,15,18,15,0.374376,0.36376,0.394515,-0.022596,-0.057308,0.385249,0.365675,0.381503,-0.086432,-0.058435,,,,,,0
2026-06-02,68662.617416,perp,0.029183,11,0.025017,131,552.69538,0.442567,0.38895,0.383954,-0.069655,-0.062648,13,23,17,,0.385907,,,-0.062405,0.445322,0.399699,0.374686,-0.068657,-0.035628,,,,,,0
2026-06-03,66291.965034,perp,0.039454,16,0.029183,131,712.672428,0.439622,0.421524,0.412987,-0.06958,-0.075325,9,19,22,,0.415403,0.408863,,-0.08876,,0.424163,0.416842,,-0.084418,,,,,,0
2026-06-04,63498.443753,perp,0.012577,14,0.029183,165,691.642516,0.558347,0.458499,0.430273,-0.109597,-0.094942,11,15,17,,0.443275,0.457425,,-0.076837,0.553665,0.462399,0.429304,-0.122041,-0.103379,,,,,,0
2026-06-05,60857.005921,perp,0.034717,8,0.030034,172,885.6942,0.58665,0.480839,0.452851,-0.148891,-0.107259,25,11,21,0.586755,0.448174,0.451863,-0.143225,-0.121958,0.58199,,0.45597,-0.169475,,,,,,,0
2026-06-06,60797.285215,perp,0.056888,3,0.03133,101,247.635254,0.580048,0.482444,0.447515,-0.140791,-0.084883,21,9,10,0.573328,,,-0.17716,,0.562419,0.480372,0.455903,-0.1157,,,,,,,0
2026-06-07,62120.378764,perp,0.028589,7,0.03133,139,773.49854,0.596473,0.489213,0.455453,-0.097293,-0.053933,22,17,21,0.59136,0.497236,,-0.090835,-0.054801,,0.47866,0.446566,,-0.064402,,,,,,0
2026-06-08,63682.500555,perp,-0.00577,6,0.03133,90,271.9872,0.488902,0.435527,0.437266,-0.112613,-0.043388,17,13,15,0.454313,0.423312,0.418224,-0.128973,-0.06511,0.500856,0.440946,0.442352,-0.115666,-0.044255,,,,,,0
2026-06-09,62255.166953,perp,0.040898,7,0.03133,91,368.083,,0.43181,0.427719,,-0.069478,0,8,13,,,0.430453,,,,,0.427875,,,,,,,,0
2026-06-10,61845.863701,perp,0.041208,3,0.034717,75,175.84734,0.46712,0.446381,0.458834,-0.070445,-0.08211,11,10,12,,0.42561,0.457273,,-0.078244,,,,,,,,,,,0
2026-06-11,62696.202294,perp,,0,0.033023,73,237.6615,0.431441,,,-0.060376,,11,0,0,0.415037,,,-0.055579,,,,,,,,,,,,0
2026-06-12,63729.466753,perp,0.010094,3,0.030256,91,308.13968,0.390714,0.394705,0.415655,-0.038924,-0.063405,14,12,16,,,,,,0.373756,0.390815,0.420375,-0.044622,-0.080226,,,,,,0
2026-06-13,63823.517132,perp,0.034404,3,0.031794,82,172.81508,0.399181,0.39259,0.413039,-0.036726,-0.065476,13,8,11,0.388357,,,-0.048117,,0.401672,,0.421964,-0.04394,,,,,,,0
2026-06-14,65203.2092,perp,0.030183,2,0.032294,58,114.09094,0.405563,0.368981,0.418163,-0.039682,0.034395,11,10,11,,,0.402812,,,0.398566,,0.403722,-0.040707,,,,,,,0
2026-06-15,66425.590654,perp,0.012898,10,0.032294,95,257.69316,0.370463,0.364127,0.389727,-0.068027,-0.050052,10,18,21,,0.36027,0.375008,,-0.044721,,0.360737,0.384398,,-0.053254,,,,,,0
2026-06-16,66206.734007,perp,0.023332,4,0.029683,67,95.134172,0.397947,0.352446,0.383545,-0.040382,-0.035151,6,9,7,,0.346741,,,-0.034703,,,,,,,,,,,0
2026-06-17,65780.648912,perp,0.042603,4,0.032294,73,757.62026,0.337257,0.365724,,-0.02141,-0.070039,7,11,0,,,,,,,0.362536,,,-0.060676,,,,,,0
2026-06-18,63580.911877,perp,0.01186,5,0.029386,85,469.59486,0.381754,,0.388823,-0.068123,,7,0,7,,,,,,,,,,,,,,,,0
2026-06-19,62514.51151,perp,0.020704,2,0.029386,70,589.49726,0.392734,0.38406,,-0.091765,-0.071772,14,6,0,0.385709,,,-0.075398,,0.396317,,,-0.092774,,,,,,,0
2026-06-20,63952.313808,perp,,0,0.028589,39,1050.56354,0.369945,,,,,7,0,0,,,,,,,,,,,,,,,,0
2026-06-21,64118.945218,perp,-0.016362,3,0.023332,50,143.22712,0.349898,0.370643,,-0.077539,-0.073849,8,10,0,,,,,,,,,,,,,,,,0
2026-06-22,64942.698786,perp,0.027893,4,0.023332,50,355.59284,0.351668,0.390509,,-0.076536,-0.071992,6,8,0,,,,,,,,,,,,,,,,0
2026-06-23,62370.245067,perp,0.028588,3,0.027893,73,797.97024,0.402266,0.396261,0.403933,-0.069538,-0.078666,12,14,7,,,,,,0.404066,0.389227,,-0.074464,-0.068356,,,,,,0
2026-06-24,60690.199944,perp,0.032071,10,0.027893,107,489.07418,0.429742,0.408049,0.424817,-0.115688,-0.078228,10,16,9,,0.419571,,,-0.083325,,,,,,,,,,,0
2026-06-25,61324.865197,perp,-0.007908,8,0.023332,95,366.0895,0.397679,0.412276,,-0.036887,-0.050209,15,11,0,0.417064,0.356437,,-0.046573,-0.106255,0.382932,,,-0.027712,,,,,,,0
2026-06-26,59897.203204,perp,0.02536,11,0.024346,113,511.820162,0.464332,0.436656,0.431504,-0.11531,-0.093112,21,13,8,0.479936,0.440224,,-0.117495,-0.089816,0.460344,0.436324,,-0.111073,-0.078461,,,,,,0
2026-06-27,60272.517115,perp,0.02498,3,0.02517,70,423.72402,0.431672,,0.42048,-0.084342,,10,0,5,,,,,,0.424709,,,-0.080009,,,,,,,0
2026-06-28,59812.120287,perp,0.037635,5,0.02517,68,8239.84896,0.482609,0.43482,0.433058,-0.064564,-0.068838,15,9,8,0.479165,,0.412975,-0.05259,,0.495265,,,-0.09796,,,,,,,0
2026-06-29,60205.491395,perp,0.031213,6,0.02517,90,1189.468984,0.471952,0.428766,0.423727,-0.107779,-0.073229,14,23,12,0.483073,0.430114,0.424913,-0.112404,-0.06955,,0.414657,,,-0.066768,,,,,,0
2026-06-30,58513.274933,perp,0.003472,6,0.02517,89,449.73456,,0.420952,,,-0.06414,0,18,0,,0.423524,,,-0.064871,,0.41791,,,-0.068841,,,,,,0
2026-07-01,59244.431253,perp,0.031866,5,0.026627,86,2458.44978,0.413555,0.423587,0.417606,-0.076964,-0.070999,10,18,11,0.415398,0.425514,0.411191,-0.078455,-0.067251,,0.422269,,,-0.079869,,,,,,0
2026-07-02,61359.048567,perp,0.028601,12,0.026627,102,3264.32804,0.368772,0.390677,0.400683,-0.044604,-0.053046,13,12,13,0.36451,,,-0.046988,,0.375219,0.386628,0.411459,,-0.048917,,,,,,0
2026-07-03,61679.600903,perp,0.025412,11,0.026652,119,722.979516,0.353241,0.373114,0.395615,-0.056096,-0.056069,18,19,19,0.352706,0.377026,0.39887,-0.046895,-0.096455,0.354891,0.374002,0.392654,-0.064715,-0.054147,,,,,,0
2026-07-04,62495.793805,perp,0.007227,2,0.026653,79,2322.8635,0.360865,0.378449,0.399135,-0.047445,-0.071429,12,14,11,,,,,,0.338468,0.379209,0.368061,-0.038131,-0.065532,,,,,,0
2026-07-05,63360.259066,perp,0.030879,1,0.027893,57,132.59512,0.370485,0.36617,,-0.044372,-0.07087,10,17,0,,0.362714,,,-0.069055,,0.367803,,,-0.045887,,,,,,0
2026-07-06,63571.43679,perp,0.025641,8,0.027893,89,4650.40168,0.374336,0.361693,0.389288,-0.051806,-0.058326,16,22,19,0.376812,0.359296,0.387046,-0.059064,-0.054019,0.373384,0.362144,0.407746,-0.048675,-0.063732,,,,,,0
2026-07-07,63785.930988,perp,0.025415,6,0.025641,74,252.415094,0.35574,0.369667,0.388941,-0.016202,-0.057856,7,20,9,,0.361419,,,-0.056376,,0.371027,,,-0.057169,,,,,,0
2026-07-08,62481.783321,perp,0.061773,3,0.025641,76,366.72096,0.382954,0.378175,0.402727,-0.065235,-0.063805,8,22,15,,0.380686,0.404047,,-0.059974,,0.377156,0.40165,,-0.068814,,,,,,0
2026-07-09,62761.814331,perp,0.031586,2,0.025641,52,766.97158,0.360934,0.375619,0.396886,-0.085503,-0.059838,8,7,6,,,,,,,,,,,,,,,,0
2026-07-10,63930.540104,perp,0.075158,6,0.028601,85,453.33526,0.324035,0.378385,0.359954,-0.032361,-0.052427,14,15,9,0.324323,0.362801,0.361884,-0.030491,-0.047218,0.326278,0.385034,,-0.034837,-0.054781,,,,,,0
2026-07-11,64072.611972,perp,0.044806,2,0.030879,43,317.68244,,0.344449,0.394392,,-0.060169,0,13,13,,0.343657,0.387531,,-0.073144,,0.348429,0.390951,,-0.060479,,,,,,0
2026-07-12,63940.226676,perp,0.044447,7,0.031213,63,493.11636,0.322437,0.344225,0.360243,-0.042589,-0.066364,9,17,12,,0.351201,0.36784,,-0.071996,,0.341694,,,-0.063805,,,,,,0
2026-07-13,63037.160792,perp,0.037522,8,0.031213,92,460.392582,0.353808,0.357701,0.387915,-0.041808,-0.061946,16,17,20,0.354895,0.356924,0.391067,-0.029199,-0.058475,0.356761,0.363173,0.389442,-0.040295,-0.075792,,,,,,0
2026-07-14,64023.874081,perp,0.036785,8,0.031586,93,477.7214,0.339469,0.345527,,-0.025503,-0.044365,13,16,0,0.345869,0.350808,,-0.010379,-0.054762,0.339103,0.348761,,-0.021788,-0.04183,,,,,,0
2026-07-15,65161.157699,perp,0.096395,14,0.031866,87,668.26418,0.298874,0.340433,,-0.035415,-0.038169,8,12,0,,,,,,,0.342335,,,-0.02689,,,,,,0
2026-07-16,64569.324853,perp,0.045563,10,0.036785,68,205.68266,0.320101,,0.375605,-0.002751,,8,0,8,,,,,,,,,,,,,,,,0
2026-07-17,63329.304115,perp,0.053113,9,0.037522,91,433.628378,0.322015,0.345295,0.381619,-0.037113,-0.055253,19,11,9,0.326817,,,-0.04486,,0.314628,0.341809,,-0.033517,-0.050963,,,,,,0
2026-07-18,64117.912875,perp,0.041875,2,0.041875,51,86.0363,0.332951,,0.376398,-0.028287,,12,0,6,,,,,,,,,,,,,,,,0
2026-07-19,64659.179837,perp,0.039512,3,0.041875,43,43.12058,0.344517,0.349636,,-0.032867,-0.055216,10,6,0,,,,,,0.34244,,,-0.028343,,,,,,,0
2026-07-20,64163.400887,perp,0.041816,5,0.041875,73,1614.560485,0.350323,0.355625,0.384548,-0.03512,-0.028891,14,10,6,0.349675,,,-0.034718,,0.351401,,,-0.045149,,,,,,,0
2026-07-21,66198.456597,perp,0.018314,10,0.041875,87,444.51064,0.349094,0.369833,0.392605,-0.004233,-0.024319,12,13,9,0.340019,,0.39046,0.004647,,0.358549,0.366575,,-0.003308,-0.03657,,,,,,0
2026-07-22,66014.491478,perp,0.044657,7,0.044447,81,593.08382,0.357524,0.369942,,-0.003584,-0.033564,10,16,0,,0.365047,,,-0.038485,0.360481,0.367175,,-0.002821,-0.027569,,,,,,0
2026-07-23,65295.733336,perp,0.04383,5,0.04383,65,276.059138,0.369939,,0.382038,-0.003448,,11,0,10,0.368291,,0.381666,-0.010067,,,,,,,,,,,,0
2026-07-24,64875.71018,perp,0.046433,4,0.044447,79,2478.279218,0.344526,0.363562,,-0.015575,-0.057835,15,9,0,0.348474,,,-0.016253,,0.340629,,,-0.015154,,,,,,,0
2026-07-25,64042.764931,perp,,0,0.044138,36,92.2622,0.348364,,,-0.042384,,6,0,0,,,,,,,,,,,,,,,,0
2026-07-26,64796.439347,perp,0.044504,3,0.044138,58,138.6301,0.370392,0.347761,,-0.031175,-0.037286,11,10,0,,,,,,0.369892,0.345452,,-0.032953,-0.039017,,,,,,0
2026-07-27,64728.687711,perp,0.025648,3,0.042853,60,356.02381,0.363267,0.356256,,-0.019493,-0.052713,14,7,0,0.355641,,,-0.014005,,0.365892,,,-0.02349,,,,,,,0
2026-07-28,63628.732021,perp,0.044891,6,0.044167,81,437.612847,0.359811,0.356002,0.384476,-0.031208,-0.043424,9,17,14,0.364609,0.357224,0.382093,-0.044535,-0.048943,,0.356056,0.391351,,-0.036144,,,,,,0
2026-07-29,63977.64618,perp,0.042896,7,0.044167,83,2320.356671,0.376113,0.361639,0.388067,-0.031248,-0.052376,10,14,7,,,,,,0.367084,0.361266,,-0.034507,-0.051602,,,,,,0
2026-07-30,64622.856957,perp,0.071275,3,0.044167,54,102.298042,0.323101,0.347896,0.383614,-0.0383,-0.058235,8,7,6,,,,,,,,,,,,,,,,0
2026-07-31,63353.114822,perp,0.043998,8,0.043914,100,1317.132016,0.315389,0.339704,0.381498,-0.041542,-0.05138,17,23,12,0.321437,0.341362,,-0.074677,-0.056136,0.312002,0.339294,0.380783,-0.038727,-0.04893,,,,,,0
2026-08-01,62900.104239,perp,0.109653,2,0.043914,39,40.462058,0.322501,0.344062,,-0.074891,-0.073453,7,11,0,,,,,,,0.332563,,,-0.063483,,,,,,0
2026-08-02,63307.63452,perp,0.017895,1,0.043914,46,147.1057,,0.328166,,,-0.051244,0,11,0,,0.350344,,,-0.108401,,,,,,,,,,,0
2026-08-03,63195.607156,perp,0.036527,2,0.043914,68,161.772699,0.318002,0.333697,0.378646,-0.03553,-0.051058,9,18,10,,0.341012,0.37788,,-0.068237,,0.33858,,,-0.044632,,,,,,0
2026-08-04,64040.122196,perp,0.036454,2,0.043914,66,286.279722,,0.320458,0.374796,,-0.039082,0,20,15,,0.31987,,,-0.039354,,0.322572,0.374546,,-0.043972,,,,,,0
2026-08-05,64481.471072,perp,0.046974,5,0.044251,80,1257.617532,,0.327147,0.370964,,-0.037296,0,17,8,,0.324859,,,-0.036055,,0.32396,,,-0.03518,,,,,,0
2026-08-06,64461.714807,perp,0.047164,1,0.044251,55,163.86354,,0.330331,0.380127,,-0.046369,0,8,6,,,,,,,,,,,,,,,,0
2026-08-07,64798.843326,perp,0.036259,1,0.044251,73,455.059844,0.267386,0.321058,0.377534,-0.022052,-0.033707,14,11,9,,,,,,,0.32538,,,-0.032768,,,,,,0
2026-08-08,64973.096828,perp,0.030096,1,0.043447,47,32.15228,0.265993,0.325632,0.38029,-0.020735,-0.029688,12,6,6,,,,,,0.260922,,,-0.020418,,,,,,,0
2026-08-09,64884.751003,perp,0.027429,3,0.042896,68,208.171582,0.298195,0.314241,,-0.01837,-0.034289,10,16,0,,0.317396,,,-0.033568,,,,,,,,,,,0
2026-08-10,64310.637452,perp,0.052509,5,0.042896,73,411.27644,0.292934,0.330374,0.38532,-0.025662,-0.034125,10,17,13,,0.330379,,,-0.029383,0.296839,0.330954,0.381851,-0.024753,-0.036341,,,,,,0
2026-08-11,63621.894591,perp,0.034379,6,0.042896,76,294.10302,0.294548,0.334281,,-0.039189,-0.04494,7,13,0,,0.329041,,,-0.04943,,0.340347,,,-0.045627,,,,,,0
2026-08-12,63588.920291,perp,0.046329,5,0.042896,69,371.6054,0.267455,0.345434,,-0.008484,-0.037081,11,13,0,0.274689,,,-0.005722,,,0.353054,,,-0.052009,,,,,,0
2026-08-13,63591.756316,perp,0.047462,5,0.043998,72,592.505766,0.27625,,0.38164,-0.013497,,10,0,9,,,,,,0.274222,,,-0.005861,,,,,,,0
2026-08-14,63041.729693,perp,0.051524,5,0.043998,75,255.30818,0.262296,0.319921,0.368583,-0.025507,-0.031475,14,9,7,0.262749,,,-0.018162,,0.260576,,,-0.023,,,,,,,0
2026-08-15,63010.04257,perp,0.03723,2,0.03723,51,178.97972,0.26123,0.321622,,-0.03449,-0.032819,10,7,0,0.257652,,,-0.020201,,,,,,,,,,,,0
2026-08-16,62991.352859,perp,0.020395,1,0.036527,50,157.9344,0.274275,0.323687,,-0.026831,-0.037747,11,8,0,0.27486,,,-0.062781,,,,,,,,,,,,0
2026-08-17,63823.062652,perp,0.067675,6,0.03723,80,2507.88252,0.259587,0.326264,0.375989,-0.01613,-0.026981,14,13,8,0.260026,0.330287,,-0.018617,-0.017614,,0.322569,,,-0.043248,,,,,,0
2026-08-18,64378.273559,perp,0.040348,3,0.040348,58,137.13426,0.272591,0.32231,,-0.029257,-0.028528,8,9,0,,,,,,,,,,,,,,,,0
2026-08-19,67320.728758,perp,0.025305,18,0.040348,137,2376.33022,0.323492,0.355673,0.389571,-0.032039,-0.035919,10,21,16,0.319518,0.356186,0.374441,-0.021595,-0.064162,,0.355127,0.390841,,-0.0482,,,,,,0
2026-08-20,71763.972996,perp,0.039545,19,0.039545,150,827.867266,0.377112,0.37511,0.392665,0.041659,-0.014789,17,15,18,0.366924,,0.391872,0.031013,,0.383698,0.373667,0.391623,0.069885,-0.00101,,,,,,0
2026-08-21,76770.51892,perp,0.037099,24,0.03723,226,6547.347624,0.46363,0.404234,0.40857,0.029716,0.025552,35,23,19,0.46555,0.414912,0.405405,0.063431,0.022219,0.461009,0.405293,0.414966,0.019386,0.026888,,,,,,0
2026-08-22,77995.242123,perp,0.045195,12,0.039545,114,1994.07678,0.453757,0.410145,0.412509,0.047689,-0.006818,14,19,14,0.460274,0.39989,0.410526,0.025992,-0.012648,0.484192,0.414613,0.428033,,0.001363,,,,,,0
2026-08-23,77059.053364,perp,0.044292,6,0.040348,94,684.58828,0.471019,0.411493,0.41614,0.030378,0.013814,19,13,11,0.468077,,0.425685,0.02684,,0.461882,0.404306,,0.055048,0.018855,,,,,,0
2026-08-24,79255.525832,perp,0.063506,7,0.044292,140,4180.19936,0.466849,0.421214,0.42164,0.063183,0.008219,17,19,16,0.465849,0.409999,0.420598,0.060939,0.049262,0.46482,0.42247,0.421166,0.056087,0.008249,,,,,,0
2026-08-25,78849.893167,perp,0.035629,13,0.040348,136,1320.80928,0.433913,0.417825,0.419784,0.018258,0.009725,14,21,17,0.453205,0.418186,0.41754,0.026961,0.006069,0.43738,0.41897,0.42234,0.002359,0.018981,,,,,,0
2026-08-26,78450.661818,perp,0.033381,16,0.040348,120,1869.26096,0.395643,0.401962,0.414779,0.009148,0.020797,13,14,14,,0.400385,0.405926,,0.021904,0.395291,,0.417531,0.011167,,,,,,,0
2026-08-27,80260.100893,perp,0.041469,7,0.040348,103,478.64242,0.42833,0.397126,0.39725,0.031377,0.012101,9,10,18,,0.398649,0.388584,,0.019478,,,,,,,,,,,0
2026-08-28,79262.692254,perp,0.045602,9,0.040348,148,2801.64948,0.39282,0.377252,0.388827,0.025679,-0.008601,20,15,19,0.398375,0.38043,0.392485,0.029515,-0.006339,0.369162,0.38322,0.384401,0.029252,-0.011394,,,,,,0
2026-08-29,77862.631355,perp,0.039142,1,0.039545,42,58.898078,,,0.38341,,,0,0,12,,,0.38425,,,,,,,,,,,,,0
2026-08-30,78569.219485,perp,,0,0.039946,74,197.6239,0.344569,0.343797,,0.007919,-0.013336,15,12,0,0.357287,0.343692,,0.016936,-0.009961,0.317115,0.34354,,0.010227,-0.02221,,,,,,0
2026-08-31,78821.851728,perp,0.036637,4,0.039946,86,397.28068,0.345599,0.353106,0.378411,0.010574,-0.010031,13,21,13,0.341655,0.353271,0.380078,0.00699,-0.006333,,0.351458,0.372144,,-0.013942,,,,,,0
2026-09-01,77183.734596,perp,0.045066,7,0.039946,119,978.73922,0.343626,0.361277,0.378613,-0.008896,-0.0107,14,26,21,0.346622,0.364185,0.380811,-0.0031,-0.008739,,0.361507,0.377517,,-0.006528,,,,,,0
2026-09-02,77149.014251,perp,0.039576,6,0.03956,86,219.16016,,0.347981,0.387614,,-0.010129,0,21,12,,0.348095,0.388387,,-0.01459,,0.348649,,,-0.006234,,,,,,0
2026-09-03,80371.801536,perp,0.018933,10,0.03956,126,548.28536,0.36124,0.362371,0.377526,0.051906,0.005637,18,23,17,0.363025,0.372664,0.393828,0.048648,-0.017406,0.369298,0.367266,0.379255,0.028845,0.023393,,,,,,0
2026-09-04,81008.437615,perp,0.025399,8,0.039359,129,401.55658,0.338977,0.359907,0.389007,0.03187,0.015494,16,17,18,0.335073,0.360548,0.392711,0.020636,0.016172,0.353075,0.358701,,0.041144,-0.004758,,,,,,0
2026-09-05,79718.291759,perp,,0,0.039576,38,89.113944,0.311258,0.369343,,0.008103,0.0029,14,8,0,,,,,,0.31926,,,0.00552,,,,,,,0
2026-09-06,79853.503729,perp,0.035771,3,0.039142,63,3305.00082,0.374017,0.366854,0.388694,0.005862,0.010295,18,12,12,0.358727,0.364949,,0.007306,0.003048,0.380196,,0.385929,0.024736,,,,,,,0
2026-09-07,79206.61819,perp,0.041378,4,0.039142,66,2547.7666,0.361258,0.370294,0.386023,0.006038,0.003492,12,15,12,,,,,,0.363169,0.371227,,0.009747,-0.002146,,,,,,0
2026-09-08,78558.172526,perp,0.039646,8,0.039142,70,166.25568,0.385492,0.375354,0.394573,0.017587,-0.003417,10,16,16,,0.375089,0.396359,,-0.006278,,0.379868,,,-0.006905,,,,,,0
2026-09-09,78645.246145,perp,0.038125,6,0.039142,77,371.9523,0.398075,0.382035,0.39608,0.017844,-0.001298,7,16,16,,0.383793,0.397524,,-0.00285,,0.383952,0.396263,,0.006052,,,,,,0
2026-09-10,78064.556679,perp,0.048,10,0.039576,110,3959.22138,0.401809,,0.399124,0.009413,,19,0,18,0.396183,,0.396338,0.009136,,0.412855,,,0.009824,,,,,,,0
2026-09-11,77411.459325,perp,0.04689,8,0.039576,130,601.40622,0.382567,0.364738,0.390215,0.00309,-0.007195,26,11,17,0.367158,,0.391846,-0.004027,,0.383799,0.368659,0.38745,0.010926,-0.009195,,,,,,0
2026-09-12,77273.66341,perp,0.050655,2,0.039576,42,87.26788,0.329225,,,0.001292,,14,0,0,0.329565,,,0.000596,,0.332012,,,-0.000749,,,,,,,0
2026-09-13,77132.562663,perp,0.037587,4,0.039576,74,883.5757,0.37164,0.368272,0.381435,-0.011902,-0.014484,17,12,16,0.376226,0.361856,0.383793,-0.001895,-0.016222,0.369339,0.368435,0.382705,-0.017252,-0.014123,,,,,,0
2026-09-14,77587.357143,perp,0.046138,5,0.039611,104,1751.51142,0.378168,0.362792,0.38646,-0.01275,-0.016288,15,15,19,0.382258,0.362926,0.386874,-0.013809,-0.014048,0.374329,,0.387526,0.000881,,,,,,,0
2026-09-15,77344.600607,perp,0.03885,9,0.039611,145,1335.68322,0.410749,0.367264,0.388639,0.029068,-0.009552,20,18,8,0.41659,0.370996,,0.015066,0.020573,0.426618,0.371608,,0.045216,-0.008354,,,,,,0
2026-09-16,75699.85474,perp,0.055574,12,0.039611,122,1567.00692,0.371293,0.351435,0.385251,0.002403,-0.023302,17,23,11,0.399285,0.35166,0.388375,0.024597,-0.020233,0.365077,0.354911,,-0.015864,-0.021283,,,,,,0
2026-09-17,76559.002569,perp,0.044459,4,0.040512,82,391.004334,0.273058,,0.371155,0.006092,,6,0,9,,,,,,,,,,,,,,,,0
2026-09-18,79266.283987,perp,0.040026,14,0.040702,146,2311.566824,0.31845,0.349787,0.368523,-0.006309,-0.018795,23,23,12,,0.336483,0.363564,,-0.016508,0.316994,0.354612,0.367639,0.00517,-0.020632,,,,,,0
2026-09-19,81320.270376,perp,0.053207,3,0.042918,104,3377.15712,0.334411,0.334913,0.379965,0.013603,-0.007692,12,16,13,,0.337747,0.376502,,-0.007618,0.334715,,0.383389,0.009322,,,,,,,0
2026-09-20,80606.332996,perp,0.037364,2,0.041378,80,1570.439652,0.340846,0.338473,0.373997,0.001451,0.000321,12,9,11,,,0.374233,,,,0.338644,,,-0.002156,,,,,,0
2026-09-21,84357.853939,perp,0.041182,27,0.041378,214,3378.64986,0.405318,0.362247,0.386994,-0.021762,0.007973,20,25,23,0.403866,0.36651,0.384256,-0.004207,-0.008343,0.395972,0.360984,0.37963,-0.027144,0.01805,,,,,,0
2026-09-22,85795.527562,perp,0.042436,8,0.042436,119,688.888593,0.364602,0.366425,0.39106,0.023661,-0.004299,12,15,15,,0.365097,,,0.004419,0.362882,0.363873,0.386594,0.019796,-0.00249,,,,,,0
2026-09-23,84602.031032,perp,0.044153,16,0.044153,170,1515.231082,0.345199,0.361183,0.380416,-0.015785,-0.007776,20,21,21,0.345116,0.362606,0.377597,-0.015756,-0.011685,0.346612,0.359805,0.383687,-0.016984,-0.005983,,,,,,0
2026-09-24,83950.50083,perp,0.070088,9,0.044459,126,3453.55328,0.334789,0.353722,0.381963,-0.020747,-0.011294,14,9,13,,0.353462,0.37777,,-0.004696,0.334336,,,-0.021083,,,,,,,0
2026-09-25,84360.314569,perp,0.051094,10,0.044459,136,1691.56922,0.309315,0.343091,0.379353,-0.005315,-0.000489,19,17,15,0.332356,,0.37737,-0.024969,,0.29201,0.343873,,0.023706,-0.002271,,,,,,0
2026-09-26,84096.876693,perp,,0,0.044306,67,1704.13584,0.297718,0.338858,0.364073,0.003191,-0.008678,10,10,7,,,,,,,0.338826,0.362601,,-0.009205,,,,,,0
2026-09-27,84667.519379,perp,0.054173,3,0.044306,88,334.63688,0.317636,0.337311,0.378165,0.003437,-0.004294,14,11,13,0.312225,0.333126,0.379504,-0.003567,0.002917,,0.343402,,,-0.018019,,,,,,0
2026-09-28,83133.830744,perp,0.052504,8,0.045298,115,751.49602,0.351281,0.344672,0.380439,-0.024974,-0.003133,13,22,21,,0.339493,0.37992,,-0.048493,0.346295,0.345362,0.377732,-0.009042,-0.004401,,,,,,0
2026-09-29,83782.181345,perp,0.067553,8,0.047776,130,550.639917,0.330475,0.349883,0.374084,0.001891,0.002752,12,25,18,,0.343639,0.371171,,0.004671,0.336383,0.355624,0.376036,0.002731,-0.000602,,,,,,0
2026-09-30,83732.142194,perp,0.058458,11,0.051799,124,394.03876,0.326694,0.340761,0.372571,-0.014478,-0.009936,14,25,11,0.325809,0.341107,,-0.010282,-0.011708,,0.341787,0.369505,,-0.014401,,,,,,0
2026-10-01,84339.462254,perp,0.082841,15,0.051799,137,2064.03932,0.32766,0.346933,0.371401,-0.008002,-0.024189,13,16,22,,,0.371975,,,0.31785,0.348482,0.357265,-0.006234,-0.026714,,,,,,17
2026-10-02,86008.128069,perp,0.057615,10,0.052855,183,1607.80994,0.306592,0.339306,0.370077,-0.016342,-0.003554,29,21,19,0.295154,0.337946,,-0.012828,-0.008079,0.317107,0.342059,0.370328,-0.010586,0.006715,0.295709,0.331436,0.358695,0.014295,-0.007982,96
2026-10-03,84854.925388,perp,0.056417,1,0.05369,72,9548.31692,0.298522,0.333141,0.365414,0.001385,-0.006479,17,11,12,0.304594,,0.365113,-0.020525,,,0.333674,,,-0.008513,0.273414,0.324896,0.355016,0.016508,-0.007038,96
