day,index,index_src,carry_day,carry_pairs,carry,points,contracts,atm7,atm30,atm90,rr7,rr30,n7,n30,n90,atm7_a,atm30_a,atm90_a,rr7_a,rr30_a,atm7_b,atm30_b,atm90_b,rr7_b,rr30_b,rec_atm7,rec_atm30,rec_atm90,rec_rr7,rec_rr30,rec_n
2023-12-06,,,,0,,1,0.2,,,,,,0,0,0,,,,,,,,,,,,,,,,0
2023-12-08,,,,0,,1,0.4,,,,,,0,0,0,,,,,,,,,,,,,,,,0
2023-12-11,,,,0,,2,0.6,,,,,,0,0,0,,,,,,,,,,,,,,,,0
2023-12-12,,,,0,,3,10.56,,,,,,0,0,0,,,,,,,,,,,,,,,,0
2023-12-13,,,,0,,1,0.88,,,,,,0,0,0,,,,,,,,,,,,,,,,0
2023-12-14,,,,0,,1,0.22,,,,,,0,0,0,,,,,,,,,,,,,,,,0
2024-01-05,2226.777385,perp,,0,0.05,13,332.24,0.787033,,,-0.002461,,8,0,0,,,,,,0.736962,,,,,,,,,,0
2024-01-06,2250.175824,perp,,0,0.05,4,100.6,,,,,,0,0,0,,,,,,,,,,,,,,,,0
2024-01-07,2243.797706,perp,,0,0.05,12,398.0,0.7878,,,0.015433,,8,0,0,,,,,,0.805717,,,0.022369,,,,,,,0
2024-01-08,2260.361812,perp,,0,0.05,12,159.0,0.86689,,,-0.036568,,9,0,0,,,,,,0.868403,,,-0.032195,,,,,,,0
2024-01-09,2287.860421,perp,,0,0.05,13,767.8,,,,,,0,0,0,,,,,,,,,,,,,,,,0
2024-01-10,2596.255933,perp,0.190518,2,0.05,23,2176.08,,,,,,0,0,0,,,,,,,,,,,,,,,,0
2024-01-11,2614.458422,perp,0.167507,5,0.05,32,1897.76,0.689758,,,-0.019405,,9,0,0,,,,,,0.667073,,,,,,,,,,0
2024-01-12,2580.54025,perp,0.169558,3,0.169558,35,3138.3,0.610924,0.60559,,-0.001478,0.005938,14,8,0,0.566198,,,0.073958,,0.608684,,,0.000547,,,,,,,0
2024-01-13,2572.846875,perp,,0,0.169558,15,142.16,0.577704,0.603109,,0.008531,0.01023,8,5,0,,,,,,,,,,,,,,,,0
2024-01-14,2531.676471,perp,0.191242,1,0.180038,31,1653.7,0.607857,,,-0.000487,,11,0,0,,,,,,0.578979,,,0.019914,,,,,,,0
2024-01-15,2526.093696,perp,0.110404,1,0.169558,34,3231.66,0.622341,0.616466,,-0.031171,-0.01548,9,8,0,,,,,,0.558108,,,-0.010908,,,,,,,0
2024-01-16,2551.778055,perp,0.127745,6,0.168532,49,3804.86,,0.573302,,,-0.019127,0,14,0,,,,,,,0.547423,,,,,,,,,0
2024-01-17,2555.248439,perp,0.168397,3,0.168397,35,1194.84,,0.571128,,,-0.023328,0,10,0,,,,,,,0.54181,,,,,,,,,0
2024-01-18,2478.998932,perp,0.210841,4,0.168978,32,3053.44,0.466336,,,-0.017008,,6,0,0,0.466336,,,-0.017008,,,,,,,,,,,,0
2024-01-19,2479.332435,perp,,0,0.168978,27,5229.82,0.459082,0.446128,,-0.005931,-0.021032,9,7,0,0.460491,,,-0.008954,,,,,,,,,,,,0
2024-01-20,,,,0,,25,1617.4,,,,,,0,0,0,,,,,,,,,,,,,,,,0
2024-01-21,2474.107345,perp,,0,0.168978,21,1605.96,0.429907,,,-0.011782,,8,0,0,0.425841,,,-0.000906,,,,,,,,,,,,0
2024-01-22,2331.324289,perp,0.096282,2,0.168397,41,4460.72,0.505742,0.454408,,-0.081311,-0.057673,12,9,0,,,,,,,,,,,,,,,,0
2024-01-23,2223.51517,perp,0.131117,5,0.167952,38,2070.22,,0.507073,,,-0.033795,0,11,0,,,,,,,0.502931,,,-0.038355,,,,,,0
2024-01-24,2224.108273,perp,0.149021,4,0.167507,31,1999.48,,0.458543,,,-0.038533,0,7,0,,,,,,,0.458429,,,-0.038231,,,,,,0
2024-01-25,2208.128067,perp,0.017061,1,0.158264,28,2851.36,,,,,,0,0,0,,,,,,,,,,,,,,,,0
2024-01-26,2208.925126,perp,0.093764,4,0.140069,36,5369.92,0.433482,0.420613,,-0.046259,-0.026725,7,7,0,,,,,,0.433482,,,-0.046259,,,,,,,0
2024-01-27,2271.44,perp,,0,0.131117,11,1406.74,,,,,,0,0,0,,,,,,,,,,,,,,,,0
2024-01-28,2273.304348,perp,0.079691,5,0.127745,25,1302.02,0.406759,0.418243,,0.015428,0.005466,6,5,0,,,,,,0.406759,,,0.015428,,,,,,,0
2024-01-29,2272.389992,perp,0.004021,1,0.119074,24,1449.84,0.423098,,,-0.00919,,11,0,0,,,,,,0.423098,,,-0.00919,,,,,,,0
2024-01-30,2364.252642,perp,0.067629,3,0.103343,37,2823.4,,0.44953,,,-0.004073,0,10,0,,,,,,,0.440713,,,0.022433,,,,,,0
2024-01-31,2290.139508,perp,-0.028076,1,0.095023,28,2366.36,,0.464164,,,0.011457,0,7,0,,,,,,,,,,,,,,,,0
2024-02-01,2284.596091,perp,0.117769,3,0.095023,36,3317.1,0.405034,,,0.007487,,5,0,0,,,,,,0.405034,,,0.007487,,,,,,,0
2024-02-02,2297.154839,perp,0.068025,1,0.086727,29,1879.66,0.393997,,,0.008839,,8,0,0,,,,,,0.3954,,,0.006832,,,,,,,0
2024-02-03,2319.022762,perp,0.104335,1,0.086727,24,889.48,0.368014,,,0.013826,,7,0,0,,,,,,,,,,,,,,,,0
2024-02-04,2284.533101,perp,,0,0.086727,23,1323.42,,0.407547,,,-0.005473,0,8,0,,,,,,,,,,,,,,,,0
2024-02-05,2301.546667,perp,0.04798,2,0.079691,31,1485.52,0.39771,0.412118,,-0.02309,0.00393,8,7,0,,,,,,,,,,,,,,,,0
2024-02-06,2365.441718,perp,,0,0.073858,33,1955.0,,0.41431,,,0.00105,0,7,0,,,,,,,,,,,,,,,,0
2024-02-07,2419.247171,perp,0.097104,3,0.073858,40,3991.84,,0.424283,,,0.026221,0,11,0,,0.413726,,,0.022645,,,,,,,,,,,0
2024-02-08,2437.90943,perp,0.113986,4,0.073858,36,3184.36,0.398487,0.451106,,0.008808,0.015791,7,8,0,0.383724,,,0.01603,,,,,,,,,,,,0
2024-02-09,2468.927373,perp,0.082786,4,0.081239,48,6773.6,0.458077,0.459736,,0.009619,0.028727,14,17,0,0.453434,0.457697,,0.014484,0.027923,,0.462016,,,0.046222,,,,,,0
2024-02-10,2507.179936,perp,0.116164,5,0.081238,45,2184.98,0.434096,0.469346,,0.033651,0.036647,13,12,0,0.438572,0.464434,,0.071994,0.039083,,,,,,,,,,,0
2024-02-11,2513.963892,perp,0.073676,5,0.079691,45,4179.16,0.478726,0.47817,,0.025215,0.046146,15,15,0,0.470024,0.483152,,0.023786,0.036082,0.380049,0.468291,,0.071635,0.049819,,,,,,0
2024-02-12,2602.232947,perp,0.040997,6,0.073676,62,6255.44,0.532285,0.532099,,0.046672,0.021912,13,16,0,0.534563,0.533353,,0.002309,0.012684,0.591484,0.533698,,-0.008579,0.024526,,,,,,0
2024-02-13,2650.617707,perp,0.179287,4,0.082786,77,7892.28,,0.573956,,,0.058895,0,21,0,,0.550739,,,0.090393,,0.578788,,,0.06031,,,,,,0
2024-02-14,2746.785825,perp,0.099931,4,0.097104,67,4111.2,,0.552487,,,0.049026,0,17,0,,0.547954,,,0.031239,,,,,,,,,,,0
2024-02-15,2814.201611,perp,0.130279,10,0.099931,84,4678.04,0.552961,0.570293,,0.046741,0.047296,13,15,0,0.552658,0.588525,,,,,,,,,,,,,,0
2024-02-16,2809.458773,perp,0.110207,3,0.099931,57,3467.56,0.539539,0.55525,,0.017686,0.041241,22,10,0,0.538936,0.554994,,0.056875,,0.523128,,,-0.008748,,,,,,,0
2024-02-17,2781.859785,perp,,0,0.102133,38,690.84,0.540331,0.55678,,0.021486,0.019941,17,9,0,0.561139,,,-0.020811,,,,,,,,,,,,0
2024-02-18,2826.296488,perp,,0,0.099931,34,858.5,0.575062,0.54976,,0.058178,0.023034,18,6,0,0.59038,,,0.081079,,0.532319,,,-0.057377,,,,,,,0
2024-02-19,2916.287033,perp,0.194918,2,0.105069,81,2694.96,0.607815,0.597396,,0.0231,0.027185,23,17,0,0.611179,0.617136,,0.033857,,0.606612,,,0.009258,,,,,,,0
2024-02-20,2934.977612,perp,0.144446,3,0.112097,84,4604.98,,0.588734,,,0.006423,0,16,0,,0.602528,,,0.058534,,,,,,,,,,,0
2024-02-21,2938.180905,perp,0.130322,2,0.113986,72,1512.6,,0.585448,,,0.016193,0,14,0,,0.583334,,,0.055063,,,,,,,,,,,0
2024-02-22,2987.084073,perp,0.130246,3,0.116164,73,1992.58,0.592197,0.588625,,0.004194,0.013876,13,11,0,,0.592992,,,,0.611158,,,0.01046,,,,,,,0
2024-02-23,2978.67263,perp,0.135407,1,0.130246,75,2046.94,0.557894,0.556831,,0.012539,0.026826,23,11,0,,0.552541,,,,0.55664,,,0.020209,,,,,,,0
2024-02-24,2940.467075,perp,,0,0.130263,53,1111.24,0.544147,,,-0.013362,,16,0,0,,,,,,0.532612,,,0.020172,,,,,,,0
2024-02-25,3068.013768,perp,,0,0.130279,74,2046.36,0.601775,0.602538,,0.005923,0.02417,20,17,0,0.5647,0.605891,,-0.001646,0.052189,0.647007,,,0.019157,,,,,,,0
2024-02-26,3105.390257,perp,0.131974,4,0.130322,108,3820.98,0.628303,0.621527,,-0.032216,-0.004488,27,20,0,,0.62808,,,0.000618,0.624268,0.623112,,-0.040651,0.010291,,,,,,0
2024-02-27,3217.727211,perp,0.153678,8,0.131974,121,4333.7,,0.61801,,,0.014019,0,31,0,,0.609358,,,0.013845,,0.618731,,,0.011981,,,,,,0
2024-02-28,3323.782906,perp,0.157733,18,0.131974,147,4105.08,,0.652783,,,0.026945,0,41,0,,0.658307,,,0.043653,,0.647477,,,0.01921,,,,,,0
2024-02-29,3441.222563,perp,0.145602,13,0.135407,121,6364.82,0.773817,0.739703,,0.045018,0.006741,14,30,0,0.773817,0.745471,,0.045018,-0.023509,,0.692382,,,0.103952,,,,,,0
2024-03-01,3401.468847,perp,0.209621,1,0.144446,60,2012.22,0.633387,0.655048,,0.048503,0.026478,18,14,0,0.635174,0.660914,,0.042878,0.038887,,,,,,,,,,,0
2024-03-02,3422.585722,perp,,0,0.145024,46,1701.94,0.658353,0.686962,,0.064269,0.05245,12,14,0,0.658381,0.690899,,0.076077,0.088404,,0.693077,,,0.041354,,,,,,0
2024-03-03,3418.059923,perp,,0,0.145024,74,3713.32,0.710543,0.740103,,0.16661,0.041077,18,15,0,0.710543,0.745967,,0.16661,0.056211,,,,,,,,,,,0
2024-03-04,3533.48203,perp,0.225068,7,0.145602,114,3756.02,0.744937,0.719864,,0.032849,0.087454,23,21,0,0.747116,0.728217,,0.023428,0.101458,,0.751345,,,0.057982,,,,,,0
2024-03-05,3656.356016,perp,0.326994,10,0.145602,155,4579.72,,0.748687,,,0.070352,0,37,0,,0.754564,,,0.050608,,0.750873,,,0.115146,,,,,,0
2024-03-06,3845.633564,perp,0.25713,10,0.153678,129,3612.32,,0.818946,,,0.096645,0,29,0,,0.808887,,,0.102292,,0.838611,,,0.084209,,,,,,0
2024-03-07,3902.085907,perp,0.449146,2,0.157733,73,2275.24,0.7665,,,0.185145,,12,0,0,0.772932,,,0.176911,,,,,,,,,,,,0
2024-03-08,3906.54921,perp,0.259655,4,0.209621,107,5168.0,0.74147,0.742279,,0.022709,0.054626,20,17,0,0.745063,0.745293,,0.020401,0.071041,,,,,,,,,,,0
2024-03-09,3918.734978,perp,,0,0.217344,67,2144.7,0.777373,,,0.062571,,25,0,0,0.783661,,,0.0588,,,,,,,,,,,,0
2024-03-10,3874.282781,perp,0.256662,1,0.225068,79,2204.08,0.818353,0.766458,,0.005206,0.059789,20,18,0,0.820224,0.779627,,0.002207,0.046176,,0.776574,,,,,,,,,0
2024-03-11,4030.986331,perp,0.340868,4,0.240865,121,4690.66,0.866422,0.803403,,0.046092,-0.014672,25,19,0,0.856018,0.754487,,0.086648,0.010108,,0.794985,,,0.034026,,,,,,0
2024-03-12,3958.093172,perp,0.322363,2,0.256896,123,5061.66,,0.80387,,,-0.049665,0,26,0,,0.802467,,,-0.055072,,0.782051,,,0.041276,,,,,,0
2024-03-13,4012.531915,perp,0.335375,4,0.258393,102,2675.607656,,0.759644,,,-0.056075,0,29,0,,0.772674,,,-0.069151,,0.827749,,,-0.122487,,,,,,0
2024-03-14,3887.168854,perp,0.257008,2,0.258393,108,3477.88,0.710509,0.708818,,-0.03442,-0.021711,18,16,0,0.719312,0.704725,,-0.042412,-0.00418,,0.671021,,,-0.010467,,,,,,0
2024-03-15,3781.131448,perp,0.31587,2,0.287762,128,5054.44,0.750857,0.724173,,-0.017167,-0.039891,38,16,0,0.745109,,,-0.017038,,0.743455,0.720185,,,-0.03313,,,,,,0
2024-03-16,3659.092085,perp,,0,0.31587,97,9284.04,0.665279,0.734037,,-0.064023,-0.053191,31,10,0,0.675592,0.751274,,-0.063358,-0.089584,,,,,,,,,,,0
2024-03-17,3576.799841,perp,0.294096,4,0.304983,77,2888.9,0.782847,0.751067,,-0.048861,,20,11,0,0.782847,0.760217,,-0.048861,,,,,,,,,,,,0
2024-03-18,3515.243842,perp,0.226982,1,0.294096,99,9074.1,0.770115,0.753624,,-0.085899,-0.08682,30,11,0,0.773374,,,-0.087419,,,0.763497,,,-0.083746,,,,,,0
2024-03-19,3367.32792,perp,0.291492,11,0.294096,131,7177.54,,0.753645,,,-0.035065,0,38,0,,0.743486,,,-0.01472,,0.775543,,,-0.063899,,,,,,0
2024-03-20,3392.255515,perp,0.235879,12,0.291492,123,6114.52,,0.778558,,,-0.029318,0,34,0,,0.767493,,,-0.029163,,0.777452,,,0.001207,,,,,,0
2024-03-21,3499.5135,perp,0.198693,8,0.291492,93,2995.4,0.730554,0.785392,,-0.080014,-0.016376,11,13,0,0.725117,,,-0.084457,,,0.794437,,,-0.046474,,,,,,0
2024-03-22,3462.217789,perp,0.356221,2,0.291492,95,4721.14,0.699071,0.720936,,-0.052459,-0.019099,21,23,0,0.696268,,,-0.04852,,,0.706338,,,-0.012644,,,,,,0
2024-03-23,3389.775653,perp,,0,0.292794,66,3612.62,0.734675,0.751509,,-0.062176,-0.052922,17,19,0,0.739273,0.750296,,-0.052465,-0.042504,,0.775603,,,-0.064364,,,,,,0
2024-03-24,3375.586276,perp,,0,0.292794,63,2729.62,0.756739,0.7526,,-0.04722,-0.045115,16,12,0,0.757058,,,-0.043007,,,0.768413,,,-0.077576,,,,,,0
2024-03-25,3501.30652,perp,0.247061,2,0.292794,106,7739.62,0.72034,0.75101,,-0.035898,0.006496,20,29,0,0.722731,0.760853,,-0.029943,0.019165,,0.751511,,,-0.001531,,,,,,0
2024-03-26,3605.605003,perp,0.266228,1,0.27886,82,4228.28,,0.71846,,,-0.007513,0,20,0,,0.691959,,,-0.006362,,0.805129,,,0.139227,,,,,,0
2024-03-27,3566.481205,perp,0.22784,6,0.261618,84,3341.2,,0.714781,,,-0.078655,0,23,0,,0.690256,,,-0.05526,,0.736809,,,-0.106098,,,,,,0
2024-03-28,3557.815228,perp,0.236594,4,0.252034,60,2176.56,0.710657,0.784291,,-0.062217,-0.036362,9,11,0,0.710657,,,-0.062217,,,0.784386,,,-0.070169,,,,,,0
2024-03-29,3519.434783,perp,0.280143,3,0.256644,77,9131.3,0.674942,0.74782,0.808181,-0.046849,0.025295,18,19,6,0.666451,,,-0.044682,,,0.761677,,,0.009154,,,,,,0
2024-03-30,3546.746914,perp,,0,0.247061,63,3427.34,0.64687,0.762774,,-0.007637,0.003628,18,8,0,0.642812,,,-0.009435,,,,,,,,,,,,0
2024-03-31,3595.881159,perp,0.24519,8,0.246126,97,6049.72,0.653631,0.774532,0.81002,0.04055,-0.002658,18,17,15,0.661781,0.741649,0.817625,0.035296,-0.009748,,0.763114,0.795201,,0.019797,,,,,,0
2024-04-01,3521.222756,perp,0.318029,11,0.246125,111,4813.12,0.68254,0.767132,0.799323,0.014721,-0.002965,22,30,8,0.683229,0.771667,,0.015267,-0.004058,,0.775451,,,8.2e-05,,,,,,0
2024-04-02,3301.962677,perp,0.237378,12,0.246125,114,8475.92,,0.759004,,,-0.018075,0,26,0,,0.737429,,,-0.014221,,0.776372,,,-0.013826,,,,,,0
2024-04-03,3305.555026,perp,0.27959,5,0.246125,65,2141.66,,0.743906,0.783257,,-0.020098,0,18,10,,,0.7901,,,,0.743764,0.765831,,-0.029111,,,,,,0
2024-04-04,3388.218601,perp,0.245734,2,0.246397,66,2573.62,0.651892,0.719346,0.742412,-0.016521,-0.011087,15,15,9,0.654529,,,-0.01096,,,0.717943,0.717143,,-0.012616,,,,,,0
2024-04-05,3317.098396,perp,0.186879,3,0.246397,70,10843.66,0.655441,0.712176,0.758059,-0.030661,-0.04399,24,7,5,0.658606,,,-0.02458,,,0.712176,,,-0.04399,,,,,,0
2024-04-06,3345.669124,perp,0.179359,2,0.245462,69,3381.86,0.631224,,,-0.007819,,18,0,0,0.631693,,,-0.006814,,,,,,,,,,,,0
2024-04-07,3387.642321,perp,,0,0.245462,54,1730.52,0.701082,0.752897,0.759631,-0.011341,-0.049962,15,7,5,0.707185,,,-0.014397,,,,,,,,,,,,0
2024-04-08,3614.145406,perp,0.277929,5,0.245734,115,3773.6,0.800993,0.807922,0.810395,0.025554,-0.007565,22,27,13,0.796424,,0.819931,0.024346,,,0.803843,0.785996,,0.027465,,,,,,0
2024-04-09,3523.910394,perp,0.120864,3,0.24519,88,2599.5,,0.767059,0.803346,,-0.026317,0,20,12,,,,,,,0.767406,0.810585,,-0.005931,,,,,,0
2024-04-10,3477.383521,perp,0.187933,3,0.237378,73,2060.9,,0.744931,0.781069,,-0.009259,0,20,11,,,0.787859,,,,0.755307,0.765584,,-0.001528,,,,,,0
2024-04-11,3527.523202,perp,0.249415,3,0.24519,52,2628.12,0.627705,,0.73979,-0.028862,,10,0,7,0.630919,,,-0.026644,,,,0.731949,,,,,,,,0
2024-04-12,3376.284289,perp,0.163735,4,0.24519,117,8342.08,0.647282,0.665393,0.697619,-0.052115,-0.042665,31,19,20,0.625801,,,-0.067445,,0.579087,0.679224,0.692935,-0.034067,-0.047397,,,,,,0
2024-04-13,3106.686724,perp,0.155169,7,0.237378,124,8100.0,0.809529,0.744843,0.760209,-0.083272,-0.107823,29,21,26,0.81578,,0.784837,-0.076304,,0.847906,0.739387,0.747129,-0.102139,-0.196896,,,,,,0
2024-04-14,3068.907455,perp,0.111972,7,0.212655,112,6953.36,0.868814,0.755102,0.747242,-0.029843,-0.041431,34,13,17,0.841904,0.774116,0.753312,-0.064715,-0.032539,0.94801,0.769311,0.749467,0.00522,-0.102338,,,,,,0
2024-04-15,3169.456046,perp,0.075054,4,0.187406,112,4271.72,0.800247,0.720419,0.70474,-0.060228,-0.04058,29,23,19,0.785393,,,-0.051683,,,0.740082,0.724423,,-0.061971,,,,,,0
2024-04-16,3078.103668,perp,0.148341,5,0.183119,84,6978.44,,0.772759,0.710104,,-0.060798,0,17,7,,,0.739886,,,,0.770945,,,-0.088623,,,,,,0
2024-04-17,3006.104106,perp,0.075446,5,0.171547,98,6837.48,,0.726788,,,-0.108459,0,23,0,,0.700769,,,-0.117651,,0.743817,,,-0.174836,,,,,,0
2024-04-18,3000.61671,perp,0.205493,3,0.171547,61,2616.24,0.734469,,,-0.077717,,11,0,0,,,,,,0.726993,,,-0.129716,,,,,,,0
2024-04-19,2975.53941,perp,0.06723,3,0.159452,82,3941.22,0.788404,0.729585,,-0.065932,-0.067185,20,8,0,,,,,,0.783597,0.743001,,-0.075452,,,,,,,0
2024-04-20,3045.743878,perp,0.094449,2,0.151755,65,7759.64,0.767828,0.724844,,-0.051716,-0.070872,20,13,0,,,,,,0.783845,0.71402,,-0.022601,-0.113995,,,,,,0
2024-04-21,3155.898527,perp,,0,0.148341,65,7018.36,0.740642,0.720332,,0.002978,-0.012917,18,13,0,,,,,,0.737241,0.732554,,-0.00977,-0.037865,,,,,,0
2024-04-22,3208.846906,perp,,0,0.148341,68,7442.6,0.740826,0.714366,,-0.00443,-0.021448,11,16,0,,,,,,0.740826,0.713184,,-0.00443,-0.076437,,,,,,0
2024-04-23,3209.202381,perp,0.029102,2,0.120864,62,17090.9,,0.696439,,,-0.060306,0,13,0,,,,,,,0.710676,,,-0.068473,,,,,,0
2024-04-24,3234.623729,perp,0.124854,1,0.124854,72,1518.92,,0.668525,,,-0.041562,0,22,0,,,,,,,0.666741,,,-0.045684,,,,,,0
2024-04-25,3164.120213,perp,-0.008448,1,0.111972,51,1349.4,0.592265,,,-0.01843,,11,0,0,,,,,,0.595796,,,-0.021431,,,,,,,0
2024-04-26,3140.703035,perp,0.153426,2,0.111972,81,5013.1,0.586889,,0.647769,-0.094334,,22,0,12,,,0.65206,,,0.55864,,,-0.108055,,,,,,,0
2024-04-27,3135.639321,perp,,0,0.103211,81,2856.4,0.558193,0.611643,0.644265,-0.061345,-0.063606,19,17,15,,,0.640437,,,0.560333,0.599965,0.65855,-0.065162,-0.069349,,,,,,0
2024-04-28,3326.744592,perp,0.06058,2,0.084948,74,2892.22,0.600256,0.616845,0.635249,0.035856,-0.007749,17,14,7,,,0.609148,,,0.602552,0.611532,,0.031839,-0.036706,,,,,,0
2024-04-29,3180.541708,perp,0.074094,2,0.07525,81,1655.06,0.620885,0.588096,,-0.024729,-0.037412,19,22,0,,,,,,0.61905,0.594395,,-0.030374,-0.032565,,,,,,0
2024-04-30,3013.471546,perp,0.123514,3,0.084948,100,3395.62,,0.61768,0.637547,,-0.041795,0,25,12,,0.639192,0.648445,,-0.052901,,0.600009,,,-0.039818,,,,,,0
2024-05-01,2912.380426,perp,0.039968,10,0.07477,111,2725.1,,0.645069,0.640414,,-0.071693,0,37,20,,0.652912,0.635341,,-0.074103,,0.640097,0.65084,,-0.079195,,,,,,0
2024-05-02,2977.126499,perp,0.053369,2,0.070662,58,1650.56,0.57861,0.59643,0.619224,-0.029582,,8,10,8,,,0.620745,,,0.579844,,,-0.115636,,,,,,,0
2024-05-03,3047.660138,perp,0.071703,2,0.069466,86,3056.34,0.555611,0.560274,0.577624,-0.046887,-0.039345,22,22,9,0.44807,0.564433,0.608489,-0.078094,-0.055434,0.561289,0.561185,,-0.041239,-0.030651,,,,,,0
2024-05-04,3103.253985,perp,0.063085,1,0.067394,60,1324.0,0.6364,0.624339,0.624853,-0.006693,-0.006209,14,20,12,,,0.623137,,,0.631523,0.626058,,-0.003113,0.003843,,,,,,0
2024-05-05,3105.962264,perp,,0,0.063085,52,1712.34,0.667169,,,-0.010567,,20,0,0,,,,,,0.664394,,,-0.014122,,,,,,,0
2024-05-06,3079.899309,perp,,0,0.063085,73,2026.54,0.643089,0.645568,0.63538,-0.09389,-0.025581,17,20,11,0.67408,0.644873,0.630832,-0.087178,-0.036708,0.617554,0.639736,,-0.103314,-0.043749,,,,,,0
2024-05-07,3065.223226,perp,0.094677,8,0.067394,109,13619.66,,0.455463,0.354616,,0.001753,0,26,14,,0.387992,0.331734,,0.030756,,0.609468,,,-0.013814,,,,,,0
2024-05-08,3020.097956,perp,0.091894,4,0.072899,92,3741.5,,0.589522,0.605114,,-0.021055,0,38,17,,0.595811,0.596682,,-0.029725,,0.58186,,,-0.020547,,,,,,0
2024-05-09,2997.855007,perp,0.241511,1,0.072899,64,2329.36,0.540814,0.581253,0.592023,-0.037905,-0.017417,10,13,9,0.541433,,0.596872,-0.051211,,,0.581829,,,-0.011306,,,,,,0
2024-05-10,2932.704638,perp,0.08854,6,0.081317,94,5475.36,0.567656,0.685724,0.794437,-0.039644,-0.013658,22,22,16,0.566648,0.812914,0.889081,-0.031644,-0.144435,,0.593191,,,-0.01505,,,,,,0
2024-05-11,2922.226763,perp,,0,0.074094,57,4112.94,0.539974,0.559784,0.571679,-0.040346,-0.000472,16,14,10,0.535067,0.556731,,-0.047229,-0.018887,,0.557024,,,0.020145,,,,,,0
2024-05-12,2928.112985,perp,0.089351,1,0.081317,54,2473.2,0.58673,0.588021,0.588255,-0.010963,-0.005092,18,10,7,0.584111,,,-0.009532,,,0.585118,,,0.001461,,,,,,0
2024-05-13,2947.752142,perp,0.112848,5,0.088945,82,2055.72,0.59519,0.601939,0.601105,-0.020609,-0.009346,21,18,11,0.593839,,,-0.018974,,,0.597888,,,-0.013266,,,,,,0
2024-05-14,2931.721429,perp,0.09197,3,0.090622,78,3095.4,,0.589105,,,-0.01904,0,18,0,,0.597114,,,4.7e-05,,,,,,,,,,,0
2024-05-15,3004.334769,perp,0.109344,9,0.090622,89,4756.02,,0.58239,,,0.006069,0,25,0,,0.58337,,,-0.020502,,0.575046,,,0.019945,,,,,,0
2024-05-16,2997.055383,perp,0.085784,11,0.090622,74,4840.7,0.552456,,,0.008296,,10,0,0,0.552636,,,0.01393,,,,,,,,,,,,0
2024-05-17,3035.01889,perp,0.106483,3,0.091932,93,4488.9,0.560177,0.571831,,0.000283,0.007669,30,12,0,0.564114,0.556567,,0.014423,,0.600512,,,0.017373,,,,,,,0
2024-05-18,3111.432414,perp,0.106485,3,0.093324,65,3136.4,0.573967,0.593227,,0.006914,0.018799,20,11,0,0.570594,0.58779,,0.00446,,0.534767,,,0.003272,,,,,,,0
2024-05-19,3077.59865,perp,,0,0.094677,62,3028.52,0.576223,0.623778,,0.007063,0.027247,21,12,0,,0.62318,,,0.072526,0.561811,,,0.008688,,,,,,,0
2024-05-20,3436.402448,perp,0.045265,17,0.093324,151,7837.66,0.846005,0.735073,,0.102096,0.041506,30,28,0,0.867098,0.745116,,0.119252,0.098377,0.915364,,,0.067369,,,,,,,0
2024-05-21,3696.959256,perp,0.175374,12,0.094677,142,7244.0,,0.766711,,,0.043417,0,23,0,,0.769524,,,0.051296,,,,,,,,,,,0
2024-05-22,3751.349541,perp,0.15971,8,0.106483,109,3400.5,,0.78586,,,0.013208,0,19,0,,0.774864,,,0.012692,,,,,,,,,,,0
2024-05-23,3780.918367,perp,0.137056,16,0.106485,143,6481.88,0.88312,0.751927,,0.022155,0.052952,16,15,0,,0.744755,,,0.079116,0.874313,,,0.044024,,,,,,,0
2024-05-24,3725.424829,perp,,0,0.106484,90,2994.44,0.593415,0.653582,,0.01085,0.060849,18,14,0,0.583304,0.635066,,0.014319,0.101823,0.576569,,,-0.012376,,,,,,,0
2024-05-25,3736.413905,perp,,0,0.106485,74,2741.76,0.571492,0.63656,,0.012217,0.038226,11,19,0,,0.631751,,,0.043201,,,,,,,,,,,0
2024-05-26,3813.370446,perp,,0,0.106485,85,3032.5,0.621344,0.652689,,0.044199,0.073643,18,15,0,0.601028,0.650396,,0.047051,0.079498,,,,,,,,,,,0
2024-05-27,3900.929868,perp,0.159808,4,0.109344,95,2754.23077,0.638287,0.682692,,0.026716,0.063714,20,28,0,0.642994,0.685112,,0.010912,0.056726,0.633691,0.670828,,0.020573,0.05501,,,,,,0
2024-05-28,3833.867888,perp,0.179584,5,0.109344,91,4796.24,,0.654076,,,0.044487,0,30,0,,0.655745,,,0.043682,,0.64416,,,0.048468,,,,,,0
2024-05-29,3785.467893,perp,0.151461,4,0.137056,75,2131.06,,0.639308,,,0.049944,0,29,0,,0.637095,,,0.056225,,0.629846,,,0.035997,,,,,,0
2024-05-30,3758.143332,perp,0.199691,2,0.151461,78,2436.28,0.625599,0.646678,,0.00789,0.028631,14,22,0,0.628372,0.643693,,0.007769,0.033352,,0.657401,,,0.029824,,,,,,0
2024-05-31,3738.877344,perp,0.147054,5,0.151461,89,3725.34,0.579673,0.629643,0.683284,-0.00166,0.020046,21,17,9,0.584338,0.640007,0.72214,0.000615,-0.009848,,,,,,,,,,,0
2024-06-01,3789.112723,perp,0.173916,4,0.15971,71,3843.66,0.562633,0.642575,0.673824,0.05111,0.040825,9,16,17,0.557219,0.643679,0.672913,0.049286,0.040363,,,0.673539,,,,,,,,0
2024-06-02,3796.523363,perp,0.152755,1,0.15971,61,1901.8,0.606824,0.645893,0.6677,0.048869,0.048586,11,13,6,0.597712,0.644765,0.6677,0.048283,0.046054,,,,,,,,,,,0
2024-06-03,3817.752154,perp,0.196523,1,0.159759,62,1745.32,0.58173,0.644085,0.661111,0.040925,0.049161,19,10,7,0.574752,0.640508,,0.039685,0.057828,,,,,,,,,,,0
2024-06-04,3794.812261,perp,0.133317,3,0.159759,64,1692.14,,0.627248,0.649106,,0.011242,0,21,11,,0.629595,0.6478,,-0.004056,,,,,,,,,,,0
2024-06-05,3814.266165,perp,0.20006,10,0.159759,96,4294.78,,0.638958,0.649628,,0.040067,0,31,18,,0.643665,0.642767,,0.0331,,0.634237,,,0.033374,,,,,,0
2024-06-06,3823.645132,perp,0.18402,6,0.166862,77,2248.58,0.588746,0.634949,0.640272,0.025981,0.031709,8,18,10,0.588092,0.633269,0.631783,0.026587,0.025931,,,,,,,,,,,0
2024-06-07,3775.087632,perp,0.158572,4,0.166862,91,3144.64,0.520116,0.609165,0.644445,0.040319,0.048239,24,16,15,0.522654,0.614823,0.638229,0.041269,0.042515,0.529807,,0.657969,0.044953,,,,,,,0
2024-06-08,3678.932216,perp,0.13991,1,0.159808,64,2502.1,0.513521,0.601333,0.631118,0.015308,0.022212,19,14,14,0.515033,0.603345,0.623874,0.024474,0.02046,0.504903,,,0.034373,,,,,,,0
2024-06-09,3693.930034,perp,0.104452,1,0.15919,63,1986.56,0.502286,0.603631,0.636154,0.028598,0.02019,15,14,15,,0.604908,0.629536,,0.019659,0.525723,,,0.045894,,,,,,,0
2024-06-10,3669.727383,perp,0.070689,2,0.158572,64,1499.96,0.5629,0.611852,0.633084,0.034125,0.017665,17,12,9,,0.609786,0.627761,,0.017189,0.584609,,,0.03023,,,,,,,0
2024-06-11,3559.280804,perp,0.122501,6,0.152755,103,3960.84,,0.614662,0.641259,,0.028064,0,27,6,,0.610479,,,0.027378,,,,,,,,,,,0
2024-06-12,3545.614772,perp,0.048381,3,0.151461,89,3393.6,,0.629134,0.657316,,0.045285,0,20,5,,0.635392,,,0.037939,,,,,,,,,,,0
2024-06-13,3495.961548,perp,0.101202,7,0.147054,60,1497.2232,0.529315,,,0.001659,,9,0,0,,,,,,0.531819,,,0.008295,,,,,,,0
2024-06-14,3476.937773,perp,0.126118,2,0.13991,91,2150.98,0.512692,0.570244,0.587276,0.012703,0.031302,22,17,8,0.494407,,,0.019353,,0.507214,0.582183,0.622403,0.013038,0.033394,,,,,,0
2024-06-15,3534.334332,perp,0.131619,4,0.133317,66,1515.64,0.549911,0.621537,0.64906,0.040043,0.074621,19,12,5,0.528894,,,0.047342,,0.553845,0.612449,,0.038908,0.075287,,,,,,0
2024-06-16,3575.396389,perp,0.088409,2,0.131619,41,1128.02,0.548426,,,0.021909,,16,0,0,0.540479,,,0.033113,,,,,,,,,,,,0
2024-06-17,3525.437835,perp,,0,0.128868,72,2308.26,0.566307,0.617843,,0.014314,0.024621,22,14,0,0.585488,,,0.022418,,0.571052,0.613516,,0.002532,0.020921,,,,,,0
2024-06-18,3418.628935,perp,0.136299,3,0.128868,83,3059.62,,0.620652,0.660261,,0.050222,0,25,6,,,,,,,0.615017,,,0.047606,,,,,,0
2024-06-19,3542.455,perp,0.140028,1,0.128868,70,3088.72,,0.62775,,,0.05318,0,15,0,,0.632385,,,0.090853,,0.622853,,,0.048859,,,,,,0
2024-06-20,3584.115367,perp,0.183536,1,0.128868,63,2556.62,0.604176,0.664668,,0.034871,0.03876,9,10,0,0.603229,0.666548,,0.034244,0.036785,,,,,,,,,,,0
2024-06-21,3481.180449,perp,0.213096,2,0.128868,71,2477.16,0.583035,0.612018,,-0.000262,0.023847,14,18,0,0.579213,0.62162,,-0.002157,0.014429,0.654357,0.602399,,-0.05476,0.02286,,,,,,0
2024-06-22,3499.328014,perp,0.11403,1,0.12431,36,1818.6,0.558145,,,0.013376,,10,0,0,0.542188,,,0.00755,,,,,,,,,,,,0
2024-06-23,3456.083447,perp,,0,0.122501,49,1227.98,0.575533,0.633943,,0.008837,0.04738,12,13,0,,0.62566,,,0.060496,0.562148,0.641906,,0.062251,0.043712,,,,,,0
2024-06-24,3318.50255,perp,0.105537,10,0.122501,92,3530.1,0.624727,0.627443,,0.013205,0.057716,18,24,0,0.653189,0.625911,,0.007181,0.072581,,0.657097,,,0.010962,,,,,,0
2024-06-25,3376.475667,perp,,0,0.12431,50,1862.36,,0.624698,,,0.053654,0,13,0,,0.613419,,,0.057857,,,,,,,,,,,0
2024-06-26,3370.032631,perp,0.172174,3,0.128868,54,1041.82,,0.58574,,,0.037943,0,15,0,,,,,,,0.586264,,,0.019101,,,,,,0
2024-06-27,3440.026652,perp,0.069189,4,0.128868,59,1662.08,0.547282,0.596845,,0.019418,0.063019,12,7,0,,0.599439,,,0.065522,0.546142,,,0.019413,,,,,,,0
2024-06-28,3435.16375,perp,0.096948,5,0.128868,78,24100.0,0.514701,0.55666,0.642386,0.009619,0.035422,16,18,8,,0.559496,,,0.028905,0.513122,0.550079,0.636365,0.006358,0.047903,,,,,,0
2024-06-29,3384.431885,perp,0.114787,3,0.123203,50,2432.44,0.457874,0.534617,0.596424,-0.010887,0.032072,10,8,12,,,,,,0.457874,,,-0.010887,,,,,,,0
2024-06-30,3389.009195,perp,0.10393,5,0.114408,66,4537.0,0.461361,0.543161,0.591997,0.01548,-0.011624,18,11,8,,0.532973,,,-0.017118,0.461599,,0.594057,0.015624,,,,,,,0
2024-07-01,3474.065892,perp,0.159252,4,0.125543,82,2331.16,0.513878,0.574073,0.590831,-0.001565,0.0349,16,23,15,,0.582056,,,0.0308,0.512775,0.568053,0.596027,-0.003843,0.040425,,,,,,0
2024-07-02,3438.739358,perp,0.08375,5,0.114787,83,2378.22,,0.554525,0.582873,,0.0388,0,25,12,,0.566234,,,0.046231,,0.544245,0.582837,,0.025072,,,,,,0
2024-07-03,3309.368267,perp,0.151687,6,0.114787,88,2938.94,,0.540439,0.577915,,0.023117,0,32,19,,0.541992,,,0.023676,,0.539243,0.578209,,0.022965,,,,,,0
2024-07-04,3160.427915,perp,0.117188,9,0.114787,88,2842.42,0.575535,0.572421,0.588647,-0.011625,0.009033,7,23,16,,0.569788,,,0.004936,0.575535,0.574413,0.586656,-0.011625,0.011923,,,,,,0
2024-07-05,2907.7463,perp,0.078131,10,0.11403,112,25431.66,0.628289,0.6325,0.6282,-0.057906,0.028928,25,27,27,,0.633419,,,0.02525,0.649878,0.614092,0.633847,-0.078565,0.000465,,,,,,0
2024-07-06,3042.544911,perp,0.10488,1,0.105537,62,3252.62,0.579798,0.618538,0.627918,-0.015956,0.009776,12,16,18,,,,,,0.581309,0.636694,0.628492,0.001238,0.025673,,,,,,0
2024-07-07,3005.427347,perp,0.076685,3,0.10488,61,1351.44,0.634181,0.62862,0.63417,-0.001432,0.002975,12,11,13,,,,,,0.634845,0.673266,0.630362,-0.011433,0.03108,,,,,,0
2024-07-08,2917.603223,perp,0.098181,13,0.104405,105,8412.06,0.667879,0.653054,0.644311,-0.051313,0.003926,18,23,19,,0.656288,,,0.019182,0.667819,0.664079,0.643556,-0.046202,0.02297,,,,,,0
2024-07-09,3071.431467,perp,0.112263,3,0.104405,77,2064.4,,0.638545,0.663583,,0.010172,0,11,15,,0.637326,,,0.022361,,,0.6506,,,,,,,,0
2024-07-10,3114.436255,perp,0.102554,6,0.10393,66,2560.2,,0.625843,0.634019,,0.044841,0,8,9,,0.634616,,,0.045844,,,0.648982,,,,,,,,0
2024-07-11,3140.12418,perp,0.134172,4,0.10393,56,924.36,0.562948,,0.597658,0.002191,,8,0,12,,,,,,0.572692,,0.596647,-0.002311,,,,,,,0
2024-07-12,3084.994296,perp,0.097627,3,0.10393,66,16997.14,0.531788,0.579684,0.598149,0.000101,0.021009,17,12,14,,,,,,0.530202,0.580537,0.60357,-0.011637,0.021247,,,,,,0
2024-07-13,3156.004299,perp,0.047772,2,0.10393,51,1468.1,0.488791,0.564354,0.609372,-0.010195,0.010595,13,11,13,,,,,,0.479269,0.56591,0.613527,-0.013373,0.01698,,,,,,0
2024-07-14,3212.250822,perp,0.086,5,0.102554,59,1780.86,0.587144,0.590241,0.611977,0.019046,0.031249,17,6,12,,,,,,0.589114,,0.638537,0.013724,,,,,,,0
2024-07-15,3389.509528,perp,0.127537,16,0.102554,108,5071.5,0.603519,0.617059,0.627932,0.011319,0.03276,22,24,25,0.574126,,,0.006928,,0.569191,0.619477,0.631094,0.03661,0.032238,,,,,,0
2024-07-16,3435.457426,perp,0.101068,8,0.101068,81,2709.3,,0.632595,,,0.013599,0,19,0,,,,,,,0.629583,,,0.012904,,,,,,0
2024-07-17,3410.652922,perp,0.09023,3,0.101068,65,3105.48,,0.688009,,,0.026263,0,17,0,,,,,,,0.686845,,,0.026994,,,,,,0
2024-07-18,3431.489764,perp,0.112829,4,0.101068,57,1840.06,0.621675,,,0.020449,,7,0,0,0.614798,,,0.045661,,,,,,,,,,,,0
2024-07-19,3409.871754,perp,0.145528,6,0.101068,81,15838.12,0.616587,0.645059,,0.006518,0.049182,19,15,0,0.609852,,,0.011091,,0.645154,0.643316,,0.027528,0.044965,,,,,,0
2024-07-20,3499.441226,perp,,0,0.101811,47,1331.16,0.60612,0.647476,,0.035497,0.035343,15,11,0,0.609376,,,0.016421,,0.645007,0.648029,,0.023535,0.04191,,,,,,0
2024-07-21,3474.537693,perp,0.146602,2,0.101811,66,1955.74,0.675449,0.681137,,0.09438,0.05603,14,12,0,,,,,,0.688617,0.680063,,0.097819,0.0486,,,,,,0
2024-07-22,3472.216732,perp,0.193007,1,0.107409,64,2793.6,0.714668,0.683522,,0.028603,0.056605,17,18,0,,,,,,0.723972,0.682254,,0.042729,0.058879,,,,,,0
2024-07-23,3452.608562,perp,0.168381,6,0.112546,70,4912.14,,0.670663,,,0.06112,0,17,0,,,,,,,0.675583,,,0.055885,,,,,,0
2024-07-24,3366.056213,perp,0.162232,5,0.120183,59,1210.36,,0.609339,,,0.032333,0,18,0,,,,,,,0.609965,,,0.038415,,,,,,0
2024-07-25,3223.599665,perp,0.132531,13,0.130034,84,2673.58,0.652873,0.619853,,-0.0173,0.011524,14,15,0,,,,,,0.656173,0.621696,,-0.020503,0.019863,,,,,,0
2024-07-26,3247.692468,perp,0.102516,5,0.120183,81,14649.84,0.640151,0.633702,0.68947,-0.036814,-0.004674,21,15,11,,0.625207,,,0.018258,0.645304,,,-0.035536,,,,,,,0
2024-07-27,3292.916006,perp,0.093284,8,0.120183,83,2017.62,0.615802,0.618067,0.663733,-0.001117,-0.000458,19,15,13,,0.632792,0.674624,,0.010228,0.613216,0.608126,,0.002161,-0.000472,,,,,,0
2024-07-28,3252.037206,perp,0.124512,3,0.126024,53,2246.26,0.549356,0.590739,0.670439,-0.009427,-0.016475,16,11,9,,,0.671477,,,0.545693,0.585454,,-0.000978,,,,,,,0
2024-07-29,3329.86484,perp,0.100739,6,0.126025,76,1752.34,0.573706,0.597982,0.655485,-0.028918,0.017405,16,21,12,,,0.666093,,,0.564966,0.598626,,-0.036806,0.01314,,,,,,0
2024-07-30,3296.616132,perp,0.124846,2,0.124679,66,1024.0,,0.553027,0.602321,,0.009295,0,18,16,,,0.625937,,,,0.566956,0.586627,,0.021216,,,,,,0
2024-07-31,3305.633808,perp,,0,0.124846,59,940.02,,0.538725,0.587342,,0.003916,0,21,11,,0.532776,,,-0.001356,,0.540038,0.584085,,0.006292,,,,,,0
2024-08-01,3148.552466,perp,0.1411,8,0.132531,85,2015.86,0.50277,0.519398,0.585009,-0.00985,0.001261,8,20,20,,,0.595781,,,0.50277,0.519269,0.569485,-0.00985,-0.003576,,,,,,0
2024-08-02,3054.263114,perp,0.121899,9,0.132531,109,19343.44,0.501077,0.533637,0.600818,-0.023302,-0.01638,19,30,28,,,0.594132,,,0.495983,0.536347,0.600156,-0.039346,-0.030539,,,,,,0
2024-08-03,2936.283931,perp,0.115994,9,0.124846,96,7966.34,0.580767,0.589452,0.62605,-0.05885,-0.015875,20,28,25,0.613502,,0.619716,-0.022341,,0.529073,0.591326,0.62757,-0.183204,-0.018552,,,,,,0
2024-08-04,2759.241107,perp,0.005189,12,0.124679,107,6835.86,0.70831,0.649683,0.666603,-0.065712,-0.033072,20,25,23,0.703271,,0.661417,-0.06101,,0.728907,,,-0.042454,,,,,,,0
2024-08-05,2345.001311,perp,0.117373,25,0.123205,157,5853.82,0.959411,0.747175,0.75004,-0.074373,-0.033644,23,35,41,0.933969,0.74106,0.746808,-0.061399,-0.03909,1.11498,,0.756282,-0.047753,,,,,,,0
2024-08-06,2492.955617,perp,0.060992,10,0.119636,97,6035.58,,0.724921,0.722766,,-0.051225,0,24,17,,0.695283,0.749862,,0.15945,,,0.737979,,,,,,,,0
2024-08-07,2434.112208,perp,0.093901,9,0.116683,71,2195.236,,0.703275,0.698561,,-0.039084,0,19,6,,0.710679,,,-0.11775,,,,,,,,,,,0
2024-08-08,2619.364426,perp,0.06313,7,0.109255,87,2671.444,0.713652,0.715348,0.759919,-0.014322,-0.023864,10,15,20,,0.689093,0.703652,,,0.719175,,0.767106,,,,,,,,0
2024-08-09,2619.905575,perp,0.071506,6,0.101627,100,12111.32,0.719805,0.69827,0.70918,-0.063629,-0.056971,19,12,12,,,0.71233,,,0.720533,,,-0.068448,,,,,,,0
2024-08-10,2625.32576,perp,0.031548,2,0.09732,45,1340.06,0.695485,0.699147,,-0.06184,-0.02354,14,6,0,,,,,,0.691525,,,-0.05717,,,,,,,0
2024-08-11,2573.548853,perp,0.068727,3,0.09732,75,3230.52,0.756388,0.714681,0.736423,-0.10142,-0.035664,16,8,10,,,,,,0.792141,,,-0.154878,,,,,,,0
2024-08-12,2708.728164,perp,0.066759,8,0.082703,84,1719.44,0.765371,0.715338,0.762298,-0.08231,-0.040968,18,14,10,0.756822,,0.749331,-0.085477,,0.768736,,,-0.034576,,,,,,,0
2024-08-13,2682.493747,perp,0.070948,3,0.071227,57,645.2,,0.715362,,,-0.039584,0,9,0,,,,,,,,,,,,,,,,0
2024-08-14,2711.700772,perp,0.085008,10,0.071227,71,2163.0,,0.680236,,,-0.026714,0,18,0,,,,,,,,,,,,,,,,0
2024-08-15,2585.230289,perp,0.061754,11,0.070948,87,1839.4,0.642244,,,-0.079824,,9,0,0,0.644483,,,,,,,,,,,,,,,0
2024-08-16,2593.72602,perp,0.078031,2,0.070948,60,16320.82,0.59679,0.631738,,-0.060028,-0.020884,18,6,0,0.595643,,,-0.059826,,,,,,,,,,,,0
2024-08-17,2610.995131,perp,0.026484,5,0.068727,43,862.66,0.582078,,,-0.046225,,10,0,0,0.580295,,,-0.053795,,,,,,,,,,,,0
2024-08-18,2654.032744,perp,0.059393,4,0.066759,47,450.3,0.606854,,,-0.07192,,13,0,0,0.603199,,,-0.11098,,,,,,,,,,,,0
2024-08-19,2607.594824,perp,-0.011278,4,0.066759,55,1185.68,0.605615,0.622159,0.713388,-0.048161,-0.027469,14,10,7,0.60645,,,-0.048631,,,,,,,,,,,,0
2024-08-20,2645.177914,perp,0.058862,3,0.06313,79,2228.8,,0.619441,,,-0.027292,0,13,0,,,,,,,,,,,,,,,,0
2024-08-21,2601.491587,perp,-0.071616,2,0.06313,48,995.64,,0.618402,0.64106,,-0.002851,0,6,5,,,,,,,,,,,,,,,,0
2024-08-22,2607.085286,perp,0.078693,5,0.06313,57,1362.68,,0.612802,,,-0.011732,0,8,0,,,,,,,,,,,,,,,,0
2024-08-23,2721.686348,perp,0.043143,8,0.061754,94,15611.46,0.549577,0.589034,,-0.013561,-0.013743,15,17,0,,,,,,,0.606331,,,-0.009608,,,,,,0
2024-08-24,2757.396721,perp,0.043539,6,0.059393,79,3815.64,0.529634,0.599489,,-0.031078,-0.010501,11,19,0,,0.597755,,,-0.007056,,0.60841,,,-0.010762,,,,,,0
2024-08-25,2755.205458,perp,0.066166,5,0.061754,61,1259.04,0.573674,0.602979,,-0.029758,-0.023709,9,13,0,,0.603798,,,-0.03164,,0.603704,,,-0.019988,,,,,,0
2024-08-26,2728.852979,perp,0.059707,8,0.059707,81,3574.88,0.551395,0.603021,0.682852,-0.031178,-0.015366,11,24,8,,0.604009,,,-0.0158,,0.60442,,,-0.01567,,,,,,0
2024-08-27,2555.946531,perp,0.083258,10,0.059707,103,7110.88,,0.596602,,,-0.021252,0,22,0,,0.597143,,,-0.020602,,0.596599,,,,,,,,,0
2024-08-28,2507.351713,perp,0.061665,10,0.059707,82,2759.98,,0.605379,0.689804,,-0.0264,0,28,11,,0.609802,,,-0.024451,,0.600482,,,-0.047642,,,,,,0
2024-08-29,2545.130966,perp,0.051372,7,0.059393,75,4718.54,0.57164,0.598746,0.693196,-0.05417,-0.032406,7,18,13,0.572535,0.600184,,,-0.03301,,0.579852,,,-0.022991,,,,,,0
2024-08-30,2478.073027,perp,0.060475,7,0.059393,106,18559.048,0.570324,0.614452,0.684157,-0.08017,-0.043482,18,22,17,0.546842,0.614058,0.679125,-0.080294,-0.046268,,0.6119,0.666465,,-0.04219,,,,,,0
2024-08-31,2518.183343,perp,,0,0.059127,44,875.12,0.546326,0.582216,0.612888,-0.046047,-0.027263,10,11,6,0.55092,,,-0.062238,,,0.579405,,,-0.024844,,,,,,0
2024-09-01,2458.251715,perp,0.082258,5,0.05955,66,1992.46,0.577344,0.62247,0.716118,-0.07962,-0.040125,14,17,9,0.581574,0.603554,,-0.090433,-0.02581,,0.628705,,,-0.043155,,,,,,0
2024-09-02,2523.508708,perp,0.125902,3,0.060091,60,2488.22,0.616624,0.62872,,-0.032039,-0.028395,15,15,0,0.611232,0.631869,,-0.028303,-0.029146,,,,,,,,,,,0
2024-09-03,2468.384749,perp,0.068185,5,0.06107,75,2730.38,,0.632529,,,-0.030047,0,18,0,,0.633819,,,-0.035631,,0.635235,,,-0.033116,,,,,,0
2024-09-04,2394.209641,perp,0.048403,8,0.06107,82,3684.931444,,0.674971,0.686019,,-0.028862,0,24,15,,0.683374,,,-0.046905,,0.67,0.555598,,-0.027661,,,,,,0
2024-09-05,2388.523684,perp,0.040743,6,0.06107,79,2065.44,0.653498,0.650493,0.721696,-0.061624,-0.027335,10,20,13,,0.65033,,,-0.032502,0.65893,0.650806,,-0.068439,-0.019205,,,,,,0
2024-09-06,2265.040906,perp,0.095389,9,0.06107,128,17471.6,0.680834,0.687061,0.726326,-0.091189,-0.024235,21,22,22,,0.696385,,,-0.06307,0.675523,0.6494,0.717407,-0.095426,0.013442,,,,,,0
2024-09-07,2275.850056,perp,0.071616,6,0.063916,75,3104.8,0.68909,0.661853,0.692637,-0.06217,-0.01497,14,17,15,,0.64608,,,-0.024535,0.682764,,0.706996,-0.07644,,,,,,,0
2024-09-08,2287.560718,perp,0.048972,7,0.063916,75,2025.52,0.69081,0.670368,0.725188,-0.058049,-0.026055,17,15,19,,0.662172,0.724478,,-0.023387,0.690786,0.673307,0.722457,-0.058057,-0.025115,,,,,,0
2024-09-09,2336.679491,perp,0.048045,8,0.06107,88,2536.36,0.711115,0.673918,0.669385,-0.03663,-0.019273,15,21,16,,0.686975,0.692077,,-0.033466,0.711115,0.621516,0.666236,-0.03663,-0.012943,,,,,,0
2024-09-10,2352.823651,perp,0.081378,4,0.064925,66,1233.38,,0.660297,0.715965,,-0.031586,0,12,9,,,,,,,,,,,,,,,,0
2024-09-11,2358.918354,perp,0.05072,8,0.06107,78,2722.98,,0.620124,0.703505,,-0.013001,0,20,11,,0.619652,0.699554,,-0.018735,,0.623286,,,0.022375,,,,,,0
2024-09-12,2352.213415,perp,0.059889,7,0.060182,52,1090.92,0.624823,,,-0.043008,,8,0,0,,,,,,0.624823,,,-0.043008,,,,,,,0
2024-09-13,2382.423035,perp,0.054752,7,0.060182,91,14314.86,0.565653,0.59666,0.683677,-0.02134,-0.056984,19,11,7,,,,,,0.566187,0.591972,,-0.021641,-0.039342,,,,,,0
2024-09-14,2410.264487,perp,0.034884,5,0.05732,63,2536.32,0.561964,0.618232,0.689357,-0.040283,-0.047077,16,7,9,,,0.680719,,,0.564073,0.599156,,-0.041708,0.001476,,,,,,0
2024-09-15,2361.191807,perp,0.082936,5,0.059889,52,364.66,0.626344,0.636892,,-0.060085,-0.087964,15,6,0,,,,,,0.699495,,,0.007094,,,,,,,0
2024-09-16,2292.682356,perp,0.063084,8,0.059889,99,4705.48,0.645167,0.630491,0.696995,-0.038081,-0.021058,19,21,11,,0.651474,0.681019,,-0.036572,0.685878,0.61147,,-0.039645,-0.003567,,,,,,0
2024-09-17,2346.853836,perp,0.058887,11,0.058887,101,1878.82,,0.649944,0.693704,,-0.0321,0,13,13,,,,,,,0.608366,0.69466,,0.051777,,,,,,0
2024-09-18,2322.49379,perp,0.026219,6,0.054752,81,5587.3,,0.607896,0.673752,,-0.027461,0,14,10,,,0.695076,,,,0.62036,,,-0.034589,,,,,,0
2024-09-19,2429.616721,perp,0.066219,14,0.058887,91,3338.42,0.579272,0.629382,0.689396,-0.023666,-0.013324,7,16,16,0.581363,,0.688258,-0.025021,,,0.62478,0.687999,,0.001914,,,,,,0
2024-09-20,2531.348347,perp,0.057194,3,0.058887,86,20493.12,0.593678,0.614426,0.69855,-0.016685,,11,17,17,0.599275,,,-0.034116,,,0.585507,0.699376,,,,,,,,0
2024-09-21,2550.574848,perp,0.061687,2,0.058887,68,2440.92,0.564744,0.576847,0.701422,-0.018252,-0.016618,10,17,8,0.563741,0.591202,,-0.016561,-0.034342,,0.577987,,,0.017792,,,,,,0
2024-09-22,2590.183259,perp,0.054295,3,0.057194,64,1777.76,0.597469,0.595704,0.685165,-0.014453,-0.018255,11,8,6,0.61276,,,-0.030423,,,,,,,,,,,,0
2024-09-23,2644.353799,perp,0.026759,5,0.057194,85,3092.3,0.592774,0.607776,0.690184,-0.011296,0.012264,12,21,11,0.583243,0.605905,0.677603,-0.016389,-0.037951,0.614059,0.613525,,-0.00582,0.020883,,,,,,0
2024-09-24,2649.37275,perp,0.032713,7,0.057194,83,6555.8,,0.59742,,,-0.010205,0,20,0,,0.595403,,,-0.032454,,0.593343,,,-0.000106,,,,,,0
2024-09-25,2610.436995,perp,0.028633,6,0.054752,59,6070.76,,0.605895,,,0.003622,0,13,0,,0.596577,,,-0.063161,,0.581925,,,0.012536,,,,,,0
2024-09-26,2632.304515,perp,0.049706,4,0.054752,73,2962.34,0.51898,0.567838,0.662785,-0.015185,0.031242,11,8,12,,,,,,0.519143,,,-0.015931,,,,,,,0
2024-09-27,2679.034701,perp,0.055953,13,0.054752,96,14470.672,0.498865,0.575433,0.669076,-0.017261,0.00378,18,18,9,0.519435,0.574574,0.668519,-0.03466,-0.044706,0.492523,0.574539,,-0.018396,0.02044,,,,,,0
2024-09-28,2682.026297,perp,0.042598,2,0.054295,61,2769.32,0.512231,0.562978,,-0.009521,0.009799,16,11,0,0.497168,,,0.008377,,0.509257,,,0.009849,,,,,,,0
2024-09-29,2661.381857,perp,0.061216,4,0.055953,69,2309.22,0.528089,0.56646,,-0.011976,-0.027143,15,10,0,0.534699,,,-0.0647,,0.530654,,,-0.001207,,,,,,,0
2024-09-30,2632.156958,perp,0.057312,12,0.055953,108,3235.42,0.539521,0.593651,0.648987,-0.022049,-0.009112,16,21,8,0.542258,0.604268,,-0.026209,-0.042967,0.539994,0.584826,0.650984,-0.01626,0.0229,,,,,,0
2024-10-01,2512.96991,perp,0.049037,12,0.054295,119,5910.38,,0.623425,0.671588,,0.001496,0,26,11,,0.630366,,,0.002466,,0.612268,0.670046,,0.021001,,,,,,0
2024-10-02,2413.809157,perp,0.082766,12,0.054295,110,5830.04,,0.607675,0.653792,,0.002478,0,35,9,,0.61319,0.654843,,-0.006952,,0.596859,,,0.020905,,,,,,0
2024-10-03,2339.206552,perp,0.0916,14,0.055953,112,4801.65,0.591334,0.605621,0.647637,-0.025178,0.006766,11,29,23,0.591334,0.636412,0.641742,-0.025178,-0.022105,,0.604803,0.65337,,0.010642,,,,,,0
2024-10-04,2391.91332,perp,0.070273,9,0.055953,96,19535.06,0.546487,0.60614,,-0.033572,-0.012243,19,16,0,0.547021,,,-0.034444,,,0.635788,,,-0.01996,,,,,,0
2024-10-05,2413.247605,perp,0.058007,3,0.055953,72,1719.52,0.516557,0.586193,0.642073,-0.026224,-0.022217,13,10,9,0.513297,,0.639966,-0.028979,,,0.583223,,,-0.017063,,,,,,0
2024-10-06,2421.376142,perp,,0,0.055124,70,1513.28,0.536511,0.595739,0.634163,-0.031711,-0.010205,13,14,11,,,0.626873,,,,0.607018,0.631858,,-0.000186,,,,,,0
2024-10-07,2441.814228,perp,0.048963,17,0.05283,104,6402.48,0.456892,0.587643,0.616712,-0.03368,0.001539,18,24,10,0.340176,0.637808,0.615969,0.202555,-0.039713,,0.58046,,,0.003894,,,,,,0
2024-10-08,2415.262321,perp,0.061638,11,0.056633,80,3270.94,,0.572251,0.635421,,-0.003839,0,21,8,,0.587541,,,-0.010578,,0.569038,,,-0.008453,,,,,,0
2024-10-09,2435.342523,perp,0.081057,10,0.05766,92,2513.24,,0.56606,0.608873,,0.008643,0,24,17,,0.595106,,,-0.002657,,0.565682,0.610452,,0.008402,,,,,,0
2024-10-10,2380.147336,perp,0.116058,9,0.059611,75,4574.54,0.528591,0.590033,0.589923,-0.040502,,9,10,9,,0.607264,,,,0.528591,,,-0.040502,,,,,,,0
2024-10-11,2434.960464,perp,0.059902,9,0.060559,107,16827.014,0.478429,0.571815,0.633606,-0.033623,-0.005443,18,20,17,,0.579782,0.59408,,-0.019396,0.478472,0.568239,,-0.03332,-0.004178,,,,,,0
2024-10-12,2467.036496,perp,0.079286,6,0.061427,58,1909.14,0.470983,,0.622762,-0.015096,,16,0,8,,,,,,0.472689,,0.622633,-0.018284,,,,,,,0
2024-10-13,2459.490169,perp,0.064843,2,0.063241,61,2631.18,0.509049,0.591818,0.596557,-0.023636,0.007881,15,11,8,,,0.623875,,,0.509049,0.555944,,-0.023636,0.042813,,,,,,0
2024-10-14,2599.913807,perp,0.080621,19,0.067558,155,5018.864,0.526377,0.61085,0.636872,-0.003162,0.016154,18,31,25,,0.59817,0.618717,,-0.029922,0.527359,0.608868,0.637503,-0.000551,0.053635,,,,,,0
2024-10-15,2578.985578,perp,0.086258,16,0.074779,111,3296.38,,0.600991,0.599774,,-0.002702,0,21,7,,0.612331,,,-0.064299,,0.587011,,,0.011005,,,,,,0
2024-10-16,2625.209359,perp,0.060257,14,0.074779,106,2609.22,,0.614902,0.613353,,-0.005655,0,23,14,,0.601954,,,-0.096354,,0.603626,0.613451,,0.008486,,,,,,0
2024-10-17,2607.602315,perp,0.062634,11,0.067558,83,1923.94966,0.498163,0.586729,0.598313,-0.014122,0.000559,8,16,9,,0.591881,,,,0.498528,,0.594314,-0.014994,,,,,,,0
2024-10-18,2627.558927,perp,0.048307,3,0.063739,72,12054.38,0.468781,0.580048,0.620584,-0.003662,-0.004614,15,11,8,,0.581622,0.614567,,,0.464975,,,0.023467,,,,,,,0
2024-10-19,2642.269172,perp,0.001014,1,0.062136,55,1161.64,0.470892,0.603156,,0.003014,0.010175,10,12,0,,,,,,0.466231,,,-0.007964,,,,,,,0
2024-10-20,2715.76254,perp,0.069609,8,0.063739,73,1263.33098,0.523794,0.603213,,0.023671,0.028112,13,9,0,,,,,,,,,,,,,,,,0
2024-10-21,2723.127499,perp,0.103464,6,0.064843,83,2139.02,0.520502,0.616706,0.619692,0.027301,0.024845,12,12,8,,,,,,,,,,,,,,,,0
2024-10-22,2639.255221,perp,0.096926,6,0.069609,62,917.2,,0.598749,,,0.022902,0,11,0,,0.606915,,,,,,,,,,,,,,0
2024-10-23,2527.571894,perp,0.099741,10,0.079286,77,2031.3048,,0.619404,0.620048,,-0.009502,0,16,9,,0.617757,,,0.067312,,,,,,,,,,,0
2024-10-24,2539.4751,perp,0.117145,10,0.079286,67,1245.36,0.493311,0.591796,,0.002837,0.032833,9,6,0,,,,,,0.493218,,,0.008861,,,,,,,0
2024-10-25,2472.200702,perp,0.095078,11,0.079286,103,12984.064,0.478533,0.612807,0.617504,-0.017113,0.020381,18,14,9,,0.618096,,,-0.000128,0.483601,,,-0.024465,,,,,,,0
2024-10-26,2465.710967,perp,0.115026,11,0.080621,80,813.28,0.576067,0.618659,0.622835,-0.030233,-0.003462,18,12,10,0.573141,0.629089,,-0.006588,0.026799,0.572687,,0.61876,-0.040624,,,,,,,0
2024-10-27,2490.386479,perp,0.128686,7,0.086258,67,665.66,0.577048,0.613202,,0.003658,-0.003172,16,7,0,0.675438,0.615867,,-0.014947,0.015024,0.584369,,,-0.020856,,,,,,,0
2024-10-28,2546.832038,perp,0.104045,12,0.095078,92,2874.92,0.622318,0.631795,0.624393,0.000616,-0.000777,18,25,14,0.621684,0.628343,,0.004705,0.00796,0.605603,0.636594,0.624621,0.007531,0.008925,,,,,,0
2024-10-29,2601.958575,perp,0.106396,12,0.096926,110,3387.18,,0.629023,0.636033,,0.005479,0,22,13,,0.625489,,,0.010196,,0.648006,,,,,,,,,0
2024-10-30,2687.018368,perp,0.13638,11,0.099741,92,4123.44,,0.630664,0.631584,,0.007661,0,24,9,,0.626805,,,0.013584,,0.637345,,,-0.014201,,,,,,0
2024-10-31,2604.165571,perp,0.125772,18,0.103464,98,3095.85,0.727268,0.634171,0.615523,-0.011295,-0.014832,12,15,7,0.731426,0.629523,,0.066776,0.023079,,0.525869,,,,,,,,,0
2024-11-01,2519.103586,perp,0.09703,6,0.103464,99,13982.58,0.715506,0.628391,,-0.030495,-0.009802,23,24,0,0.715334,0.630852,,-0.030578,-0.009415,,,,,,,,,,,0
2024-11-02,2503.672509,perp,0.085431,6,0.103464,57,1024.92,0.749162,0.634711,,-0.01842,-0.013254,18,13,0,0.750191,0.642313,,-0.014568,-0.054683,,,,,,,,,,,0
2024-11-03,2444.738473,perp,0.09663,11,0.103464,99,3954.22,0.823144,0.652811,0.656573,-0.0239,-0.016641,19,23,9,0.83172,0.660782,,-0.031242,-0.040441,,0.629607,,,,,,,,,0
2024-11-04,2401.428845,perp,0.115625,10,0.104045,111,10599.64,0.81726,0.626745,0.598847,-0.030081,-0.019325,22,26,14,0.811521,0.572769,,-0.031832,0.071504,,0.637221,0.64526,,0.022141,,,,,,0
2024-11-05,2433.296119,perp,0.091179,11,0.104045,91,4285.38,,0.652176,0.649376,,-0.010159,0,22,9,,0.652232,,,-0.075821,,0.653538,,,-0.003495,,,,,,0
2024-11-06,2631.306766,perp,0.101813,20,0.104045,125,5922.9,,0.589476,0.585978,,-0.003628,0,29,19,,0.596137,0.647552,,-0.019711,,0.588982,0.582221,,0.00244,,,,,,0
2024-11-07,2837.713616,perp,0.08249,24,0.104045,151,7808.11,0.601858,0.609691,0.607444,0.01694,0.005699,11,31,24,,0.599507,0.607115,,-0.005793,0.628229,0.609469,0.598967,,0.010025,,,,,,0
2024-11-08,2924.48371,perp,0.091818,14,0.101813,127,13976.618,0.595631,0.59906,0.622117,0.034499,0.023296,23,26,20,,0.582405,0.615038,,0.007657,0.599067,0.599617,0.616013,0.017987,0.022337,,,,,,0
2024-11-09,3050.155242,perp,0.090542,14,0.101813,119,2585.04,0.6152,0.602882,0.613485,0.051327,0.023448,21,31,23,,0.611114,0.604395,,0.03075,0.614314,0.598787,0.615548,0.044827,0.023911,,,,,,0
2024-11-10,3183.3439,perp,0.123328,21,0.101813,155,3569.1044,0.665064,0.629086,0.629738,0.037206,0.036738,23,31,26,,0.641928,0.624707,,0.034611,0.665064,0.629599,,0.037206,0.047457,,,,,,0
2024-11-11,3312.545754,perp,0.126528,19,0.101813,159,5457.94,0.69654,0.641999,0.631424,0.037332,0.046899,24,27,26,,0.632923,0.604407,,0.039992,0.695054,0.647931,,0.042182,0.061264,,,,,,0
2024-11-12,3304.472508,perp,0.207398,13,0.101813,148,4826.46,,0.691115,0.643842,,0.04935,0,30,11,,0.699468,,,0.051706,,0.700963,0.653408,,0.049471,,,,,,0
2024-11-13,3248.837577,perp,0.162721,16,0.101813,124,3846.67,,0.64197,,,0.045927,0,26,0,,0.693597,,,0.075958,,0.641752,,,0.06551,,,,,,0
2024-11-14,3107.197223,perp,0.210787,10,0.101813,108,3879.1,0.651571,,,0.024557,,11,0,0,,,,,,0.652024,,,0.027536,,,,,,,0
2024-11-15,3068.434393,perp,0.16004,14,0.101813,116,10327.84,0.664917,0.618158,0.6469,0.006874,0.095369,26,16,8,,0.618384,,,0.101025,0.665929,,,0.025171,,,,,,,0
2024-11-16,3141.856196,perp,0.094484,6,0.101813,97,747.14,0.620748,0.622813,,0.056129,,23,12,0,,0.622539,,,,0.625812,,,0.055894,,,,,,,0
2024-11-17,3103.821668,perp,0.116307,4,0.115625,85,543.36,0.664756,0.642263,,0.036462,,22,11,0,,0.647375,,,,0.664303,,,0.034961,,,,,,,0
2024-11-18,3172.271615,perp,0.177035,6,0.116307,107,3377.568,0.689073,0.649483,0.689804,0.05658,0.073845,23,11,8,,0.650414,,,0.072849,0.689949,,,0.060396,,,,,,,0
2024-11-19,3120.222178,perp,0.164758,5,0.123328,76,1409.9,,0.656496,0.667905,,0.012203,0,16,6,,0.649943,,,0.0412,,,,,,,,,,,0
2024-11-20,3138.154753,perp,0.222739,8,0.126528,74,1751.98,,0.640826,,,0.036208,0,11,0,,0.646891,,,0.042789,,,,,,,,,,,0
2024-11-21,3226.357249,perp,0.175026,18,0.16004,122,4393.936,0.729876,0.679751,0.679656,0.048028,0.047622,12,13,13,,0.670399,0.68468,,0.108889,0.729411,,,0.04714,,,,,,,0
2024-11-22,3358.616179,perp,0.190758,5,0.162721,110,12439.86,0.722634,0.699287,,0.099261,0.041062,22,18,0,0.764052,0.707226,,0.095187,0.064675,0.721304,0.69535,,0.100326,0.019625,,,,,,0
2024-11-23,3404.686504,perp,0.152214,14,0.162721,119,1972.32,0.757879,0.742247,0.724519,0.03455,0.072275,27,20,11,0.768719,0.746539,0.723935,0.073987,0.06586,0.756688,0.760732,,0.033859,0.079736,,,,,,0
2024-11-24,3365.948818,perp,0.223648,7,0.164758,109,2696.88,0.793949,0.757579,,0.079169,0.089134,18,19,0,0.777929,0.749035,,0.125679,0.09412,0.809983,0.777883,,0.050107,0.084569,,,,,,0
2024-11-25,3499.564652,perp,0.20616,11,0.175026,132,3275.95,0.798009,0.7586,0.750422,0.068624,0.084425,18,18,13,0.775803,0.758632,0.754973,0.073491,0.082815,,0.754783,,,0.096557,,,,,,0
2024-11-26,3337.538086,perp,0.219422,10,0.177035,117,2515.73,,0.722361,0.726023,,0.015509,0,15,15,,0.716097,0.712362,,,,0.714153,0.717696,,0.007157,,,,,,0
2024-11-27,3530.163878,perp,0.151742,16,0.175026,144,7295.48,,0.741387,0.71806,,0.024016,0,26,15,,0.736892,0.705573,,0.024444,,0.757618,0.734061,,0.01291,,,,,,0
2024-11-28,3611.461571,perp,0.160901,15,0.175026,116,2769.46,0.747478,0.71542,0.70937,0.026078,0.078865,13,10,11,0.744536,0.716635,0.718498,0.024978,0.052218,,,,,,,,,,,0
2024-11-29,3596.908302,perp,0.174887,10,0.174887,108,10507.6,0.663203,0.694477,,0.009531,0.04316,22,16,0,0.664355,0.702234,,0.008255,0.028316,0.665812,0.689519,,0.018955,0.061041,,,,,,0
2024-11-30,3676.1018,perp,0.173442,8,0.174887,125,2871.46,0.683168,0.691157,,0.071226,0.072607,26,15,0,0.661949,0.692277,,0.059988,0.041854,0.710973,0.697042,,0.057597,0.08021,,,,,,0
2024-12-01,3717.213619,perp,0.187221,9,0.175026,113,3861.68,0.747149,0.758766,0.744722,0.084612,0.117175,19,16,16,0.743697,0.749532,0.731311,0.079603,0.13878,0.782476,0.77349,,0.138661,0.044525,,,,,,0
2024-12-02,3640.075207,perp,0.214073,13,0.177035,150,4780.52,0.738561,0.743318,0.709427,0.049955,0.062113,25,31,24,0.741309,0.73036,0.701105,0.044299,0.072441,0.732186,0.74545,0.718861,0.052306,0.060227,,,,,,0
2024-12-03,3576.651457,perp,0.216203,11,0.187221,121,2420.96,,0.709914,0.701741,,0.033645,0,27,20,,0.69894,0.701623,,0.048806,,,,,,,,,,,0
2024-12-04,3734.650978,perp,0.205266,18,0.190758,167,8664.24,,0.731854,0.722528,,0.033029,0,39,26,,0.736311,0.710244,,0.034347,,0.731152,,,0.036497,,,,,,0
2024-12-05,3844.594432,perp,0.274734,25,0.190758,188,6040.16,0.756709,0.722668,0.722085,0.029899,0.022547,19,27,30,,0.715905,0.71234,,0.039778,0.763073,0.724163,0.731046,0.029606,,,,,,,0
2024-12-06,3890.83886,perp,0.228259,24,0.205266,191,17810.23,0.673202,0.716564,0.705346,-0.001238,0.0351,36,28,34,0.703671,0.716492,0.702419,,0.038931,0.669188,0.706174,0.709771,0.000112,,,,,,,0
2024-12-07,4004.229774,perp,0.232181,12,0.20616,125,2413.52628,0.679056,0.709617,0.708876,0.033284,0.032918,28,25,25,,0.70988,0.708757,,0.069075,0.697188,0.683614,0.709398,0.018241,-0.011357,,,,,,0
2024-12-08,3980.079394,perp,0.207314,11,0.207314,120,2020.78,0.719057,0.719095,0.708696,0.052335,0.042164,25,18,15,,0.716761,0.712947,,0.062101,0.741453,,0.7139,0.032763,,,,,,,0
2024-12-09,3818.25078,perp,0.215069,20,0.207314,184,9262.9,0.766883,0.726556,0.715706,0.006407,0.027437,32,28,40,0.764846,0.725189,0.721717,,0.034901,0.763407,0.718264,0.715586,-0.001039,0.025589,,,,,,0
2024-12-10,3676.441888,perp,0.233102,20,0.214073,177,5198.35,,0.728493,0.718662,,0.031862,0,30,36,,0.721454,0.715708,,0.043691,,,0.721373,,,,,,,,0
2024-12-11,3751.854625,perp,0.161753,17,0.207314,144,3443.54,,0.71954,0.709609,,0.011332,0,25,34,,0.715198,0.736152,,0.014619,,0.730202,0.709153,,,,,,,,0
2024-12-12,3896.196048,perp,0.187239,22,0.207314,173,9497.708686,0.737957,,0.727398,0.019546,,21,0,35,0.729933,,0.733858,,,0.730755,,0.720968,0.022986,,,,,,,0
2024-12-13,3913.917052,perp,0.149598,12,0.207314,144,16182.88,0.672308,0.736432,0.723921,-0.022896,0.029835,29,17,26,0.705642,0.720591,0.728213,0.006138,0.024408,0.65761,0.742948,0.716605,-0.023571,0.034474,,,,,,0
2024-12-14,3906.435137,perp,0.155668,10,0.207314,133,3693.06,0.694899,0.719282,0.758189,-0.013392,-0.004343,29,16,16,0.703989,0.725043,0.739166,0.019805,-0.000369,0.695321,,0.741281,-0.017124,,,,,,,0
2024-12-15,3895.125892,perp,0.173536,15,0.207314,116,4178.14,0.696415,0.734007,0.744165,-0.027193,-0.023894,24,20,25,0.724169,0.748207,0.757265,-0.036711,-0.050427,0.668184,,0.737549,-0.01311,,,,,,,0
2024-12-16,4014.134666,perp,0.155003,19,0.207314,174,11131.32,0.723963,0.716211,0.739848,0.056687,0.010857,25,28,28,0.710007,0.711994,0.7411,0.030715,0.02864,0.73113,0.729686,0.748359,0.070069,0.075095,,,,,,0
2024-12-17,3963.416413,perp,0.155357,21,0.205266,175,12811.4,,0.672886,0.720416,,-0.006385,0,32,18,,0.670155,0.718747,,0.008141,,0.671344,0.714939,,,,,,,,0
2024-12-18,3777.298381,perp,0.164281,23,0.187239,163,6864.70628,,0.694993,0.741864,,0.004296,0,30,18,,0.695264,0.748693,,0.000791,,0.690039,0.74497,,0.013258,,,,,,0
2024-12-19,3601.65098,perp,0.188023,28,0.187239,190,9930.73086,0.682257,,0.739226,-0.00779,,11,0,24,,,,,,,,0.742245,,,,,,,,0
2024-12-20,3300.451251,perp,0.156616,29,0.173536,243,21976.57,0.754511,0.74097,0.750552,-0.027212,0.007111,33,35,28,0.746072,0.743859,,-0.037868,0.011659,,,0.755581,,,,,,,,0
2024-12-21,3425.364502,perp,0.135693,14,0.164281,159,3421.3,0.696543,0.718659,0.738436,-0.017043,0.046277,25,21,15,0.701608,0.717073,,-0.00914,0.037698,,,0.736563,,,,,,,,0
2024-12-22,3290.195398,perp,0.143022,12,0.161753,152,5188.54,0.803214,0.762735,0.761625,0.001592,-0.006525,30,27,10,0.799968,0.76766,,0.014084,0.020507,,,0.751911,,,,,,,,0
2024-12-23,3355.978876,perp,0.144498,12,0.156616,164,5024.86,0.725724,0.730715,0.756257,0.017173,-0.010925,26,26,11,0.731072,0.732091,,0.015388,0.001259,,,0.748814,,,,,,,,0
2024-12-24,3445.996178,perp,0.143738,15,0.155668,151,5180.74,,0.714969,,,0.015394,0,25,0,,0.709762,,,0.014451,,,,,,,,,,,0
2024-12-25,3478.448962,perp,0.153833,15,0.155357,113,2013.5,,0.727256,,,-0.01444,0,22,0,,0.739763,,,0.014996,,,,,,,,,,,0
2024-12-26,3365.772798,perp,0.150339,21,0.155003,133,4473.5,0.729938,0.724943,0.764577,0.009395,-0.043662,17,9,7,0.729601,0.729702,,0.009334,-0.034847,,,,,,,,,,,0
2024-12-27,3385.355409,perp,0.127412,16,0.153833,172,17060.002,0.667741,0.708432,0.746515,-0.015583,0.020983,28,21,17,0.667794,0.708694,,-0.007492,0.01254,,0.723737,0.748266,,0.030289,,,,,,0
2024-12-28,3373.284435,perp,0.123067,7,0.153833,124,4510.64,0.694187,0.727852,0.74832,-0.012606,0.033102,24,14,6,0.69399,0.734412,,-0.010182,0.045148,,0.706051,,,0.027618,,,,,,0
2024-12-29,3374.305975,perp,0.142012,6,0.150339,111,2720.24,0.710198,0.72276,0.743773,0.02238,0.054171,26,14,8,0.709792,0.722426,,0.024519,0.051109,,,,,,,,,,,0
2024-12-30,3372.21797,perp,0.127912,10,0.144498,143,6677.592,0.717616,0.727549,0.727178,0.000573,0.035772,25,30,16,0.71613,0.716169,,0.003237,,,0.730576,0.714516,,0.028357,,,,,,0
2024-12-31,3391.888469,perp,0.123777,12,0.143738,129,3682.917854,,0.70601,0.717449,,0.031599,0,27,8,,0.703497,,,0.039128,,0.708533,0.710897,,0.022902,,,,,,0
2025-01-01,3343.644202,perp,0.161297,9,0.143738,115,3668.0,,0.685817,0.702695,,0.018025,0,37,11,,0.68672,,,0.033008,,0.686607,0.700709,,0.011459,,,,,,0
2025-01-02,3436.552315,perp,0.148658,24,0.143738,160,5725.256,0.662942,0.698014,0.734108,0.022757,0.033579,17,29,23,0.657369,0.692092,,0.018724,0.031964,,0.724752,0.733447,,0.028075,,,,,,0
2025-01-03,3554.016484,perp,0.139372,19,0.143022,178,19104.46,0.573899,0.699311,0.754903,0.014311,0.031919,27,37,22,0.570782,0.698658,,0.012527,0.032876,0.575412,0.687564,0.738492,0.019203,0.054174,,,,,,0
2025-01-04,3618.547285,perp,0.127254,13,0.142012,160,7901.720336,0.585851,0.691895,0.747467,-0.003853,0.025991,25,34,16,0.591273,0.685442,,-0.003625,0.03933,0.58279,0.6977,0.741292,0.009942,0.024075,,,,,,0
2025-01-05,3639.83643,perp,0.103626,6,0.142012,118,3816.298,0.624611,0.696649,0.720212,0.012878,0.030204,24,17,10,0.62274,0.6974,,0.006522,0.014843,0.622631,0.690343,0.718175,0.027485,0.031607,,,,,,0
2025-01-06,3662.861662,perp,0.117405,19,0.139372,172,6567.9,0.610516,0.695356,0.740009,0.005727,0.01537,24,32,19,0.611792,0.700897,,0.009296,0.013007,0.614485,0.692298,0.747194,-0.007157,0.016289,,,,,,0
2025-01-07,3492.960179,perp,0.16182,21,0.139372,185,7111.278,,0.689216,0.733426,,0.024112,0,38,17,,0.686436,,,0.026811,,0.688231,0.724682,,0.019131,,,,,,0
2025-01-08,3341.64652,perp,0.136044,23,0.136044,169,10372.581076,,0.693437,0.718167,,0.004384,0,40,24,,0.694774,,,0.005119,,0.691774,0.708924,,0.006171,,,,,,0
2025-01-09,3260.517835,perp,0.144567,25,0.136044,167,10024.06,0.692259,0.69052,0.729268,-0.030102,-0.000529,16,28,30,,0.685849,0.719771,,-0.000426,0.692567,0.695586,0.724358,-0.014515,-0.000938,,,,,,0
2025-01-10,3284.573416,perp,0.125428,11,0.127912,157,18788.18,0.676015,0.689994,0.700566,-0.025713,-0.010624,29,30,21,,0.699537,,,-0.000487,0.675847,0.665963,0.699762,-0.014784,0.007392,,,,,,0
2025-01-11,3267.93333,perp,0.100083,11,0.127912,147,5064.92091,0.625104,0.66689,0.707037,-0.028191,0.00129,25,21,19,,0.654254,0.699412,,0.000241,0.626566,0.677149,0.694946,-0.029296,-0.005847,,,,,,0
2025-01-12,3272.302739,perp,0.121539,11,0.127912,133,4136.976214,0.667042,0.696541,0.720925,-0.038854,-0.004438,22,18,15,,0.704887,,,-0.00174,0.668738,,0.705529,-0.034722,,,,,,,0
2025-01-13,3133.897799,perp,0.148272,22,0.127912,191,10996.1228,0.763068,0.721681,0.716105,-0.013091,0.003662,31,31,34,,0.742054,0.740575,,0.005897,0.761405,0.704395,0.714146,-0.021606,0.003775,,,,,,0
2025-01-14,3210.927717,perp,0.105103,18,0.127254,143,5689.556,,0.723689,0.727918,,0.01442,0,22,11,,0.733854,,,0.006729,,0.698031,0.729514,,0.025173,,,,,,0
2025-01-15,3330.988473,perp,0.102992,19,0.127254,150,9617.167634,,0.699457,0.713081,,0.000375,0,28,12,,0.701036,,,-0.00212,,0.696727,0.735648,,0.009407,,,,,,0
2025-01-16,3350.817273,perp,0.146207,10,0.127254,103,6486.48,0.712409,,0.743944,0.003375,,16,0,7,,,,,,0.713545,,,0.007138,,,,,,,0
2025-01-17,3407.568273,perp,0.0941,15,0.125428,150,16282.78,0.697874,0.715983,0.718874,0.005377,0.022004,32,18,11,0.688941,,,0.004531,,0.702744,0.715497,,0.003612,0.021008,,,,,,0
2025-01-18,3290.810359,perp,0.119873,10,0.121539,122,4706.011,0.742844,0.721662,,0.031473,0.019287,31,11,0,0.768104,,,0.028736,,0.720822,0.725122,,0.047677,0.01807,,,,,,0
2025-01-19,3260.167566,perp,0.153068,14,0.121539,162,7581.36,0.825795,0.762143,0.746268,0.027548,0.036794,30,20,15,0.815995,,,-0.006283,,0.81879,0.758069,0.728618,0.036409,0.033122,,,,,,0
2025-01-20,3348.014443,perp,0.142359,12,0.125428,155,7285.200024,0.882294,0.772566,,0.028725,0.018808,32,24,0,0.875008,,,0.034339,,0.881753,0.771021,,0.021998,0.046482,,,,,,0
2025-01-21,3263.996251,perp,0.129742,10,0.129742,119,4105.7,,0.730105,,,0.006795,0,14,0,,,,,,,0.72152,,,0.059078,,,,,,0
2025-01-22,3306.039626,perp,0.136003,13,0.129742,93,3673.5,,0.691158,,,0.024596,0,17,0,,,,,,,0.692732,,,0.027007,,,,,,0
2025-01-23,3244.730192,perp,0.134528,15,0.129742,113,4465.149358,0.659456,0.681467,0.699095,-0.000213,0.023828,9,13,11,0.660226,,,-0.002221,,,0.685828,,,0.038298,,,,,,0
2025-01-24,3376.12774,perp,0.100271,15,0.125428,123,14863.822,0.618385,0.663972,0.694693,0.010698,0.001886,22,19,13,0.615839,,,0.00415,,0.615534,0.662593,0.696427,0.016455,0.001834,,,,,,0
2025-01-25,3307.706972,perp,0.128284,5,0.128284,79,2330.04,0.59427,0.654751,,0.020181,0.014321,20,14,0,0.604262,,,0.013946,,0.596355,0.653809,,0.024726,0.020488,,,,,,0
2025-01-26,3321.974972,perp,0.145284,7,0.129742,81,3114.902,0.618924,0.665229,,0.0278,0.014901,19,10,0,0.613599,,,0.027591,,0.614007,0.665229,,0.015776,0.014901,,,,,,0
2025-01-27,3113.113761,perp,0.159478,20,0.134528,158,10077.05,0.700569,0.662334,0.691914,-0.002676,0.021217,19,37,18,0.696574,,,-0.006015,,,0.662236,0.689128,,0.014874,,,,,,0
2025-01-28,3175.658336,perp,0.085187,11,0.129742,116,5430.402852,,0.665316,,,0.022303,0,29,0,,,,,,,0.666462,,,0.017382,,,,,,0
2025-01-29,3122.999679,perp,0.125458,11,0.129742,104,7856.78,,0.650541,0.701498,,0.003646,0,35,13,,0.590318,,,0.040246,,0.65079,0.707489,,0.004957,,,,,,0
2025-01-30,3248.076597,perp,0.100348,17,0.129742,107,4997.96,0.616978,0.623781,0.68243,-0.000776,0.013379,14,21,12,,,,,,0.616862,0.624291,0.682457,-0.000798,0.01604,,,,,,0
2025-01-31,3333.07448,perp,0.111938,16,0.128284,156,20602.46,0.587604,0.62315,0.654801,0.000409,0.00106,28,31,19,,0.62621,,,-0.018225,0.58726,0.624258,0.653878,0.000779,0.00775,,,,,,0
2025-02-01,3234.098402,perp,0.148669,11,0.129742,110,4327.96,0.627578,0.633987,,-0.025496,0.003596,21,23,0,,0.619494,,,-0.002826,0.628074,0.637482,,-0.025189,0.006677,,,,,,0
2025-02-02,3021.134985,perp,0.145365,23,0.134528,174,10626.768,0.768904,0.675329,0.648481,-0.036934,-0.00936,28,41,21,,0.684968,,,-0.008647,0.769105,0.66794,0.65255,-0.026492,-0.014929,,,,,,0
2025-02-03,2649.307004,perp,0.097478,28,0.129742,234,15905.138114,0.878033,0.701274,0.689538,-0.105184,0.00941,24,44,28,0.864447,0.70957,,,0.006352,,0.695613,,,0.002806,,,,,,0
2025-02-04,2806.379338,perp,0.043586,21,0.128284,175,8303.16,,0.709471,0.712845,,-0.007542,0,36,23,,0.703565,,,-0.010015,,0.713455,0.667723,,-0.00415,,,,,,0
2025-02-05,2771.079814,perp,0.079836,13,0.125458,117,4144.64,,0.667035,0.676939,,0.000694,0,22,16,,0.675622,,,0.015302,,0.681024,0.685413,,,,,,,,0
2025-02-06,2716.566146,perp,0.04558,11,0.111938,95,3260.026688,0.685408,0.670241,0.703975,-0.065474,-0.047675,13,18,17,0.688586,,,,,,,,,,,,,,,0
2025-02-07,2678.834737,perp,0.066887,14,0.100348,149,18797.398202,0.690061,0.670557,0.680474,-0.050717,-0.0175,26,23,24,0.682393,,,-0.037787,,0.729399,,,-0.071846,,,,,,,0
2025-02-08,2628.307139,perp,0.076911,10,0.100348,107,4286.26,0.695584,0.67664,0.651907,-0.044551,-0.028245,19,21,22,0.688789,,,-0.088035,,0.711271,,,-0.043703,,,,,,,0
2025-02-09,2608.632429,perp,0.078558,3,0.097478,111,4554.75,0.708088,0.682679,0.683726,-0.071644,-0.023981,21,20,22,0.729453,,,-0.099752,,,,,,,,,,,,0
2025-02-10,2650.953714,perp,0.098024,7,0.097478,100,2931.64,0.697065,0.67456,0.670939,-0.050831,-0.015328,21,17,14,0.697775,,,-0.051161,,0.70408,,,-0.085644,,,,,,,0
2025-02-11,2624.576439,perp,0.072318,11,0.085187,116,6220.48,,0.679379,,,-0.020363,0,19,0,,,,,,,,,,,,,,,,0
2025-02-12,2659.792855,perp,0.08127,13,0.08127,112,5337.6,,0.686217,0.700455,,-0.011623,0,17,9,,,,,,,,,,,,,,,,0
2025-02-13,2682.11676,perp,0.040508,13,0.079836,92,3093.468896,0.673306,,,-0.006498,,10,0,0,,,,,,0.677657,,,,,,,,,,0
2025-02-14,2726.110513,perp,0.060065,9,0.078558,117,17187.48,0.603351,0.65588,0.68504,-0.016118,-0.000341,22,21,12,0.603306,,,-0.014621,,0.6108,,,-0.007155,,,,,,,0
2025-02-15,2697.324768,perp,0.06534,7,0.076911,76,2325.095552,0.580687,0.643327,,-0.010103,-0.000878,16,13,0,0.593809,,,-0.011075,,0.562897,,,-0.048789,,,,,,,0
2025-02-16,2682.298989,perp,0.077231,5,0.076911,64,1238.84,0.638664,0.647877,,-0.011217,-0.003779,14,16,0,0.617839,,,0.010822,,0.652012,,,0.011822,,,,,,,0
2025-02-17,2752.862353,perp,0.053508,12,0.072318,116,7486.08,0.666915,0.660154,0.659346,-0.019134,0.006258,20,21,8,0.661852,,,-0.023439,,0.66805,,0.704322,-0.019927,,,,,,,0
2025-02-18,2659.839921,perp,0.088914,7,0.072318,111,4227.4,,0.670935,0.665377,,-0.017455,0,18,11,,0.687917,,,,,,,,,,,,,,0
2025-02-19,2717.275774,perp,0.049985,13,0.072318,122,13742.54,,0.623581,0.670434,,-0.004123,0,19,8,,,,,,,,,,,,,,,,0
2025-02-20,2738.290098,perp,0.081754,7,0.072318,85,5049.52,0.618866,0.624386,0.63235,-0.003262,,6,7,8,,,,,,,,,,,,,,,,0
2025-02-21,2748.081659,perp,0.077682,14,0.076911,120,22033.457176,0.576753,0.593261,0.609215,-0.020555,-0.004934,15,20,11,,,,,,,,,,,,,,,,0
2025-02-22,2752.620657,perp,0.019801,7,0.076911,90,4887.96,0.607969,0.629242,0.693791,-0.047459,-0.025517,14,13,10,,,,,,,,,,,,,,,,0
2025-02-23,2816.881205,perp,0.053118,8,0.072318,94,6493.7,0.616473,0.628023,0.673884,-0.004207,-0.024655,14,19,12,,,,,,0.637775,0.636404,0.664628,,,,,,,,0
2025-02-24,2653.002563,perp,0.065252,16,0.06534,133,9644.479036,0.628205,0.621413,0.63692,-0.069154,-0.064335,14,29,16,0.638772,0.601384,,,,,,,,,,,,,,0
2025-02-25,2442.206175,perp,0.078917,21,0.06534,173,13312.568154,,0.632263,0.662328,,-0.000266,0,37,23,,0.641153,0.667334,,0.032295,,,,,,,,,,,0
2025-02-26,2388.65874,perp,0.094303,18,0.06534,148,8231.425636,,0.627651,0.630276,,-1.2e-05,0,31,17,,0.615484,,,0.017733,,,,,,,,,,,0
2025-02-27,2312.58877,perp,0.073718,15,0.06534,125,6146.25125,0.665418,0.629838,0.659145,-0.051293,0.003068,11,15,12,0.665418,0.632156,0.662473,-0.051293,0.011634,,,,,,,,,,,0
2025-02-28,2171.83987,perp,0.099047,14,0.073718,200,20516.413681,0.767691,0.692322,0.662618,-0.051373,-0.011581,24,30,33,0.763108,0.696266,0.658495,-0.06622,-0.010415,,,0.659351,,,,,,,,0
2025-03-01,2193.367061,perp,0.102012,10,0.077231,127,2951.879114,0.683403,0.628788,0.635381,-0.076492,-0.000386,21,23,16,0.687889,0.630916,0.664789,-0.064005,-0.00939,,0.640239,0.634468,,-0.017852,,,,,,0
2025-03-02,2463.828714,perp,-0.014826,19,0.077231,168,11677.533718,0.780838,0.658538,0.643251,0.001989,-0.002054,26,36,24,0.786371,0.644677,0.635262,-0.029005,0.002155,,0.682659,0.632217,,-0.052759,,,,,,0
2025-03-03,2362.608222,perp,0.124496,19,0.077682,179,10579.577088,0.792466,0.699471,0.629441,0.04258,0.025698,26,34,23,0.794688,0.690664,0.629109,0.042544,0.002978,,0.696436,0.630798,,0.051812,,,,,,0
2025-03-04,2095.433605,perp,0.099341,20,0.078917,167,8681.043958,,0.751363,0.669673,,-0.041058,0,26,23,,0.749739,0.664706,,-0.03006,,0.778805,0.66682,,,,,,,,0
2025-03-05,2192.696019,perp,0.051679,13,0.077682,102,4369.969774,,0.717282,0.671837,,-0.03608,0,18,8,,0.717779,0.692211,,-0.041814,,,,,,,,,,,0
2025-03-06,2235.709891,perp,0.02222,12,0.077682,103,4163.727982,0.815821,0.704476,,-0.047641,-0.040385,13,12,0,0.814633,0.710444,,-0.038219,-0.065945,,,,,,,,,,,0
2025-03-07,2166.27227,perp,0.094996,8,0.077682,132,17796.523726,0.729503,0.68841,0.67186,-0.059941,-0.016768,23,19,22,0.731223,0.689257,0.671792,-0.061521,-0.017696,0.732981,,0.671909,-0.040126,,,,,,,0
2025-03-08,2157.726533,perp,0.152499,7,0.078917,95,2121.312466,0.659714,0.663919,0.64046,-0.049559,-0.044116,19,13,13,0.657724,0.665658,0.638946,-0.058347,-0.040291,0.571769,,,-0.107821,,,,,,,0
2025-03-09,2132.698345,perp,0.086594,10,0.086594,118,2645.537304,0.775304,0.723085,,-0.117406,-0.048777,19,12,0,0.748038,0.737089,,-0.152255,-0.049079,0.845641,,,-0.012987,,,,,,,0
2025-03-10,1942.956487,perp,0.087243,16,0.087243,162,9103.186996,0.907365,,0.692713,-0.096,,26,0,25,0.906795,,0.707642,-0.10109,,0.90297,,,-0.09252,,,,,,,0
2025-03-11,1823.069885,perp,0.05104,12,0.087243,127,3916.372,,0.768399,0.71428,,-0.086228,0,15,15,,0.771325,,,-0.087464,,,0.721479,,,,,,,,0
2025-03-12,1876.032089,perp,0.010978,8,0.087243,105,5241.962314,,0.748708,0.717418,,-0.064437,0,17,15,,,0.704541,,,,0.737407,0.721234,,,,,,,,0
2025-03-13,1879.222519,perp,0.063356,11,0.086594,96,3316.12923,0.76975,,,-0.077399,,10,0,0,,,,,,,,,,,,,,,,0
2025-03-14,1914.354364,perp,0.011576,10,0.086594,105,13320.10923,0.718041,0.691873,0.70133,-0.059905,-0.038143,20,14,10,0.725406,0.681424,,-0.049578,-0.026779,0.715504,,,-0.064973,,,,,,,0
2025-03-15,1939.647985,perp,0.080394,3,0.080394,66,1845.08,0.703224,0.687659,0.673732,-0.032816,-0.037028,14,10,7,0.707849,,,-0.025041,,0.689598,,,-0.025224,,,,,,,0
2025-03-16,1903.922013,perp,0.069066,5,0.069066,73,5259.8,0.731989,0.69721,,-0.022384,-0.02597,19,14,0,0.722987,0.688108,,-0.00707,-0.031458,0.741813,,,-0.037195,,,,,,,0
2025-03-17,1918.650279,perp,0.030685,11,0.069066,100,5890.74,0.693973,0.687028,,-0.048298,-0.032751,18,15,0,0.686979,0.68043,,-0.045183,-0.028511,0.710532,,,-0.058569,,,,,,,0
2025-03-18,1901.317057,perp,0.042707,5,0.063356,76,2736.58,,0.669381,,,-0.026815,0,12,0,,0.656559,,,-0.021742,,,,,,,,,,,0
2025-03-19,1996.483592,perp,0.015964,13,0.051679,106,8401.3,,0.660227,0.682056,,-0.037111,0,20,8,,0.655661,,,-0.032339,,,,,,,,,,,0
2025-03-20,2007.291956,perp,0.127123,11,0.063356,67,7471.58,0.642806,0.645118,,-0.007158,-0.077349,10,8,0,0.644686,0.636486,,-0.009531,,,,,,,,,,,,0
2025-03-21,1968.881548,perp,0.03362,5,0.063356,65,11443.66,0.590974,,,-0.032016,,17,0,0,,,,,,,,,,,,,,,,0
2025-03-22,1980.178971,perp,0.026557,4,0.05104,55,3329.64,0.579338,0.624042,,-0.035872,-0.038902,10,11,0,,0.626769,,,-0.051877,,,,,,,,,,,0
2025-03-23,2005.608276,perp,-0.007774,3,0.042707,51,4316.78,0.601869,0.632451,,-0.040272,,13,8,0,0.599709,0.636289,,,,,,,,,,,,,,0
2025-03-24,2080.774926,perp,0.007508,8,0.03362,91,3785.72,0.60772,0.616366,0.653215,-0.001461,-0.019607,16,18,7,0.608402,0.606819,,-0.02594,-0.002683,,0.615733,,,-0.018847,,,,,,0
2025-03-25,2067.102399,perp,0.029338,6,0.030685,69,2740.4,,0.594217,,,,0,11,0,,,,,,,,,,,,,,,,0
2025-03-26,2011.128472,perp,0.033801,9,0.030685,71,2207.44,,0.600929,0.649017,,-0.029506,0,15,7,,0.603291,,,-0.013654,,0.599494,,,-0.046214,,,,,,0
2025-03-27,2019.607174,perp,0.028348,12,0.030685,87,2479.43,0.580918,0.591671,,-0.054682,-0.017864,9,11,0,0.587107,0.597118,,-0.063442,-0.023892,,,,,,,,,,,0
2025-03-28,1908.096682,perp,0.045509,14,0.030685,122,12822.88,0.658357,0.619281,0.611368,-0.076151,-0.028875,19,14,11,0.652071,0.615751,,-0.079026,-0.02682,0.665533,,0.60698,-0.060118,,,,,,,0
2025-03-29,1828.387778,perp,0.037375,11,0.03362,99,3131.96455,0.758026,0.643269,0.634992,-0.129744,-0.06483,16,15,11,0.813118,0.632712,0.651176,-0.180568,-0.058607,0.759337,,,-0.077842,,,,,,,0
2025-03-30,1813.537866,perp,-0.00421,9,0.030685,89,2700.28,0.764733,0.686462,0.627947,-0.159284,-0.077159,15,14,13,0.79565,0.694379,0.632978,-0.225047,-0.080587,0.751047,,0.624469,-0.114119,,,,,,,0
2025-03-31,1817.102672,perp,0.00465,11,0.029338,90,2882.68,0.757634,0.669626,0.660457,-0.079117,-0.049082,14,23,13,0.769219,0.672626,,-0.081473,-0.059171,0.752431,0.666025,0.66847,,-0.029218,,,,,,0
2025-04-01,1889.617117,perp,-0.014243,8,0.028348,90,2655.7364,,0.633515,0.644727,,-0.046709,0,21,10,,0.622494,,,-0.048499,,0.636059,,,-0.034961,,,,,,0
2025-04-02,1849.850574,perp,-0.026649,7,0.026557,76,4405.337476,,0.643167,,,-0.062729,0,14,0,,0.662427,,,-0.063541,,0.639448,,,,,,,,,0
2025-04-03,1804.008521,perp,0.044889,14,0.028348,105,4301.24,0.687896,0.667325,0.649529,-0.067976,-0.045126,9,17,12,,0.66777,,,-0.047966,,0.662884,0.643393,,-0.035528,,,,,,0
2025-04-04,1825.087196,perp,0.074907,7,0.028348,79,14029.16,0.702459,,,-0.094562,,18,0,0,0.69998,,,-0.057185,,0.703278,,,-0.097311,,,,,,,0
2025-04-05,1780.200009,perp,0.04317,4,0.028348,56,2691.24,0.729141,0.702747,0.670095,-0.135245,-0.069246,11,9,8,,,,,,0.740736,,,-0.144809,,,,,,,0
2025-04-06,1632.564973,perp,0.052105,21,0.029338,152,10350.280074,1.006555,0.799793,0.723774,-0.159505,-0.061642,17,21,32,0.872122,0.802952,0.721906,-0.136803,-0.087503,1.014816,0.781547,0.728671,-0.176059,-0.036837,,,,,,0
2025-04-07,1476.907786,perp,0.045238,17,0.033801,175,8990.953406,1.098732,0.839976,0.741645,-0.239214,-0.084132,18,19,33,,0.854773,,,,1.122476,0.785316,0.746372,-0.260926,-0.046644,,,,,,0
2025-04-08,1504.371605,perp,0.052417,16,0.037375,116,7876.7,,0.727296,0.704008,,-0.081925,0,16,21,,0.723842,0.695372,,-0.070131,,0.722797,0.71721,,,,,,,,0
2025-04-09,1514.176164,perp,0.041202,18,0.041202,133,12646.64,,0.783599,0.74632,,-0.064302,0,20,27,,0.778712,0.745711,,-0.05693,,0.791519,0.74411,,-0.06985,,,,,,0
2025-04-10,1556.673352,perp,0.054427,14,0.04317,111,6064.7,0.819886,,0.693732,-0.08082,,9,0,23,0.82326,,0.683524,-0.099653,,,,0.696249,,,,,,,,0
2025-04-11,1559.729603,perp,0.039409,9,0.04317,90,11136.82,0.784336,0.717526,0.691239,-0.071423,-0.034,17,15,19,0.785044,,0.677518,-0.066593,,,0.7157,0.690148,,-0.036374,,,,,,0
2025-04-12,1643.462987,perp,0.028088,6,0.041202,90,2291.62,0.767584,0.727798,0.706923,-0.072147,-0.015309,17,10,15,0.774814,,,-0.070067,,,0.746505,0.703398,,0.014811,,,,,,0
2025-04-13,1600.227439,perp,0.020224,3,0.041202,75,3007.14,0.826632,0.769468,0.743065,-0.06965,-0.025263,16,10,13,0.82188,,,-0.063278,,,0.771828,0.739239,,-0.020356,,,,,,0
2025-04-14,1624.455016,perp,0.051656,6,0.04317,81,3135.44,0.817574,0.734219,0.719127,-0.082601,-0.048614,16,9,12,0.81809,,,-0.097834,,,,0.722851,,,,,,,,0
2025-04-15,1619.473375,perp,-0.019924,5,0.04317,62,2403.2,,0.711713,,,-0.056501,0,7,0,,,,,,,,,,,,,,,,0
2025-04-16,1572.629881,perp,0.032191,7,0.04317,70,4562.84,,0.695818,,,-0.035141,0,15,0,,,,,,,0.701578,,,-0.04394,,,,,,0
2025-04-17,1593.048802,perp,0.007658,6,0.04317,59,2438.22,0.65587,,,-0.040693,,6,0,0,,,,,,,,,,,,,,,,0
2025-04-18,1587.006152,perp,-0.004442,7,0.041202,65,8600.3,0.580292,0.646533,0.68709,-0.051309,-0.037587,10,15,9,0.563386,,,-0.039149,,,0.654371,,,-0.029145,,,,,,0
2025-04-19,1606.812506,perp,0.055977,3,0.041202,45,1298.22,0.624545,0.664991,0.671392,0.00017,-0.003021,10,6,7,,,,,,,0.664991,,,-0.003021,,,,,,0
2025-04-20,1585.791581,perp,0.040215,6,0.040215,47,636.94,0.678395,,,-0.021149,,8,0,0,,,,,,,,,,,,,,,,0
2025-04-21,1600.780624,perp,0.027927,12,0.039409,88,3288.74,0.679631,0.681355,0.706555,-0.036953,-0.042451,12,14,15,,,0.712684,,,0.666468,0.675114,,-0.007076,-0.048729,,,,,,0
2025-04-22,1686.183845,perp,0.008561,12,0.032191,101,6015.837778,,0.675726,0.679514,,-0.010787,0,19,14,,,0.675565,,,,0.677913,,,-0.011287,,,,,,0
2025-04-23,1797.154626,perp,0.009889,15,0.028088,101,8722.68,,0.693436,0.689599,,-2.7e-05,0,20,11,,,0.697861,,,,0.692894,,,-0.000735,,,,,,0
2025-04-24,1770.025619,perp,0.022133,12,0.027927,71,5121.6,0.658578,0.67286,0.68658,0.007189,0.017967,8,9,7,,,,,,,0.680952,,,0.007349,,,,,,0
2025-04-25,1794.432247,perp,0.011669,12,0.022133,98,12961.1,0.674771,0.670096,0.677785,-0.006062,-0.000802,17,16,17,,0.668448,0.679666,,0.004641,,0.685648,0.678674,,0.002036,,,,,,0
2025-04-26,1802.286098,perp,0.057907,7,0.022133,71,1515.82,0.669577,0.669835,0.683609,-0.031595,-0.002519,12,13,11,,,0.67485,,,,0.674091,,,-0.003219,,,,,,0
2025-04-27,1811.656218,perp,-0.006695,8,0.020224,72,1754.12,0.690413,0.667289,,-0.005852,-0.012696,13,16,0,,0.65447,,,-0.002602,0.68446,0.668288,,-0.009714,-0.014905,,,,,,0
2025-04-28,1774.656315,perp,0.04467,7,0.022133,69,4452.18,0.684887,0.67631,,-0.01181,-0.012358,13,17,0,,0.676399,,,-0.025126,,0.677062,,,0.005901,,,,,,0
2025-04-29,1814.43656,perp,0.029781,10,0.022133,76,5509.42,,0.653588,0.684335,,-0.013974,0,16,9,,0.647524,,,-0.011512,,0.651357,,,0.024457,,,,,,0
2025-04-30,1790.713814,perp,0.018822,13,0.022133,81,9997.46,,0.642704,0.68492,,0.005561,0,20,14,,0.63896,0.667238,,0.004835,,0.657719,,,0.003287,,,,,,0
2025-05-01,1836.041342,perp,0.036811,10,0.022133,79,5454.46,0.615577,0.63774,,-0.017663,-0.00744,8,17,0,,0.636377,,,-0.009085,,0.639019,,,-0.006405,,,,,,0
2025-05-02,1837.973522,perp,0.048774,8,0.027927,85,13927.2,0.583555,0.641053,0.651457,-0.027938,0.001172,11,22,16,0.582855,0.634798,0.666405,-0.048996,0.057379,,0.642013,0.643462,,-0.002478,,,,,,0
2025-05-03,1823.458731,perp,0.032587,5,0.029781,61,946.46,0.551278,0.624911,0.630145,-0.043463,-0.010733,14,16,9,0.551199,0.622174,,-0.035693,-0.006627,0.556436,0.618752,,-0.043288,-0.015178,,,,,,0
2025-05-04,1817.475229,perp,0.017822,6,0.027927,56,791.62,0.563832,0.635227,0.647757,-0.041294,-0.016896,9,8,8,0.562467,0.635982,,,,,,,,,,,,,,0
2025-05-05,1825.112001,perp,0.014253,9,0.022133,76,1544.224,0.579557,0.618347,0.672474,-0.009708,-0.00138,11,18,11,0.586381,,,-0.014568,,,0.615844,0.669581,,-0.001322,,,,,,0
2025-05-06,1778.273605,perp,0.050844,8,0.022133,79,3322.72,,0.604968,0.643972,,-0.000296,0,20,11,,0.603283,0.614558,,0.005709,,0.602418,,,0.003214,,,,,,0
2025-05-07,1821.632176,perp,0.043188,6,0.029781,75,2515.02,,0.603605,0.66429,,-0.01859,0,20,11,,0.612247,0.618247,,0.014558,,0.606089,,,-0.022665,,,,,,0
2025-05-08,2076.807621,perp,-0.011025,27,0.029781,174,15678.970538,0.662584,0.634176,0.642518,0.019564,0.014281,12,26,31,0.657097,0.616307,0.641981,-0.015729,0.030622,,0.630065,0.653084,,0.009746,,,,,,0
2025-05-09,2273.793066,perp,-0.005049,23,0.029781,191,14921.48,0.819183,0.684477,0.663684,-0.036444,-0.004008,26,28,40,0.805394,0.679161,0.677274,-0.018291,-0.006642,0.763442,0.687334,0.680349,-0.052382,0.002232,,,,,,0
2025-05-10,2470.172814,perp,0.004528,13,0.029781,151,4721.417102,0.845989,0.737167,0.696154,-0.011336,-0.00035,22,26,29,0.849357,0.751758,0.683259,-0.030598,-0.01054,0.945142,0.737681,0.706276,-0.059505,-0.013599,,,,,,0
2025-05-11,2512.317679,perp,0.020839,21,0.020839,156,6523.246388,0.830322,0.721339,0.688492,-0.008391,-0.031408,23,23,29,0.823915,0.725461,0.691807,-0.01698,-0.038493,0.822727,0.714893,0.667168,0.023143,-0.011543,,,,,,0
2025-05-12,2522.613653,perp,0.047761,15,0.029781,136,4630.494,0.80382,0.725989,0.690669,-0.005079,-0.026797,23,23,22,0.83108,0.723038,0.703015,-0.027297,-0.026962,0.832684,0.729531,0.704773,-0.036378,-0.033834,,,,,,0
2025-05-13,2563.018119,perp,-0.027447,18,0.020839,160,6826.716,,0.687639,0.685813,,-0.005023,0,23,13,,0.681249,,,-0.032989,,0.692701,,,-0.022455,,,,,,0
2025-05-14,2599.361296,perp,0.040224,13,0.020839,121,3060.04,,0.680193,0.635678,,0.00117,0,16,7,,0.671152,,,-0.016864,,0.69581,,,-0.023737,,,,,,0
2025-05-15,2542.589933,perp,0.019514,11,0.020839,104,4438.42,0.698678,,0.654137,-0.008768,,13,0,9,,,,,,0.699122,,,-0.023564,,,,,,,0
2025-05-16,2594.042312,perp,0.032007,8,0.020839,118,8857.7,0.701719,0.688282,,0.00213,0.000109,23,15,0,,0.670889,,,,0.691743,,,-0.019899,,,,,,,0
2025-05-17,2485.89313,perp,0.042139,8,0.020839,104,3002.76,0.661525,0.664905,,0.008595,0.031945,21,13,0,,0.671282,,,,0.662179,,,0.009936,,,,,,,0
2025-05-18,2477.306364,perp,0.065394,14,0.020839,119,4726.23,0.784129,0.69537,0.678097,0.037452,0.019054,20,18,8,,0.691314,,,0.146603,0.761021,,,0.078443,,,,,,,0
2025-05-19,2384.941803,perp,0.049316,17,0.032007,130,4455.04,0.766826,0.711126,0.682894,-0.032044,0.019275,20,19,11,,0.715052,,,0.007031,0.769857,,0.686265,-0.03265,,,,,,,0
2025-05-20,2493.246105,perp,0.035008,9,0.035008,92,2427.998,,0.701821,,,-0.023891,0,16,0,,0.704193,,,0.027822,,,,,,,,,,,0
2025-05-21,2533.211017,perp,0.052073,9,0.035008,100,4626.88,,0.708398,0.678315,,0.016071,0,21,10,,0.692442,,,0.016382,,,,,,,,,,,0
2025-05-22,2671.674174,perp,0.043624,16,0.035008,123,4972.9944,0.752472,0.710906,0.656272,0.027333,0.073113,7,11,13,,,,,,,,,,,,,,,,0
2025-05-23,2622.06472,perp,0.08018,14,0.040224,139,9700.7,0.762692,0.72821,0.669628,0.024084,-0.007025,19,13,11,0.758364,,,0.035851,,0.707921,0.727509,,-0.06001,,,,,,,0
2025-05-24,2545.810506,perp,0.044821,7,0.042139,78,873.3928,0.717565,0.71831,0.704881,-0.005415,0.013825,13,8,8,0.715057,,,0.013524,,0.720287,,,-0.061135,,,,,,,0
2025-05-25,2503.50163,perp,0.048835,7,0.043624,71,1054.62,0.76545,0.731051,0.693454,0.008125,0.029664,15,8,6,0.722781,,,0.038387,,0.785138,,,-0.025901,,,,,,,0
2025-05-26,2560.594439,perp,0.073672,4,0.044821,74,2200.86,0.721099,0.702788,0.697785,0.009426,0.007847,13,16,6,0.717751,0.701652,,0.042711,0.027533,0.741599,0.742014,,-0.021632,-0.010942,,,,,,0
2025-05-27,2650.971166,perp,0.022139,10,0.043624,98,5392.68,,0.702937,0.661766,,0.040853,0,18,6,,0.694627,,,0.011579,,0.69741,,,0.07049,,,,,,0
2025-05-28,2641.190613,perp,0.074737,8,0.044821,78,1804.88,,0.678776,0.662369,,0.017664,0,21,10,,0.670029,,,0.006573,,0.683224,,,0.053029,,,,,,0
2025-05-29,2709.573357,perp,0.058793,18,0.048835,109,3197.2,0.721507,0.700914,0.657182,0.030041,0.033889,10,23,13,0.720373,0.685602,,,0.027975,,0.694008,,,0.073224,,,,,,0
2025-05-30,2598.262422,perp,0.072147,12,0.049316,144,10172.04,0.722753,0.707318,0.677933,0.007597,0.013371,26,30,19,0.718241,0.703946,,-0.002595,-0.004074,0.738112,0.702113,0.672282,0.017441,0.027673,,,,,,0
2025-05-31,2526.811935,perp,0.090604,9,0.052073,101,1848.654,0.683714,0.700097,0.658761,-0.010274,0.002129,17,15,12,0.679711,0.705348,,0.000815,0.012814,0.645789,0.707782,,0.07907,,,,,,,0
2025-06-01,2504.49208,perp,0.078137,9,0.058793,88,2823.92,0.713496,0.702917,0.680312,0.006665,0.005599,18,15,9,0.729474,0.705737,,-0.02041,0.007294,0.74409,0.695782,,-0.008588,,,,,,,0
2025-06-02,2574.759239,perp,0.052494,12,0.052494,124,6102.58,0.685308,0.678379,0.679048,0.011939,0.020457,23,32,17,0.686354,0.681835,,0.003929,0.01823,0.702377,0.679616,,0.010189,0.035186,,,,,,0
2025-06-03,2619.990746,perp,0.049939,12,0.052494,95,2011.76,,0.651716,0.653937,,0.013224,0,22,9,,0.647859,,,0.009402,,0.660697,,,0.024621,,,,,,0
2025-06-04,2637.333875,perp,0.035698,8,0.052494,75,2438.16,,0.646642,0.635657,,-0.005979,0,27,13,,0.655404,,,-0.007074,,0.642801,0.65289,,-0.006613,,,,,,0
2025-06-05,2450.264498,perp,0.095822,11,0.058793,118,4432.51,0.68207,0.679259,0.683165,-0.035915,-0.015325,10,21,20,,0.681794,,,-0.037819,0.682362,0.711346,0.666831,-0.066499,,,,,,,0
2025-06-06,2458.108732,perp,0.05602,8,0.058793,96,6598.4276,0.663069,0.668642,0.643545,-0.041736,0.007011,21,23,19,,0.668804,,,0.001332,0.668029,0.675108,0.661221,-0.04386,-0.000993,,,,,,0
2025-06-07,2501.560632,perp,0.09342,6,0.058793,75,860.74,0.627265,0.67724,0.67634,-0.003402,0.05844,19,17,10,,0.69853,,,-0.021507,0.634679,0.680808,0.674405,-0.037536,0.056698,,,,,,0
2025-06-08,2522.985687,perp,0.018994,5,0.058793,59,849.66,0.659356,0.669724,0.650002,0.008932,0.030844,16,13,9,,0.671953,,,0.048456,0.660349,0.68455,0.654287,0.005494,0.010116,,,,,,0
2025-06-09,2631.984417,perp,0.04188,9,0.058793,108,3324.26,0.649441,0.666909,0.668566,0.03643,0.0374,20,17,16,,0.668476,,,0.022205,0.64558,0.664597,0.608509,0.07371,0.06754,,,,,,0
2025-06-10,2729.802672,perp,0.004366,16,0.05602,142,5886.08,,0.703787,0.670125,,0.008642,0,25,13,,0.688027,,,-0.024236,,0.703299,,,-0.004763,,,,,,0
2025-06-11,2821.118863,perp,0.051303,16,0.05602,116,2692.094,,0.724493,0.681608,,0.030747,0,25,6,,0.71771,,,0.026577,,0.725623,,,0.020543,,,,,,0
2025-06-12,2732.416186,perp,0.03747,14,0.052494,94,3468.76,0.702931,,0.660197,0.004559,,9,0,8,,,,,,0.718313,,,,,,,,,,0
2025-06-13,2534.829356,perp,0.060407,17,0.052494,127,10775.12,0.75867,0.714029,0.685206,-0.047832,-0.009464,25,20,14,0.806528,,,-0.094308,,0.760661,0.71887,0.686832,-0.047994,-0.006067,,,,,,0
2025-06-14,2522.482481,perp,0.084176,4,0.052494,69,1962.94,0.711546,0.703252,,-0.033331,,16,9,0,,,,,,0.712247,,,-0.051287,,,,,,,0
2025-06-15,2543.510345,perp,0.113689,5,0.052494,50,1067.72,0.764021,0.732568,,-0.042789,0.098789,9,6,0,,,,,,0.764418,,,-0.03379,,,,,,,0
2025-06-16,2631.426658,perp,0.033601,6,0.051303,92,1975.14,0.739145,0.705247,,-0.014561,0.011937,19,15,0,,,,,,0.749795,0.695855,,-0.011472,0.004174,,,,,,0
2025-06-17,2507.561185,perp,0.06367,13,0.051303,109,3127.268,,0.720715,0.703615,,-0.008497,0,20,12,,,,,,,0.709899,0.703374,,-0.012111,,,,,,0
2025-06-18,2511.877139,perp,0.064921,10,0.05602,116,1691.632996,,0.703891,0.687524,,-0.004218,0,16,13,,,,,,,0.703629,,,-0.00895,,,,,,0
2025-06-19,2537.651036,perp,0.089465,2,0.060407,52,1064.06,,0.677007,,,0.018074,0,5,0,,,,,,,,,,,,,,,,0
2025-06-20,2419.748588,perp,0.072042,3,0.060407,86,6363.011152,0.693415,0.693033,,-0.070192,-0.083036,17,11,0,0.697797,0.691258,,-0.076205,-0.079332,0.702174,,,-0.01213,,,,,,,0
2025-06-21,2286.607538,perp,0.079232,6,0.06367,92,4051.24,0.826828,0.69487,0.685593,-0.094083,-0.042839,13,18,9,0.850617,0.689279,,-0.147285,-0.04152,,0.700116,0.684112,,,,,,,,0
2025-06-22,2230.285787,perp,0.047802,16,0.060407,129,6528.08,0.829951,0.729392,0.687679,-0.039156,-0.014681,16,22,17,0.792606,0.723441,,-0.054883,0.006762,0.752491,0.73866,0.695856,-0.025222,-0.047636,,,,,,0
2025-06-23,2262.131382,perp,0.036676,6,0.060407,104,5952.98,0.756121,0.713478,0.691033,-0.067459,-0.028198,17,17,9,0.774038,0.724335,,-0.064424,-0.027628,0.825891,0.687821,0.689726,-0.065702,-0.038613,,,,,,0
2025-06-24,2429.704189,perp,0.01331,7,0.060407,93,2470.56,,0.684602,0.693557,,-0.0184,0,23,9,,0.632565,,,0.013192,,0.67921,,,-0.018361,,,,,,0
2025-06-25,2449.322608,perp,0.042578,20,0.060407,142,11340.742,,0.652197,0.658517,,-0.014473,0,24,21,,0.654524,,,-0.013215,,0.647422,0.656088,,-0.028099,,,,,,0
2025-06-26,2479.766551,perp,0.053536,8,0.060407,64,2290.654,0.639086,0.652032,0.663602,-0.029275,-0.016378,8,10,8,,,,,,0.638951,0.651905,,-0.055651,-0.034287,,,,,,0
2025-06-27,2432.607626,perp,-0.010075,5,0.060407,101,5682.6892,0.598537,0.624537,0.649928,-0.041097,-0.02837,20,21,12,0.613168,,,-0.010239,,0.599585,0.626667,,-0.046483,-0.046466,,,,,,0
2025-06-28,2437.276502,perp,0.003111,1,0.053536,57,1573.78,0.543051,0.616199,0.654108,-0.015371,-0.019382,11,9,6,,,,,,0.543531,0.621491,,-0.015432,-0.055154,,,,,,0
2025-06-29,2448.113543,perp,0.046953,1,0.047802,57,667.98,0.62043,0.607881,,-0.005327,-0.009328,12,11,0,,,,,,0.601056,0.606141,,0.009474,-0.013157,,,,,,0
2025-06-30,2482.707778,perp,0.03966,10,0.046953,94,2731.04,0.586587,0.632398,0.643201,-0.013651,-0.000531,18,21,15,0.623308,,,-0.008643,,0.588257,0.631662,0.648965,-0.024395,0.012255,,,,,,0
2025-07-01,2417.141731,perp,0.045539,12,0.046953,99,2820.96,,0.604599,0.630178,,-0.023746,0,27,17,,,,,,,0.602578,0.629499,,-0.021323,,,,,,0
2025-07-02,2579.36576,perp,-0.008469,10,0.045539,112,3005.44,,0.611786,0.626565,,0.003112,0,28,25,,,0.626623,,,,0.60757,0.626705,,,,,,,,0
2025-07-03,2575.753867,perp,0.038929,15,0.042578,101,4249.776432,0.59762,0.644194,0.650776,-0.012429,-0.007333,11,22,19,0.598486,,,-0.003279,,,0.64429,0.642081,,,,,,,,0
2025-07-04,2507.115358,perp,0.04264,7,0.042578,76,5509.342,0.558328,0.622787,0.651908,-0.045615,-0.005356,16,15,10,0.555405,,0.638958,-0.038759,,0.450823,0.619596,,0.000836,-0.020309,,,,,,0
2025-07-05,2513.057405,perp,0.052042,2,0.042578,43,678.58,0.577259,0.614311,0.636603,-0.05193,-0.019969,7,11,8,0.572857,,,-0.055263,,,0.634714,,,-0.080083,,,,,,0
2025-07-06,2564.145027,perp,0.036076,3,0.03966,68,1009.08,0.576778,0.623235,0.634328,-0.039913,-0.013983,16,12,13,0.57821,,0.629756,-0.043591,,,0.610817,0.617787,,-0.04141,,,,,,0
2025-07-07,2545.844296,perp,0.033982,9,0.038929,70,4074.8,0.613562,0.625687,0.626032,-0.062533,-0.016145,18,13,9,0.612951,,,-0.063228,,0.56804,0.628105,0.602174,-0.015909,-0.022538,,,,,,0
2025-07-08,2584.504791,perp,0.033976,10,0.038929,76,2424.8,,0.59325,0.634051,,-0.007294,0,16,13,,,,,,,0.592091,0.629657,,-0.016937,,,,,,0
2025-07-09,2704.333842,perp,0.037601,17,0.038929,116,3399.816904,,0.623708,0.642853,,0.002029,0,23,23,,,,,,,,0.644649,,,,,,,,0
2025-07-10,2823.575537,perp,0.034006,25,0.037601,151,6023.9832,0.65774,,0.666779,0.012835,,11,0,38,0.637471,,0.665537,,,,,0.662229,,,,,,,,0
2025-07-11,2980.508653,perp,0.030584,23,0.036076,162,7890.8,0.687359,0.668967,0.663322,-0.000854,0.026937,27,21,32,0.695849,,0.676786,0.031269,,,0.6696,0.658325,,0.001547,,,,,,0
2025-07-12,2936.507088,perp,0.043199,8,0.037601,88,890.68,0.653382,0.666339,0.65869,0.009305,0.003441,21,8,13,0.660629,,,0.03887,,,0.640829,,,-0.02638,,,,,,0
2025-07-13,2965.17338,perp,0.052247,12,0.038929,99,2592.836,0.710307,0.703861,0.68975,0.012487,0.04325,21,16,15,0.716392,,,0.033438,,,0.710638,0.685994,,0.049157,,,,,,0
2025-07-14,3030.635292,perp,0.071197,17,0.038929,135,1509.54,0.679818,0.658083,0.67044,0.0096,0.016222,22,22,27,0.681218,0.766376,0.621447,0.010437,0.090344,,0.639648,0.660542,,-0.002766,,,,,,0
2025-07-15,3030.988526,perp,0.069312,18,0.038929,141,2290.69,,0.664096,0.673773,,0.022165,0,23,18,,0.679667,0.658984,,0.058568,,0.661479,0.654465,,0.012171,,,,,,0
2025-07-16,3299.62312,perp,0.044841,33,0.038929,182,6208.376,,0.671893,0.653284,,0.026725,0,30,24,,0.627818,0.65585,,0.067467,,0.68491,0.638633,,0.01845,,,,,,0
2025-07-17,3431.587933,perp,0.044599,31,0.04264,184,6991.3,0.708236,,0.650733,-0.024971,,12,0,31,0.708021,,0.646054,-0.026201,,,,0.665705,,,,,,,,0
2025-07-18,3603.99027,perp,0.040524,27,0.04264,193,9452.2,0.714709,0.673175,0.661269,0.010569,0.019495,26,25,29,0.713725,0.680861,0.666792,0.010992,0.018854,0.720201,,0.663248,0.01049,,,,,,,0
2025-07-19,3555.338269,perp,0.115684,4,0.043199,99,1393.46,0.666102,0.659075,0.641727,0.025404,0.013139,20,14,15,0.671099,0.65834,0.627435,0.031978,0.012758,0.653109,,0.592927,0.051272,,,,,,,0
2025-07-20,3732.232673,perp,0.044639,25,0.043199,169,3619.26,0.770868,0.696384,0.672497,0.058972,0.036931,19,25,24,0.782981,0.691626,0.672501,0.049389,0.043742,0.743487,,0.674062,0.080688,,,,,,,0
2025-07-21,3799.883003,perp,0.068587,24,0.044599,162,3311.48,0.734188,0.671802,0.65741,0.063303,0.034387,20,26,28,0.731422,0.669232,0.661521,0.067488,0.042515,0.741621,,0.66326,0.07046,,,,,,,0
2025-07-22,3706.791842,perp,0.035528,17,0.044599,136,1811.92,,0.660106,0.663271,,0.045886,0,21,17,,0.656412,0.668804,,0.051876,,,,,,,,,,,0
2025-07-23,3608.285683,perp,0.083753,19,0.044639,130,2366.36,,0.652605,0.663614,,0.036442,0,24,18,,0.651467,0.650754,,0.031838,,,0.686482,,,,,,,,0
2025-07-24,3688.437044,perp,0.078419,16,0.044841,116,3746.54,0.605032,0.658071,0.663605,0.02526,0.037683,15,15,16,,0.65046,0.6652,,0.047179,0.636532,,,0.016907,,,,,,,0
2025-07-25,3654.25882,perp,0.081298,15,0.052247,139,5293.184,0.663232,0.666259,0.674731,-0.014602,0.005773,29,19,19,0.632883,0.656407,0.627689,-0.002101,0.022003,0.692398,,0.687488,-0.011033,,,,,,,0
2025-07-26,3756.674429,perp,0.032713,5,0.052247,87,1478.34,0.643931,0.652196,,-0.015657,0.027164,16,16,0,0.64778,0.646873,,0.014953,0.029508,0.629112,,,-0.019073,,,,,,,0
2025-07-27,3805.77413,perp,0.075295,12,0.068587,125,1254.992,0.693855,0.660112,0.664744,-0.017692,0.018064,20,23,23,0.694726,0.660636,0.683158,-0.002039,0.025299,0.682231,,0.647516,-0.020398,,,,,,,0
2025-07-28,3876.093994,perp,0.059798,18,0.068587,146,2835.44,0.712778,0.661433,0.655304,0.01096,0.024659,23,32,20,0.71554,0.660282,0.647787,0.025618,0.02545,0.701671,0.661218,0.659692,0.009048,,,,,,,0
2025-07-29,3812.083028,perp,0.082841,18,0.068587,135,2397.428,,0.659395,0.663061,,0.022139,0,33,22,,0.657043,0.678408,,0.028663,,,0.674496,,,,,,,,0
2025-07-30,3799.786723,perp,0.084536,15,0.068587,133,2421.68,,0.640112,0.654766,,0.00654,0,39,28,,0.635228,0.665804,,0.001451,,0.644469,0.657263,,0.008474,,,,,,0
2025-07-31,3832.720715,perp,0.020947,14,0.068587,108,2652.16,0.645289,0.635704,0.643337,-0.023206,-0.000771,15,12,16,0.644765,0.634351,0.643766,-0.023273,0.003594,,,0.64198,,,,,,,,0
2025-08-01,3653.577274,perp,0.068925,22,0.068925,169,7110.78,0.648365,0.660586,0.680013,-0.048113,-0.021761,27,37,32,0.645075,0.66269,0.680984,-0.048007,-0.021544,,,0.663629,,,,,,,,0
2025-08-02,3448.509105,perp,0.068626,19,0.068925,138,1812.66,0.684411,0.656045,0.669108,-0.060828,-0.043195,24,36,26,0.683702,0.658352,0.667598,-0.063004,-0.050179,,,0.680494,,,,,,,,0
2025-08-03,3461.331273,perp,0.046585,12,0.068626,104,1153.22,0.708635,0.672051,0.683603,-0.061077,-0.004728,22,23,12,0.71114,0.668512,,-0.044408,-0.013636,,,0.68878,,,,,,,,0
2025-08-04,3628.322572,perp,0.020627,21,0.068626,162,2435.62,0.623829,0.632808,0.648225,-0.051709,-0.027668,24,38,34,0.626171,0.636484,0.653098,-0.05808,-0.041442,,,0.654182,,,,,,,,0
2025-08-05,3609.455286,perp,0.024104,12,0.068626,119,1685.18,,0.644306,0.647485,,-0.025883,0,29,18,,0.646832,0.687916,,-0.035178,,,0.634073,,,,,,,,0
2025-08-06,3625.101399,perp,0.051852,10,0.068626,95,1329.44,,0.633419,0.647823,,-0.025663,0,26,18,,0.630422,0.646012,,-0.035583,,,0.660846,,,,,,,,0
2025-08-07,3829.251935,perp,0.041201,28,0.059798,144,3268.01,0.601242,0.618156,0.645412,-0.026629,-0.004512,14,24,25,0.605584,0.619813,0.646118,-0.028946,-0.018867,,,0.676806,,,,,,,,0
2025-08-08,3977.146054,perp,0.076002,22,0.059798,176,7206.46,0.613938,0.61775,0.656282,0.005037,0.013269,31,26,40,0.613471,0.627369,0.660914,0.005149,0.062299,,,0.650544,,,,,,,,0
2025-08-09,4169.476244,perp,0.068278,23,0.059798,195,2862.64,0.669222,0.674109,0.669232,-0.009895,-0.001981,33,25,32,0.666987,0.671959,0.675072,0.010603,0.043495,,0.667811,0.655765,,-0.010863,,,,,,0
2025-08-10,4254.46285,perp,0.07613,17,0.068278,131,3102.28,0.704101,0.660708,0.632056,0.030474,0.035301,21,19,22,0.703685,0.65985,0.6805,0.056452,0.061745,,0.71193,0.652635,,0.014555,,,,,,0
2025-08-11,4259.073775,perp,0.095658,19,0.068278,159,4855.88,0.685348,0.661932,0.689573,0.014481,0.007666,24,26,35,0.682304,0.659536,0.702603,0.027631,0.005708,,,0.672228,,,,,,,,0
2025-08-12,4488.826763,perp,0.089145,29,0.068626,207,8757.362,,0.657631,0.681484,,0.00265,0,27,29,,0.654867,0.70164,,0.005127,,0.664432,0.666296,,-0.000917,,,,,,0
2025-08-13,4696.672255,perp,0.069517,28,0.068626,190,6240.42,,0.686721,0.676016,,0.018805,0,25,27,,,0.653176,,,,,0.683748,,,,,,,,0
2025-08-14,4595.782961,perp,0.090878,34,0.068626,182,3926.58,0.71886,,0.716263,-0.024671,,20,0,22,0.740573,,0.683737,,,,,0.704286,,,,,,,,0
2025-08-15,4568.705358,perp,0.06266,17,0.068626,170,4254.96,0.681702,0.692241,0.66906,-0.023645,0.020181,36,18,15,0.678461,0.691167,0.648877,-0.003475,0.027507,,,0.671615,,,,,,,,0
2025-08-16,4418.587761,perp,0.047407,8,0.068278,127,2298.3,0.693462,0.689346,0.67315,-0.032339,-0.012632,38,18,15,0.691454,0.710655,0.664065,-0.019863,-0.099942,,0.694231,0.683383,,-0.000731,,,,,,0
2025-08-17,4469.41452,perp,0.057103,10,0.06266,115,1303.744,0.70875,0.695313,0.683097,-0.043018,-0.036514,31,14,11,0.712701,0.699668,,-0.007844,-0.113865,,0.70469,,,0.016536,,,,,,0
2025-08-18,4286.850155,perp,0.074427,21,0.068278,162,2788.742512,0.72606,0.701358,0.686169,-0.047895,-0.035267,34,21,25,0.730304,0.717724,0.701573,-0.085239,-0.062148,,0.70229,0.681196,,,,,,,,0
2025-08-19,4185.097179,perp,0.067771,25,0.068278,168,1651.06,,0.70115,0.689622,,-0.001064,0,26,25,,0.695549,0.684364,,0.003711,,0.715077,0.690938,,-0.005985,,,,,,0
2025-08-20,4224.910208,perp,0.058871,22,0.068278,155,3786.54,,0.682917,0.650017,,-0.010613,0,24,21,,0.68181,0.711154,,-0.021552,,0.705703,0.654787,,-0.028144,,,,,,0
2025-08-21,4289.028152,perp,0.069497,14,0.069497,116,2627.06,0.671013,0.677339,0.677482,-0.034917,-0.037748,14,11,16,0.669946,0.679907,0.686962,-0.028945,,,,0.674683,,,,,,,,0
2025-08-22,4737.283302,perp,0.057052,27,0.069497,225,8842.6,0.701114,0.675534,0.65156,0.038465,0.018476,31,26,24,0.651945,0.657711,0.652676,0.002761,0.014632,0.695972,0.688681,0.655782,0.126078,0.033362,,,,,,0
2025-08-23,4747.540834,perp,0.087981,9,0.069497,127,1838.9,0.667525,0.675997,0.634774,0.024015,-0.010001,24,14,12,0.656873,0.655839,,-0.001576,-0.028284,0.655672,0.689397,0.642651,0.023405,-0.009074,,,,,,0
2025-08-24,4857.272515,perp,0.079793,16,0.069517,149,2642.5,0.7226,0.68074,0.664029,0.050855,0.018356,23,19,13,0.745438,0.667434,0.692857,0.054302,-0.007726,0.70256,0.681811,0.633272,0.028513,0.028007,,,,,,0
2025-08-25,4560.871622,perp,0.064572,23,0.069497,174,4443.48,0.725965,0.715751,0.674736,0.014338,-0.003414,26,30,23,0.729155,0.723918,0.682157,0.006264,0.030136,0.721451,0.708685,0.668933,0.017059,0.003081,,,,,,0
2025-08-26,4473.044133,perp,0.08906,19,0.069497,164,2038.96,,0.746586,0.707965,,-0.017687,0,26,17,,0.748307,0.707608,,-0.010842,,0.741159,0.698472,,0.004867,,,,,,0
2025-08-27,4619.260034,perp,0.034013,18,0.067771,131,3454.115,,0.69689,0.675251,,-1.6e-05,0,24,11,,0.685825,,,0.003557,,0.714151,0.679438,,0.003472,,,,,,0
2025-08-28,4504.428382,perp,0.064358,15,0.064572,116,2768.66,0.631679,0.686597,0.677866,-0.014064,-0.006761,15,13,9,,0.686158,0.677866,,,0.632309,,,-0.022325,,,,,,,0
2025-08-29,4347.050571,perp,0.074415,14,0.064572,182,5102.617526,0.629759,0.710166,0.697852,-0.031276,-0.027442,34,24,28,,0.710563,0.715651,,-0.041267,0.62827,0.710141,0.695837,-0.021199,-0.017401,,,,,,0
2025-08-30,4368.277045,perp,0.078182,7,0.067771,99,2688.012,0.62993,0.719041,0.674467,-0.036564,-0.069378,25,11,9,,0.723243,,,-0.09355,0.63843,,,-0.046092,,,,,,,0
2025-08-31,4418.594448,perp,0.024979,8,0.067771,110,1620.48,0.627039,0.691557,0.674889,-0.045089,-0.027596,28,13,11,,0.697027,0.681016,,,0.634572,0.668125,,-0.040421,-0.046368,,,,,,0
2025-09-01,4355.892012,perp,-0.022206,5,0.067771,112,1690.84,0.618072,0.671125,0.693029,-0.028517,-0.023207,28,32,14,,0.680284,0.694335,,-0.078974,0.647987,0.659581,,-0.059072,-0.01136,,,,,,0
2025-09-02,4308.952881,perp,0.038791,13,0.064572,140,2790.04,,0.696226,0.676914,,-0.026241,0,31,15,,0.698588,0.674468,,-0.023553,,0.696312,,,-0.035693,,,,,,0
2025-09-03,4418.733031,perp,0.026745,11,0.064358,123,2429.86,,0.676666,0.669169,,-0.025553,0,30,16,,0.675399,0.667498,,-0.05092,,0.668538,0.664895,,-0.015007,,,,,,0
2025-09-04,4312.476142,perp,0.054168,15,0.064358,120,2312.085,0.674995,0.687761,0.682555,-0.039449,-0.030104,17,16,15,,0.68225,,,-0.052588,0.685327,0.683477,0.672288,-0.044639,-0.02129,,,,,,0
2025-09-05,4390.676786,perp,0.054711,8,0.057052,148,6719.5,0.653096,0.656657,0.682724,-0.03636,-0.019309,32,18,13,,0.65808,0.669834,,,0.653381,0.655111,0.704111,-0.031316,0.017833,,,,,,0
2025-09-06,4298.761661,perp,0.102527,5,0.064358,94,2896.38,0.644028,0.665958,0.645358,-0.017369,-0.020491,20,21,18,,0.680157,0.637234,,-0.036633,0.655405,0.650477,0.677048,-0.021869,0.015978,,,,,,0
2025-09-07,4287.668298,perp,0.016289,8,0.054711,101,2167.64,0.672903,0.650925,0.651293,-0.063347,-0.025106,25,22,18,,0.652708,0.652535,,-0.034749,0.673449,0.642604,0.708581,-0.101974,-0.007159,,,,,,0
2025-09-08,4322.371659,perp,0.040994,4,0.054168,105,1629.26,0.646452,0.648135,0.66103,-0.039964,-0.03588,22,19,20,,0.646917,0.666864,,-0.032418,0.647931,0.644409,0.659626,-0.038648,-0.040521,,,,,,0
2025-09-09,4299.404008,perp,0.059219,6,0.054168,108,2686.48,,0.647096,0.663832,,-0.006798,0,21,18,,0.648726,0.663312,,-0.064703,,0.637986,0.655519,,-0.011173,,,,,,0
2025-09-10,4322.122928,perp,0.042233,12,0.042233,119,4454.34,,0.643447,0.665784,,-0.030503,0,28,24,,0.643538,0.648655,,-0.002018,,0.649406,0.672247,,-0.035782,,,,,,0
2025-09-11,4420.151175,perp,0.059558,11,0.054168,112,3975.46,0.615385,,0.648827,-0.028745,,16,0,22,,,0.647915,,,0.617828,,0.646589,-0.031321,,,,,,,0
2025-09-12,4569.534736,perp,0.05991,9,0.054168,145,5916.26,0.587684,0.615675,0.637373,-0.023871,-0.007173,29,22,26,0.591713,,0.656795,-0.028707,,0.58992,,0.63545,-0.026069,,,,,,,0
2025-09-13,4720.63141,perp,0.048395,10,0.048395,123,1618.14,0.603708,0.612229,0.633439,-0.004283,-0.003193,24,18,18,0.606924,,0.629494,-0.012329,,0.593145,,,-0.017621,,,,,,,0
2025-09-14,4619.379314,perp,0.070793,4,0.048395,97,2284.228,0.604222,0.598156,0.634448,-0.008903,-0.011064,21,22,20,0.60966,0.601439,0.619959,-0.033189,,0.594107,,0.621186,0.055009,,,,,,,0
2025-09-15,4583.466621,perp,0.123005,10,0.054168,124,2638.9652,0.632424,0.60393,0.598411,0.00515,-0.011867,27,23,30,0.63464,0.594918,0.593497,-0.00155,-0.038219,0.633562,,0.617848,0.012881,,,,,,,0
2025-09-16,4506.94352,perp,0.055983,5,0.054711,118,6725.74,,0.611386,,,-0.004353,0,19,0,,0.611002,,,,,,,,,,,,,,0
2025-09-17,4499.657674,perp,0.086794,8,0.055983,105,2760.46,,0.617975,0.648787,,-0.010467,0,22,7,,0.620923,,,0.011178,,,,,,,,,,,0
2025-09-18,4610.047195,perp,0.071108,11,0.059219,115,2657.5692,0.589009,,0.622585,-0.010458,,14,0,13,0.579244,,0.623006,-0.070867,,,,,,,,,,,,0
2025-09-19,4482.46084,perp,0.068655,9,0.059558,118,5779.97,0.539903,0.573243,,-0.036292,-0.022849,26,25,0,0.535742,0.575272,,-0.022782,-0.026462,,,,,,,,,,,0
2025-09-20,4473.301024,perp,0.111384,2,0.05991,76,1397.68,0.526102,0.573808,,-0.020585,-0.015425,23,20,0,0.52952,0.574092,,-0.035357,-0.014134,,,,,,,,,,,0
2025-09-21,4472.159117,perp,0.068923,4,0.05991,76,514.58,0.530511,0.582348,0.589851,-0.044497,-0.013731,21,14,6,0.533021,0.588378,,-0.051409,,,,,,,,,,,,0
2025-09-22,4192.087748,perp,0.069475,18,0.068655,188,6079.815138,0.6256,0.618899,0.638937,-0.048938,-0.04066,24,33,24,0.61656,0.618576,0.638241,-0.072603,-0.028451,,0.605107,0.636652,,-0.058147,,,,,,0
2025-09-23,4180.584766,perp,0.063134,9,0.068655,129,2250.34,0.594384,0.614206,0.628282,-0.041896,-0.033834,20,20,17,0.595127,0.616936,,-0.043471,-0.062769,,0.617819,0.629707,,-0.024525,,,,,,0
2025-09-24,4156.310051,perp,0.06911,14,0.068923,132,5010.16,0.586926,0.614473,0.631961,-0.062895,-0.039002,16,25,18,0.576119,0.61809,0.630751,-0.121921,-0.051974,,0.617229,0.63276,,-0.041389,,,,,,0
2025-09-25,3958.167595,perp,0.045655,35,0.068923,209,18185.86,0.654566,0.632567,0.650806,-0.086375,-0.056778,29,17,32,0.649325,0.635035,0.638187,-0.083464,-0.060271,,,0.726666,,,,,,,,0
2025-09-26,3919.103821,perp,0.044045,25,0.068923,190,12336.004,0.619052,0.625331,0.644275,-0.04266,-0.035544,31,26,30,0.617661,0.63348,0.633089,-0.043056,-0.036474,0.657426,0.626334,0.589501,,-0.047249,,,,,,0
2025-09-27,4021.530105,perp,0.066645,3,0.068923,94,1297.78,0.601023,0.628379,0.634091,-0.023373,-0.033077,26,13,13,0.600118,0.631169,0.633824,-0.021973,-0.038583,0.596119,0.62051,,-0.036674,-0.046198,,,,,,0
2025-09-28,4016.298953,perp,0.098629,7,0.06911,94,1095.0,0.62435,0.643521,0.623415,-0.020921,-0.005835,17,21,12,0.61945,0.6421,0.626535,-0.01515,0.018801,,0.63457,,,-0.020027,,,,,,0
2025-09-29,4140.292955,perp,0.037505,18,0.068923,139,2814.84,0.591665,0.614565,0.635224,-0.013444,-0.021863,22,38,18,0.594342,0.611384,0.635211,-0.019412,-0.023404,,0.614322,0.625244,,-0.027427,,,,,,0
2025-09-30,4147.430889,perp,0.045547,7,0.068655,132,3395.6,0.569176,0.608069,0.639796,-0.018136,-0.01158,19,33,17,0.568033,0.605922,0.638585,-0.018035,-0.00922,,0.607686,0.626452,,-0.01427,,,,,,0
2025-10-01,4291.44617,perp,0.056659,19,0.068655,172,4584.78,0.557639,0.605976,0.622864,-0.025134,-0.016689,17,44,29,,0.605795,0.612501,,-0.002659,0.543833,0.609915,0.644343,0.045099,-0.023808,,,,,,0
2025-10-02,4463.367874,perp,0.034959,24,0.066645,169,5205.14,0.553238,0.609671,0.624449,-0.029591,-0.019717,20,25,23,0.55787,0.60653,0.62767,-0.04083,-0.018597,,0.611423,0.620064,,-0.024211,,,,,,0
2025-10-03,4480.515582,perp,0.062398,21,0.063134,224,11169.64,0.540441,0.608866,0.626188,-0.0406,-0.021643,29,40,42,0.551258,0.607213,0.627448,-0.051674,-0.023666,0.575581,0.610123,0.623192,-0.050835,-0.021244,,,,,,0
2025-10-04,4493.527245,perp,0.027715,5,0.062398,116,915.6,0.56663,0.608096,0.627805,-0.017912,-0.020711,27,27,19,0.561059,0.611178,0.626102,0.001676,-0.012399,0.551043,0.603558,0.621454,-0.010491,-0.017754,,,,,,0
2025-10-05,4551.340638,perp,0.069692,11,0.062398,122,1808.4,0.589753,0.615982,0.628102,-0.012819,-0.011594,29,32,16,0.582734,0.61177,,0.035692,-0.015272,0.604279,,,-0.031296,,,,,,,0
2025-10-06,4601.39278,perp,0.057396,20,0.057396,173,9554.892,0.59799,0.615162,0.635423,0.006466,-0.006467,27,47,29,0.606008,0.613245,0.634859,-0.00988,-0.007662,0.573654,0.619161,0.630929,0.043597,-0.005326,,,,,,0
2025-10-07,4597.922048,perp,0.05713,17,0.05713,162,3995.68,0.621476,0.622511,0.635157,-0.016704,-0.008957,13,41,26,,0.616184,0.622012,,-0.010466,0.620361,0.636446,0.650402,-0.019324,-0.014861,,,,,,0
2025-10-08,4458.055891,perp,0.064177,14,0.05713,156,2798.92,0.598618,0.620955,0.64087,-0.055324,-0.022606,19,40,28,,0.619163,0.64172,,-0.021858,0.603374,0.625108,0.629208,-0.065052,-0.022552,,,,,,0
2025-10-09,4344.056139,perp,0.058963,23,0.05713,156,2117.82,0.574126,0.62155,0.644721,-0.034097,-0.015129,19,29,26,,0.6224,0.634373,,-0.011332,0.57329,0.618419,0.66545,-0.029339,-0.014324,,,,,,0
2025-10-10,4001.462677,perp,0.08989,31,0.057396,229,10447.570912,0.63688,0.655894,0.688707,-0.047517,-0.000307,37,39,42,0.609684,0.660111,0.672398,-0.113984,0.001445,0.633045,0.62235,0.687631,-0.047952,-0.120239,,,,,,0
2025-10-11,3776.211715,perp,0.08005,28,0.058963,208,4483.62,0.776165,0.681893,0.710188,-0.041414,0.025924,37,34,39,,0.68083,0.712064,,0.021918,0.771632,0.708022,0.709459,-0.042446,,,,,,,0
2025-10-12,4047.246069,perp,0.053709,20,0.057396,187,4239.813878,0.741619,0.698887,0.708747,-0.062862,0.022329,42,37,35,,0.696076,0.695667,,0.018072,0.758917,0.701593,0.722972,-0.091164,0.038698,,,,,,0
2025-10-13,4145.04703,perp,0.042994,15,0.05713,159,4177.24,0.691086,0.681015,0.671719,-0.004944,-0.008677,25,31,30,,0.68348,0.664603,,-0.016061,0.687515,0.68054,0.672959,0.002197,0.000128,,,,,,0
2025-10-14,4002.600716,perp,0.036735,18,0.05713,188,3338.64,0.757289,0.727421,0.697105,-0.072886,-0.004936,25,30,16,,0.728796,0.688731,,-0.01299,0.7616,0.739924,0.702694,-0.083857,-0.034681,,,,,,0
2025-10-15,4013.163357,perp,0.043747,8,0.05713,153,3764.3,0.710032,0.727398,0.707996,-0.054957,-0.026806,19,27,17,,0.731033,,,-0.029923,0.7155,,0.712051,-0.057324,,,,,,,0
2025-10-16,3930.209564,perp,0.051266,17,0.05713,170,7148.908,0.73088,,0.703738,-0.099068,,26,0,17,0.720041,,,,,0.72919,,0.703753,-0.098599,,,,,,,0
2025-10-17,3824.472847,perp,0.059293,20,0.057396,206,12545.22,0.747017,0.732726,0.712168,-0.069654,-0.039278,46,26,19,0.766756,0.737426,,-0.06431,-0.063926,0.748113,0.747906,0.712178,-0.083007,,,,,,,0
2025-10-18,3886.519655,perp,0.040538,8,0.05713,120,2936.38,0.708922,0.717644,0.782036,-0.064176,-0.042865,29,20,8,0.737024,0.714954,,-0.066368,-0.04002,0.709968,,,-0.066119,,,,,,,0
2025-10-19,3911.561096,perp,0.034346,10,0.05713,131,2085.62,0.714382,0.712309,0.700236,-0.064547,-0.045324,27,21,14,0.733645,0.706091,,-0.054872,-0.037042,0.708981,,0.699962,-0.101183,,,,,,,0
2025-10-20,3983.847575,perp,0.049381,10,0.053709,135,4183.76,0.704468,0.708548,0.69321,-0.068806,-0.033559,26,23,16,0.710011,0.713795,0.706756,-0.066692,-0.067351,0.693042,,0.683504,-0.083913,,,,,,,0
2025-10-21,3933.873752,perp,0.042919,13,0.051266,145,3409.06,0.704125,0.712476,0.643211,-0.057914,-0.049536,17,21,17,0.708827,0.713115,,-0.053814,-0.063027,,,0.755639,,,,,,,,0
2025-10-22,3838.243182,perp,0.048328,8,0.049381,146,3032.48,0.722967,0.722641,,-0.062335,-0.037526,20,22,0,0.720333,0.722291,,-0.062284,-0.037433,,,,,,,,,,,0
2025-10-23,3883.288523,perp,0.033759,8,0.048328,120,4318.384,0.71393,0.695123,0.699179,-0.05132,-0.037252,18,13,14,0.714487,0.691362,0.695578,-0.051753,-0.031243,,,,,,,,,,,0
2025-10-24,3942.592932,perp,0.047883,4,0.047883,134,5083.46,0.673155,0.684542,,-0.067711,-0.041788,24,23,0,0.677905,0.684281,,-0.068463,-0.050508,,,,,,,,,,,0
2025-10-25,3936.304563,perp,0.052204,4,0.047883,118,1464.5,0.637456,0.67324,,-0.055751,-0.038832,22,30,0,0.633933,0.672642,,-0.054135,-0.033888,0.620471,,,-0.1321,,,,,,,0
2025-10-26,4028.208768,perp,0.035168,8,0.043747,165,5010.96,0.67052,0.675479,0.690704,-0.032973,-0.023211,30,31,13,0.667494,0.675344,,-0.030607,-0.020782,,,,,,,,,,,0
2025-10-27,4185.289,perp,0.039863,16,0.042994,164,4146.6,0.674682,0.671039,0.680403,-0.008427,-0.003714,23,41,17,0.677057,0.672509,,-0.011163,-0.006677,,0.66849,0.682005,,-0.004169,,,,,,0
2025-10-28,3982.572952,perp,0.051062,16,0.043747,155,2477.7,0.66791,0.670902,0.579705,-0.035881,-0.023989,17,39,13,0.6697,0.668988,,-0.023071,-0.018099,0.678938,0.664813,0.584414,,,,,,,,0
2025-10-29,3961.909221,perp,0.05678,16,0.047883,163,3840.119266,0.6702,0.675864,0.703084,-0.031989,-0.030857,23,51,19,0.659276,0.675071,,-0.019986,-0.027395,,0.675851,0.703542,,-0.021169,,,,,,0
2025-10-30,3739.171444,perp,0.020584,22,0.047883,204,10012.1698,0.654626,0.67124,0.578531,-0.071285,-0.044487,24,36,19,0.656627,0.672472,0.580973,-0.067042,-0.044958,,0.674475,,,-0.045988,,,,,,0
2025-10-31,3868.083776,perp,0.032932,12,0.042919,169,8889.508,0.599779,0.656245,0.679131,-0.041929,-0.021172,34,44,24,0.605136,0.662899,0.68003,-0.045181,-0.021494,0.61403,0.65114,0.682222,-0.009825,-0.030823,,,,,,0
2025-11-01,3881.334053,perp,0.047223,7,0.042919,104,414.29,0.603975,0.662832,0.663284,-0.030188,-0.032344,17,34,16,0.611241,0.661812,0.653528,-0.056586,-0.027293,0.59926,0.663285,,,-0.024131,,,,,,0
2025-11-02,3895.980432,perp,0.044465,11,0.044465,137,1406.174,0.638276,0.666605,0.700834,-0.042742,-0.04365,34,29,16,0.639405,0.665332,,-0.043667,-0.044579,0.63453,0.666614,0.702699,-0.117462,-0.040003,,,,,,0
2025-11-03,3708.922562,perp,0.050521,26,0.047223,217,4622.15,0.689285,0.676695,0.68064,-0.043512,-0.029093,28,51,26,0.688606,0.676649,0.680047,-0.04661,-0.029352,,0.676963,0.528623,,-0.027374,,,,,,0
2025-11-04,3246.875221,perp,0.040031,31,0.044465,288,10711.220138,0.828004,0.731738,0.710469,-0.090029,-0.048446,21,47,42,0.834736,0.738447,,-0.105606,-0.054558,,0.728685,0.707279,,-0.049484,,,,,,0
2025-11-05,3367.717882,perp,0.024485,21,0.044465,183,3642.176458,0.75245,0.703313,0.708459,-0.05179,-0.029234,18,41,28,0.752334,0.698577,,-0.055642,-0.024363,,0.708034,0.71202,,-0.040752,,,,,,0
2025-11-06,3311.823506,perp,0.02487,11,0.040031,133,2530.503959,0.700287,0.697837,0.693382,-0.07783,-0.036134,14,28,22,0.703903,0.701834,,-0.08613,-0.038065,,0.687096,0.687127,,-0.029672,,,,,,0
2025-11-07,3333.312081,perp,0.030868,11,0.040031,175,7700.2612,0.687687,0.698092,0.701277,-0.057507,-0.02913,31,30,25,0.699793,0.69835,,-0.064628,-0.02692,0.694686,0.697318,0.695707,-0.055961,-0.030847,,,,,,0
2025-11-08,3423.08722,perp,0.02834,8,0.039863,123,1486.702,0.674806,0.693158,0.68421,-0.053508,-0.023388,25,27,24,0.671385,0.695783,0.685913,-0.030188,-0.02215,0.66549,0.693385,0.682098,-0.043432,-0.02818,,,,,,0
2025-11-09,3531.299929,perp,0.011931,10,0.035168,146,2259.5827,0.727148,0.715945,0.707071,-0.030128,-0.026356,36,29,27,0.723613,0.722318,0.703725,-0.005663,-0.028531,0.742349,0.713702,0.716353,-0.040147,-0.021556,,,,,,0
2025-11-10,3568.143553,perp,0.029914,10,0.032932,129,2760.46,0.739416,0.717657,0.712638,-0.029491,-0.020982,24,23,21,0.746038,0.714019,0.706181,-0.027399,-0.019797,,0.720792,0.715778,,-0.022378,,,,,,0
2025-11-11,3478.319777,perp,0.036256,8,0.032932,117,2227.0108,0.699991,0.705377,,-0.046671,-0.014854,14,26,0,,0.699867,,,-0.016152,0.703489,0.706396,,-0.050382,-0.009941,,,,,,0
2025-11-12,3424.672976,perp,0.04437,6,0.032932,116,3549.407338,0.709304,0.713616,0.711147,-0.039373,-0.020129,18,21,5,,0.712592,0.711147,,-0.020638,0.706026,0.711893,,-0.042787,-0.015268,,,,,,0
2025-11-13,3385.455675,perp,0.043773,17,0.032932,181,6768.609022,0.722081,,,0.006868,,22,0,0,,,,,,0.713017,,,-0.067908,,,,,,,0
2025-11-14,3158.403203,perp,0.043089,13,0.036256,177,10756.273488,0.78101,0.716487,,-0.067703,-0.045505,36,20,0,0.755682,0.707474,,-0.071935,-0.045598,0.781418,,,-0.075156,,,,,,,0
2025-11-15,3151.998401,perp,0.041886,7,0.040031,94,1213.22,0.758109,0.730092,,-0.067059,-0.032889,18,19,0,0.775471,0.736168,,-0.07091,-0.027178,0.753154,0.725375,,-0.060209,-0.046792,,,,,,0
2025-11-16,3200.486619,perp,0.041142,12,0.040031,139,2830.214418,0.811643,0.746924,,-0.033319,-0.023916,23,21,0,0.745038,0.747633,,-0.043725,-0.01989,0.812063,0.750608,,-0.049186,-0.024847,,,,,,0
2025-11-17,3117.137234,perp,0.033571,17,0.036256,185,6250.12854,0.823935,0.753319,0.725712,-0.068188,-0.034682,22,30,19,0.728978,0.754984,0.727034,-0.124007,-0.032231,0.818676,0.749965,0.729357,-0.073233,-0.042796,,,,,,0
2025-11-18,3117.010562,perp,0.054329,13,0.036256,147,3295.592334,0.803574,0.74633,0.729117,-0.056656,-0.034223,15,28,15,0.791078,0.742515,,-0.085337,-0.037929,,0.747654,,,-0.031391,,,,,,0
2025-11-19,2956.549871,perp,0.040554,15,0.036256,179,7543.556442,0.779594,0.74335,0.736598,-0.063977,-0.033471,14,25,16,0.781572,0.751751,0.737218,-0.093469,-0.042555,,0.755964,,,,,,,,,0
2025-11-20,2863.309454,perp,0.062023,13,0.040554,181,6560.342654,0.820635,0.749267,0.733535,-0.068396,-0.04294,21,16,23,0.809085,,0.733056,-0.100065,,0.82188,0.755906,,-0.116869,,,,,,,0
2025-11-21,2753.452384,perp,0.045312,17,0.041142,198,10695.612542,0.86846,0.794905,0.756451,-0.079584,-0.034728,28,29,27,0.865697,0.794061,0.75946,-0.07756,-0.031932,0.856518,0.796208,0.753278,-0.210628,-0.035009,,,,,,0
2025-11-22,2732.034257,perp,0.039811,15,0.041142,110,3846.02,0.808795,0.76853,0.742249,-0.097107,-0.059032,21,19,12,,0.777847,0.744218,,-0.066762,,0.766085,0.756368,,-0.044015,,,,,,0
2025-11-23,2809.240642,perp,0.054111,6,0.041886,101,1484.56,0.824737,0.769554,0.747539,-0.108114,-0.059827,16,18,11,0.824652,0.761405,,,-0.038192,,0.776593,,,-0.088521,,,,,,0
2025-11-24,2832.532808,perp,0.036785,12,0.041886,145,3044.7,0.778266,0.754062,0.743459,-0.10797,-0.046931,17,23,18,0.799638,0.754155,0.756077,,-0.047661,,0.755991,0.739515,,-0.054181,,,,,,0
2025-11-25,2939.432821,perp,0.024087,5,0.041886,111,2055.56,0.711772,0.73439,0.73159,-0.051237,-0.036934,16,23,8,0.710971,0.726025,,-0.068685,-0.029993,,0.738733,,,-0.047596,,,,,,0
2025-11-26,2950.106206,perp,0.046936,7,0.043089,115,2628.851216,0.654692,0.724141,,-0.058562,-0.018392,8,22,0,0.656524,0.722609,,-0.056247,-0.021592,,0.727663,,,-0.025627,,,,,,0
2025-11-27,3036.339689,perp,0.03344,6,0.041886,95,1425.76,0.64786,0.693404,0.700032,-0.020915,-0.020558,14,12,13,0.64786,,0.703454,-0.020915,,,0.694407,,,-0.026366,,,,,,0
2025-11-28,3020.171472,perp,0.032926,9,0.041142,126,2640.151834,0.6212,0.68383,0.701825,-0.060844,-0.03856,31,22,10,0.6256,0.680244,,-0.055122,-0.037371,0.611483,0.687586,0.697613,-0.045775,-0.037534,,,,,,0
2025-11-29,2996.019913,perp,0.053204,5,0.041142,73,940.2,0.64223,0.686934,,-0.056258,-0.026597,16,18,0,0.637531,0.677652,,-0.061948,-0.045499,,0.686779,,,-0.028314,,,,,,0
2025-11-30,3034.082272,perp,0.02508,6,0.040554,79,2393.08,0.675004,0.692216,0.701492,-0.066921,-0.033839,12,17,9,0.675004,0.698291,,-0.066921,-0.021621,,0.693359,,,-0.03796,,,,,,0
2025-12-01,2873.637599,perp,0.037162,16,0.039811,167,6054.52,0.731885,0.71392,0.710688,-0.033144,-0.036756,21,37,31,0.719267,0.714383,0.708642,-0.011425,-0.024385,,0.708923,0.713785,,-0.049895,,,,,,0
2025-12-02,2899.506561,perp,0.029246,18,0.039811,170,4512.36,0.700705,0.69834,0.700299,-0.066437,-0.037021,14,42,32,0.697966,0.696285,0.703755,-0.046584,-0.033896,0.675426,0.699317,0.703411,-0.197511,-0.044487,,,,,,0
2025-12-03,3187.63601,perp,0.046404,9,0.039811,143,3979.428126,0.661887,0.672219,0.682004,0.001604,-0.019305,14,36,26,,0.673066,0.687194,,-0.025787,0.689407,0.671975,0.682207,0.007124,-0.014813,,,,,,0
2025-12-04,3124.292233,perp,0.022287,13,0.037162,131,2557.06,0.666255,0.676359,0.686678,-0.029503,-0.041321,19,26,23,0.67327,0.67605,0.680045,-0.025155,-0.032239,0.669841,0.675025,0.685646,-0.047941,-0.049258,,,,,,0
2025-12-05,3038.705416,perp,-0.003149,6,0.036785,136,3984.454,0.679271,0.688071,0.691086,-0.051671,-0.054421,28,21,17,0.688017,0.677115,0.674154,-0.054814,-0.05683,0.640782,0.698698,0.699065,-0.049997,-0.055248,,,,,,0
2025-12-06,3033.095385,perp,0.018928,5,0.03344,83,1118.1,0.701787,0.695271,0.704424,-0.056736,-0.053608,24,11,8,0.695949,,,-0.061523,,0.701406,,,-0.069706,,,,,,,0
2025-12-07,3109.789228,perp,0.003859,4,0.032926,98,2097.08,0.774366,0.719588,0.710701,-0.039084,-0.049223,24,21,18,0.765824,0.704668,0.718581,-0.044044,-0.047297,,0.729037,0.71869,,-0.047303,,,,,,0
2025-12-08,3124.66991,perp,0.033271,8,0.032926,108,3312.04,0.744227,0.70504,0.709534,-0.050597,-0.054848,21,17,19,0.74664,0.674905,0.704234,-0.040448,-0.110317,,0.710575,0.710654,,-0.062526,,,,,,0
2025-12-09,3178.369554,perp,0.010231,18,0.029246,161,5726.66,0.754577,0.702309,0.696845,-0.116919,-0.075746,18,23,29,0.768398,0.695103,0.697077,-0.027392,-0.064931,,0.708486,0.697156,,-0.09414,,,,,,0
2025-12-10,3329.018594,perp,0.013549,15,0.029246,161,14359.040382,0.666008,0.687702,0.6936,-0.054129,-0.062054,18,30,32,,0.692056,0.695576,,-0.06476,0.618169,0.690683,0.692932,-0.036595,-0.063664,,,,,,0
2025-12-11,3237.638304,perp,0.044768,10,0.029246,126,2478.28,0.64557,,0.682157,-0.043359,,17,0,29,0.663192,,0.678376,-0.052618,,0.712232,,0.680735,-0.002414,,,,,,,0
2025-12-12,3206.165956,perp,0.000551,5,0.02508,125,9674.2,0.630899,0.646993,0.682899,-0.048017,-0.053657,28,14,18,0.64059,0.643825,0.694718,-0.04379,-0.059115,0.636826,,0.680234,-0.04564,,,,,,,0
2025-12-13,3111.150923,perp,0.026767,9,0.02508,82,1628.96,0.630748,0.650804,0.67948,-0.033374,-0.049347,20,14,13,0.626786,0.650804,,-0.030814,-0.049347,0.643021,,0.682212,-0.04393,,,,,,,0
2025-12-14,3080.999392,perp,0.037422,8,0.02508,103,6365.412,0.710114,0.668314,0.687215,-0.078499,-0.053607,22,15,13,0.726993,0.668171,0.657671,-0.064359,-0.069357,0.717094,,0.68515,-0.067005,,,,,,,0
2025-12-15,2976.18681,perp,0.038955,11,0.026767,151,18322.498994,0.691498,0.666772,0.678749,-0.091437,-0.051259,25,28,32,0.666613,0.66456,0.675536,-0.122089,-0.043477,0.708263,,0.684175,-0.064746,,,,,,,0
2025-12-16,2924.496296,perp,0.043893,6,0.026767,117,4991.78,0.697976,0.671734,0.682215,-0.047442,-0.056244,13,20,11,,0.670499,,,,,,,,,,,,,,0
2025-12-17,2906.322895,perp,0.036407,11,0.026767,153,14315.76,0.646739,0.666637,0.678635,-0.015576,-0.042621,16,25,24,0.655747,0.663598,0.680252,-0.037923,,0.639274,,0.678744,-0.019471,,,,,,,0
2025-12-18,2827.108911,perp,0.035008,12,0.026767,165,4804.152972,0.65984,,0.689719,-0.05665,,12,0,11,,,,,,0.65898,,,,,,,,,,0
2025-12-19,2924.935391,perp,0.01601,6,0.026767,132,14294.7928,0.651716,0.649935,0.67889,-0.063089,-0.045012,20,21,13,0.668519,0.656605,,-0.049951,,0.652868,,,-0.029743,,,,,,,0
2025-12-20,2984.922168,perp,0.020333,2,0.026767,69,17285.84,0.622063,0.655822,,-0.041593,,13,6,0,0.621273,,,-0.05557,,0.622894,,,-0.042917,,,,,,,0
2025-12-21,2985.502654,perp,0.028117,1,0.028117,68,1032.76,0.657413,0.658291,,-0.037789,-0.034067,9,16,0,,0.658346,,,-0.031891,0.656588,,,-0.035857,,,,,,,0
2025-12-22,3005.012909,perp,0.042485,4,0.033271,94,10267.48,0.650687,0.647491,0.667805,-0.048202,-0.050447,18,18,7,0.690683,0.647034,,-0.016707,-0.062077,0.632695,,0.667805,-0.060837,,,,,,,0
2025-12-23,2959.115312,perp,0.03523,9,0.035008,113,4370.0,0.607845,0.645026,0.670934,-0.040527,-0.041193,7,20,10,,0.644817,,,-0.036516,,,0.671426,,,,,,,,0
2025-12-24,2926.360141,perp,0.041254,5,0.03523,89,10006.62,0.5144,0.640158,0.662128,-0.04603,-0.048056,12,16,12,,0.640981,,,-0.047651,,,0.663359,,,,,,,,0
2025-12-25,2929.854867,perp,0.045528,4,0.036407,68,1052.74,0.5102,0.617882,0.648421,-0.020844,-0.053436,12,12,7,0.519714,0.618366,,-0.026435,,,,,,,,,,,,0
2025-12-26,2961.167989,perp,0.030246,6,0.03523,121,4348.102574,0.487801,0.581666,0.638333,-0.02541,-0.037069,20,25,15,0.493753,0.578158,,-0.009816,-0.047923,,0.579807,0.634835,,-0.036239,,,,,,0
2025-12-27,2928.470795,perp,0.030917,3,0.03523,70,7592.2,0.482016,0.576081,0.62095,-0.00647,-0.046387,13,13,7,0.48102,0.575656,,,-0.077919,0.495043,0.588006,,-0.026178,-0.030252,,,,,,0
2025-12-28,2931.002264,perp,0.032283,2,0.03523,88,1147.98,0.528196,0.592395,0.637838,-0.007237,-0.021314,15,15,9,0.529171,0.591751,,-0.023751,-0.024205,,,0.637964,,,,,,,,0
2025-12-29,2954.556458,perp,0.043076,6,0.03523,111,3329.72,0.566848,0.599163,0.62945,-0.025246,-0.032369,17,29,22,0.565318,0.598475,0.623734,-0.034335,-0.032493,,0.598353,0.630055,,-0.026157,,,,,,0
2025-12-30,2981.291429,perp,-0.00833,2,0.035008,78,17891.3,0.4946,0.592349,0.631877,-0.014775,-0.03823,12,13,16,0.495187,0.595559,0.628299,-0.016325,-0.045734,,,0.633934,,,,,,,,0
2025-12-31,2997.85102,perp,0.008651,1,0.032283,69,1492.62,,0.582536,0.627019,,-0.017175,0,24,16,,0.585072,,,-0.022789,,0.580591,0.625913,,-0.01063,,,,,,0
2026-01-01,2994.2,perp,0.029916,6,0.030917,71,1969.72,0.484467,0.582864,0.624562,0.001862,-0.025809,11,15,13,0.498528,0.582442,,0.015534,-0.023891,,0.559504,0.620246,,-0.042793,,,,,,0
2026-01-02,3100.220048,perp,0.029739,6,0.030246,137,6601.38,0.506016,0.579708,0.618207,0.01492,-0.000678,25,28,22,0.510172,0.58157,0.62349,0.017312,0.002644,,0.605695,0.620547,,-0.011113,,,,,,0
2026-01-03,3124.694091,perp,0.019567,4,0.030246,99,2564.6,0.523786,0.583679,0.617006,-0.011922,-0.021443,19,22,18,0.533684,0.581069,,-0.013466,-0.020088,,0.60127,0.626183,,-0.01287,,,,,,0
2026-01-04,3147.622422,perp,0.037672,7,0.030917,99,18137.84,0.58093,0.60049,0.634567,-0.00505,-0.03148,22,20,17,0.590374,0.601162,0.617397,-0.001773,-0.040007,,0.646414,0.63487,,-0.015844,,,,,,0
2026-01-05,3169.216757,perp,0.034939,14,0.032283,141,6317.62,0.593503,0.601039,0.631185,-0.014426,-0.015987,20,36,37,0.586184,0.5996,0.631671,-0.010436,-0.016379,,0.627501,0.630946,,-0.010352,,,,,,0
2026-01-06,3211.854865,perp,0.030091,11,0.030917,145,5932.92,0.597117,0.597122,0.626962,-0.005826,-0.022774,14,38,26,,0.594281,,,-0.017012,,0.599143,0.625978,,-0.027454,,,,,,0
2026-01-07,3200.27771,perp,0.034164,8,0.030917,99,4282.92,0.555513,0.586517,0.624498,-0.023238,-0.009594,8,22,15,,0.583044,,,-0.01288,,0.593163,0.623957,,-0.014833,,,,,,0
2026-01-08,3101.857292,perp,0.030711,7,0.030711,113,19658.2,0.542497,0.588385,0.622187,-0.044752,-0.033379,14,20,20,,0.588812,,,-0.03242,0.543893,0.586351,0.622475,-0.062039,-0.035227,,,,,,0
2026-01-09,3107.470797,perp,0.038965,4,0.030711,90,3996.28,0.519976,0.566844,0.611375,-0.037901,-0.028936,16,26,19,,0.56705,,,-0.018518,0.520299,0.575329,0.613287,-0.036735,-0.025046,,,,,,0
2026-01-10,3092.137141,perp,,0,0.030814,52,1551.02,0.480999,,0.587755,-0.041777,,7,0,12,,,,,,,,0.582579,,,,,,,,0
2026-01-11,3097.427733,perp,0.031635,1,0.031173,50,2261.86,0.508986,,,-0.035482,,13,0,0,,,,,,,,,,,,,,,,0
2026-01-12,3122.365218,perp,0.037946,37,0.031173,216,42804.56,0.506926,0.561538,0.610065,-0.026693,-0.029422,18,34,65,,0.560683,0.611421,,-0.030377,,0.564963,0.609037,,-0.026983,,,,,,0
2026-01-13,3269.010204,perp,0.045586,7,0.031173,110,5075.705,0.52697,0.554783,0.612078,-0.059278,-0.013451,10,23,9,,0.578553,,,-0.005434,,,,,,,,,,,0
2026-01-14,3354.89101,perp,0.03086,9,0.031248,124,5880.14,0.505256,0.552863,0.587131,-0.005555,-0.017434,15,24,17,,0.561139,,,-0.015305,0.506725,0.552209,0.587484,-0.009997,-0.016947,,,,,,0
2026-01-15,3319.011193,perp,0.04302,7,0.032899,95,4609.66,0.489363,,0.591074,-0.01925,,12,0,6,0.493967,,,-0.017606,,,,,,,,,,,,0
2026-01-16,3300.423536,perp,0.025284,4,0.032899,93,4662.66,0.457753,0.527296,0.576594,-0.021438,-0.026298,21,11,6,0.45783,,,-0.020326,,,0.526179,,,-0.02387,,,,,,0
2026-01-17,3290.0,perp,,0,0.034164,58,3684.9,0.431451,0.518101,,-0.017134,-0.030079,16,14,0,0.429606,,,-0.01568,,,0.519495,,,-0.027832,,,,,,0
2026-01-18,3341.541738,perp,,0,0.034551,53,1707.9,0.496273,0.536553,,-0.002967,-0.031741,11,14,0,0.49456,,,-0.001281,,,0.535767,,,-0.032051,,,,,,0
2026-01-19,3202.611016,perp,0.03515,3,0.034551,89,3260.84,0.507904,0.53747,0.580047,-0.005364,-0.018714,13,23,15,0.507904,,0.579894,-0.005364,,,0.536939,0.579866,,-0.014698,,,,,,0
2026-01-20,3027.801334,perp,0.041802,11,0.034657,139,10807.80356,0.536382,0.542066,0.577323,-0.049811,-0.029369,14,25,22,,,0.590792,,,,0.542212,0.575131,,-0.018808,,,,,,0
2026-01-21,2967.283722,perp,0.029664,9,0.034657,121,7573.58,0.522127,0.549179,0.586507,-0.057114,-0.040662,11,20,18,,,,,,,0.548864,0.586571,,-0.04544,,,,,,0
2026-01-22,2953.793361,perp,0.056141,6,0.036548,88,4148.3,0.505529,,0.599932,-0.04064,,11,0,11,0.501678,,,-0.035392,,,,,,,,,,,,0
2026-01-23,2953.246128,perp,0.035591,6,0.036769,105,6548.78,0.461966,0.517026,,-0.043145,-0.032731,15,17,0,0.469109,0.522435,,-0.037061,-0.033579,,0.522529,,,-0.025973,,,,,,0
2026-01-24,2955.150545,perp,0.027587,3,0.03537,63,1330.9,0.483007,0.522585,0.574722,-0.063248,,14,9,6,0.490144,,,-0.060282,,,,,,,,,,,,0
2026-01-25,2823.773393,perp,0.024519,8,0.03515,118,3133.16,0.59381,0.551857,0.587951,-0.09969,-0.055722,16,16,17,0.600502,0.550223,0.593989,-0.117705,-0.086475,0.587053,0.544377,0.591521,-0.102641,-0.078759,,,,,,0
2026-01-26,2890.866029,perp,0.035854,4,0.035591,82,2841.96,0.552709,0.553824,0.585926,-0.064052,-0.02749,10,26,12,,0.553776,,,-0.037166,,0.545055,,,-0.024212,,,,,,0
2026-01-27,3001.68094,perp,0.035909,7,0.035591,125,8944.4,0.515588,0.531005,0.573394,-0.0426,-0.030773,11,31,18,,0.532849,0.579347,,-0.027837,,0.530625,0.57331,,-0.032931,,,,,,0
2026-01-28,3007.840119,perp,0.030989,3,0.03515,99,8035.04,0.493248,0.53055,0.575557,-0.005948,-0.020487,8,26,19,,,0.577108,,,,0.5284,0.571157,,-0.016449,,,,,,0
2026-01-29,2817.488343,perp,0.044403,10,0.035591,126,14054.62,0.538297,0.540849,0.577626,-0.044534,-0.051916,16,22,17,,,0.576436,,,0.535554,0.547036,0.584266,,,,,,,,0
2026-01-30,2718.397988,perp,0.037985,10,0.035591,152,13682.761656,0.564865,0.559326,0.584408,-0.084437,-0.045585,23,34,23,0.565354,0.556731,,-0.075574,-0.05451,0.556043,0.561286,,-0.043561,-0.052276,,,,,,0
2026-01-31,2478.308596,perp,0.041546,15,0.035854,201,19440.227676,0.794629,0.624602,0.618421,-0.062367,-0.048373,25,32,35,0.828515,0.622724,0.628311,-0.093238,-0.05471,0.789976,0.623155,,-0.077893,-0.044367,,,,,,0
2026-02-01,2348.579333,perp,0.039497,14,0.035881,184,13828.674368,0.766754,0.639753,0.623927,-0.081745,-0.043804,25,29,25,0.745849,0.643593,0.632132,-0.089062,-0.055172,0.804938,0.64083,,-0.057452,-0.04426,,,,,,0
2026-02-02,2294.650261,perp,0.041812,13,0.035909,169,14597.846996,0.784513,0.661013,0.640222,-0.132186,-0.057961,19,28,26,0.756233,0.662334,0.632384,-0.138682,-0.058343,,0.6533,,,-0.046475,,,,,,0
2026-02-03,2228.434371,perp,0.036621,18,0.036621,165,27705.43,0.835133,0.689381,0.678697,-0.114938,-0.075962,11,31,30,,0.694256,0.670309,,-0.098937,,0.681127,,,-0.049748,,,,,,0
2026-02-04,2155.260416,perp,0.043249,10,0.036621,142,4773.645964,0.842898,0.729611,0.693201,-0.141384,-0.083741,14,26,18,0.931297,0.727382,0.691416,-0.13366,-0.076887,,0.729721,0.687919,,-0.090928,,,,,,0
2026-02-05,1883.095008,perp,0.073723,17,0.037985,225,16458.889753,1.15872,0.900374,0.778633,-0.316388,-0.139239,15,27,34,1.152467,0.893081,0.767242,-0.322861,-0.134611,1.081683,0.903015,0.758399,-0.27508,,,,,,,0
2026-02-06,1910.957929,perp,0.032512,16,0.036621,189,19041.22539,0.954594,0.824888,0.755041,-0.144656,-0.103416,24,27,36,0.932401,0.829556,0.745102,-0.22395,-0.123978,0.966323,,,-0.155709,,,,,,,0
2026-02-07,2057.518822,perp,0.033966,5,0.036621,114,3472.900244,0.787066,0.757732,0.727391,-0.105161,-0.102655,16,15,20,0.759531,0.751694,0.733189,-0.094368,-0.087253,0.828988,,0.736398,-0.14017,,,,,,,0
2026-02-08,2091.597647,perp,0.023969,11,0.036621,123,2089.66388,0.842572,0.766462,0.704165,-0.090789,-0.086876,21,19,22,,0.775807,0.720605,,-0.095172,0.841682,,,-0.094637,,,,,,,0
2026-02-09,2096.229637,perp,0.045192,8,0.037985,118,3756.475596,0.802029,0.743785,0.714097,-0.094013,-0.073488,16,22,25,,0.745297,0.708064,,-0.081135,0.795937,,0.709663,-0.116098,,,,,,,0
2026-02-10,2024.114366,perp,0.033998,5,0.037985,93,2028.384628,0.73924,0.727627,0.709954,-0.053542,-0.06659,13,17,9,,0.732228,,,-0.049925,0.746071,,,-0.056634,,,,,,,0
2026-02-11,1927.032547,perp,0.035037,9,0.037985,118,6283.471156,0.746442,0.724456,0.707237,-0.11158,-0.099377,12,22,15,,0.723403,,,-0.097464,0.730724,,,-0.104533,,,,,,,0
2026-02-12,1937.243387,perp,0.020327,6,0.037985,96,3228.894356,0.674273,,0.694012,-0.062728,,11,0,7,0.667772,,,,,,,,,,,,,,,0
2026-02-13,1984.89403,perp,0.013856,8,0.036621,131,4785.813568,0.637153,0.651579,0.66662,-0.067474,-0.071088,20,19,17,0.639649,0.646546,0.662824,-0.077132,-0.066927,0.627855,,,-0.05939,,,,,,,0
2026-02-14,2064.284998,perp,-0.005082,5,0.035037,67,1435.136046,0.633302,0.659866,0.663313,-0.019633,-0.061215,15,12,7,0.609618,0.658678,,-0.036362,-0.059775,0.619825,,,-0.057633,,,,,,,0
2026-02-15,1958.860484,perp,0.022196,5,0.033998,95,3534.764472,0.687659,0.67702,0.677744,-0.071605,-0.061642,17,16,10,0.696613,0.666494,,-0.050578,-0.061269,0.688703,,,-0.082517,,,,,,,0
2026-02-16,1981.390713,perp,-0.027581,6,0.033966,77,2570.807916,0.684309,0.681831,,-0.042074,-0.048267,12,14,0,0.682752,0.679462,,-0.046311,-0.049137,,,,,,,,,,,0
2026-02-17,1971.267021,perp,0.077027,3,0.033966,69,2882.78,0.672346,0.676644,,-0.034599,-0.052371,11,14,0,0.662571,0.674897,,-0.028403,-0.049731,,,,,,,,,,,0
2026-02-18,1958.898328,perp,0.034764,6,0.033966,80,9439.82,0.636193,0.670668,0.666088,-0.04897,-0.054722,12,16,8,,,,,,,,,,,,,,,,0
2026-02-19,1939.884981,perp,0.013005,8,0.032512,81,1939.536,0.667252,0.673866,,-0.093868,-0.051865,10,10,0,,0.676015,,,-0.055704,,,,,,,,,,,0
2026-02-20,1936.980589,perp,0.017889,3,0.023969,69,3897.856,0.625798,0.66189,,-0.073868,-0.064933,15,16,0,0.608906,0.662603,,-0.058862,-0.057693,,0.659938,,,-0.069224,,,,,,0
2026-02-21,1972.769697,perp,0.030126,6,0.023969,65,1822.14,0.606005,0.648189,,-0.075853,-0.054262,10,9,0,,,,,,,0.646616,,,-0.053663,,,,,,0
2026-02-22,1956.575186,perp,0.02498,3,0.023969,71,1959.156,0.645722,,0.666522,-0.080235,,13,0,6,,,,,,,,,,,,,,,,0
2026-02-23,1855.528328,perp,0.026609,13,0.02498,109,4945.013236,0.744559,0.682785,0.672399,-0.089255,-0.070687,11,25,11,,0.68435,0.673123,,-0.070444,,0.676031,,,-0.111315,,,,,,0
2026-02-24,1837.333206,perp,0.015112,8,0.022196,95,6547.32,0.742051,0.688593,0.682147,-0.112604,-0.082375,10,26,15,0.699018,0.688731,,-0.109402,-0.087968,,0.693913,0.682701,,-0.120291,,,,,,0
2026-02-25,2034.576358,perp,0.000919,15,0.020327,147,7391.552,0.626908,0.648402,0.666512,-0.004656,-0.051058,14,35,21,0.613267,0.650033,0.665008,-0.016163,-0.050344,0.620705,0.642671,,-0.074127,-0.06112,,,,,,0
2026-02-26,2048.433,perp,0.000867,9,0.017889,105,3754.896,0.671426,0.661158,0.668373,-0.068268,-0.052186,11,26,21,0.660818,0.661344,0.666292,-0.057166,-0.052017,,,,,,,,,,,0
2026-02-27,1993.283429,perp,0.021359,9,0.017889,134,11089.4552,0.64813,0.664733,0.660956,-0.051353,-0.054637,25,32,20,0.654766,0.668178,0.660776,-0.04872,-0.058625,0.6255,0.664512,,-0.084261,-0.048251,,,,,,0
2026-02-28,1903.839211,perp,0.028804,6,0.021359,96,7076.392324,0.724952,0.683284,0.665892,-0.099861,-0.080709,18,21,15,0.74791,0.682631,0.653973,-0.114281,-0.080228,0.701521,,0.679909,-0.12991,,,,,,,0
2026-03-01,2018.321387,perp,0.021169,4,0.021359,81,6720.78,0.731457,0.67295,0.65979,-0.081567,-0.038736,12,21,18,0.734922,0.666239,0.627126,-0.095115,-0.015034,,0.689756,,,-0.052662,,,,,,0
2026-03-02,2009.519831,perp,0.007524,5,0.021169,93,7019.512,0.728448,0.691808,0.672817,-0.085518,-0.071495,14,21,17,0.777425,0.689434,0.669661,-0.009854,-0.069611,0.717663,0.693142,,-0.055134,-0.065035,,,,,,0
2026-03-03,2007.059764,perp,0.01841,5,0.021169,96,4383.02,0.757056,0.701626,0.679947,-0.069023,-0.045621,12,26,14,,0.701786,,,-0.04586,0.759293,0.706231,0.682599,-0.074066,-0.045265,,,,,,0
2026-03-04,2143.406165,perp,0.029694,12,0.021169,131,9916.4072,0.737444,0.707086,0.691692,-0.05921,-0.033767,11,29,22,,0.703227,0.683758,,-0.018626,,,0.68784,,,,,,,,0
2026-03-05,2131.79195,perp,0.017932,7,0.01841,94,7776.7658,0.752595,0.726322,0.709022,-0.018855,-0.053321,12,20,18,,0.720683,0.702606,,-0.045857,0.769061,,0.695649,-0.002732,,,,,,,0
2026-03-06,2031.427247,perp,0.024789,6,0.021169,121,6186.64,0.740324,0.734417,0.717545,-0.084672,-0.04459,21,26,23,,0.731134,0.714858,,-0.038025,0.740626,,,-0.057382,,,,,,,0
2026-03-07,1970.678432,perp,0.045933,3,0.021359,64,1180.64,0.724724,0.723806,0.714991,-0.046585,-0.064954,13,18,8,,,0.714202,,,,,,,,,,,,,0
2026-03-08,1951.928942,perp,0.096343,1,0.021359,64,3998.22,0.811052,0.747195,,-0.073767,-0.05769,17,14,0,,0.757094,,,-0.06179,,,,,,,,,,,0
2026-03-09,2024.461614,perp,0.009965,5,0.021169,110,14779.46,0.797053,0.736729,0.717372,-0.075838,-0.061096,20,27,28,,0.737602,0.715217,,-0.063452,0.801845,,0.720319,-0.093991,,,,,,,0
2026-03-10,2048.003517,perp,-0.007672,5,0.01841,80,3951.6892,0.684708,0.708989,,-0.057055,-0.051248,11,22,0,,0.71027,,,-0.053813,0.683836,,,-0.053099,,,,,,,0
2026-03-11,2056.936548,perp,-0.01545,2,0.01841,70,2652.64,0.680555,0.723538,,-0.036433,-0.047276,6,17,0,,0.726414,,,-0.050315,,,,,,,,,,,0
2026-03-12,2059.038042,perp,0.036814,4,0.021169,82,4084.9604,0.671786,,,-0.054943,,16,0,0,,,,,,0.673737,,,-0.075213,,,,,,,0
2026-03-13,2133.920403,perp,0.02966,12,0.021359,138,11559.08,0.720956,0.710959,0.719599,-0.049537,-0.037395,23,20,13,0.709113,0.716493,0.717065,-0.051553,-0.037146,0.718251,0.715261,0.718054,-0.039175,-0.025812,,,,,,0
2026-03-14,2076.442093,perp,0.015646,5,0.021169,63,8089.786528,0.708219,0.724658,,-0.073275,-0.04974,19,13,0,0.687687,0.728372,,-0.064154,-0.045476,0.72275,0.707796,,-0.077552,-0.077585,,,,,,0
2026-03-15,2146.59285,perp,0.022762,5,0.021169,76,7504.204,0.737663,0.717572,,-0.055791,-0.052383,17,10,0,0.727429,0.715419,,-0.065703,-0.036996,0.706207,,,0.010845,,,,,,,0
2026-03-16,2338.796058,perp,0.032005,22,0.022762,142,18027.43,0.744029,0.72604,0.713313,-0.013058,-0.035996,19,21,14,,0.713431,0.751382,,-0.01664,0.78319,0.721987,0.709657,-0.009677,-0.033642,,,,,,0
2026-03-17,2342.672963,perp,0.021171,6,0.022762,104,4314.806166,0.742098,0.733662,0.713699,-0.046128,-0.049465,12,21,12,,0.732594,,,-0.047147,,,0.712089,,,,,,,,0
2026-03-18,2257.690069,perp,0.066687,11,0.024789,113,5201.24,0.739405,0.739718,0.725289,-0.027797,-0.04308,11,19,9,0.735212,0.736402,,-0.025454,-0.053751,,0.737899,,,-0.046265,,,,,,0
2026-03-19,2129.774691,perp,0.035071,8,0.024789,101,20891.108,0.738167,0.766587,0.726298,-0.039247,-0.062642,17,10,7,0.737521,0.761394,,-0.038004,-0.048934,,,,,,,,,,,0
2026-03-20,2142.596393,perp,0.027146,7,0.027146,123,19581.5492,0.694172,0.740599,0.734908,-0.049139,-0.048226,22,20,17,0.721422,0.748178,,-0.051855,-0.044487,0.684819,0.747672,0.736846,-0.067323,-0.042172,,,,,,0
2026-03-21,2117.279087,perp,0.030208,2,0.02966,67,1127.44,0.712259,0.746447,0.734295,-0.05742,-0.039343,12,13,8,0.715612,0.751705,,-0.06793,-0.038962,,,,,,,,,,,0
2026-03-22,2079.784152,perp,0.033423,6,0.02966,90,10480.0912,0.783732,0.752808,,-0.056794,-0.039272,17,19,0,0.730823,0.749836,,-0.111544,-0.050425,0.794509,0.769282,,-0.055117,-0.042309,,,,,,0
2026-03-23,2073.408161,perp,0.01991,8,0.027146,112,7334.34,0.785782,0.74555,0.740534,-0.073864,-0.062943,19,18,12,0.775506,0.748096,,-0.095386,-0.065201,0.784479,0.745007,0.744166,-0.059489,-0.093666,,,,,,0
2026-03-24,2152.554847,perp,0.029708,8,0.02966,101,7427.483306,0.712377,0.717316,0.716296,-0.038339,-0.032126,12,16,11,,0.711166,0.714025,,-0.022168,0.709069,0.746428,0.715205,-0.034081,-0.027284,,,,,,0
2026-03-25,2170.820272,perp,0.024579,7,0.02966,101,3636.46,0.663068,0.695083,0.707126,-0.035773,-0.034461,14,20,12,0.666393,0.700943,,-0.027286,-0.030328,,0.687904,0.715647,,-0.042517,,,,,,0
2026-03-26,2079.096311,perp,0.017243,5,0.02966,100,6542.78,0.692559,0.710196,0.716933,-0.056272,-0.054649,13,11,14,0.776681,0.711034,0.720602,-0.037158,-0.055174,0.691623,,0.715167,-0.041855,,,,,,,0
2026-03-27,2055.350737,perp,0.002501,11,0.027146,142,20892.7,0.726499,0.695985,0.707254,-0.053538,-0.046576,23,23,12,0.736818,0.694801,,-0.128363,-0.052485,0.71492,,0.706299,-0.04935,,,,,,,0
2026-03-28,2014.536761,perp,0.028099,5,0.027146,105,2916.1,0.693589,0.707406,0.702988,-0.077485,-0.069101,15,14,9,0.69258,0.706432,,-0.076938,-0.068502,0.690433,,0.702178,-0.069372,,,,,,,0
2026-03-29,1971.65703,perp,-0.009829,5,0.027146,110,3881.1608,0.735323,0.705709,0.714218,-0.096131,-0.058359,15,17,11,,,,,,,,0.713109,,,,,,,,0
2026-03-30,2045.93767,perp,0.018754,9,0.027146,111,14294.1,0.710641,0.719966,0.707507,-0.078792,-0.061634,16,27,15,,0.723626,0.707909,,-0.066272,0.698533,0.701691,0.7374,-0.111521,-0.086144,,,,,,0
2026-03-31,2054.902611,perp,0.01633,6,0.024579,90,6447.98,0.690575,0.709732,0.70391,-0.074857,-0.066928,8,22,15,,0.709053,0.705059,,-0.066743,,,,,,,,,,,0
2026-04-01,2121.820404,perp,0.027403,9,0.027146,108,26896.6024,0.652829,0.692389,0.705474,-0.071932,-0.057628,12,26,19,0.637946,0.688138,0.704895,-0.090415,-0.052418,,0.708503,0.708555,,-0.068825,,,,,,0
2026-04-02,2045.76067,perp,0.007772,11,0.024579,122,7239.765664,0.642716,0.70571,0.709628,-0.075427,-0.072285,12,23,22,,0.70579,0.705086,,-0.075963,0.658559,0.710436,0.709814,,-0.049673,,,,,,0
2026-04-03,2059.441877,perp,,0,0.022245,81,4880.96388,0.591317,0.665613,0.690156,-0.066647,-0.055333,20,19,13,0.574885,0.662286,0.694992,-0.078819,-0.052868,0.595199,0.665946,0.682058,-0.037974,-0.049134,,,,,,0
2026-04-04,2056.065942,perp,,0,0.01991,70,15117.9964,0.597109,0.662473,0.692757,-0.053752,-0.046805,12,17,15,0.601297,0.653702,0.698006,-0.05156,-0.048709,,0.662845,0.69155,,-0.059384,,,,,,0
2026-04-05,2047.47232,perp,0.051267,1,0.01991,68,2527.11,0.636836,0.67967,0.688694,-0.06272,-0.084065,13,15,6,,0.676674,,,-0.094892,0.662395,,,-0.054463,,,,,,,0
2026-04-06,2140.119943,perp,0.013011,6,0.018754,97,5760.3552,0.623165,0.653858,0.675096,-0.067453,-0.048163,17,20,16,0.59345,0.65023,,-0.104114,-0.052409,0.613523,0.662871,0.679978,-0.065439,-0.0598,,,,,,0
2026-04-07,2206.879723,perp,0.023512,8,0.018754,111,7375.9072,0.650119,0.66514,0.67884,-0.052091,-0.025627,13,23,21,,0.665306,0.672532,,-0.025384,,0.66677,0.687651,,-0.080732,,,,,,0
2026-04-08,2249.748749,perp,0.019099,10,0.018754,121,4873.789416,0.599976,0.652699,0.660591,-0.030619,-0.038428,11,22,27,0.599357,0.640379,0.660631,-0.030847,-0.048054,,0.630605,0.65411,,-0.003269,,,,,,0
2026-04-09,2204.982508,perp,0.031248,6,0.018754,86,6873.42,0.559805,,0.629662,-0.023047,,10,0,12,0.559637,,,-0.025169,,,,0.628918,,,,,,,,0
2026-04-10,2215.172717,perp,-0.019021,10,0.018754,117,7015.02409,0.564142,0.610646,0.63598,-0.040098,-0.036956,21,22,23,0.565356,0.610236,0.636099,-0.042144,-0.035824,0.520127,0.601642,0.629871,-0.02461,-0.035459,,,,,,0
2026-04-11,2297.653708,perp,-0.024023,6,0.018754,88,6789.04,0.611001,0.633381,0.645249,-0.017789,-0.030607,17,14,16,0.608917,0.637192,0.647021,-0.017038,-0.030205,,0.622811,0.651545,,-0.036304,,,,,,0
2026-04-12,2215.701004,perp,-0.040727,3,0.01633,67,3936.0,0.684602,0.66837,0.658678,-0.051584,-0.049665,17,9,9,0.687983,,,-0.04552,,,,0.652173,,,,,,,,0
2026-04-13,2266.1633,perp,0.007678,12,0.01633,133,11765.4504,0.617727,0.645629,0.644672,-0.033196,-0.03753,17,21,31,0.619667,0.650905,0.643377,-0.029888,-0.036751,,0.631519,0.644081,,-0.023912,,,,,,0
2026-04-14,2361.727371,perp,-0.001035,15,0.013011,139,5586.9244,0.636237,0.640721,0.650355,0.002492,-0.038966,12,24,23,0.636237,0.640461,0.656293,0.002492,-0.04047,,0.642862,0.647791,,-0.022812,,,,,,0
2026-04-15,2334.439334,perp,0.009069,7,0.009069,95,3068.93,,0.632857,0.638458,,-0.023296,0,16,10,,0.633731,0.640624,,-0.025029,,0.634409,,,-0.006651,,,,,,0
2026-04-16,2349.935311,perp,0.00968,6,0.009069,84,4551.48,0.596495,,0.645936,-0.008686,,13,0,8,0.59661,,,-0.008863,,,,,,,,,,,,0
2026-04-17,2358.575402,perp,0.012114,12,0.00968,141,13043.93161,0.607896,0.637478,0.651043,-0.036856,-0.031402,19,24,18,0.606358,,0.65303,-0.036073,,,0.63657,,,-0.019042,,,,,,0
2026-04-18,2366.379917,perp,0.006559,7,0.009375,103,2540.18,0.618454,0.636935,0.646095,-0.001061,-0.028573,20,22,12,0.624616,,0.649017,-0.01695,,,0.636665,,,-0.005914,,,,,,0
2026-04-19,2312.685544,perp,0.013797,10,0.00968,108,14389.5416,0.668083,0.658162,0.661074,-0.038945,-0.039853,18,19,9,0.667427,,,-0.035333,,,0.654893,,,-0.032438,,,,,,0
2026-04-20,2309.418016,perp,-0.012437,4,0.009069,99,4424.1384,0.649665,0.634204,0.635273,-0.032633,-0.044542,13,21,13,0.649665,,0.635191,-0.032633,,,0.634769,,,-0.04759,,,,,,0
2026-04-21,2306.531463,perp,0.001054,3,0.007678,77,4510.8636,0.629616,0.630619,,-0.056023,-0.048547,11,17,0,0.62577,,,-0.049583,,,0.630495,,,-0.047983,,,,,,0
2026-04-22,2390.187573,perp,0.014569,9,0.007678,100,10383.1152,0.595574,0.618141,0.633045,-0.044307,-0.03343,10,19,13,,,0.633099,,,,0.618474,,,-0.037671,,,,,,0
2026-04-23,2347.734405,perp,0.028138,7,0.007678,97,6242.86,0.566017,0.611956,0.624506,-0.020624,-0.038897,15,12,10,0.577279,,,-0.019526,,,0.610264,,,-0.034255,,,,,,0
2026-04-24,2319.748778,perp,0.002843,17,0.006559,143,5870.06,0.532008,0.587986,0.619777,-0.037924,-0.03825,21,22,28,0.533657,,0.618857,-0.030165,,0.510549,0.587341,,-0.050372,-0.031323,,,,,,0
2026-04-25,2319.729171,perp,0.002632,3,0.006559,73,6503.44,0.528217,0.583182,0.606126,-0.025639,-0.032045,14,14,17,0.519815,,0.603763,-0.022027,,0.505655,0.584481,0.606207,-0.04353,-0.029934,,,,,,0
2026-04-26,2328.914973,perp,0.014346,3,0.007678,96,4167.1576,0.567652,0.59478,0.618279,-0.041223,-0.045431,17,19,21,,,0.620322,,,0.570063,0.594469,0.624478,-0.04708,-0.042353,,,,,,0
2026-04-27,2318.571861,perp,-0.01673,7,0.007678,105,4485.7288,0.536754,0.588522,0.615637,-0.016406,-0.029123,15,25,15,,0.597782,0.612667,,-0.031458,,0.592544,,,-0.031831,,,,,,0
2026-04-28,2286.887626,perp,-0.008853,3,0.006559,87,2747.04,0.511645,0.561768,0.601162,-0.028561,-0.041491,10,20,15,,0.582125,0.602664,,-0.043222,0.511645,0.562598,0.599917,-0.028561,-0.039617,,,,,,0
2026-04-29,2278.727219,perp,0.006069,9,0.006559,90,3624.9952,0.477483,0.55833,0.600569,-0.026988,-0.045194,9,25,20,,0.555984,0.592976,,-0.043464,0.477483,0.56597,,-0.026988,-0.043069,,,,,,0
2026-04-30,2250.578778,perp,-0.006608,4,0.006069,80,1997.0212,0.453225,0.547577,0.587963,-0.015846,-0.029252,10,13,16,,,0.585244,,,0.46843,0.546493,0.592087,-0.013513,-0.02322,,,,,,0
2026-05-01,2292.362219,perp,-0.003262,3,0.002843,106,11017.25,0.443735,0.527215,0.574565,-0.025473,-0.027656,15,27,17,,0.53156,0.578627,,-0.027415,0.448875,0.527341,0.56959,-0.027316,-0.027928,,,,,,0
2026-05-02,2307.785515,perp,0.028178,3,0.002843,80,6940.98,0.428966,0.526126,0.569773,-0.020935,-0.022101,10,25,17,,,0.58167,,,0.428966,0.524904,,-0.020935,-0.022492,,,,,,0
2026-05-03,2330.189119,perp,-0.027188,2,0.002632,74,5025.06,0.458617,0.524335,0.580862,-0.023646,-0.031379,13,12,12,,,0.576844,,,0.458617,0.517804,,-0.023646,-0.02384,,,,,,0
2026-05-04,2332.137648,perp,0.013721,11,0.002632,122,4943.3616,0.493785,0.542655,0.584183,-0.032601,-0.034607,16,26,23,,0.525337,0.588664,,-0.034702,0.493785,0.541595,0.579669,-0.032601,-0.027423,,,,,,0
2026-05-05,2379.587637,perp,0.014233,11,0.002843,101,6592.768,0.486793,0.53469,0.576151,-0.000626,-0.025656,12,23,17,,,0.579957,,,0.486793,0.534637,,-0.000626,-0.026201,,,,,,0
2026-05-06,2357.708649,perp,0.001715,16,0.002843,122,8276.9544,0.466185,0.528553,0.574583,0.002235,-0.023104,9,26,29,,0.527673,0.579349,,-0.016793,0.466185,0.528452,,0.002235,-0.026642,,,,,,0
2026-05-07,2312.970345,perp,0.020381,13,0.002843,106,6899.92,0.462883,0.524439,0.566735,0.004385,-0.022186,12,16,19,,,0.566101,,,0.462883,0.518463,,0.004385,-0.022186,,,,,,0
2026-05-08,2291.963305,perp,0.016756,11,0.002843,106,8917.49,0.435531,0.507313,0.566402,-0.009337,-0.020226,16,19,24,,0.559676,0.565582,,-0.028303,0.440549,0.504853,,-0.009387,-0.018666,,,,,,0
2026-05-09,2322.652292,perp,0.02155,6,0.006069,71,3348.5,0.426799,0.511929,0.561753,-0.010444,-0.014408,8,15,15,,,0.557136,,,0.42451,0.511374,,-0.016689,-0.000194,,,,,,0
2026-05-10,2337.529115,perp,-0.016395,4,0.006069,59,2454.68,0.465711,0.519868,0.567255,-0.012543,-0.025706,13,14,15,,,,,,0.465711,0.513927,,-0.012543,-0.026508,,,,,,0
2026-05-11,2329.324238,perp,0.015702,5,0.006069,70,8593.700958,0.444723,0.512147,0.552363,-0.005053,-0.024965,11,15,13,,0.470436,0.558459,,-0.011262,0.444723,0.511481,,-0.005053,-0.026914,,,,,,0
2026-05-12,2278.269185,perp,0.017196,7,0.013721,94,4574.06,0.461776,0.509812,0.562706,-0.026302,-0.02862,11,16,12,,,0.558817,,,,0.514818,,,-0.0294,,,,,,0
2026-05-13,2262.199306,perp,0.023529,9,0.014233,102,5110.5836,0.455945,0.513333,0.553293,-0.018486,-0.021941,9,19,18,,0.523852,0.553499,,-0.026868,,0.506454,,,-0.023423,,,,,,0
2026-05-14,2246.015195,perp,0.013008,11,0.014233,113,7891.1032,0.459145,,0.55169,-0.032713,,9,0,16,,,0.550716,,,0.469182,,,-0.033161,,,,,,,0
2026-05-15,2234.649015,perp,0.023635,6,0.015702,109,11159.02,0.417847,0.503297,0.55281,-0.042467,-0.04004,20,14,15,,0.517237,0.551587,,-0.041616,0.414567,0.512789,,-0.041345,-0.037079,,,,,,0
2026-05-16,2196.316399,perp,0.025824,13,0.016756,112,16409.31,0.453454,0.507041,0.551441,-0.051238,-0.046854,16,13,16,,,0.549664,,,0.453217,0.520765,,-0.052826,-0.041974,,,,,,0
2026-05-17,2154.90737,perp,-0.014574,9,0.015702,107,4232.2,0.47961,0.516457,0.559045,-0.081605,-0.06512,17,15,11,,0.527399,0.559791,,-0.058549,0.479366,0.512295,,-0.079311,-0.064142,,,,,,0
2026-05-18,2115.981288,perp,0.014437,14,0.015702,126,9545.86,0.517221,0.522112,0.546453,-0.072224,-0.061549,15,16,15,,0.518087,0.546985,,-0.06357,0.518926,0.503522,,-0.070249,-0.07809,,,,,,0
2026-05-19,2109.543821,perp,0.011601,5,0.015702,90,5991.86,0.46006,0.491384,0.536266,-0.067056,-0.066839,10,13,8,,,0.536186,,,0.453618,0.489726,,-0.073501,-0.066337,,,,,,0
2026-05-20,2130.565898,perp,0.018236,7,0.016756,77,5042.84,0.425727,0.491873,0.535645,-0.03605,-0.042025,7,9,8,,,,,,,,,,,,,,,,0
2026-05-21,2122.40727,perp,0.058287,3,0.017196,92,5454.2,0.407287,0.484837,0.528859,-0.043212,-0.047854,8,7,11,,,0.528711,,,0.414346,,,-0.032564,,,,,,,0
2026-05-22,2114.783606,perp,0.016163,8,0.016756,125,14795.433988,0.388027,0.452974,0.512972,-0.039717,-0.038684,17,13,11,,0.438147,0.525823,,-0.060157,0.387272,0.450359,,-0.039033,-0.032506,,,,,,0
2026-05-23,2059.877686,perp,0.023607,5,0.017196,108,4242.6,0.456197,0.487115,0.527247,-0.046419,-0.054303,15,14,12,,0.486665,0.533129,,-0.035484,0.455632,0.50524,,-0.010959,-0.054242,,,,,,0
2026-05-24,2094.738946,perp,-0.003675,1,0.016163,81,3767.775728,0.470939,0.484503,0.525432,-0.041645,-0.048972,12,9,13,,,0.522714,,,0.47345,,,-0.030719,,,,,,,0
2026-05-25,2113.932851,perp,0.021544,5,0.017196,84,2373.58,0.433623,0.477207,0.525884,-0.028215,-0.025599,12,11,12,,,0.525549,,,0.433827,0.478961,,-0.037916,-0.027114,,,,,,0
2026-05-26,2089.013035,perp,-0.022313,1,0.017196,92,3434.88,0.422538,0.458297,0.523588,-0.029745,-0.034746,11,8,13,,,0.517313,,,0.423548,,,-0.050836,,,,,,,0
2026-05-27,2043.66972,perp,-0.010793,5,0.016163,88,4775.44,0.43225,0.457638,0.525406,-0.072655,-0.041926,8,12,8,,0.459083,,,-0.020872,0.43225,,,-0.072655,,,,,,,0
2026-05-28,1981.257011,perp,0.027491,12,0.016163,110,10136.54,0.440193,0.475231,0.532448,-0.014939,-0.044761,10,6,9,,,,,,,,,,,,,,,,0
2026-05-29,2020.305434,perp,0.018583,12,0.018236,115,8778.17,0.40445,0.452962,0.502781,-0.023936,-0.028278,18,12,17,0.414325,0.454138,0.503905,,-0.017923,0.402322,0.454033,,-0.008733,-0.038442,,,,,,0
2026-05-30,2014.878386,perp,0.027071,5,0.018236,79,7997.1508,0.397357,0.448129,0.509139,-0.032642,-0.037842,9,10,17,,0.449114,0.527206,,-0.024516,,,,,,,,,,,0
2026-05-31,2008.975292,perp,0.003118,3,0.016163,80,2554.04,0.413226,0.44284,0.502215,-0.028474,-0.042022,14,10,12,,0.445131,0.506778,,-0.028915,0.415904,0.441681,,,-0.064087,,,,,,0
2026-06-01,1995.695969,perp,0.024779,8,0.018236,103,20154.46,0.444233,0.47002,0.517605,-0.042756,-0.039637,11,19,19,,0.465848,0.517786,,-0.039202,,0.476933,0.514266,,-0.031338,,,,,,0
2026-06-02,1870.918545,perp,0.028375,14,0.018583,141,19310.28,0.544283,0.513203,0.522026,-0.101069,-0.055771,9,23,22,,0.508337,,,-0.053016,0.540397,0.517186,0.522618,-0.121012,-0.070618,,,,,,0
2026-06-03,1850.443227,perp,0.024536,15,0.021544,145,19101.443314,0.541904,0.530985,0.529346,-0.078138,-0.059982,12,24,25,,0.533403,0.529416,,-0.060633,0.531138,0.523417,0.526027,-0.073517,-0.064942,,,,,,0
2026-06-04,1778.787044,perp,0.040519,21,0.023607,163,15601.5952,0.629068,0.577044,0.558351,-0.068758,-0.065967,11,17,26,,0.576241,0.55709,,-0.066174,0.623842,,0.559134,-0.069581,,,,,,,0
2026-06-05,1689.135939,perp,0.024189,24,0.023607,256,52743.289917,0.67725,0.615047,0.58159,-0.090685,-0.054844,27,27,34,0.650208,0.619644,0.581749,-0.079863,-0.054349,0.687844,,0.581909,-0.102702,,,,,,,0
2026-06-06,1566.161978,perp,0.011118,20,0.023607,179,14249.792496,0.767124,0.643763,0.592237,-0.120947,-0.071629,30,29,31,0.758989,0.648564,0.601207,-0.086461,-0.068584,0.775308,,0.594059,-0.166705,,,,,,,0
2026-06-07,1589.121288,perp,0.007553,14,0.021544,178,5795.18,0.781444,0.648481,0.6059,-0.125181,-0.083348,28,24,25,0.778203,0.650043,0.610726,-0.067145,-0.080569,0.783594,,0.617949,-0.144438,,,,,,,0
2026-06-08,1680.616718,perp,0.005875,15,0.021544,163,6800.065052,0.690862,0.611819,0.581559,-0.169724,-0.087854,22,28,31,,0.616372,0.585267,,-0.085649,0.689387,,0.582002,-0.216055,,,,,,,0
2026-06-09,1639.612478,perp,0.016431,16,0.018583,170,12623.204,0.638705,0.600703,0.580881,-0.114567,-0.08408,19,25,22,,0.602425,0.597401,,-0.084098,0.640955,,0.576786,-0.128741,,,,,,,0
2026-06-10,1632.188188,perp,0.021603,22,0.021603,161,6972.75746,0.62402,0.584165,0.53393,-0.102687,-0.049274,14,25,28,0.656544,0.591419,0.52411,-0.052268,-0.039011,,,0.579566,,,,,,,,0
2026-06-11,1676.304713,perp,0.039721,15,0.024189,129,7887.34,0.538478,,0.564289,-0.036281,,21,0,20,0.53893,,0.574053,-0.110636,,0.552482,,0.559556,-0.019514,,,,,,,0
2026-06-12,1663.461236,perp,0.018602,10,0.021603,144,8688.56,0.52297,0.529589,0.557183,-0.06417,-0.058916,23,21,20,0.518708,0.531498,0.554153,-0.054782,-0.056268,0.524395,,0.553653,-0.083384,,,,,,,0
2026-06-13,1681.193435,perp,0.012261,4,0.021603,85,2098.3857,0.493675,0.532525,0.566697,-0.062748,-0.069422,16,9,9,0.464019,0.533102,0.546541,-0.035194,-0.069554,0.500719,,,-0.061229,,,,,,,0
2026-06-14,1698.473312,perp,0.02508,6,0.021603,99,5814.44,0.532244,0.543414,0.558338,-0.051714,-0.049491,17,14,14,0.503001,,0.556867,-0.065154,,0.592136,,,-0.110478,,,,,,,0
2026-06-15,1794.621497,perp,0.016346,17,0.021603,178,13783.2806,0.495272,0.512367,0.547424,-0.023251,-0.032069,17,29,36,0.477027,0.516422,0.545703,-0.018851,-0.033152,0.547639,,0.548778,-0.042542,,,,,,,0
2026-06-16,1795.428816,perp,0.014732,10,0.018602,107,10704.164112,0.495066,0.516446,0.570145,-0.043243,-0.041127,9,19,6,0.495479,0.513258,,-0.042142,-0.043847,,,,,,,,,,,0
2026-06-17,1772.756594,perp,0.029296,8,0.018602,115,7561.3,0.513345,0.519063,0.537412,-0.044643,-0.056729,13,21,11,0.517973,0.518459,0.547809,-0.050488,-0.057484,,,,,,,,,,,0
2026-06-18,1715.578044,perp,0.027962,17,0.018602,107,7696.74,0.527762,,0.558852,-0.061411,,11,0,11,,,,,,,,0.554694,,,,,,,,0
2026-06-19,1690.352027,perp,0.032297,4,0.018602,95,6779.7,0.518275,0.539313,0.562206,-0.075954,-0.069544,20,14,9,0.514918,0.571637,,-0.115363,-0.057,,,0.558733,,,,,,,,0
2026-06-20,1724.245115,perp,0.059944,5,0.018602,69,1509.78,0.504968,0.536955,,-0.06707,-0.065167,17,10,0,0.499296,,,-0.074513,,,,,,,,,,,,0
2026-06-21,1714.338233,perp,0.030205,3,0.021603,69,1826.171288,0.535551,0.540032,0.569388,-0.077153,-0.067422,14,7,7,0.535628,,,-0.081358,,,,,,,,,,,,0
2026-06-22,1744.589268,perp,0.030999,8,0.02508,96,5234.39,0.520378,0.526365,0.553689,-0.070059,-0.067711,16,16,12,0.523108,0.528745,,-0.07937,-0.067785,,,0.556855,,,,,,,,0
2026-06-23,1676.201738,perp,0.014254,15,0.02508,121,7645.458818,0.532779,0.533824,0.548474,-0.078419,-0.085267,12,18,11,0.528105,0.535225,0.548347,-0.070691,-0.085703,,,,,,,,,,,0
2026-06-24,1609.855935,perp,0.037125,16,0.027962,134,12167.004,0.583838,0.548443,0.551773,-0.086077,-0.075713,13,20,14,0.578251,0.560233,0.55852,-0.099629,-0.069876,,,0.545067,,,,,,,,0
2026-06-25,1603.011493,perp,0.01472,12,0.027962,135,5124.999834,0.584855,0.564522,0.578365,-0.076015,-0.073482,13,14,12,0.584971,0.565274,0.576902,-0.074787,-0.07559,,,,,,,,,,,0
2026-06-26,1564.285134,perp,0.014919,17,0.02508,146,18581.554082,0.611155,0.578794,0.592681,-0.122084,-0.082244,19,22,15,0.611529,0.57985,0.586012,-0.121613,-0.081079,,0.587028,0.580037,,-0.103935,,,,,,0
2026-06-27,1598.634008,perp,0.021894,5,0.02508,90,3710.94,0.551353,0.566276,0.578712,-0.100814,-0.084535,13,15,8,0.552346,0.57063,,-0.10016,-0.083066,,,,,,,,,,,0
2026-06-28,1569.703297,perp,0.020088,3,0.02508,79,2035.3,0.619969,0.5882,0.58957,-0.10719,-0.082671,13,13,12,0.62014,0.593912,,-0.115404,-0.078876,,,,,,,,,,,0
2026-06-29,1581.823138,perp,-0.002776,6,0.021894,86,6723.1068,0.572426,0.564998,0.584372,-0.066403,-0.077207,12,17,17,0.572426,0.565008,0.579618,-0.066403,-0.077876,,0.559401,0.582845,,-0.074446,,,,,,0
2026-06-30,1585.077856,perp,-0.005633,3,0.021894,76,2892.98,,0.561418,0.576785,,-0.063522,0,15,11,,0.559563,,,-0.064004,,,0.569402,,,,,,,,0
2026-07-01,1606.934104,perp,0.018334,15,0.021894,124,8565.44,0.522936,0.554119,0.567526,-0.074492,-0.070543,10,30,22,,0.55239,,,-0.073555,,0.554801,0.565728,,-0.066724,,,,,,0
2026-07-02,1695.383781,perp,-0.001761,18,0.020088,137,6903.31174,0.483934,0.519214,0.553782,-0.04945,-0.048689,12,21,21,0.478049,0.513021,0.550276,,-0.04937,,0.52968,0.560006,,-0.058886,,,,,,0
2026-07-03,1725.236773,perp,0.01114,18,0.018334,151,10938.388948,0.462877,0.505964,0.538561,-0.057705,-0.06037,21,27,24,0.474197,0.497448,0.536461,-0.08576,-0.040985,0.460953,0.504656,0.540261,-0.059566,-0.057225,,,,,,0
2026-07-04,1782.513426,perp,-0.004938,11,0.014919,140,12669.94755,0.494615,0.497075,0.528149,-0.02944,-0.052803,20,33,31,0.489778,0.499626,0.530496,-0.018321,-0.054951,0.501489,0.491759,0.527324,-0.037358,-0.052819,,,,,,0
2026-07-05,1773.635516,perp,0.001053,7,0.01472,112,7091.8996,0.513036,0.507987,0.526287,-0.043523,-0.056916,16,25,20,0.519417,0.499765,0.51951,-0.056365,-0.060001,0.491775,0.511039,0.524013,-0.050318,-0.05783,,,,,,0
2026-07-06,1790.031661,perp,0.017932,12,0.01472,137,15357.3406,0.514455,0.508661,0.529015,-0.010394,-0.044858,19,25,24,0.500605,0.511078,0.52611,-0.045527,-0.051113,0.510376,0.507914,0.530191,-0.03335,-0.032823,,,,,,0
2026-07-07,1784.485016,perp,0.026632,10,0.01472,118,10832.32,0.471732,0.502594,0.536709,-0.027619,-0.051954,15,22,16,0.474298,0.497991,0.521739,-0.003665,-0.04528,0.452926,0.507632,0.532656,-0.043325,-0.052573,,,,,,0
2026-07-08,1748.5875,perp,0.015946,10,0.014919,122,9566.58,0.488739,0.499241,0.533332,-0.044868,-0.0387,13,25,24,,0.491878,0.540553,,-0.038467,0.487601,0.508321,0.534587,,-0.042441,,,,,,0
2026-07-09,1745.721032,perp,0.031147,5,0.014919,105,7288.86,0.462227,0.500656,0.531767,-0.061414,-0.053437,12,18,18,,0.495893,0.541293,,-0.049988,,0.498929,0.525334,,-0.05066,,,,,,0
2026-07-10,1777.847929,perp,0.013016,9,0.014919,117,16825.732,0.430443,0.468643,0.509173,-0.038017,-0.0484,22,22,23,0.427723,0.472399,0.51639,-0.010681,-0.04917,,0.471325,0.506469,,-0.068665,,,,,,0
2026-07-11,1817.295567,perp,0.01409,10,0.01409,107,36236.0368,0.417333,0.481737,0.532812,-0.015661,-0.045926,20,19,20,0.430369,,0.512383,0.00331,,0.395695,0.473786,0.528603,-0.029196,-0.04817,,,,,,0
2026-07-12,1809.055495,perp,-0.014243,7,0.013016,90,11858.04,0.465596,0.490092,0.526857,-0.009713,-0.031495,15,18,16,0.479613,0.49427,0.51596,,-0.025196,,0.476077,0.523544,,-0.042251,,,,,,0
2026-07-13,1801.357548,perp,0.005425,13,0.01114,129,14037.18,0.477515,0.48139,0.522144,-0.011658,-0.03162,17,25,22,0.47799,0.483226,0.507088,,-0.029461,,0.4801,0.52213,,-0.039746,,,,,,0
2026-07-14,1872.119676,perp,-0.000351,18,0.01114,160,23510.26,0.465574,0.465765,0.523339,-0.039717,-0.02985,17,25,14,0.466149,0.472098,0.526061,-0.05787,-0.041377,,0.461591,,,-0.023633,,,,,,0
2026-07-15,1891.460853,perp,0.016893,21,0.013016,142,25088.3814,0.45792,0.463833,0.514567,-0.065185,-0.039499,11,26,19,,0.462844,0.511177,,-0.040168,,0.464713,0.514006,,-0.038812,,,,,,0
2026-07-16,1873.176746,perp,0.000451,10,0.01114,105,6974.6336,0.441452,,0.5109,-0.047245,,12,0,11,0.444744,,0.50538,-0.053188,,,,,,,,,,,,0
2026-07-17,1838.956566,perp,0.025537,10,0.013016,144,23401.511434,0.453628,0.474913,0.503699,-0.030311,-0.036484,29,17,10,0.449537,0.473387,0.496975,-0.025595,,0.452454,0.476213,,-0.033654,-0.037913,,,,,,0
2026-07-18,1845.523403,perp,0.005242,3,0.013016,102,9895.9,0.428014,0.479555,0.519695,-0.02989,-0.043526,22,16,9,0.429001,0.486616,0.501224,-0.027254,,0.436103,0.478321,,-0.030644,-0.042254,,,,,,0
2026-07-19,1868.448371,perp,-0.026131,2,0.013016,85,3963.96,0.456489,0.481803,0.51371,-0.015725,-0.032119,18,12,11,0.459897,,,-0.040631,,0.435549,0.467071,,-0.02287,-0.033329,,,,,,0
2026-07-20,1897.095254,perp,0.01928,10,0.01409,124,7324.14326,0.463459,0.479972,0.51791,-0.017078,-0.026865,22,23,15,0.458149,0.473603,0.519674,-0.010108,,0.465785,0.481908,0.51964,-0.018397,-0.025613,,,,,,0
2026-07-21,1909.125272,perp,0.001795,15,0.013016,163,34825.882,0.468091,0.488974,0.509846,-0.022327,-0.02858,16,23,20,0.46674,0.496031,0.510525,-0.022956,,,0.492647,0.517208,,-0.027484,,,,,,0
2026-07-22,1927.619484,perp,0.020566,11,0.013016,108,19968.7096,0.465584,0.490617,0.527999,-0.001573,-0.013294,16,20,10,,0.485588,,,,0.459805,,,0.009441,,,,,,,0
2026-07-23,1889.77794,perp,0.015404,12,0.013016,129,7548.3,0.484919,0.492234,0.524736,-0.015243,-0.015185,15,12,16,,,0.521897,,,0.484792,0.494458,,-0.001596,-0.016367,,,,,,0
2026-07-24,1873.142234,perp,0.013359,5,0.013016,129,19146.46,0.462202,0.490044,0.525685,-0.019339,-0.018913,28,20,14,0.446281,,0.519191,-0.016568,,0.46247,0.488159,,-0.013032,-0.017054,,,,,,0
2026-07-25,1864.059773,perp,0.027441,4,0.013359,89,8807.66954,0.467041,0.484682,0.527781,0.010086,-0.024006,20,10,6,,,,,,0.471663,0.487062,,-0.003696,-0.026911,,,,,,0
2026-07-26,1897.742308,perp,0.025769,11,0.013359,115,18480.16,0.504455,0.494229,0.530101,-0.017752,-0.002338,22,19,9,0.491868,,,-0.002138,,0.506517,0.497611,,-0.027826,-0.002108,,,,,,0
2026-07-27,1931.102734,perp,0.011301,10,0.013359,114,9850.783,0.48799,0.493672,0.533607,-0.030274,-0.01827,23,31,11,0.488857,0.492303,0.530404,-0.041147,-0.01796,0.486604,0.493873,,-0.022801,-0.018003,,,,,,0
2026-07-28,1885.10384,perp,0.01222,5,0.013359,107,6810.064,0.523435,0.505082,,-0.034606,-0.025678,14,19,0,0.512712,,,-0.030301,,,0.515829,,,-0.024856,,,,,,0
2026-07-29,1895.346743,perp,0.015739,7,0.015404,119,13234.56,0.506619,0.515519,0.531267,-0.037521,-0.033673,18,24,15,0.507367,0.520348,0.540141,-0.041488,-0.026002,,0.515621,0.52974,,-0.039328,,,,,,0
2026-07-30,1923.629632,perp,0.025381,4,0.015404,84,7715.46,0.470601,0.499797,0.526505,-0.01463,-0.024565,15,15,7,0.490567,0.501086,,-0.070966,-0.026374,,,,,,,,,,,0
2026-07-31,1876.630974,perp,0.016916,9,0.015739,149,38834.696722,0.450171,0.48403,0.521483,-0.013654,-0.03374,27,38,24,0.461974,0.479818,0.519816,-0.040224,-0.02529,0.435717,0.490953,0.523871,-0.006015,-0.047662,,,,,,0
2026-08-01,1855.663957,perp,-0.029941,5,0.015404,84,4643.64,0.46098,0.476704,0.521657,-0.039074,-0.031592,17,22,6,0.467262,0.484478,,-0.049338,-0.0397,,0.471482,,,-0.025353,,,,,,0
2026-08-02,1875.011916,perp,0.07307,1,0.015739,85,5185.9,0.471975,0.483665,0.513765,-0.027092,-0.033278,18,29,13,0.472931,0.488866,,-0.035207,-0.039995,0.44238,0.476181,,-0.01346,-0.027693,,,,,,0
2026-08-03,1846.879396,perp,0.028959,5,0.016916,98,6934.54,0.45778,0.479213,0.512634,-0.043446,-0.046219,15,23,15,0.46577,0.478096,0.507722,-0.037734,-0.0518,,0.480784,0.52521,,-0.042098,,,,,,0
2026-08-04,1873.015786,perp,0.04204,2,0.016916,105,8300.038,0.411009,0.460756,0.506246,-0.027911,-0.027008,13,24,19,0.419166,0.459589,0.517421,-0.034933,-0.028181,,0.464271,0.498791,,-0.031257,,,,,,0
2026-08-05,1894.491634,perp,0.025804,8,0.020566,128,8788.52652,0.392964,0.452115,0.505988,-0.015816,-0.029897,12,33,32,0.40227,0.450037,0.500922,-0.01312,-0.027253,,0.455179,0.509876,,-0.025535,,,,,,0
2026-08-06,1908.704274,perp,0.030294,7,0.025381,95,6731.4112,0.394368,0.452239,0.503907,-0.000686,-0.015721,12,15,19,0.394617,0.45811,0.486434,-0.000122,-0.021989,,,0.505652,,,,,,,,0
2026-08-07,1908.363307,perp,0.030024,7,0.025769,135,23685.5,0.387575,0.453052,0.511906,-0.027518,-0.022949,23,22,29,0.385952,0.45619,0.511951,-0.028698,-0.025324,0.386983,0.445857,0.508885,-0.026318,-0.017775,,,,,,0
2026-08-08,1919.860979,perp,0.048515,3,0.025804,82,2604.24,0.361927,0.446686,0.506709,-0.013602,-0.02229,20,15,19,0.359011,0.447768,0.508561,-0.023063,-0.01796,0.370343,0.449099,0.509885,0.007358,-0.033886,,,,,,0
2026-08-09,1917.786824,perp,0.042107,2,0.025804,71,2798.74,0.391208,0.455514,0.488086,-0.011993,-0.023911,12,20,12,0.375417,0.453268,,0.009878,-0.028307,0.393544,0.45715,,-0.011473,0.001059,,,,,,0
2026-08-10,1892.224131,perp,0.034441,8,0.028959,105,6795.66,0.40335,0.45859,0.514973,-0.021572,-0.019138,19,24,21,0.407162,0.456709,0.502865,-0.023508,-0.022807,0.369835,0.459231,0.519544,0.002531,-0.017976,,,,,,0
2026-08-11,1875.246767,perp,0.020626,7,0.028959,100,10054.2366,0.391966,0.469691,0.523457,-0.016326,-0.027049,13,19,6,0.392549,0.467843,,-0.016441,-0.030176,,0.47523,,,-0.026386,,,,,,0
2026-08-12,1891.181276,perp,0.03103,6,0.030024,107,16207.22,0.394605,0.464346,0.51665,-0.007053,-0.02319,15,19,11,,0.463315,,,-0.023579,0.40033,0.462987,,-0.007555,-0.021426,,,,,,0
2026-08-13,1889.294053,perp,0.02627,4,0.030024,87,12484.36,0.39628,,0.515734,-0.010683,,15,0,7,,,,,,0.397278,,,-0.0119,,,,,,,0
2026-08-14,1874.926579,perp,0.030211,7,0.030211,116,13768.96,0.363225,0.44458,0.50495,-0.034377,-0.034614,18,21,14,0.343135,0.443829,,-0.034203,-0.034069,0.361417,,,-0.027283,,,,,,,0
2026-08-15,1879.87607,perp,0.027555,5,0.030211,86,1779.058,0.332707,0.439974,0.504257,-0.027732,-0.029705,16,11,10,,0.439941,,,-0.029548,,,,,,,,,,,0
2026-08-16,1879.383591,perp,0.01959,3,0.030211,73,4397.78,0.351545,0.438823,0.506846,-0.027177,-0.034432,11,17,11,,0.434141,,,-0.034566,,0.451645,0.506165,,-0.069868,,,,,,0
2026-08-17,1900.64354,perp,0.024538,7,0.030024,106,27825.4912,0.343937,0.433457,0.51139,-0.018557,-0.034612,11,23,16,,0.430054,,,-0.033568,0.348715,0.437916,,-0.022566,,,,,,,0
2026-08-18,1897.692952,perp,0.015818,9,0.030024,80,5336.664,0.324588,0.430387,0.496357,-0.015277,-0.027246,9,18,11,,0.425342,,,-0.027918,,0.438677,0.495899,,,,,,,,0
2026-08-19,2114.11899,perp,0.011551,33,0.027555,206,30365.264384,0.523624,0.478457,0.511495,0.06403,0.000583,15,27,24,,0.477085,,,0.001081,0.551757,,0.514013,0.099586,,,,,,,0
2026-08-20,2271.393049,perp,0.004878,28,0.027555,213,24820.416884,0.578895,0.500934,0.519632,0.024217,0.002469,12,20,26,,0.499042,0.519254,,-0.004592,0.560309,,0.521658,0.024487,,,,,,,0
2026-08-21,2421.617106,perp,0.016998,31,0.02627,257,46595.431282,0.588362,0.518686,0.529107,0.030951,0.027734,29,25,32,0.602033,0.544023,,0.072532,0.008017,0.564689,0.520831,0.527056,0.04391,0.028732,,,,,,0
2026-08-22,2481.172831,perp,0.006462,12,0.024538,153,20875.22,0.641664,0.541763,0.546506,0.060542,0.01688,23,18,26,0.701759,0.538431,,0.037961,,0.653291,0.549468,0.54044,0.065646,0.014905,,,,,,0
2026-08-23,2446.962637,perp,0.017937,7,0.020626,134,13976.372772,0.588163,0.552256,0.542516,0.039791,0.006973,18,20,16,,0.560393,,,0.008881,0.543431,0.550146,0.560316,0.053285,-0.002133,,,,,,0
2026-08-24,2515.649241,perp,0.032941,11,0.020626,150,10394.4794,0.645554,0.565887,0.555898,0.0731,0.040654,17,17,22,0.615585,0.556162,,0.073719,,0.647655,0.578235,0.552137,0.087223,0.040653,,,,,,0
2026-08-25,2474.495536,perp,0.025541,7,0.020626,139,11814.850976,0.611189,0.554783,0.558512,0.030646,0.022324,12,24,25,,0.55498,,,0.012551,0.599046,0.570889,0.553803,0.047018,0.018243,,,,,,0
2026-08-26,2455.718819,perp,0.032134,11,0.024538,121,11041.775844,0.543665,0.540644,0.546409,0.054886,0.018341,10,16,15,,0.539123,,,0.090476,,0.539883,0.546354,,0.020171,,,,,,0
2026-08-27,2509.2067,perp,0.02725,17,0.024538,127,8272.209556,0.529761,0.544688,0.54733,0.047384,0.020707,13,13,26,0.533422,0.535907,,0.059172,0.045609,,,0.542749,,,,,,,,0
2026-08-28,2487.003444,perp,0.045146,18,0.024538,166,26022.954,0.484735,0.513311,0.529671,0.014958,0.015432,19,17,24,0.486974,0.513614,,0.011014,0.051211,0.535176,,0.529805,0.013501,,,,,,,0
2026-08-29,2444.866585,perp,0.039563,3,0.024538,86,2910.0,0.419894,0.468634,0.519727,0.005498,-0.001856,11,16,18,0.413574,0.4679,,0.006766,0.002731,,,0.518118,,,,,,,,0
2026-08-30,2485.351255,perp,0.034731,4,0.024538,95,11179.06,0.45772,0.484988,0.530392,0.028458,0.00832,16,17,16,0.494784,0.478031,,0.026311,-0.0103,0.435462,,,0.017552,,,,,,,0
2026-08-31,2448.887072,perp,0.053309,6,0.025541,99,8400.76,0.454346,0.491199,0.512032,0.016428,0.003671,14,21,15,0.435633,0.498107,,0.023179,0.002828,,0.477299,0.518551,,0.008751,,,,,,0
2026-09-01,2427.14848,perp,0.019174,5,0.025541,125,9655.26,0.440557,0.485946,0.513501,-0.006754,-0.001433,12,34,28,,0.487766,,,-0.003219,,0.478011,0.505548,,0.007869,,,,,,0
2026-09-02,2387.606463,perp,0.038724,12,0.02725,112,13530.952,0.420542,0.489367,0.51601,-0.019355,-0.007663,8,25,16,,0.49624,,,-0.004614,0.420542,,0.516175,-0.019355,,,,,,,0
2026-09-03,2474.03192,perp,0.014262,10,0.02725,122,12805.06,0.44958,0.489594,0.517759,0.021061,0.018434,11,19,24,,0.515728,,,-0.009888,0.445552,0.502212,0.512875,0.036087,-0.013199,,,,,,0
2026-09-04,2473.999659,perp,0.035946,10,0.032134,141,19637.84,0.447145,0.501682,0.521717,0.035219,0.006027,23,22,22,,0.499962,,,0.010381,0.449131,0.520837,0.520513,0.043758,-0.025382,,,,,,0
2026-09-05,2457.331233,perp,0.027114,1,0.032134,75,6544.404294,0.388935,0.488567,0.514957,0.006647,0.011211,11,17,12,,0.497821,,,0.006283,0.379225,,0.515534,0.002188,,,,,,,0
2026-09-06,2485.752415,perp,0.024865,5,0.032134,84,26287.1,0.472209,0.499215,0.521829,0.021607,0.032863,14,16,21,,0.498643,,,0.025374,0.458259,0.507991,0.531772,-0.000889,0.026687,,,,,,0
2026-09-07,2496.686957,perp,0.052905,3,0.032941,90,5855.54,0.477841,0.499371,0.521089,0.035454,0.007564,13,16,15,,0.501234,,,0.004384,0.504794,,,0.036085,,,,,,,0
2026-09-08,2474.976982,perp,0.01652,2,0.032134,88,11872.94,0.503926,0.508879,0.516391,0.014339,0.022078,9,18,18,0.507418,0.487231,,0.00931,0.03837,,,0.532555,,,,,,,,0
2026-09-09,2499.693995,perp,0.039565,8,0.034731,96,9729.6,0.506027,0.516223,0.530743,0.034691,0.011881,10,17,18,0.505096,0.524314,,0.033447,0.003757,,,0.527156,,,,,,,,0
2026-09-10,2456.101161,perp,0.027431,10,0.034731,127,53382.8182,0.500354,,0.526689,0.003138,,14,0,21,0.514818,,,0.015427,,0.586877,,0.532204,-0.033074,,,,,,,0
2026-09-11,2565.876267,perp,0.042389,10,0.035946,180,87516.234,0.487268,0.505578,0.532125,0.031161,0.010085,29,20,25,0.507884,,,0.027402,,0.452599,0.503525,0.540742,0.056488,0.021167,,,,,,0
2026-09-12,2533.372893,perp,0.033717,1,0.034731,98,13000.7,0.467026,0.505437,0.528845,-0.004039,0.011313,16,15,20,0.466906,,,-0.002886,,,0.503843,0.514807,,-0.002052,,,,,,0
2026-09-13,2495.701616,perp,0.042432,4,0.034731,143,80868.3,0.516807,0.516254,0.53418,0.006929,-0.007149,25,19,21,0.513717,,,0.021722,,,0.52111,0.538229,,,,,,,,0
2026-09-14,2535.772544,perp,0.057697,9,0.035946,160,128368.335,0.555595,0.517757,0.532421,0.039371,0.003323,21,20,32,0.552858,,,0.046416,,,0.512622,0.531785,,,,,,,,0
2026-09-15,2463.584342,perp,0.014138,15,0.033717,221,49586.593018,0.553755,0.53491,0.543967,-0.009265,0.004349,21,30,16,0.551695,,,-0.005602,,,0.532475,0.557372,,0.015742,,,,,,0
2026-09-16,2406.37298,perp,0.04082,7,0.035946,180,101004.0656,0.510062,0.515852,0.543485,-0.007454,-0.002732,18,30,22,0.511372,,,-0.009305,,,0.51783,0.524903,,0.006713,,,,,,0
2026-09-17,2453.580169,perp,0.050931,8,0.035946,160,91039.197704,0.438822,,0.543421,0.030293,,13,0,16,0.438822,,,0.028438,,,,,,,,,,,,0
2026-09-18,2556.041585,perp,0.048066,17,0.039565,227,58113.016072,0.441274,0.484339,0.523073,0.029964,0.017488,23,25,23,0.448334,,,0.033007,,0.428542,0.482056,0.540113,0.050545,0.029329,,,,,,0
2026-09-19,2639.506669,perp,0.054961,7,0.04082,157,26231.366,0.456062,0.485664,0.523548,0.055587,0.010045,24,25,23,0.459419,,,0.061915,,0.450817,0.479941,,0.10371,,,,,,,0
2026-09-20,2618.683364,perp,0.020466,3,0.04082,126,39283.868,0.479018,0.509398,,0.047193,-0.007752,19,21,0,0.458321,,,0.068492,,0.478985,0.496351,,0.058282,,,,,,,0
2026-09-21,2732.363959,perp,0.044921,24,0.042389,259,200342.934378,0.529101,0.511172,0.551646,0.038689,0.010985,21,41,28,0.525712,,,0.028394,,0.528799,0.515003,,0.007762,,,,,,,0
2026-09-22,2743.535431,perp,0.056333,20,0.042389,178,39280.41036,0.491875,0.500008,0.539263,0.026349,0.017026,19,24,22,,,,,,0.495864,,,,,,,,,,0
2026-09-23,2685.766215,perp,0.051776,19,0.042432,171,40550.295084,0.46529,0.501042,0.531349,-0.001029,0.001916,20,29,19,,,,,,0.467214,0.501308,,-0.012636,,,,,,,0
2026-09-24,2685.198452,perp,0.048859,12,0.044921,164,30178.76,0.446483,0.4961,0.530768,-0.00457,0.008772,21,21,17,,,,,,0.443521,0.508152,,0.005568,,,,,,,0
2026-09-25,2689.682961,perp,0.034626,9,0.044921,196,44862.18,0.411526,0.474254,0.518383,-0.00678,-0.001554,34,28,17,,0.476547,,,-0.016815,0.419793,0.469588,,-0.022226,0.018015,,,,,,0
2026-09-26,2687.6994,perp,0.044343,4,0.044921,119,21257.747532,0.391042,0.466758,0.512095,0.009375,0.001168,22,19,9,,,,,,0.402235,0.465943,,0.026384,-0.010419,,,,,,0
2026-09-27,2699.545933,perp,0.053558,7,0.048066,131,26336.66,0.440649,0.475326,0.523243,0.002407,-0.004115,20,22,20,0.419703,0.470036,,0.060708,0.013785,0.430152,0.473554,,-0.004226,0.011769,,,,,,0
2026-09-28,2682.660404,perp,0.047325,8,0.048066,171,17687.701934,0.442399,0.487414,0.525186,0.009343,0.004378,24,39,29,,0.488383,,,0.008709,0.455387,0.485452,0.515851,0.01579,0.009713,,,,,,0
2026-09-29,2706.742194,perp,0.046555,8,0.047325,178,31159.64,0.468595,0.491045,0.530008,0.01639,-0.004497,22,40,23,,0.489248,,,-0.008181,0.467748,0.492602,0.540166,0.005276,0.00302,,,,,,0
2026-09-30,2679.089552,perp,0.052405,13,0.048066,169,15180.257218,0.428188,0.483965,0.520985,-0.013766,-0.011338,13,30,18,0.407559,0.483546,,0.01521,-0.015663,,0.485852,,,-0.011145,,,,,,0
2026-10-01,2692.472488,perp,0.021716,19,0.048066,182,60725.826,0.424764,0.488309,0.535428,-0.025564,-0.017867,23,35,37,0.392385,,,0.015961,,0.436374,0.484414,0.535157,-0.086884,,,,,,,17
2026-10-02,2729.204595,perp,0.021707,13,0.047325,226,21186.062312,0.395657,0.477296,0.516885,0.008327,-0.008825,38,39,30,0.419782,,,0.01811,,0.381766,0.469674,,-0.023081,,0.393415,0.46582,0.506642,0.007448,-0.000115,96
2026-10-03,2680.13606,perp,0.06087,4,0.047325,146,8828.8808,0.373653,0.458901,,-0.001196,-0.00622,32,31,0,0.375162,,,0.019844,,0.370086,0.457116,,-0.004035,-0.013494,0.358283,0.454106,0.504369,-0.003089,-0.009069,96
