ts,instrument,kind,underlying,direction,amount,price,index_price,notional_usd,premium_usd,wallet,subaccount_id,rfq,realized_pnl
1790813457550,ETH-PERP,perp,ETH,sell,11.291,2681.41,2680.555636924826,30275.8,0.0,0x3aAa2bB57a0eFeA8F6f89423A923f7107c33471B,58111,0,-198.69840089300195
1790813459833,ETH-PERP,perp,ETH,buy,12.865,2681.7,2680.570745440252,34500.07,0.0,0x3aAa2bB57a0eFeA8F6f89423A923f7107c33471B,58111,0,0.0
1790813776102,HYPE-20261225-110-C,option,HYPE,buy,500.0,4.989531855032,90.18516467654914,45092.58,2494.77,0x5323F6E9Df2F3501Ef25eeAC6352140bDC19FB78,74232,1,0.0
1790813888307,BTC-PERP,perp,BTC,sell,0.3917,83382.9,83402.19518356596,32661.08,0.0,0x15efc06FEa57Bda3ceA94A53D5426E78ed4651F3,58000,0,-30.442331790953006
1790813954656,HYPE-20261225-110-C,option,HYPE,buy,1000.0,4.967916117488,90.11580681751097,90115.81,4967.92,0x5323F6E9Df2F3501Ef25eeAC6352140bDC19FB78,74232,1,0.0
1790813985142,HYPE-20261225-110-C,option,HYPE,buy,1000.0,4.998401582158,90.14868184663432,90148.68,4998.4,0x5323F6E9Df2F3501Ef25eeAC6352140bDC19FB78,74232,1,0.0
1790814233451,BTC-20261127-110000-C,option,BTC,sell,4.0,272.2656,83403.6154071012,333614.46,1089.06,0x3d49C68670466128a3EDE5CfCF1EE6d5F9ef006B,73882,1,0.0
1790814233451,BTC-20261127-100000-C,option,BTC,buy,4.0,807.5496,83403.6154071012,333614.46,3230.2,0x3d49C68670466128a3EDE5CfCF1EE6d5F9ef006B,73882,1,0.0
1790814299930,ETH-PERP,perp,ETH,sell,11.573,2681.35,2680.5570363514626,31031.26,0.0,0x3aAa2bB57a0eFeA8F6f89423A923f7107c33471B,58111,0,-203.66514419076472
1790814307979,BTC-20261009-94000-C,option,BTC,sell,3.0,45.801,83413.03199431939,250239.1,137.4,0x3d49C68670466128a3EDE5CfCF1EE6d5F9ef006B,73882,1,0.0
1790814307979,BTC-20261009-88000-C,option,BTC,buy,3.0,344.4053,83413.03199431939,250239.1,1033.22,0x3d49C68670466128a3EDE5CfCF1EE6d5F9ef006B,73882,1,0.0
1790814486938,ETH-PERP,perp,ETH,buy,10.368,2682.45,2681.2785870526336,27811.64,0.0,0x3aAa2bB57a0eFeA8F6f89423A923f7107c33471B,58111,0,0.0
1790815018955,ETH-PERP,perp,ETH,buy,10.555,2681.91,2681.3775246085506,28307.56,0.0,0x15efc06FEa57Bda3ceA94A53D5426E78ed4651F3,58000,0,0.0
1790818569328,XAUT-20261127-4100-C,option,XAUT,sell,18.0,177.0,4161.573413124848,74908.32,3186.0,0xAB1FB502bC1733fe97A54680D6BA7a33299c86fc,56536,0,-231.7530291730605
1790819916518,ZEC-20261225-1900-C,option,ZEC,sell,75.0,212.0496,1419.054143650669,106429.06,15903.72,0xf9272b7C86d846038cb0c9664354A00bA62E2cCC,60376,1,0.0
1790819916518,ZEC-20261225-1600-C,option,ZEC,buy,75.0,297.3779,1419.054143650669,106429.06,22303.34,0xf9272b7C86d846038cb0c9664354A00bA62E2cCC,60376,1,0.0
1790820599355,SOL-PERP,perp,SOL,sell,244.368,118.22,118.23823550873085,28889.18,0.0,0x978e3eb7997a9575cdE1799176829073d2876Fb9,7812,0,0.0
1790820599391,SOL-PERP,perp,SOL,sell,235.927,118.214,118.23823550873085,27889.87,0.0,0x978e3eb7997a9575cdE1799176829073d2876Fb9,7812,0,0.0
1790821368446,ETH-PERP,perp,ETH,sell,17.683,2686.48,2685.73293875767,47505.03,0.0,0x15efc06FEa57Bda3ceA94A53D5426E78ed4651F3,58000,0,5.019222092893319
1790821406262,ETH-20261002-2500-C,option,ETH,sell,2000.0,185.067475590591,2685.671317050831,5371342.63,370134.95,0x96B97d96AC85373307294E05DFd9D548E3BBa701,61291,1,119432.17571257205
1790821498798,ETH-PERP,perp,ETH,sell,14.232,2686.09,2685.3365009014474,38228.43,0.0,0x3aAa2bB57a0eFeA8F6f89423A923f7107c33471B,58111,0,-180.9333222033493
1790821498798,ETH-PERP,perp,ETH,sell,18.985,2686.42,2685.3365009014474,51001.68,0.0,0x3aAa2bB57a0eFeA8F6f89423A923f7107c33471B,58111,0,-235.09379780990628
1790821501984,ETH-PERP,perp,ETH,sell,16.765,2685.88,2685.3365009014474,45028.78,0.0,0x3aAa2bB57a0eFeA8F6f89423A923f7107c33471B,58111,0,-216.65634046789987
1790821501984,ETH-PERP,perp,ETH,sell,18.986,2686.25,2685.3365009014474,51001.14,0.0,0x3aAa2bB57a0eFeA8F6f89423A923f7107c33471B,58111,0,-238.33380094384412
1790821504063,ETH-PERP,perp,ETH,sell,16.764,2685.72,2685.323292741716,45023.41,0.0,0x3aAa2bB57a0eFeA8F6f89423A923f7107c33471B,58111,0,-219.32562412072355
1790821504063,ETH-PERP,perp,ETH,sell,18.989,2686.08,2685.323292741716,51005.97,0.0,0x3aAa2bB57a0eFeA8F6f89423A923f7107c33471B,58111,0,-241.5995527241959
1790821506820,ETH-PERP,perp,ETH,sell,17.877,2685.69,2685.323292741716,48012.08,0.0,0x3aAa2bB57a0eFeA8F6f89423A923f7107c33471B,58111,0,-234.42345998843803
1790821506820,ETH-PERP,perp,ETH,sell,18.99,2685.91,2685.323292741716,51005.43,0.0,0x3aAa2bB57a0eFeA8F6f89423A923f7107c33471B,58111,0,-244.8405758561525
1790821509037,ETH-PERP,perp,ETH,sell,17.876,2685.69,2685.1137875188265,48009.39,0.0,0x3aAa2bB57a0eFeA8F6f89423A923f7107c33471B,58111,0,-234.40978508917675
1790821509037,ETH-PERP,perp,ETH,sell,18.992,2685.74,2685.1137875188265,51007.57,0.0,0x3aAa2bB57a0eFeA8F6f89423A923f7107c33471B,58111,0,-248.09440528158675
1790821512201,ETH-PERP,perp,ETH,sell,15.632,2684.78,2685.1137875188265,41968.48,0.0,0x3aAa2bB57a0eFeA8F6f89423A923f7107c33471B,58111,0,-219.20910749798674
1790821512201,ETH-PERP,perp,ETH,sell,20.5,2684.95,2685.1137875188265,55041.47,0.0,0x3aAa2bB57a0eFeA8F6f89423A923f7107c33471B,58111,0,-283.98856088208345
1790821515893,ETH-PERP,perp,ETH,sell,10.563,2684.61,2684.804250040494,28357.54,0.0,0x3aAa2bB57a0eFeA8F6f89423A923f7107c33471B,58111,0,-149.921230460535
1790821515893,ETH-PERP,perp,ETH,sell,20.5,2684.78,2684.804250040494,55037.99,0.0,0x3aAa2bB57a0eFeA8F6f89423A923f7107c33471B,58111,0,-287.47260905433757
1790821518731,ETH-PERP,perp,ETH,sell,10.916,2684.63,2684.6212592889815,29305.42,0.0,0x3aAa2bB57a0eFeA8F6f89423A923f7107c33471B,58111,0,-154.71275892885316
1790821518731,ETH-PERP,perp,ETH,sell,20.5,2684.78,2684.6212592889815,55037.99,0.0,0x3aAa2bB57a0eFeA8F6f89423A923f7107c33471B,58111,0,-287.47204635777666
1790821521331,ETH-PERP,perp,ETH,sell,12.461,2684.44,2684.6212592889815,33450.81,0.0,0x3aAa2bB57a0eFeA8F6f89423A923f7107c33471B,58111,0,-178.9776751055734
1790821521331,ETH-PERP,perp,ETH,sell,10.916,2684.55,2684.6212592889815,29304.55,0.0,0x3aAa2bB57a0eFeA8F6f89423A923f7107c33471B,58111,0,-155.58603892885318
1790821521331,ETH-PERP,perp,ETH,sell,13.5,2684.69,2684.6212592889815,36243.32,0.0,0x3aAa2bB57a0eFeA8F6f89423A923f7107c33471B,58111,0,-190.52585979658463
1790821523741,ETH-PERP,perp,ETH,sell,12.46,2684.35,2684.6020413647993,33447.0,0.0,0x3aAa2bB57a0eFeA8F6f89423A923f7107c33471B,58111,0,-180.0846761606215
1790821523741,ETH-PERP,perp,ETH,sell,10.916,2684.45,2684.6020413647993,29303.46,0.0,0x3aAa2bB57a0eFeA8F6f89423A923f7107c33471B,58111,0,-156.67760746142412
1790821523741,ETH-PERP,perp,ETH,sell,13.5,2684.6,2684.6020413647993,36242.1,0.0,0x3aAa2bB57a0eFeA8F6f89423A923f7107c33471B,58111,0,-191.74082088028817
1790821526076,ETH-PERP,perp,ETH,sell,10.916,2684.37,2684.6020413647993,29302.58,0.0,0x3aAa2bB57a0eFeA8F6f89423A923f7107c33471B,58111,0,-157.5508874614241
1790821526076,ETH-PERP,perp,ETH,sell,16.5,2684.43,2684.6020413647993,44293.09,0.0,0x3aAa2bB57a0eFeA8F6f89423A923f7107c33471B,58111,0,-237.15489218701887
1790821528925,ETH-PERP,perp,ETH,sell,18.999,2684.18,2684.6034270628716,50996.74,0.0,0x3aAa2bB57a0eFeA8F6f89423A923f7107c33471B,58111,0,-277.82283253455716
1790821528925,ETH-PERP,perp,ETH,sell,10.916,2684.28,2684.6034270628716,29301.6,0.0,0x3aAa2bB57a0eFeA8F6f89423A923f7107c33471B,58111,0,-158.53332973036615
1790821529120,ETH-PERP,perp,ETH,buy,10.916,2684.14,2684.6034270628716,29300.07,0.0,0x15efc06FEa57Bda3ceA94A53D5426E78ed4651F3,58000,0,0.0
1790821529228,ETH-PERP,perp,ETH,buy,19.001,2684.24,2684.6034270628716,51003.24,0.0,0x15efc06FEa57Bda3ceA94A53D5426E78ed4651F3,58000,0,0.0
1790821531191,ETH-PERP,perp,ETH,sell,18.999,2684.14,2684.6034270628716,50995.98,0.0,0x3aAa2bB57a0eFeA8F6f89423A923f7107c33471B,58111,0,-278.5827925345572
1790821531191,ETH-PERP,perp,ETH,sell,10.916,2684.16,2684.6034270628716,29300.29,0.0,0x3aAa2bB57a0eFeA8F6f89423A923f7107c33471B,58111,0,-159.84324973036613
1790821533374,ETH-PERP,perp,ETH,sell,19.001,2683.87,2684.586763678079,50996.21,0.0,0x3aAa2bB57a0eFeA8F6f89423A923f7107c33471B,58111,0,-283.7423410893646
1790821533374,ETH-PERP,perp,ETH,sell,10.916,2683.98,2684.586763678079,29298.33,0.0,0x3aAa2bB57a0eFeA8F6f89423A923f7107c33471B,58111,0,-161.80810244573988
1790821533447,ETH-PERP,perp,ETH,buy,19.001,2684.26,2684.586763678079,51003.62,0.0,0x15efc06FEa57Bda3ceA94A53D5426E78ed4651F3,58000,0,0.0
1790821533670,ETH-PERP,perp,ETH,buy,19.002,2684.06,2684.586763678079,51002.51,0.0,0x15efc06FEa57Bda3ceA94A53D5426E78ed4651F3,58000,0,0.0
1790821535609,ETH-PERP,perp,ETH,sell,12.326,2684.0,2684.586763678079,33082.98,0.0,0x3aAa2bB57a0eFeA8F6f89423A923f7107c33471B,58111,0,-182.46204272867257
1790821535609,ETH-PERP,perp,ETH,sell,20.5,2684.03,2684.586763678079,55022.62,0.0,0x3aAa2bB57a0eFeA8F6f89423A923f7107c33471B,58111,0,-302.8469402837731
1790821537957,ETH-PERP,perp,ETH,sell,11.952,2683.81,2684.586763678079,32076.9,0.0,0x3aAa2bB57a0eFeA8F6f89423A923f7107c33471B,58111,0,-179.19659269617836
1790821537957,ETH-PERP,perp,ETH,sell,20.5,2684.03,2684.586763678079,55022.62,0.0,0x3aAa2bB57a0eFeA8F6f89423A923f7107c33471B,58111,0,-302.8469402837731
1790821541044,ETH-PERP,perp,ETH,sell,16.387,2683.69,2684.4301333223966,43977.63,0.0,0x3aAa2bB57a0eFeA8F6f89423A923f7107c33471B,58111,0,-247.65669794256837
1790821541044,ETH-PERP,perp,ETH,sell,20.5,2683.8,2684.4301333223966,55017.9,0.0,0x3aAa2bB57a0eFeA8F6f89423A923f7107c33471B,58111,0,-307.5614586454294
1790821543846,ETH-PERP,perp,ETH,sell,16.385,2683.52,2683.796602221045,43969.48,0.0,0x3aAa2bB57a0eFeA8F6f89423A923f7107c33471B,58111,0,-250.41036488553863
1790821543846,ETH-PERP,perp,ETH,sell,20.5,2683.69,2683.796602221045,55015.65,0.0,0x3aAa2bB57a0eFeA8F6f89423A923f7107c33471B,58111,0,-309.81451053729273
1790821547074,ETH-PERP,perp,ETH,sell,16.387,2683.35,2683.796602221045,43972.06,0.0,0x3aAa2bB57a0eFeA8F6f89423A923f7107c33471B,58111,0,-253.2267206914447
1790821547074,ETH-PERP,perp,ETH,sell,20.5,2683.52,2683.796602221045,55012.16,0.0,0x3aAa2bB57a0eFeA8F6f89423A923f7107c33471B,58111,0,-313.29951053729275
1790821547328,ETH-PERP,perp,ETH,buy,17.723,2683.36,2683.796602221045,47557.19,0.0,0x15efc06FEa57Bda3ceA94A53D5426E78ed4651F3,58000,0,0.0
1790821549853,ETH-PERP,perp,ETH,sell,13.076,2683.18,2683.8139231152727,35085.26,0.0,0x3aAa2bB57a0eFeA8F6f89423A923f7107c33471B,58111,0,-204.2851129871356
1790821549853,ETH-PERP,perp,ETH,sell,20.5,2683.35,2683.8139231152727,55008.67,0.0,0x3aAa2bB57a0eFeA8F6f89423A923f7107c33471B,58111,0,-316.78456379904253
1790821550160,ETH-PERP,perp,ETH,buy,19.01,2683.19,2683.8139231152727,51007.44,0.0,0x15efc06FEa57Bda3ceA94A53D5426E78ed4651F3,58000,0,0.0
1790821552061,ETH-PERP,perp,ETH,sell,10.787,2682.77,2683.8139231152727,28939.04,0.0,0x3aAa2bB57a0eFeA8F6f89423A923f7107c33471B,58111,0,-172.94695218050106
1790821552061,ETH-PERP,perp,ETH,sell,19.009,2683.18,2683.8139231152727,51004.57,0.0,0x3aAa2bB57a0eFeA8F6f89423A923f7107c33471B,58111,0,-296.97581162224384
1790821553268,ETH-PERP,perp,ETH,buy,19.011,2683.19,2683.8139231152727,51010.13,0.0,0x15efc06FEa57Bda3ceA94A53D5426E78ed4651F3,58000,0,0.0
1790821554842,ETH-PERP,perp,ETH,sell,11.215,2682.27,2683.667398559278,30081.66,0.0,0x3aAa2bB57a0eFeA8F6f89423A923f7107c33471B,58111,0,-185.4162892654687
1790821554842,ETH-PERP,perp,ETH,sell,19.011,2683.01,2683.667398559278,51006.7,0.0,0x3aAa2bB57a0eFeA8F6f89423A923f7107c33471B,58111,0,-300.2385095965961
1790821557796,ETH-PERP,perp,ETH,sell,10.921,2682.7,2683.667398559278,29297.77,0.0,0x3aAa2bB57a0eFeA8F6f89423A923f7107c33471B,58111,0,-175.8595914951568
1790821557796,ETH-PERP,perp,ETH,sell,19.01,2683.01,2683.667398559278,51004.02,0.0,0x3aAa2bB57a0eFeA8F6f89423A923f7107c33471B,58111,0,-300.2227167130236
1790821561128,ETH-PERP,perp,ETH,sell,9.87,2682.63,2683.5127449387246,26477.56,0.0,0x3aAa2bB57a0eFeA8F6f89423A923f7107c33471B,58111,0,-159.6261318957852
1790821561128,ETH-PERP,perp,ETH,sell,19.011,2682.84,2683.5127449387246,51003.47,0.0,0x3aAa2bB57a0eFeA8F6f89423A923f7107c33471B,58111,0,-303.46993857859906
1790821563858,ETH-PERP,perp,ETH,sell,9.868,2682.58,2683.525044175978,26471.7,0.0,0x3aAa2bB57a0eFeA8F6f89423A923f7107c33471B,58111,0,-160.0872043803673
1790821563858,ETH-PERP,perp,ETH,sell,19.012,2682.67,2683.525044175978,51002.92,0.0,0x3aAa2bB57a0eFeA8F6f89423A923f7107c33471B,58111,0,-306.7179765139383
1790821566347,ETH-PERP,perp,ETH,sell,16.839,2682.5,2683.525044175978,45170.62,0.0,0x3aAa2bB57a0eFeA8F6f89423A923f7107c33471B,58111,0,-274.52389691133004
1790821566347,ETH-PERP,perp,ETH,sell,10.921,2682.52,2683.525044175978,29295.8,0.0,0x3aAa2bB57a0eFeA8F6f89423A923f7107c33471B,58111,0,-177.8251382973238
1790821568692,ETH-PERP,perp,ETH,sell,17.043,2682.33,2683.542472123023,45714.95,0.0,0x3aAa2bB57a0eFeA8F6f89423A923f7107c33471B,58111,0,-280.747035357749
1790821568692,ETH-PERP,perp,ETH,sell,10.921,2682.45,2683.542472123023,29295.04,0.0,0x3aAa2bB57a0eFeA8F6f89423A923f7107c33471B,58111,0,-178.58963684691525
1790821568861,ETH-PERP,perp,ETH,buy,10.921,2682.34,2683.542472123023,29293.84,0.0,0x15efc06FEa57Bda3ceA94A53D5426E78ed4651F3,58000,0,0.0
1790821571295,ETH-PERP,perp,ETH,sell,19.015,2682.16,2683.542472123023,51001.27,0.0,0x3aAa2bB57a0eFeA8F6f89423A923f7107c33471B,58111,0,-316.4640748094582
1790821571295,ETH-PERP,perp,ETH,sell,10.921,2682.3,2683.542472123023,29293.4,0.0,0x3aAa2bB57a0eFeA8F6f89423A923f7107c33471B,58111,0,-180.22778684691525
1790821573868,ETH-PERP,perp,ETH,sell,9.41,2681.48,2683.5162703162305,25232.73,0.0,0x3aAa2bB57a0eFeA8F6f89423A923f7107c33471B,58111,0,-163.00812109961024
1790821573868,ETH-PERP,perp,ETH,sell,19.016,2682.16,2683.5162703162305,51003.95,0.0,0x3aAa2bB57a0eFeA8F6f89423A923f7107c33471B,58111,0,-316.48064293625805
1790821576708,ETH-PERP,perp,ETH,sell,13.07,2680.63,2683.5162703162305,35035.83,0.0,0x3aAa2bB57a0eFeA8F6f89423A923f7107c33471B,58111,0,-237.51929200551604
1790821576708,ETH-PERP,perp,ETH,sell,19.017,2681.62,2683.5162703162305,50996.37,0.0,0x3aAa2bB57a0eFeA8F6f89423A923f7107c33471B,58111,0,-326.76646579716135
1790821579184,ETH-PERP,perp,ETH,sell,13.07,2680.42,2683.566065025886,35033.09,0.0,0x3aAa2bB57a0eFeA8F6f89423A923f7107c33471B,58111,0,-240.26408962804433
1790821579184,ETH-PERP,perp,ETH,sell,19.018,2681.45,2683.566065025886,50995.82,0.0,0x3aAa2bB57a0eFeA8F6f89423A923f7107c33471B,58111,0,-330.0168507074328
1790821581644,ETH-PERP,perp,ETH,sell,13.069,2680.39,2683.566065025886,35030.02,0.0,0x3aAa2bB57a0eFeA8F6f89423A923f7107c33471B,58111,0,-240.63777675967185
1790821581644,ETH-PERP,perp,ETH,sell,19.019,2681.53,2683.566065025886,51000.02,0.0,0x3aAa2bB57a0eFeA8F6f89423A923f7107c33471B,58111,0,-328.5126835758053
1790821584063,ETH-PERP,perp,ETH,sell,13.068,2680.28,2683.520797089701,35025.9,0.0,0x3aAa2bB57a0eFeA8F6f89423A923f7107c33471B,58111,0,-242.0567551570909
1790821584063,ETH-PERP,perp,ETH,sell,19.02,2681.33,2683.520797089701,50998.9,0.0,0x3aAa2bB57a0eFeA8F6f89423A923f7107c33471B,58111,0,-332.3338272947558
1790821586690,ETH-PERP,perp,ETH,sell,13.439,2680.22,2683.520797089701,36019.48,0.0,0x3aAa2bB57a0eFeA8F6f89423A923f7107c33471B,58111,0,-249.73507680411268
1790821586690,ETH-PERP,perp,ETH,sell,19.021,2681.36,2683.520797089701,51002.15,0.0,0x3aAa2bB57a0eFeA8F6f89423A923f7107c33471B,58111,0,-331.7806701563381
1790821588962,ETH-PERP,perp,ETH,sell,11.948,2679.83,2683.5202723682764,32018.61,0.0,0x3aAa2bB57a0eFeA8F6f89423A923f7107c33471B,58111,0,-226.6877492445439
1790821588962,ETH-PERP,perp,ETH,sell,19.022,2681.22,2683.5202723682764,51002.17,0.0,0x3aAa2bB57a0eFeA8F6f89423A923f7107c33471B,58111,0,-334.4611915207327
1790821589717,ETH-PERP,perp,ETH,buy,10.77,2681.41,2683.5202723682764,28878.79,0.0,0x978e3eb7997a9575cdE1799176829073d2876Fb9,7812,0,17.89407370494283
1790821589822,ETH-PERP,perp,ETH,buy,31.844,2682.42,2683.5202723682764,85418.98,0.0,0x15efc06FEa57Bda3ceA94A53D5426E78ed4651F3,58000,0,0.0
1790821590868,ETH-PERP,perp,ETH,buy,15.354,2681.56,2683.5202723682764,41172.67,0.0,0x15efc06FEa57Bda3ceA94A53D5426E78ed4651F3,58000,0,0.0
1790821590868,ETH-PERP,perp,ETH,buy,17.552,2681.45,2683.5202723682764,47064.81,0.0,0x15efc06FEa57Bda3ceA94A53D5426E78ed4651F3,58000,0,0.0
1790821591485,ETH-PERP,perp,ETH,sell,11.192,2680.52,2683.5202723682764,30000.38,0.0,0x3aAa2bB57a0eFeA8F6f89423A923f7107c33471B,58111,0,-204.62178594785198
1790821591485,ETH-PERP,perp,ETH,sell,19.026,2681.08,2683.5202723682764,51010.23,0.0,0x3aAa2bB57a0eFeA8F6f89423A923f7107c33471B,58111,0,-337.1951629667469
1790821594512,ETH-PERP,perp,ETH,sell,11.194,2680.03,2682.9313820733764,30000.26,0.0,0x3aAa2bB57a0eFeA8F6f89423A923f7107c33471B,58111,0,-210.14242286516495
1790821594512,ETH-PERP,perp,ETH,sell,19.027,2680.37,2682.9313820733764,50999.4,0.0,0x3aAa2bB57a0eFeA8F6f89423A923f7107c33471B,58111,0,-350.72037510590434
1790821596704,ETH-PERP,perp,ETH,sell,16.753,2679.41,2682.9313820733764,44888.16,0.0,0x3aAa2bB57a0eFeA8F6f89423A923f7107c33471B,58111,0,-324.88712891728676
1790821596704,ETH-PERP,perp,ETH,sell,19.03,2680.23,2682.9313820733764,51004.78,0.0,0x3aAa2bB57a0eFeA8F6f89423A923f7107c33471B,58111,0,-353.43987342541436
1790821599314,ETH-PERP,perp,ETH,sell,16.755,2679.16,2682.7853302279045,44889.33,0.0,0x3aAa2bB57a0eFeA8F6f89423A923f7107c33471B,58111,0,-329.1142973988262
1790821599314,ETH-PERP,perp,ETH,sell,19.029,2680.23,2682.7853302279045,51002.1,0.0,0x3aAa2bB57a0eFeA8F6f89423A923f7107c33471B,58111,0,-353.4208837691593
1790821601319,ETH-PERP,perp,ETH,sell,17.87,2678.09,2682.7853302279045,47857.47,0.0,0x3aAa2bB57a0eFeA8F6f89423A923f7107c33471B,58111,0,-370.1368650562234
1790821601319,ETH-PERP,perp,ETH,sell,19.031,2679.61,2682.7853302279045,50995.66,0.0,0x3aAa2bB57a0eFeA8F6f89423A923f7107c33471B,58111,0,-365.25724927168375
1790821603444,ETH-PERP,perp,ETH,sell,16.749,2677.77,2682.7853302279045,44849.97,0.0,0x3aAa2bB57a0eFeA8F6f89423A923f7107c33471B,58111,0,-352.27755089125276
1790821603444,ETH-PERP,perp,ETH,sell,19.034,2679.42,2682.7853302279045,51000.08,0.0,0x3aAa2bB57a0eFeA8F6f89423A923f7107c33471B,58111,0,-368.93128752547045
1790821606721,ETH-PERP,perp,ETH,sell,15.26,2677.8,2682.7317300889363,40863.23,0.0,0x3aAa2bB57a0eFeA8F6f89423A923f7107c33471B,58111,0,-320.50186157105975
1790821606721,ETH-PERP,perp,ETH,sell,19.032,2679.69,2682.7317300889363,50999.86,0.0,0x3aAa2bB57a0eFeA8F6f89423A923f7107c33471B,58111,0,-363.75372900526924
1790821607276,ETH-PERP,perp,ETH,buy,11.193,2679.72,2682.7317300889363,29994.11,0.0,0xEA2Eec3dc92E860ca7c00DDa51f1AfbCD1fC2E73,62858,0,-706.4654130041348
1790821609738,ETH-PERP,perp,ETH,sell,14.959,2677.76,2682.7632000731655,40056.61,0.0,0x3aAa2bB57a0eFeA8F6f89423A923f7107c33471B,58111,0,-314.77846647509597
1790821609738,ETH-PERP,perp,ETH,sell,19.028,2680.03,2682.7632000731655,50995.61,0.0,0x3aAa2bB57a0eFeA8F6f89423A923f7107c33471B,58111,0,-357.20784785400934
1790821612317,ETH-PERP,perp,ETH,sell,14.957,2677.69,2682.7632000731655,40050.21,0.0,0x3aAa2bB57a0eFeA8F6f89423A923f7107c33471B,58111,0,-315.78337097921053
1790821612317,ETH-PERP,perp,ETH,sell,19.03,2680.07,2682.7632000731655,51001.73,0.0,0x3aAa2bB57a0eFeA8F6f89423A923f7107c33471B,58111,0,-356.4841933498948
1790821614321,ETH-PERP,perp,ETH,sell,15.502,2676.92,2683.139386229365,41497.61,0.0,0x3aAa2bB57a0eFeA8F6f89423A923f7107c33471B,58111,0,-339.22723335366004
1790821614321,ETH-PERP,perp,ETH,sell,19.033,2679.52,2683.139386229365,50999.3,0.0,0x3aAa2bB57a0eFeA8F6f89423A923f7107c33471B,58111,0,-367.0096155863896
1790821617286,ETH-PERP,perp,ETH,sell,19.034,2679.42,2683.139386229365,51000.08,0.0,0x3aAa2bB57a0eFeA8F6f89423A923f7107c33471B,58111,0,-368.9322983907602
1790821619290,ETH-PERP,perp,ETH,sell,19.035,2679.15,2683.1729725022833,50997.62,0.0,0x3aAa2bB57a0eFeA8F6f89423A923f7107c33471B,58111,0,-374.0912270923366
1790821622004,ETH-PERP,perp,ETH,sell,19.036,2678.92,2683.1729725022833,50995.92,0.0,0x3aAa2bB57a0eFeA8F6f89423A923f7107c33471B,58111,0,-378.4891599017452
1790821625144,ETH-PERP,perp,ETH,sell,19.038,2678.79,2683.123131962965,50998.8,0.0,0x3aAa2bB57a0eFeA8F6f89423A923f7107c33471B,58111,0,-381.00372319093424
1790821627962,ETH-PERP,perp,ETH,sell,19.045,2678.25,2683.123131962965,51007.27,0.0,0x3aAa2bB57a0eFeA8F6f89423A923f7107c33471B,58111,0,-391.4281128044617
1790821631100,ETH-PERP,perp,ETH,sell,19.045,2678.08,2682.9437255442035,51004.03,0.0,0x3aAa2bB57a0eFeA8F6f89423A923f7107c33471B,58111,0,-394.6652502851749
1790821634075,ETH-PERP,perp,ETH,sell,19.042,2678.3,2682.9437255442035,51000.19,0.0,0x3aAa2bB57a0eFeA8F6f89423A923f7107c33471B,58111,0,-390.4138419601103
1790821637458,ETH-PERP,perp,ETH,sell,19.044,2678.04,2682.4518224585454,51000.59,0.0,0x3aAa2bB57a0eFeA8F6f89423A923f7107c33471B,58111,0,-395.4048823397989
1790821640102,ETH-PERP,perp,ETH,sell,19.044,2678.13,2682.676660872518,51002.31,0.0,0x3aAa2bB57a0eFeA8F6f89423A923f7107c33471B,58111,0,-393.6915646132122
1790821642442,ETH-PERP,perp,ETH,sell,19.045,2677.92,2682.676660872518,51000.99,0.0,0x3aAa2bB57a0eFeA8F6f89423A923f7107c33471B,58111,0,-397.7116873481741
1790821683147,ETH-20261002-2500-P,option,ETH,buy,200.0,0.9,2683.217888352174,536643.58,180.0,0x8da08d7346c9cc74461d46fb1B2Ec44507E444Cb,97,1,0.0
1790821922044,ETH-20261001-2675-P,option,ETH,buy,50.0,4.6,2687.5842867102106,134379.21,230.0,0x8da08d7346c9cc74461d46fb1B2Ec44507E444Cb,97,0,0.0
1790822068109,ETH-PERP,perp,ETH,buy,11.176,2683.28,2687.2358046846143,29988.34,0.0,0xEA2Eec3dc92E860ca7c00DDa51f1AfbCD1fC2E73,62858,0,-745.1865394463593
1790822088663,ETH-PERP,perp,ETH,buy,10.059,2683.54,2687.3294513969504,26993.73,0.0,0xEA2Eec3dc92E860ca7c00DDa51f1AfbCD1fC2E73,62858,0,-673.3233732361118
1790822124556,ETH-PERP,perp,ETH,buy,10.002,2684.07,2688.450074622286,26846.07,0.0,0xEA2Eec3dc92E860ca7c00DDa51f1AfbCD1fC2E73,62858,0,-674.8106823295388
1790822126945,ETH-PERP,perp,ETH,buy,9.315,2684.07,2688.450074622286,25002.11,0.0,0xEA2Eec3dc92E860ca7c00DDa51f1AfbCD1fC2E73,62858,0,-628.4604584982658
1790822130569,ETH-PERP,perp,ETH,buy,11.176,2684.07,2687.970940968663,29997.17,0.0,0xEA2Eec3dc92E860ca7c00DDa51f1AfbCD1fC2E73,62858,0,-754.0168118288259
1790822130739,ETH-PERP,perp,ETH,buy,11.176,2684.07,2687.970940968663,29997.17,0.0,0xEA2Eec3dc92E860ca7c00DDa51f1AfbCD1fC2E73,62858,0,-754.0168118288259
1790822137161,ETH-PERP,perp,ETH,buy,10.06,2684.07,2687.8902331023223,27001.74,0.0,0xEA2Eec3dc92E860ca7c00DDa51f1AfbCD1fC2E73,62858,0,-678.7229568623297
1790822137203,ETH-PERP,perp,ETH,buy,11.174,2684.07,2687.8902331023223,29991.8,0.0,0xEA2Eec3dc92E860ca7c00DDa51f1AfbCD1fC2E73,62858,0,-753.8817415486752
1790822165938,ZEC-20261030-1600-P,option,ZEC,buy,90.0,319.625038601799,1416.6285244140984,127496.57,28766.25,0xb4B8Bd706d926c579DDd24759bbb4C2460734Df9,63285,1,1493.2019466743552
1790822213000,ETH-PERP,perp,ETH,buy,11.181,2682.15,2685.6494765523903,29989.12,0.0,0xEA2Eec3dc92E860ca7c00DDa51f1AfbCD1fC2E73,62858,0,-732.88273589902
1790822213827,ETH-PERP,perp,ETH,buy,10.067,2682.32,2685.6494765523903,27002.92,0.0,0xEA2Eec3dc92E860ca7c00DDa51f1AfbCD1fC2E73,62858,0,-661.574595643094
1790822222230,ETH-PERP,perp,ETH,buy,11.181,2682.67,2686.334048123271,29994.93,0.0,0xEA2Eec3dc92E860ca7c00DDa51f1AfbCD1fC2E73,62858,0,-738.6980040282301
1790822222378,ETH-PERP,perp,ETH,buy,11.182,2682.73,2686.334048123271,29998.29,0.0,0xEA2Eec3dc92E860ca7c00DDa51f1AfbCD1fC2E73,62858,0,-739.4349912855441
1790822233018,ETH-PERP,perp,ETH,buy,11.183,2682.73,2685.847142371773,30000.97,0.0,0xEA2Eec3dc92E860ca7c00DDa51f1AfbCD1fC2E73,62858,0,-739.5003017828053
1790822237115,ETH-PERP,perp,ETH,buy,11.182,2682.73,2686.0760168194365,29998.29,0.0,0xEA2Eec3dc92E860ca7c00DDa51f1AfbCD1fC2E73,62858,0,-739.4345584896382
1790822237336,ETH-PERP,perp,ETH,buy,9.694,2682.78,2686.0760168194365,26006.87,0.0,0xEA2Eec3dc92E860ca7c00DDa51f1AfbCD1fC2E73,62858,0,-641.5219571989405
1790822241389,ETH-PERP,perp,ETH,buy,10.066,2682.87,2686.1558769501307,27005.77,0.0,0xEA2Eec3dc92E860ca7c00DDa51f1AfbCD1fC2E73,62858,0,-667.0459431024262
1790822276174,ETH-PERP,perp,ETH,sell,11.185,2682.11,2685.2543947776353,29999.4,0.0,0x3aAa2bB57a0eFeA8F6f89423A923f7107c33471B,58111,0,-186.71256534119937
1790822276174,ETH-PERP,perp,ETH,sell,19.014,2682.13,2685.2543947776353,50998.02,0.0,0x3aAa2bB57a0eFeA8F6f89423A923f7107c33471B,58111,0,-317.0227345192279
1790822290248,ETH-20261002-2600-C,option,ETH,sell,1000.0,84.771038679619,2684.3474243761443,2684347.42,84771.04,0x96B97d96AC85373307294E05DFd9D548E3BBa701,61291,1,47332.81788543379
1790822345833,ETH-20261001-2675-P,option,ETH,buy,50.0,6.1,2684.256132055809,134212.81,305.0,0x8da08d7346c9cc74461d46fb1B2Ec44507E444Cb,97,0,0.0
1790822347479,ETH-PERP,perp,ETH,sell,19.023,2680.74,2684.256132055809,50995.72,0.0,0x3aAa2bB57a0eFeA8F6f89423A923f7107c33471B,58111,0,-343.61191412106166
1790822347479,ETH-PERP,perp,ETH,sell,11.19,2680.91,2684.256132055809,29999.38,0.0,0x3aAa2bB57a0eFeA8F6f89423A923f7107c33471B,58111,0,-200.22235536533037
1790822349657,ETH-PERP,perp,ETH,sell,19.029,2680.25,2684.256132055809,51002.48,0.0,0x3aAa2bB57a0eFeA8F6f89423A923f7107c33471B,58111,0,-353.0445019523567
1790822349657,ETH-PERP,perp,ETH,sell,11.192,2680.42,2684.256132055809,29999.26,0.0,0x3aAa2bB57a0eFeA8F6f89423A923f7107c33471B,58111,0,-205.7422213090954
1790822352072,ETH-PERP,perp,ETH,sell,19.028,2680.25,2684.0458408696895,50999.8,0.0,0x3aAa2bB57a0eFeA8F6f89423A923f7107c33471B,58111,0,-353.0253487673708
1790822352072,ETH-PERP,perp,ETH,sell,11.192,2680.42,2684.0458408696895,29999.26,0.0,0x3aAa2bB57a0eFeA8F6f89423A923f7107c33471B,58111,0,-205.74186827225216
1790822354565,ETH-PERP,perp,ETH,sell,19.026,2680.33,2684.0458408696895,50995.96,0.0,0x3aAa2bB57a0eFeA8F6f89423A923f7107c33471B,58111,0,-351.4661628866931
1790822356828,ETH-PERP,perp,ETH,sell,19.031,2680.25,2683.9856865011475,51007.84,0.0,0x3aAa2bB57a0eFeA8F6f89423A923f7107c33471B,58111,0,-353.08083586871913
1790822356828,ETH-PERP,perp,ETH,sell,11.192,2680.42,2683.9856865011475,29999.26,0.0,0x3aAa2bB57a0eFeA8F6f89423A923f7107c33471B,58111,0,-205.74176728509823
1790822359165,ETH-PERP,perp,ETH,sell,10.621,2678.68,2683.9856865011475,28450.26,0.0,0x3aAa2bB57a0eFeA8F6f89423A923f7107c33471B,58111,0,-213.72565350384457
1790822359165,ETH-PERP,perp,ETH,sell,19.03,2680.25,2683.9856865011475,51005.16,0.0,0x3aAa2bB57a0eFeA8F6f89423A923f7107c33471B,58111,0,-353.06228293740344
1790822361429,ETH-PERP,perp,ETH,sell,19.035,2679.29,2684.023896446348,51000.29,0.0,0x3aAa2bB57a0eFeA8F6f89423A923f7107c33471B,58111,0,-371.4287566929279
1790822361429,ETH-PERP,perp,ETH,sell,11.196,2679.46,2684.023896446348,29999.23,0.0,0x3aAa2bB57a0eFeA8F6f89423A923f7107c33471B,58111,0,-216.56352318014294
1790822364541,ETH-PERP,perp,ETH,sell,19.034,2679.2,2684.023896446348,50995.89,0.0,0x3aAa2bB57a0eFeA8F6f89423A923f7107c33471B,58111,0,-373.12230375588075
1790822366759,ETH-PERP,perp,ETH,sell,19.036,2679.1,2683.8479470296134,50999.35,0.0,0x3aAa2bB57a0eFeA8F6f89423A923f7107c33471B,58111,0,-375.0646072240105
1790822369456,ETH-PERP,perp,ETH,sell,14.532,2676.54,2683.8479470296134,38895.48,0.0,0x3aAa2bB57a0eFeA8F6f89423A923f7107c33471B,58111,0,-323.52461763497166
1790822369456,ETH-PERP,perp,ETH,sell,19.037,2678.94,2683.8479470296134,50998.98,0.0,0x3aAa2bB57a0eFeA8F6f89423A923f7107c33471B,58111,0,-378.1302301346653
1790822372032,ETH-PERP,perp,ETH,sell,19.037,2678.76,2683.7657423717665,50995.55,0.0,0x3aAa2bB57a0eFeA8F6f89423A923f7107c33471B,58111,0,-381.55665539515456
1790822374047,ETH-PERP,perp,ETH,buy,9.703,2679.27,2683.7657423717665,25996.96,0.0,0xEA2Eec3dc92E860ca7c00DDa51f1AfbCD1fC2E73,62858,0,-608.0566596774797
1790822374204,ETH-PERP,perp,ETH,buy,10.079,2679.26,2683.7657423717665,27004.26,0.0,0xEA2Eec3dc92E860ca7c00DDa51f1AfbCD1fC2E73,62858,0,-631.5186135751127
1790822374982,ETH-PERP,perp,ETH,sell,19.035,2679.04,2683.7657423717665,50995.53,0.0,0x3aAa2bB57a0eFeA8F6f89423A923f7107c33471B,58111,0,-376.18676959850643
1790822377880,ETH-PERP,perp,ETH,sell,19.036,2678.95,2683.7573851520915,50996.49,0.0,0x3aAa2bB57a0eFeA8F6f89423A923f7107c33471B,58111,0,-377.91974863362543
1790822377880,ETH-PERP,perp,ETH,sell,11.198,2679.1,2683.7573851520915,30000.56,0.0,0x3aAa2bB57a0eFeA8F6f89423A923f7107c33471B,58111,0,-220.6330413952163
1790822381161,ETH-PERP,perp,ETH,sell,19.037,2678.85,2684.066174324687,50997.27,0.0,0x3aAa2bB57a0eFeA8F6f89423A923f7107c33471B,58111,0,-379.84418329361773
1790822383427,ETH-PERP,perp,ETH,sell,17.473,2675.59,2684.066174324687,46750.58,0.0,0x3aAa2bB57a0eFeA8F6f89423A923f7107c33471B,58111,0,-405.59975983344975
1790822383427,ETH-PERP,perp,ETH,sell,19.037,2678.93,2684.066174324687,50998.79,0.0,0x3aAa2bB57a0eFeA8F6f89423A923f7107c33471B,58111,0,-378.3212232936177
1790822385755,ETH-PERP,perp,ETH,sell,19.04,2678.37,2683.9929180013155,50996.16,0.0,0x3aAa2bB57a0eFeA8F6f89423A923f7107c33471B,58111,0,-389.04303290372474
1790822388286,ETH-PERP,perp,ETH,sell,19.041,2678.2,2683.9929180013155,50995.61,0.0,0x3aAa2bB57a0eFeA8F6f89423A923f7107c33471B,58111,0,-392.30043583612513
1790822391594,ETH-PERP,perp,ETH,sell,19.042,2678.11,2683.988950470116,50996.57,0.0,0x3aAa2bB57a0eFeA8F6f89423A923f7107c33471B,58111,0,-394.0348074360662
1790822393861,ETH-PERP,perp,ETH,sell,19.043,2677.99,2683.988950470116,50996.96,0.0,0x3aAa2bB57a0eFeA8F6f89423A923f7107c33471B,58111,0,-396.34066036787146
1790822396744,ETH-PERP,perp,ETH,sell,19.044,2677.85,2683.9680830298303,50996.98,0.0,0x3aAa2bB57a0eFeA8F6f89423A923f7107c33471B,58111,0,-399.0275736897468
1790822399037,ETH-PERP,perp,ETH,sell,19.042,2678.03,2683.9680830298303,50995.05,0.0,0x3aAa2bB57a0eFeA8F6f89423A923f7107c33471B,58111,0,-395.5581078323965
1790822400293,ETH-20261002-2675-P,option,ETH,sell,42.8,21.2,2683.9680830298303,114873.83,907.36,0xEAc2374016613765cF31afDB4AEB6f5d13a63726,53989,0,0.0
1790822402034,ETH-PERP,perp,ETH,sell,19.04,2678.56,2684.0120099345445,50999.78,0.0,0x3aAa2bB57a0eFeA8F6f89423A923f7107c33471B,58111,0,-385.42548743028607
1790822404676,ETH-PERP,perp,ETH,sell,19.042,2678.42,2684.0120099345445,51002.47,0.0,0x3aAa2bB57a0eFeA8F6f89423A923f7107c33471B,58111,0,-388.13185330081444
1790822406932,ETH-PERP,perp,ETH,sell,19.044,2678.25,2684.6625166154017,51004.59,0.0,0x3aAa2bB57a0eFeA8F6f89423A923f7107c33471B,58111,0,-391.41195740872735
1790822410296,ETH-PERP,perp,ETH,sell,19.044,2677.83,2684.6625166154017,50996.59,0.0,0x3aAa2bB57a0eFeA8F6f89423A923f7107c33471B,58111,0,-399.4104374087274
1790822412813,ETH-PERP,perp,ETH,buy,10.823,2678.09,2684.7153010936727,28984.97,0.0,0xEA2Eec3dc92E860ca7c00DDa51f1AfbCD1fC2E73,62858,0,-665.4739579549403
1790822412989,ETH-PERP,perp,ETH,sell,11.203,2677.91,2684.7153010936727,30000.63,0.0,0x3aAa2bB57a0eFeA8F6f89423A923f7107c33471B,58111,0,-234.06473561041273
1790822412989,ETH-PERP,perp,ETH,sell,19.04,2678.08,2684.7153010936727,50990.64,0.0,0x3aAa2bB57a0eFeA8F6f89423A923f7107c33471B,58111,0,-394.5666960298365
1790822415515,ETH-PERP,perp,ETH,sell,19.04,2678.08,2684.7153010936727,50990.64,0.0,0x3aAa2bB57a0eFeA8F6f89423A923f7107c33471B,58111,0,-394.5666960298365
1790822417893,ETH-PERP,perp,ETH,sell,19.043,2677.95,2685.0345433240227,50996.2,0.0,0x3aAa2bB57a0eFeA8F6f89423A923f7107c33471B,58111,0,-397.10536705157904
1790822420228,ETH-PERP,perp,ETH,sell,19.044,2677.91,2685.0345433240227,50998.12,0.0,0x3aAa2bB57a0eFeA8F6f89423A923f7107c33471B,58111,0,-397.8879801402232
1790822420228,ETH-PERP,perp,ETH,sell,11.202,2678.08,2685.0345433240227,29999.85,0.0,0x3aAa2bB57a0eFeA8F6f89423A923f7107c33471B,58111,0,-232.1400389923745
1790822428074,ETH-PERP,perp,ETH,buy,11.196,2677.67,2685.0932318226164,29979.19,0.0,0xEA2Eec3dc92E860ca7c00DDa51f1AfbCD1fC2E73,62858,0,-683.7069290610453
1790822428217,ETH-PERP,perp,ETH,buy,10.45,2677.76,2685.0932318226164,27982.59,0.0,0xEA2Eec3dc92E860ca7c00DDa51f1AfbCD1fC2E73,62858,0,-639.0913939521189
1790822429356,ETH-PERP,perp,ETH,buy,11.203,2677.41,2685.0932318226164,29995.02,0.0,0xEA2Eec3dc92E860ca7c00DDa51f1AfbCD1fC2E73,62858,0,-681.2216185593865
1790822433315,ETH-PERP,perp,ETH,buy,10.453,2677.39,2685.0287490369274,27986.76,0.0,0xEA2Eec3dc92E860ca7c00DDa51f1AfbCD1fC2E73,62858,0,-635.4071540599099
1790822451372,ETH-PERP,perp,ETH,buy,10.453,2677.39,2684.223628781169,27986.76,0.0,0xEA2Eec3dc92E860ca7c00DDa51f1AfbCD1fC2E73,62858,0,-635.4058916716049
1790822451551,ETH-PERP,perp,ETH,buy,10.453,2677.39,2684.223628781169,27986.76,0.0,0xEA2Eec3dc92E860ca7c00DDa51f1AfbCD1fC2E73,62858,0,-635.4058916716049
1790822456018,ETH-PERP,perp,ETH,buy,11.201,2677.73,2684.223628781169,29993.25,0.0,0xEA2Eec3dc92E860ca7c00DDa51f1AfbCD1fC2E73,62858,0,-684.6828633534532
1790822459170,ETH-PERP,perp,ETH,buy,10.458,2678.01,2684.136173728788,28006.63,0.0,0xEA2Eec3dc92E860ca7c00DDa51f1AfbCD1fC2E73,62858,0,-642.1936491846199
1790822464380,ETH-PERP,perp,ETH,buy,11.198,2678.04,2684.8307999664744,29988.69,0.0,0xEA2Eec3dc92E860ca7c00DDa51f1AfbCD1fC2E73,62858,0,-687.9718823966398
1790822465248,ETH-PERP,perp,ETH,buy,11.198,2678.08,2684.8307999664744,29989.14,0.0,0xEA2Eec3dc92E860ca7c00DDa51f1AfbCD1fC2E73,62858,0,-688.4198023966397
1790822467514,ETH-PERP,perp,ETH,buy,11.197,2678.07,2684.8701770052953,29986.35,0.0,0xEA2Eec3dc92E860ca7c00DDa51f1AfbCD1fC2E73,62858,0,-688.2464215005185
1790822495210,ETH-PERP,perp,ETH,buy,10.824,2678.26,2684.87664413203,28989.49,0.0,0xEA2Eec3dc92E860ca7c00DDa51f1AfbCD1fC2E73,62858,0,-667.3757869259993
1790822495612,ETH-PERP,perp,ETH,buy,11.198,2678.26,2684.87664413203,29991.16,0.0,0xEA2Eec3dc92E860ca7c00DDa51f1AfbCD1fC2E73,62858,0,-690.4355194010847
1790822536536,ETH-PERP,perp,ETH,buy,11.199,2678.4,2684.612520481088,29995.4,0.0,0xEA2Eec3dc92E860ca7c00DDa51f1AfbCD1fC2E73,62858,0,-692.064592751673
1790822543595,ETH-PERP,perp,ETH,buy,10.826,2678.43,2684.659060235997,28996.68,0.0,0xEA2Eec3dc92E860ca7c00DDa51f1AfbCD1fC2E73,62858,0,-669.3391676689174
1790822547958,ETH-PERP,perp,ETH,buy,11.198,2678.6,2684.7497299419283,29994.96,0.0,0xEA2Eec3dc92E860ca7c00DDa51f1AfbCD1fC2E73,62858,0,-694.2426262233195
1790822554736,ETH-PERP,perp,ETH,buy,10.824,2678.77,2684.811872170646,28995.01,0.0,0xEA2Eec3dc92E860ca7c00DDa51f1AfbCD1fC2E73,62858,0,-672.8959217622428
1790822554896,ETH-PERP,perp,ETH,buy,10.824,2678.94,2684.811872170646,28996.85,0.0,0xEA2Eec3dc92E860ca7c00DDa51f1AfbCD1fC2E73,62858,0,-674.7360017622427
1790822569430,ETH-PERP,perp,ETH,buy,10.078,2678.94,2685.281362892525,26998.36,0.0,0xEA2Eec3dc92E860ca7c00DDa51f1AfbCD1fC2E73,62858,0,-628.2332878665857
1790822599249,HYPE-20261016-92_5-C,option,HYPE,buy,25000.0,3.75,89.06874128136387,2226718.53,93750.0,0x96B97d96AC85373307294E05DFd9D548E3BBa701,61290,1,0.0
1790822676040,ZEC-PERP,perp,ZEC,sell,22.37,1397.269,1410.2134822975245,31256.91,0.0,0x209572A59770F98cc3916aE96006F4913D58dD73,62972,0,0.0
1790822676040,ZEC-PERP,perp,ZEC,sell,27.72,1402.581,1410.2134822975245,38879.55,0.0,0x209572A59770F98cc3916aE96006F4913D58dD73,62972,0,0.0
1790822714404,ETH-PERP,perp,ETH,buy,11.201,2678.25,2683.474914069995,29999.08,0.0,0xEA2Eec3dc92E860ca7c00DDa51f1AfbCD1fC2E73,62858,0,-690.5061254004312
1790822816055,ETH-PERP,perp,ETH,buy,11.199,2678.26,2683.3145310728682,29993.83,0.0,0xEA2Eec3dc92E860ca7c00DDa51f1AfbCD1fC2E73,62858,0,-690.4945523241656
1790822826382,ETH-PERP,perp,ETH,buy,9.835,2678.49,2683.287359021106,26342.95,0.0,0xEA2Eec3dc92E860ca7c00DDa51f1AfbCD1fC2E73,62858,0,-608.6566810554405
1790822826557,ETH-PERP,perp,ETH,buy,11.199,2678.52,2683.287359021106,29996.75,0.0,0xEA2Eec3dc92E860ca7c00DDa51f1AfbCD1fC2E73,62858,0,-693.4062466791945
1790822826708,ETH-PERP,perp,ETH,buy,11.199,2678.52,2683.287359021106,29996.75,0.0,0xEA2Eec3dc92E860ca7c00DDa51f1AfbCD1fC2E73,62858,0,-693.4062466791945
1790822827123,ETH-PERP,perp,ETH,buy,11.198,2678.61,2683.287359021106,29995.07,0.0,0xEA2Eec3dc92E860ca7c00DDa51f1AfbCD1fC2E73,62858,0,-694.3521498788838
1790822855733,ETH-PERP,perp,ETH,buy,11.199,2678.61,2683.3600653325047,29997.75,0.0,0xEA2Eec3dc92E860ca7c00DDa51f1AfbCD1fC2E73,62858,0,0.0
1790822865184,ETH-PERP,perp,ETH,buy,9.708,2678.69,2683.464879270603,26004.72,0.0,0xEA2Eec3dc92E860ca7c00DDa51f1AfbCD1fC2E73,62858,0,0.0
1790822868589,ETH-PERP,perp,ETH,buy,10.082,2678.69,2683.464879270603,27006.55,0.0,0xEA2Eec3dc92E860ca7c00DDa51f1AfbCD1fC2E73,62858,0,0.0
1790822984318,ETH-PERP,perp,ETH,buy,10.082,2678.59,2682.9215333654847,27005.54,0.0,0xEA2Eec3dc92E860ca7c00DDa51f1AfbCD1fC2E73,62858,0,0.0
1790823012670,ETH-PERP,perp,ETH,buy,11.199,2678.66,2683.1243824208836,29998.31,0.0,0xEA2Eec3dc92E860ca7c00DDa51f1AfbCD1fC2E73,62858,0,0.0
1790823028351,ETH-PERP,perp,ETH,buy,10.08,2679.1,2683.5057758844505,27005.33,0.0,0xEA2Eec3dc92E860ca7c00DDa51f1AfbCD1fC2E73,62858,0,0.0
1790823035462,ETH-PERP,perp,ETH,buy,10.825,2679.14,2683.600596028004,29001.69,0.0,0xEA2Eec3dc92E860ca7c00DDa51f1AfbCD1fC2E73,62858,0,0.0
1790823143582,ETH-PERP,perp,ETH,buy,10.408,2679.45,2684.0230742646736,27887.72,0.0,0x978e3eb7997a9575cdE1799176829073d2876Fb9,7812,0,0.0
1790823191027,ETH-PERP,perp,ETH,buy,11.194,2679.97,2684.332321198199,29999.58,0.0,0xEA2Eec3dc92E860ca7c00DDa51f1AfbCD1fC2E73,62858,0,0.0
1790823238290,BTC-20261127-92000-C,option,BTC,buy,50.0,2018.8089,83439.65916312569,4171982.96,100940.45,0x96B97d96AC85373307294E05DFd9D548E3BBa701,61266,1,0.0
1790823238290,BTC-20261030-92000-C,option,BTC,sell,100.0,759.1495,83439.65916312569,8343965.92,75914.95,0x96B97d96AC85373307294E05DFd9D548E3BBa701,61266,1,0.0
1790823240753,ETH-PERP,perp,ETH,buy,10.818,2680.65,2685.098789884733,28999.27,0.0,0xEA2Eec3dc92E860ca7c00DDa51f1AfbCD1fC2E73,62858,0,0.0
1790823274566,ZEC-PERP,perp,ZEC,buy,20.46,1411.3,1413.3754301807614,28875.2,0.0,0x978e3eb7997a9575cdE1799176829073d2876Fb9,7812,0,0.0
1790823274629,ZEC-PERP,perp,ZEC,buy,20.46,1411.3,1413.3754301807614,28875.2,0.0,0x978e3eb7997a9575cdE1799176829073d2876Fb9,7812,0,0.0
1790823274655,ZEC-PERP,perp,ZEC,buy,20.46,1411.3,1413.3754301807614,28875.2,0.0,0x978e3eb7997a9575cdE1799176829073d2876Fb9,7812,0,0.0
1790823656811,ETH-PERP,perp,ETH,buy,10.808,2683.08,2687.07459954203,28998.73,0.0,0xEA2Eec3dc92E860ca7c00DDa51f1AfbCD1fC2E73,62858,0,0.0
1790823726358,ETH-PERP,perp,ETH,buy,10.807,2683.24,2687.171810227702,28997.77,0.0,0xEA2Eec3dc92E860ca7c00DDa51f1AfbCD1fC2E73,62858,0,0.0
1790825045753,ETH-20261002-2650-P,option,ETH,buy,74.52,12.9,2684.798873955833,200071.21,961.31,0x9e04AE45913AE8E9F2aC1793a8BE28fA06821172,71317,0,0.0
1790825045910,ETH-20261002-2650-P,option,ETH,sell,121.0,12.9,2684.798873955833,324860.66,1560.9,0xEAc2374016613765cF31afDB4AEB6f5d13a63726,53989,0,-29.601359915546688
1790825076319,ETH-20261002-2650-P,option,ETH,buy,74.52,12.8,2684.253440282666,200030.57,953.86,0x9e04AE45913AE8E9F2aC1793a8BE28fA06821172,71317,0,0.0
1790825076532,ETH-20261002-2650-P,option,ETH,sell,121.0,12.8,2684.253440282666,324794.67,1548.8,0xEAc2374016613765cF31afDB4AEB6f5d13a63726,53989,0,0.0
1790825306945,ETH-20261002-2650-P,option,ETH,buy,74.52,12.9,2685.467613294519,200121.05,961.31,0x9e04AE45913AE8E9F2aC1793a8BE28fA06821172,71317,0,0.0
1790825504109,ETH-20261002-2650-P,option,ETH,buy,74.52,13.0,2684.2663842231773,200031.53,968.76,0x9e04AE45913AE8E9F2aC1793a8BE28fA06821172,71317,0,0.0
1790825541477,ETH-20261002-2650-P,option,ETH,buy,452.72,14.564153173568,2684.713957969404,1215423.7,6593.48,0x9e04AE45913AE8E9F2aC1793a8BE28fA06821172,71317,1,0.0
1790825600996,ETH-20261002-2650-P,option,ETH,buy,50.0,13.1,2685.9090495571954,134295.45,655.0,0x9e04AE45913AE8E9F2aC1793a8BE28fA06821172,71317,0,0.0
1790825634180,ETH-PERP,perp,ETH,sell,11.183,2682.6,2686.6610396277606,29999.52,0.0,0x3aAa2bB57a0eFeA8F6f89423A923f7107c33471B,58111,0,-181.20186867435936
1790825634180,ETH-PERP,perp,ETH,sell,11.183,2682.68,2686.6610396277606,30000.41,0.0,0x3aAa2bB57a0eFeA8F6f89423A923f7107c33471B,58111,0,-180.30722867435935
1790825637496,ETH-PERP,perp,ETH,sell,11.183,2682.68,2686.6610396277606,30000.41,0.0,0x3aAa2bB57a0eFeA8F6f89423A923f7107c33471B,58111,0,-180.30722867435935
1790825637496,ETH-PERP,perp,ETH,sell,19.005,2682.87,2686.6610396277606,50987.94,0.0,0x3aAa2bB57a0eFeA8F6f89423A923f7107c33471B,58111,0,-302.8129864174371
1790825640274,ETH-PERP,perp,ETH,sell,11.183,2682.58,2686.7772590788327,29999.29,0.0,0x3aAa2bB57a0eFeA8F6f89423A923f7107c33471B,58111,0,-181.42572362667755
1790825640274,ETH-PERP,perp,ETH,sell,19.012,2682.64,2686.7772590788327,51002.35,0.0,0x3aAa2bB57a0eFeA8F6f89423A923f7107c33471B,58111,0,-307.29761118039823
1790825806518,ETH-PERP,perp,ETH,buy,10.768,2682.67,2686.8950860947807,28886.99,0.0,0x978e3eb7997a9575cdE1799176829073d2876Fb9,7812,0,0.0
1790825806603,ETH-PERP,perp,ETH,buy,10.767,2682.67,2686.8950860947807,28884.31,0.0,0x978e3eb7997a9575cdE1799176829073d2876Fb9,7812,0,0.0
1790825810036,ETH-PERP,perp,ETH,buy,10.393,2683.01,2687.4569693322305,27884.52,0.0,0x978e3eb7997a9575cdE1799176829073d2876Fb9,7812,0,0.0
1790826190911,ETH-20261001-2700-C,option,ETH,buy,60.0,4.1,2691.2190969105404,161473.15,246.0,0x66b08788899b22aFE17D3c2B167Ce037CcDe9cd2,71782,0,0.0
1790827302047,ETH-PERP,perp,ETH,buy,10.732,2691.64,2694.8600625127256,28886.68,0.0,0x978e3eb7997a9575cdE1799176829073d2876Fb9,7812,0,0.0
1790827306519,ETH-PERP,perp,ETH,buy,9.662,2691.72,2695.1132514455508,26007.4,0.0,0xEA2Eec3dc92E860ca7c00DDa51f1AfbCD1fC2E73,62858,0,0.0
1790827961771,BTC-PERP,perp,BTC,buy,0.6086,83812.7,83811.81335438981,51008.41,0.0,0x3aAa2bB57a0eFeA8F6f89423A923f7107c33471B,58676,0,0.0
1790827996561,ETH-PERP,perp,ETH,buy,11.137,2693.69,2696.833272890847,29999.63,0.0,0xEA2Eec3dc92E860ca7c00DDa51f1AfbCD1fC2E73,62858,0,0.0
1790828617350,BTC-20261001-84000-C,option,BTC,sell,2.98,116.0,83766.05178318465,249622.83,345.68,0xE1DC5576b36c78C75e6Abf2E1B121Db20A6069b7,51032,0,0.0
1790828860431,BTC-20261002-85000-C,option,BTC,buy,1.88,229.0,83771.51327631567,157490.44,430.52,0x66b08788899b22aFE17D3c2B167Ce037CcDe9cd2,71782,0,0.0
1790828900445,ETH-20261002-2725-C,option,ETH,buy,57.0,13.3,2695.7703991367416,153658.91,758.1,0x66b08788899b22aFE17D3c2B167Ce037CcDe9cd2,71782,0,0.0
1790828987813,BTC-PERP,perp,BTC,sell,0.3983,83787.6,83798.00265516808,33372.6,0.0,0x3aAa2bB57a0eFeA8F6f89423A923f7107c33471B,58676,0,-114.20655955338081
1790828990339,BTC-PERP,perp,BTC,buy,0.5764,83790.8,83798.89815064296,48297.02,0.0,0x3aAa2bB57a0eFeA8F6f89423A923f7107c33471B,58676,0,0.0
1790829446021,BTC-PERP,perp,BTC,buy,0.4995,83818.5,83814.37053697772,41867.34,0.0,0x3aAa2bB57a0eFeA8F6f89423A923f7107c33471B,58676,0,0.0
1790829679078,BTC-20261009-90000-C,option,BTC,buy,4.88,210.0,83839.72790216166,409137.87,1024.8,0xB80efabF261F1FA31b0afD96f55246A7e0825b93,73454,0,0.0
1790830086629,HYPE-20261009-97_5-C,option,HYPE,sell,100000.0,0.9664223198133172,89.02348201022551,8902348.2,96642.23,0x96B97d96AC85373307294E05DFd9D548E3BBa701,61290,1,0.0
1790830086629,HYPE-20261009-92_5-C,option,HYPE,buy,100000.0,2.216422319813317,89.02348201022551,8902348.2,221642.23,0x96B97d96AC85373307294E05DFd9D548E3BBa701,61290,1,0.0
1790830100820,ETH-20261002-2800-C,option,ETH,buy,200.0,4.0,2705.7758614830927,541155.17,800.0,0xF07D12A746e989F15D79E207a37BA7bDA1661a03,73843,0,0.0
1790830107406,ETH-20261002-2825-C,option,ETH,buy,200.0,2.8,2705.0303427818617,541006.07,560.0,0xF07D12A746e989F15D79E207a37BA7bDA1661a03,73843,0,0.0
1790830114488,ETH-20261002-2850-C,option,ETH,buy,200.0,2.1,2704.915606096528,540983.12,420.0,0xF07D12A746e989F15D79E207a37BA7bDA1661a03,73843,0,0.0
1790830143899,ETH-20261002-2800-C,option,ETH,buy,200.0,4.2,2705.617986073089,541123.6,840.0,0xF07D12A746e989F15D79E207a37BA7bDA1661a03,73843,0,0.0
1790830188114,ETH-20261002-2850-C,option,ETH,buy,68.29,2.0,2707.7814373713218,184914.39,136.58,0xF07D12A746e989F15D79E207a37BA7bDA1661a03,73843,0,0.0
1790830188114,ETH-20261002-2850-C,option,ETH,buy,200.0,1.9,2707.7814373713218,541556.29,380.0,0xF07D12A746e989F15D79E207a37BA7bDA1661a03,73843,0,0.0
1790830281165,ETH-20261002-2775-C,option,ETH,sell,156.82,7.0,2707.9291212989,424657.44,1097.74,0xEAc2374016613765cF31afDB4AEB6f5d13a63726,53989,0,-1527.829159040131
1790831254184,BTC-20261016-84000-P,option,BTC,buy,1.4,2050.0,84129.25313665833,117780.95,2870.0,0xE1DC5576b36c78C75e6Abf2E1B121Db20A6069b7,51032,0,0.0
1790831466345,BTC-PERP,perp,BTC,sell,0.388,84171.8,84109.94822468437,32658.66,0.0,0x15efc06FEa57Bda3ceA94A53D5426E78ed4651F3,58000,0,275.8972353880445
1790833801086,SOL-PERP,perp,SOL,buy,241.845,119.448,119.43633779608568,28887.9,0.0,0x978e3eb7997a9575cdE1799176829073d2876Fb9,7812,0,-222.67873779665447
1790835087764,SOL-PERP,perp,SOL,buy,241.862,119.44,119.433602309082,28888.0,0.0,0x978e3eb7997a9575cdE1799176829073d2876Fb9,7812,0,-220.75939530187063
1790835172550,ZEC-20261030-1600-C,option,ZEC,buy,25.0,143.311572792158,1433.8150138789847,35845.38,3582.79,0x5dDbf040466dC00C64d76daE0a64fA64D37Ff7aA,70169,1,0.0
1790835454117,ZEC-20261016-1600-C,option,ZEC,buy,30.0,91.163487111405,1435.2386042515786,43057.16,2734.9,0x5dDbf040466dC00C64d76daE0a64fA64D37Ff7aA,70169,1,0.0
1790835837781,HYPE-20261009-92_5-C,option,HYPE,buy,1000.0,2.3485,89.43732887995829,89437.33,2348.5,0x8630D9A6d2bB2672e61073c87cAdF89d70d28472,62688,1,0.0
1790839123125,BTC-PERP,perp,BTC,sell,0.3511,83893.6,83916.42753855971,29455.04,0.0,0x3aAa2bB57a0eFeA8F6f89423A923f7107c33471B,58676,0,-59.20241908478151
1790839123125,BTC-PERP,perp,BTC,sell,0.6079,83893.6,83916.42753855971,50998.92,0.0,0x3aAa2bB57a0eFeA8F6f89423A923f7107c33471B,58676,0,-102.50398906761231
1790839233158,BTC-PERP,perp,BTC,sell,0.3835,83715.6,83711.42190780464,32104.93,0.0,0x3aAa2bB57a0eFeA8F6f89423A923f7107c33471B,58676,0,-132.71555050088534
1790839233158,BTC-PERP,perp,BTC,sell,0.6092,83716.6,83711.42190780464,51000.15,0.0,0x3aAa2bB57a0eFeA8F6f89423A923f7107c33471B,58676,0,-210.2129991268301
1790839478885,ETH-20261002-2800-C,option,ETH,buy,122.0,2.5,2688.5441048359344,328002.38,305.0,0xEAc2374016613765cF31afDB4AEB6f5d13a63726,53989,0,180.5220492476433
1790839571501,ETH-PERP,perp,ETH,buy,11.407,2679.7,2681.805929302996,30567.34,0.0,0x3aAa2bB57a0eFeA8F6f89423A923f7107c33471B,58111,0,0.0
1790839571501,ETH-PERP,perp,ETH,buy,19.036,2679.36,2681.805929302996,51004.3,0.0,0x3aAa2bB57a0eFeA8F6f89423A923f7107c33471B,58111,0,0.0
1790839575554,ETH-PERP,perp,ETH,buy,13.255,2679.67,2681.299525823735,35519.03,0.0,0x3aAa2bB57a0eFeA8F6f89423A923f7107c33471B,58111,0,0.0
1790839575554,ETH-PERP,perp,ETH,buy,19.036,2679.56,2681.299525823735,51008.1,0.0,0x3aAa2bB57a0eFeA8F6f89423A923f7107c33471B,58111,0,0.0
1790839579113,ETH-PERP,perp,ETH,buy,13.369,2679.07,2682.3632229861773,35816.49,0.0,0x3aAa2bB57a0eFeA8F6f89423A923f7107c33471B,58111,0,0.0
1790839579113,ETH-PERP,perp,ETH,buy,20.2,2679.07,2682.3632229861773,54117.21,0.0,0x3aAa2bB57a0eFeA8F6f89423A923f7107c33471B,58111,0,0.0
1790839581827,ETH-PERP,perp,ETH,sell,11.5,2679.89,2682.3632229861773,30818.73,0.0,0x3aAa2bB57a0eFeA8F6f89423A923f7107c33471B,58111,0,-205.85298323376682
1790839581827,ETH-PERP,perp,ETH,sell,24.66,2679.96,2682.3632229861773,66087.81,0.0,0x3aAa2bB57a0eFeA8F6f89423A923f7107c33471B,58111,0,-439.6941970908426
1790839585350,ETH-PERP,perp,ETH,sell,14.212,2680.98,2681.873554862257,38102.09,0.0,0x3aAa2bB57a0eFeA8F6f89423A923f7107c33471B,58111,0,-238.90636288360594
1790839585350,ETH-PERP,perp,ETH,sell,19.018,2681.53,2681.873554862257,50997.34,0.0,0x3aAa2bB57a0eFeA8F6f89423A923f7107c33471B,58111,0,-309.2362166141583
1790839588734,ETH-PERP,perp,ETH,sell,17.196,2680.24,2683.9905574706827,46089.41,0.0,0x3aAa2bB57a0eFeA8F6f89423A923f7107c33471B,58111,0,-301.79845838899143
1790839588734,ETH-PERP,perp,ETH,sell,19.024,2680.62,2683.9905574706827,50996.11,0.0,0x3aAa2bB57a0eFeA8F6f89423A923f7107c33471B,58111,0,-326.6516588085702
1790839591083,ETH-PERP,perp,ETH,buy,16.323,2680.28,2683.9905574706827,43750.21,0.0,0x3aAa2bB57a0eFeA8F6f89423A923f7107c33471B,58111,0,0.0
1790839591083,ETH-PERP,perp,ETH,buy,20.2,2680.26,2683.9905574706827,54141.25,0.0,0x3aAa2bB57a0eFeA8F6f89423A923f7107c33471B,58111,0,0.0
1790839754307,SOL-PERP,perp,SOL,buy,237.633,117.355,117.32185805398032,27887.42,0.0,0x978e3eb7997a9575cdE1799176829073d2876Fb9,7812,0,278.6406999277002
1790840445864,ETH-PERP,perp,ETH,sell,12.575,2677.14,2679.9765833174906,33665.04,0.0,0x3aAa2bB57a0eFeA8F6f89423A923f7107c33471B,58111,0,-249.9598539082429
1790840884110,ETH-20270326-7000-C,option,ETH,sell,60.0,12.2594,2683.883989621052,161033.04,735.56,0x2FC9Fa30B6Aa7E18aE1148cD25a40083Cd26A431,73112,1,0.0
1790840884110,ETH-20270326-5000-C,option,ETH,buy,60.0,44.6255,2683.883989621052,161033.04,2677.53,0x2FC9Fa30B6Aa7E18aE1148cD25a40083Cd26A431,73112,1,0.0
1790840930505,ETH-PERP,perp,ETH,sell,10.408,2679.47,2681.483656103202,27887.92,0.0,0x978e3eb7997a9575cdE1799176829073d2876Fb9,7812,0,-31.32595727928076
1790841036752,ETH-20270326-5000-C,option,ETH,buy,65.0,44.4909,2681.87810108507,174322.08,2891.91,0x2FC9Fa30B6Aa7E18aE1148cD25a40083Cd26A431,73112,1,0.0
1790841445307,BTC-PERP,perp,BTC,sell,0.3914,83459.9,83465.01803832482,32666.2,0.0,0x15efc06FEa57Bda3ceA94A53D5426E78ed4651F3,58000,0,-0.28490457432422567
1790842068047,HYPE-20261225-110-C,option,HYPE,buy,1000.0,4.616385858421,88.7600006008705,88760.0,4616.39,0x5323F6E9Df2F3501Ef25eeAC6352140bDC19FB78,74232,1,0.0
1790842138771,HYPE-20261225-110-C,option,HYPE,buy,1000.0,4.553920168354,88.5261346377473,88526.13,4553.92,0x5323F6E9Df2F3501Ef25eeAC6352140bDC19FB78,74232,1,0.0
1790842284862,HYPE-20261225-110-C,option,HYPE,buy,1000.0,4.623541098067,88.71252160493901,88712.52,4623.54,0x5323F6E9Df2F3501Ef25eeAC6352140bDC19FB78,74232,1,0.0
1790842309344,ETH-20261002-2600-P,option,ETH,sell,74.73,3.9,2676.069892745431,199982.7,291.45,0xE1DC5576b36c78C75e6Abf2E1B121Db20A6069b7,51031,0,-199.9970423375115
1790842322720,ETH-PERP,perp,ETH,sell,10.803,2674.01,2676.521511651886,28887.33,0.0,0x978e3eb7997a9575cdE1799176829073d2876Fb9,7812,0,-91.49116581170854
1790842327226,ETH-PERP,perp,ETH,sell,10.43,2673.67,2675.75942784071,27886.38,0.0,0x978e3eb7997a9575cdE1799176829073d2876Fb9,7812,0,-91.87721723724482
1790842579833,HYPE-20261225-110-C,option,HYPE,buy,1000.0,4.5587924728,88.48272159993195,88482.72,4558.79,0x5323F6E9Df2F3501Ef25eeAC6352140bDC19FB78,74232,1,0.0
1790842625265,ETH-PERP,perp,ETH,sell,10.798,2675.15,2677.9497529080945,28886.27,0.0,0x978e3eb7997a9575cdE1799176829073d2876Fb9,7812,0,-79.14141387543394
1790842625365,ETH-PERP,perp,ETH,sell,10.799,2675.15,2677.9497529080945,28888.94,0.0,0x978e3eb7997a9575cdE1799176829073d2876Fb9,7812,0,-79.14874314139759
1790842649072,BTC-20261002-83000-P,option,BTC,buy,2.0,425.291638656382,83335.80970875054,166671.62,850.58,0xFfd4C80745B38813ef9bb84bc2ff1f469fB24496,71221,1,0.0
1790842649072,BTC-20261002-81000-P,option,BTC,sell,2.0,50.400740333094,83335.80970875054,166671.62,100.8,0xFfd4C80745B38813ef9bb84bc2ff1f469fB24496,71221,1,0.0
1790842792390,ETH-PERP,perp,ETH,sell,10.427,2674.54,2677.2054713439766,27887.43,0.0,0x978e3eb7997a9575cdE1799176829073d2876Fb9,7812,0,-82.78156210934145
1790843062767,ETH-20261002-2700-C,option,ETH,sell,110.0,12.381578329625,2678.326678878464,294615.93,1361.97,0x54a07571CB9A7edd9a9F39f665797bbD2AA5de65,72267,1,0.0
1790843573590,ETH-PERP,perp,ETH,buy,19.096,2671.08,2673.3476936788184,51006.94,0.0,0x1432bc666deabbcaeD28511dF2E9299e6427c81D,64858,0,0.0
1790843595537,ETH-PERP,perp,ETH,buy,15.179,2671.82,2673.4427693165685,40555.56,0.0,0x1432bc666deabbcaeD28511dF2E9299e6427c81D,64858,0,0.0
1790843612274,ETH-PERP,perp,ETH,buy,18.131,2672.37,2674.4480605208673,48452.74,0.0,0x1432bc666deabbcaeD28511dF2E9299e6427c81D,64858,0,0.0
1790843615326,ZEC-20261225-2000-C,option,ZEC,buy,10.0,200.8059,1404.087613158838,14040.88,2008.06,0x552e2c85321a2ecAc2133022721Bd31D712b3570,71916,1,0.0
1790843627959,ETH-PERP,perp,ETH,buy,16.303,2674.15,2676.1540607836664,43596.67,0.0,0x1432bc666deabbcaeD28511dF2E9299e6427c81D,64858,0,0.0
1790843643910,ETH-PERP,perp,ETH,sell,9.682,2673.76,2675.8776389474247,25887.34,0.0,0x978e3eb7997a9575cdE1799176829073d2876Fb9,7812,0,-84.41692372890154
1790843708589,ETH-PERP,perp,ETH,buy,15.557,2674.24,2676.0751485251326,41603.15,0.0,0x1432bc666deabbcaeD28511dF2E9299e6427c81D,64858,0,0.0
1790843721122,ETH-PERP,perp,ETH,buy,14.807,2673.67,2675.093989454121,39589.03,0.0,0x1432bc666deabbcaeD28511dF2E9299e6427c81D,64858,0,0.0
1790843740009,ETH-PERP,perp,ETH,buy,10.27,2672.3,2675.0795493804876,27444.52,0.0,0x1432bc666deabbcaeD28511dF2E9299e6427c81D,64858,0,0.0
1790843744993,ETH-PERP,perp,ETH,sell,10.437,2671.99,2673.5531454868556,27887.56,0.0,0x978e3eb7997a9575cdE1799176829073d2876Fb9,7812,0,-109.46958575380994
1790843758257,ETH-PERP,perp,ETH,buy,16.301,2672.74,2674.388805652501,43568.33,0.0,0x1432bc666deabbcaeD28511dF2E9299e6427c81D,64858,0,0.0
1790843780755,ETH-PERP,perp,ETH,buy,18.878,2675.19,2676.6688803901834,50502.24,0.0,0x1432bc666deabbcaeD28511dF2E9299e6427c81D,64858,0,0.0
1790843815224,ETH-PERP,perp,ETH,buy,10.112,2675.54,2676.9700226615737,27055.06,0.0,0x1432bc666deabbcaeD28511dF2E9299e6427c81D,64858,0,0.0
1790844487366,BTC-PERP,perp,BTC,sell,0.3594,83468.6,83456.58677545252,29998.61,0.0,0x15efc06FEa57Bda3ceA94A53D5426E78ed4651F3,58000,0,2.8656231241384034
1790845429804,ETH-20261127-2500-C,option,ETH,buy,18.62,330.3,2685.1954599483092,49998.34,6150.19,0x33DBB588727CB87559daad7189E73d4B13ED88Bf,32832,0,0.0
1790845429807,ETH-20261127-3200-P,option,ETH,buy,18.62,572.6,2685.1954599483092,49998.34,10661.81,0x33DBB588727CB87559daad7189E73d4B13ED88Bf,32832,0,0.0
1790845430815,BTC-20261009-82000-C,option,BTC,sell,1.6,2594.0,83518.94193822477,133630.31,4150.4,0xEAc2374016613765cF31afDB4AEB6f5d13a63726,53987,0,0.0
1790845431096,BTC-20261009-85000-C,option,BTC,sell,3.95,1030.0,83518.94193822477,329899.82,4068.5,0xEAc2374016613765cF31afDB4AEB6f5d13a63726,53987,0,0.0
1790845431151,BTC-20261009-80000-C,option,BTC,sell,1.6,4095.0,83518.94193822477,133630.31,6552.0,0xEAc2374016613765cF31afDB4AEB6f5d13a63726,53987,0,0.0
1790845431188,BTC-20261009-83000-C,option,BTC,sell,1.6,1971.0,83518.94193822477,133630.31,3153.6,0xEAc2374016613765cF31afDB4AEB6f5d13a63726,53987,0,0.0
1790845431364,BTC-20261009-84000-C,option,BTC,sell,1.6,1459.0,83518.94193822477,133630.31,2334.4,0xEAc2374016613765cF31afDB4AEB6f5d13a63726,53987,0,0.0
1790845431480,ETH-20261127-2500-P,option,ETH,sell,18.62,145.4,2685.1954599483092,49998.34,2707.35,0x33DBB588727CB87559daad7189E73d4B13ED88Bf,32832,0,0.0
1790845431680,BTC-20261009-81000-C,option,BTC,sell,1.6,3293.0,83518.94193822477,133630.31,5268.8,0xEAc2374016613765cF31afDB4AEB6f5d13a63726,53987,0,0.0
1790845431691,BTC-20261009-86000-C,option,BTC,sell,3.95,719.0,83518.94193822477,329899.82,2840.05,0xEAc2374016613765cF31afDB4AEB6f5d13a63726,53987,0,0.0
1790845432280,BTC-20261009-84000-C,option,BTC,sell,1.6,1458.0,83518.94193822477,133630.31,2332.8,0xEAc2374016613765cF31afDB4AEB6f5d13a63726,53987,0,0.0
1790845433694,ETH-20261127-2850-C,option,ETH,buy,18.62,168.7,2685.0292915888376,49995.25,3141.19,0x33DBB588727CB87559daad7189E73d4B13ED88Bf,32832,0,0.0
1790845433698,ETH-20261127-2950-C,option,ETH,sell,37.24,137.5,2685.0292915888376,99990.49,5120.5,0x33DBB588727CB87559daad7189E73d4B13ED88Bf,32832,0,0.0
1790845438522,ETH-20261127-1800-C,option,ETH,sell,18.62,904.2,2685.1292138844096,49997.11,16836.2,0x33DBB588727CB87559daad7189E73d4B13ED88Bf,32832,0,0.0
1790845438524,ETH-20261127-2750-P,option,ETH,sell,18.62,272.6,2685.1292138844096,49997.11,5075.81,0x33DBB588727CB87559daad7189E73d4B13ED88Bf,32832,0,0.0
1790845438527,ETH-20261127-2750-C,option,ETH,buy,18.62,205.0,2685.1292138844096,49997.11,3817.1,0x33DBB588727CB87559daad7189E73d4B13ED88Bf,32832,0,0.0
1790845439410,ETH-20261127-2750-P,option,ETH,sell,8.0,272.6,2685.1292138844096,21481.03,2180.8,0x889a18bc957a848c89000812706A5A9E0397E39f,73047,0,0.0
1790845441583,BTC-20261009-88000-P,option,BTC,buy,0.59866,4448.0,83519.97143910838,50000.07,2662.84,0x33DBB588727CB87559daad7189E73d4B13ED88Bf,32832,0,0.0
1790845441583,BTC-20261009-95000-P,option,BTC,sell,0.59866,11329.0,83519.97143910838,50000.07,6782.22,0x33DBB588727CB87559daad7189E73d4B13ED88Bf,32832,0,0.0
1790845476122,BTC-20261030-100000-P,option,BTC,buy,0.25,16042.0,83538.06338741974,20884.52,4010.5,0x889a18bc957a848c89000812706A5A9E0397E39f,73047,0,0.0
1790845476209,BTC-20261030-100000-P,option,BTC,sell,0.25,16171.0,83539.35114142676,20884.84,4042.75,0x889a18bc957a848c89000812706A5A9E0397E39f,73047,1,18.719193910336514
1790845497225,BTC-20261225-80000-C,option,BTC,sell,0.25,8473.0,83549.88455501628,20887.47,2118.25,0x889a18bc957a848c89000812706A5A9E0397E39f,73047,0,0.0
1790845497317,BTC-20261225-80000-C,option,BTC,buy,0.25,8387.0,83548.45676279682,20887.11,2096.75,0x889a18bc957a848c89000812706A5A9E0397E39f,73047,1,7.967624401164017
1790845597479,ETH-20261127-2600-P,option,ETH,buy,18.61,170.9,2686.397729624045,49993.86,3180.45,0x33DBB588727CB87559daad7189E73d4B13ED88Bf,32832,0,0.0
1790845597513,ETH-20261127-2500-P,option,ETH,sell,37.22,143.6,2686.397729624045,99987.72,5344.79,0x33DBB588727CB87559daad7189E73d4B13ED88Bf,32832,0,0.0
1790845600870,ETH-20261225-2500-C,option,ETH,buy,8.0,342.4,2686.620917525754,21492.97,2739.2,0x889a18bc957a848c89000812706A5A9E0397E39f,73047,0,0.0
1790845600959,ETH-20270625-4500-C,option,ETH,sell,16.8,135.2,2686.638629868081,45135.53,2271.36,0xd66d4a6D66B779bc167eC078B3c6a7260945f162,74256,1,0.0
1790845600959,ETH-20270625-4000-C,option,ETH,buy,16.8,193.1,2686.638629868081,45135.53,3244.08,0xd66d4a6D66B779bc167eC078B3c6a7260945f162,74256,1,0.0
1790845601125,ETH-20261225-2500-C,option,ETH,sell,8.0,358.4,2686.638629868081,21493.11,2867.2,0x889a18bc957a848c89000812706A5A9E0397E39f,73047,1,114.1041770862548
1790845601598,ETH-20261225-1800-C,option,ETH,sell,18.61,922.9,2686.620917525754,49998.02,17175.17,0x33DBB588727CB87559daad7189E73d4B13ED88Bf,32832,0,0.0
1790845601601,ETH-20261225-2500-C,option,ETH,buy,18.61,342.4,2686.620917525754,49998.02,6372.06,0x33DBB588727CB87559daad7189E73d4B13ED88Bf,32832,0,0.0
1790845601601,ETH-20261225-2500-P,option,ETH,sell,18.61,174.0,2686.620917525754,49998.02,3238.14,0x33DBB588727CB87559daad7189E73d4B13ED88Bf,32832,0,0.0
1790845602867,ETH-20261127-2850-P,option,ETH,sell,8.0,330.1,2686.620917525754,21492.97,2640.8,0x889a18bc957a848c89000812706A5A9E0397E39f,73047,0,0.0
1790845603033,ETH-20261127-2850-P,option,ETH,buy,8.0,316.6,2686.638629868081,21493.11,2532.8,0x889a18bc957a848c89000812706A5A9E0397E39f,73047,1,94.1041770862548
1790845604263,ETH-20261127-2600-P,option,ETH,buy,74.44,172.1,2686.653318355257,199994.47,12811.12,0x33DBB588727CB87559daad7189E73d4B13ED88Bf,32832,0,0.0
1790845621076,BTC-20261009-86000-P,option,BTC,buy,5.0,2063.0,83566.61814916009,417833.09,10315.0,0xd95754330a4bf9A3C8e199ed140817AE07422ee9,70735,0,0.0
1790845621197,BTC-20261009-96000-P,option,BTC,buy,0.55555,12490.0,83566.61814916009,46425.43,6938.82,0x33DBB588727CB87559daad7189E73d4B13ED88Bf,32832,0,0.0
1790845621201,BTC-20261009-87000-P,option,BTC,sell,5.5555,3737.0,83566.61814916009,464254.35,20760.9,0x33DBB588727CB87559daad7189E73d4B13ED88Bf,32832,0,0.0
1790845621260,BTC-20261009-87000-P,option,BTC,sell,1.6256,3737.0,83566.61814916009,135845.89,6074.87,0xd95754330a4bf9A3C8e199ed140817AE07422ee9,70735,0,0.0
1790845622374,BTC-20261004-80000-C,option,BTC,buy,0.59832,3786.0,83566.61814916009,49999.58,2265.24,0x33DBB588727CB87559daad7189E73d4B13ED88Bf,32832,0,0.0
1790845622376,BTC-20261004-82000-C,option,BTC,sell,1.79496,2393.0,83566.61814916009,149998.74,4295.34,0x33DBB588727CB87559daad7189E73d4B13ED88Bf,32832,0,0.0
1790845624234,BTC-20261009-82000-C,option,BTC,sell,0.59832,3485.0,83566.61814916009,49999.58,2085.15,0x33DBB588727CB87559daad7189E73d4B13ED88Bf,32832,0,0.0
1790845624732,BTC-PERP,perp,BTC,buy,0.4907,83560.2,83566.61814916009,41002.99,0.0,0x3aAa2bB57a0eFeA8F6f89423A923f7107c33471B,58676,0,0.0
1790845624732,BTC-PERP,perp,BTC,buy,0.6103,83560.2,83566.61814916009,50996.79,0.0,0x3aAa2bB57a0eFeA8F6f89423A923f7107c33471B,58676,0,0.0
1790845627050,BTC-PERP,perp,BTC,buy,0.4443,83570.3,83563.96101733737,37130.28,0.0,0x3aAa2bB57a0eFeA8F6f89423A923f7107c33471B,58676,0,0.0
1790845627050,BTC-PERP,perp,BTC,buy,0.6103,83570.3,83563.96101733737,51002.95,0.0,0x3aAa2bB57a0eFeA8F6f89423A923f7107c33471B,58676,0,0.0
1790845814329,BTC-PERP,perp,BTC,buy,0.4441,83601.3,83595.0049319405,37127.34,0.0,0x3aAa2bB57a0eFeA8F6f89423A923f7107c33471B,58676,0,0.0
1790845814329,BTC-PERP,perp,BTC,buy,0.61,83601.3,83595.0049319405,50996.79,0.0,0x3aAa2bB57a0eFeA8F6f89423A923f7107c33471B,58676,0,0.0
1790845826910,BTC-20261225-80000-C,option,BTC,sell,0.25,8778.0,83595.1414313556,20898.79,2194.5,0x889a18bc957a848c89000812706A5A9E0397E39f,73047,0,0.0
1790845826999,BTC-20261225-80000-C,option,BTC,buy,0.25,8669.0,83594.6327394441,20898.66,2167.25,0x889a18bc957a848c89000812706A5A9E0397E39f,73047,1,13.710766937190023
1790845860088,BTC-PERP,perp,BTC,buy,0.3842,83671.7,83643.66255227537,32146.67,0.0,0x3aAa2bB57a0eFeA8F6f89423A923f7107c33471B,58676,0,0.0
1790845860088,BTC-PERP,perp,BTC,buy,0.6094,83671.7,83643.66255227537,50989.53,0.0,0x3aAa2bB57a0eFeA8F6f89423A923f7107c33471B,58676,0,0.0
1790845863073,BTC-20261016-92000-P,option,BTC,buy,0.25,8182.0,83661.72703655316,20915.43,2045.5,0x889a18bc957a848c89000812706A5A9E0397E39f,73047,0,0.0
1790845863154,BTC-20261016-92000-P,option,BTC,sell,0.25,8262.0,83645.7716456823,20911.44,2065.5,0x889a18bc957a848c89000812706A5A9E0397E39f,73047,1,6.45193759883234
1790845874286,BTC-PERP,perp,BTC,buy,0.3625,83732.5,83697.72646999394,30353.03,0.0,0x3aAa2bB57a0eFeA8F6f89423A923f7107c33471B,58676,0,0.0
1790845874286,BTC-PERP,perp,BTC,buy,0.609,83732.5,83697.72646999394,50993.09,0.0,0x3aAa2bB57a0eFeA8F6f89423A923f7107c33471B,58676,0,0.0
1790845875647,BTC-PERP,perp,BTC,sell,0.3676,83725.7,83697.72646999394,30777.57,0.0,0x15efc06FEa57Bda3ceA94A53D5426E78ed4651F3,58000,0,97.42766817725767
1790845875872,BTC-20261225-90000-P,option,BTC,buy,0.25,8569.0,83697.72646999394,20924.43,2142.25,0x889a18bc957a848c89000812706A5A9E0397E39f,73047,0,0.0
1790845875958,BTC-20261225-90000-P,option,BTC,sell,0.25,8648.0,83711.01695021153,20927.75,2162.0,0x889a18bc957a848c89000812706A5A9E0397E39f,73047,1,6.19434424348459
1790845900129,BTC-PERP,perp,BTC,sell,0.3678,83684.0,83661.98959457452,30778.98,0.0,0x15efc06FEa57Bda3ceA94A53D5426E78ed4651F3,58000,0,82.14538721711484
1790845900192,BTC-PERP,perp,BTC,sell,0.3452,83684.0,83661.98959457452,28887.72,0.0,0x978e3eb7997a9575cdE1799176829073d2876Fb9,7812,0,0.0
1790845900219,BTC-PERP,perp,BTC,sell,0.3679,83684.0,83661.98959457452,30787.34,0.0,0x15efc06FEa57Bda3ceA94A53D5426E78ed4651F3,58000,0,82.16772147138813
1790845900318,BTC-PERP,perp,BTC,sell,0.3452,83684.0,83661.98959457452,28887.72,0.0,0x978e3eb7997a9575cdE1799176829073d2876Fb9,7812,0,0.0
1790845900352,BTC-PERP,perp,BTC,sell,0.3022,83678.6,83661.98959457452,25287.67,0.0,0x978e3eb7997a9575cdE1799176829073d2876Fb9,7812,0,0.0
1790845900389,BTC-PERP,perp,BTC,sell,0.3073,83678.6,83661.98959457452,25714.43,0.0,0x15efc06FEa57Bda3ceA94A53D5426E78ed4651F3,58000,0,66.97374338178193
1790845958506,BTC-PERP,perp,BTC,buy,0.3842,83667.5,83649.61937497137,32145.05,0.0,0x3aAa2bB57a0eFeA8F6f89423A923f7107c33471B,58676,0,0.0
1790845958506,BTC-PERP,perp,BTC,buy,0.6096,83667.5,83649.61937497137,51003.71,0.0,0x3aAa2bB57a0eFeA8F6f89423A923f7107c33471B,58676,0,0.0
1790845980114,BTC-PERP,perp,BTC,buy,0.6097,83647.7,83625.72532790864,51000.0,0.0,0x3aAa2bB57a0eFeA8F6f89423A923f7107c33471B,58676,0,0.0
1790845997089,BTC-PERP,perp,BTC,sell,0.368,83641.9,83620.26670417798,30780.22,0.0,0x15efc06FEa57Bda3ceA94A53D5426E78ed4651F3,58000,0,66.6995588292113
1790845997229,BTC-PERP,perp,BTC,sell,0.368,83641.9,83620.26670417798,30780.22,0.0,0x15efc06FEa57Bda3ceA94A53D5426E78ed4651F3,58000,0,66.6995588292113
1790845997387,BTC-PERP,perp,BTC,sell,0.368,83641.9,83620.26670417798,30780.22,0.0,0x15efc06FEa57Bda3ceA94A53D5426E78ed4651F3,58000,0,66.6995588292113
1790845997831,BTC-PERP,perp,BTC,sell,0.3681,83638.1,83620.26670417798,30787.18,0.0,0x15efc06FEa57Bda3ceA94A53D5426E78ed4651F3,58000,0,65.31890370932793
1790846370179,BTC-20261225-90000-P,option,BTC,buy,0.25,8530.0,83673.72394525365,20918.43,2132.5,0x889a18bc957a848c89000812706A5A9E0397E39f,73047,0,0.0
1790846370339,BTC-20261225-90000-P,option,BTC,sell,0.25,8705.0,83674.35265587704,20918.59,2176.25,0x889a18bc957a848c89000812706A5A9E0397E39f,73047,1,30.1988942549152
1790846732297,BTC-20261225-80000-C,option,BTC,sell,0.25,9192.0,83693.23683674166,20923.31,2298.0,0x889a18bc957a848c89000812706A5A9E0397E39f,73047,0,0.0
1790846732382,BTC-20261225-80000-C,option,BTC,buy,0.25,8636.0,83693.23683674166,20923.31,2159.0,0x889a18bc957a848c89000812706A5A9E0397E39f,73047,1,125.44601447448875
1790846811235,BTC-20261225-90000-P,option,BTC,buy,0.25,8486.0,83694.28127003286,20923.57,2121.5,0x889a18bc957a848c89000812706A5A9E0397E39f,73047,0,0.0
1790846811337,BTC-20261225-90000-P,option,BTC,sell,0.25,8714.0,83695.08575258995,20923.77,2178.5,0x889a18bc957a848c89000812706A5A9E0397E39f,73047,1,43.44579747330329
1790846819914,BTC-PERP,perp,BTC,sell,2.184,83709.8,83691.9621707656,182822.2,0.0,0x15efc06FEa57Bda3ceA94A53D5426E78ed4651F3,58000,0,324.2108145025566
1790846826974,BTC-PERP,perp,BTC,sell,0.6093,83703.5,83679.2954564864,51000.54,0.0,0x15efc06FEa57Bda3ceA94A53D5426E78ed4651F3,58000,0,0.0
1790846826974,BTC-PERP,perp,BTC,sell,0.6092,83705.3,83679.2954564864,50993.27,0.0,0x15efc06FEa57Bda3ceA94A53D5426E78ed4651F3,58000,0,0.0
1790846931773,BTC-20261225-80000-C,option,BTC,sell,0.25,9222.0,83706.98011521017,20926.75,2305.5,0x889a18bc957a848c89000812706A5A9E0397E39f,73047,0,0.0
1790846931882,BTC-20261225-80000-C,option,BTC,buy,0.25,8640.0,83706.98011521017,20926.75,2160.0,0x889a18bc957a848c89000812706A5A9E0397E39f,73047,1,131.94395298271849
1790847393781,BTC-20261225-90000-P,option,BTC,buy,0.25,8478.0,83794.92682676516,20948.73,2119.5,0x889a18bc957a848c89000812706A5A9E0397E39f,73047,0,0.0
1790847393890,BTC-20261225-90000-P,option,BTC,sell,0.25,8689.0,83795.92923425617,20948.98,2172.25,0x889a18bc957a848c89000812706A5A9E0397E39f,73047,1,39.1806857954234
1790847395263,BTC-20261225-90000-P,option,BTC,buy,0.25,8532.0,83794.92682676516,20948.73,2133.0,0x889a18bc957a848c89000812706A5A9E0397E39f,73047,0,0.0
1790847395347,BTC-20261225-90000-P,option,BTC,sell,0.25,8689.0,83788.07406875324,20947.02,2172.25,0x889a18bc957a848c89000812706A5A9E0397E39f,73047,1,25.68127493283612
1790847398744,ETH-20261127-2850-P,option,ETH,sell,8.0,322.6,2695.126792553908,21561.01,2580.8,0x889a18bc957a848c89000812706A5A9E0397E39f,73047,0,0.0
1790847398832,ETH-20261127-2850-P,option,ETH,buy,8.0,302.334904961423,2694.7651129845403,21558.12,2418.68,0x889a18bc957a848c89000812706A5A9E0397E39f,73047,1,148.18501973532372
1790847591946,BTC-20261009-66000-C,option,BTC,sell,0.24,17817.232917124817,83792.98857868188,20110.32,4276.14,0xFEEb540516a76bcAd6a2A11E635fa657112d529B,64163,1,157.7182818144613
1790847591946,BTC-20261009-65000-C,option,BTC,buy,0.24,18830.328808067727,83792.98857868188,20110.32,4519.28,0xFEEb540516a76bcAd6a2A11E635fa657112d529B,64163,1,-86.24328771855227
1790847594119,BTC-20261225-90000-P,option,BTC,buy,0.25,8463.0,83791.29082045985,20947.82,2115.75,0x889a18bc957a848c89000812706A5A9E0397E39f,73047,0,0.0
1790847594206,BTC-20261225-90000-P,option,BTC,sell,0.25,8672.0,83792.98857868188,20948.25,2168.0,0x889a18bc957a848c89000812706A5A9E0397E39f,73047,1,38.68117904506437
1790847843725,BTC-20261225-80000-C,option,BTC,sell,0.25,9181.0,83831.54035807805,20957.89,2295.25,0x889a18bc957a848c89000812706A5A9E0397E39f,73047,0,0.0
1790847844001,BTC-20261225-80000-C,option,BTC,buy,0.25,8681.0,83831.54035807805,20957.89,2170.25,0x889a18bc957a848c89000812706A5A9E0397E39f,73047,1,111.4252689462883
1790847883225,BTC-PERP,perp,BTC,buy,0.511,83852.5,83841.35815430032,42848.63,0.0,0x3aAa2bB57a0eFeA8F6f89423A923f7107c33471B,58676,0,0.0
1790847891711,BTC-20261225-90000-P,option,BTC,buy,0.25,8522.0,83840.94862956995,20960.24,2130.5,0x889a18bc957a848c89000812706A5A9E0397E39f,73047,0,0.0
1790847891801,BTC-20261225-90000-P,option,BTC,sell,0.25,8646.0,83840.94371716077,20960.24,2161.5,0x889a18bc957a848c89000812706A5A9E0397E39f,73047,1,17.423858073995195
1790847963233,BTC-PERP,perp,BTC,buy,0.5268,83842.6,83814.95052791153,44168.28,0.0,0x3aAa2bB57a0eFeA8F6f89423A923f7107c33471B,58676,0,0.0
1790848037207,BTC-20261225-80000-C,option,BTC,sell,0.25,9161.0,83826.01924403159,20956.5,2290.25,0x889a18bc957a848c89000812706A5A9E0397E39f,73047,0,0.0
1790848037319,BTC-20261225-80000-C,option,BTC,buy,0.25,8671.0,83826.05156754766,20956.51,2167.75,0x889a18bc957a848c89000812706A5A9E0397E39f,73047,1,108.92609468913156
1790848040136,ETH-20261127-2900-P,option,ETH,sell,8.0,351.8,2693.590172609438,21548.72,2814.4,0x889a18bc957a848c89000812706A5A9E0397E39f,73047,0,0.0
1790848040227,ETH-20261127-2900-P,option,ETH,buy,8.0,340.181485597726,2693.590172609438,21548.72,2721.45,0x889a18bc957a848c89000812706A5A9E0397E39f,73047,1,79.0188823896667
1790848088191,ETH-PERP,perp,ETH,sell,17.0,2693.17,2694.066698669973,45783.89,0.0,0xD1277d5fc6f804b796CDCf5926E35117e454bF38,62911,0,190.43775672298943
1790848111701,BTC-PERP,perp,BTC,buy,0.6081,83855.3,83842.28232318343,50992.41,0.0,0x3aAa2bB57a0eFeA8F6f89423A923f7107c33471B,58676,0,0.0
1790848112084,BTC-20261225-90000-P,option,BTC,buy,0.25,8471.0,83842.28232318343,20960.57,2117.75,0x889a18bc957a848c89000812706A5A9E0397E39f,73047,0,0.0
1790848112172,BTC-20261225-90000-P,option,BTC,sell,0.25,8649.0,83841.77059537765,20960.44,2162.25,0x889a18bc957a848c89000812706A5A9E0397E39f,73047,1,30.92369603110792
1790848157887,BTC-20261127-70000-C,option,BTC,sell,0.25,15165.0,83818.23212155797,20954.56,3791.25,0x889a18bc957a848c89000812706A5A9E0397E39f,73047,0,0.0
1790848157971,BTC-20261127-70000-C,option,BTC,buy,0.25,15042.0,83819.89101066062,20954.97,3760.5,0x889a18bc957a848c89000812706A5A9E0397E39f,73047,1,17.177140765083607
1790848160628,BTC-20261127-70000-C,option,BTC,sell,0.25,15157.0,83818.23212155797,20954.56,3789.25,0x889a18bc957a848c89000812706A5A9E0397E39f,73047,0,0.0
1790848160709,BTC-20261127-70000-C,option,BTC,buy,0.25,15038.0,83817.03129398212,20954.26,3759.5,0x889a18bc957a848c89000812706A5A9E0397E39f,73047,1,16.177355243834494
1790848163627,BTC-20261127-70000-C,option,BTC,sell,0.25,15143.0,83814.04742737063,20953.51,3785.75,0x889a18bc957a848c89000812706A5A9E0397E39f,73047,0,0.0
1790848163710,BTC-20261127-70000-C,option,BTC,buy,0.25,15027.0,83817.03129398212,20954.26,3756.75,0x889a18bc957a848c89000812706A5A9E0397E39f,73047,1,15.427669095898544
1790848166080,BTC-20261127-70000-C,option,BTC,sell,0.25,15138.0,83814.04742737063,20953.51,3784.5,0x889a18bc957a848c89000812706A5A9E0397E39f,73047,0,0.0
1790848166165,BTC-20261127-70000-C,option,BTC,buy,0.25,15020.0,83805.68539305462,20951.42,3755.0,0x889a18bc957a848c89000812706A5A9E0397E39f,73047,1,15.928520038468106
1790848168159,BTC-20261127-70000-C,option,BTC,sell,0.25,15136.0,83798.82447730213,20949.71,3784.0,0x889a18bc957a848c89000812706A5A9E0397E39f,73047,0,0.0
1790848168239,BTC-20261127-70000-C,option,BTC,buy,0.25,15018.0,83805.68539305462,20951.42,3754.5,0x889a18bc957a848c89000812706A5A9E0397E39f,73047,1,15.929661759723244
1790848170401,BTC-20261127-70000-C,option,BTC,sell,0.25,15134.0,83798.82447730213,20949.71,3783.5,0x889a18bc957a848c89000812706A5A9E0397E39f,73047,0,0.0
1790848170480,BTC-20261127-70000-C,option,BTC,buy,0.25,15018.0,83793.77235721884,20948.44,3754.5,0x889a18bc957a848c89000812706A5A9E0397E39f,73047,1,15.430555237410926
1790848171302,BTC-PERP,perp,BTC,sell,0.5501,83818.5,83798.82447730213,46108.56,0.0,0x3aAa2bB57a0eFeA8F6f89423A923f7107c33471B,58676,0,-33.273963982323295
1790848171302,BTC-PERP,perp,BTC,sell,0.6075,83819.4,83798.82447730213,50920.29,0.0,0x3aAa2bB57a0eFeA8F6f89423A923f7107c33471B,58676,0,-36.19917459418542
1790848219263,BTC-20261127-94000-P,option,BTC,buy,0.25,11348.0,83778.08990467459,20944.52,2837.0,0x889a18bc957a848c89000812706A5A9E0397E39f,73047,0,0.0
1790848219348,BTC-20261127-94000-P,option,BTC,sell,0.25,11446.0,83779.34165971263,20944.84,2861.5,0x889a18bc957a848c89000812706A5A9E0397E39f,73047,1,10.93319263267096
1790848223861,BTC-20261127-94000-P,option,BTC,buy,0.25,11355.0,83777.449243941,20944.36,2838.75,0x889a18bc957a848c89000812706A5A9E0397E39f,73047,0,0.0
1790848223949,BTC-20261127-94000-P,option,BTC,sell,0.25,11446.0,83776.5261706206,20944.13,2861.5,0x889a18bc957a848c89000812706A5A9E0397E39f,73047,1,9.18345184390788
1790848316914,BTC-20261225-90000-P,option,BTC,buy,0.25,8531.0,83802.40336481025,20950.6,2132.75,0x889a18bc957a848c89000812706A5A9E0397E39f,73047,0,0.0
1790848317078,BTC-20261225-90000-P,option,BTC,sell,0.25,8849.64205102758,83800.93247816713,20950.23,2212.41,0x889a18bc957a848c89000812706A5A9E0397E39f,73047,1,66.09026256867169
1790848317178,BTC-20261225-80000-C,option,BTC,sell,0.25,9060.0,83802.40336481025,20950.6,2265.0,0x889a18bc957a848c89000812706A5A9E0397E39f,73047,0,0.0
1790848317434,BTC-20261225-80000-C,option,BTC,buy,0.25,8735.975301474817,83800.93247816713,20950.23,2183.99,0x889a18bc957a848c89000812706A5A9E0397E39f,73047,1,67.43592444307245
1790848324447,BTC-20261127-70000-C,option,BTC,sell,0.25,15149.0,83806.68379179877,20951.67,3787.25,0x889a18bc957a848c89000812706A5A9E0397E39f,73047,0,0.0
1790848324542,BTC-20261127-70000-C,option,BTC,buy,0.25,15045.0,83800.93247816713,20950.23,3761.25,0x889a18bc957a848c89000812706A5A9E0397E39f,73047,1,12.429428779752557
1790848330585,BTC-20261127-70000-C,option,BTC,sell,0.25,15138.0,83806.92184924796,20951.73,3784.5,0x889a18bc957a848c89000812706A5A9E0397E39f,73047,0,0.0
1790848330665,BTC-20261127-70000-C,option,BTC,buy,0.25,15045.0,83806.92184924796,20951.73,3761.25,0x889a18bc957a848c89000812706A5A9E0397E39f,73047,1,9.678961722612806
1790848333200,BTC-20261127-70000-C,option,BTC,sell,0.25,15138.0,83806.92184924796,20951.73,3784.5,0x889a18bc957a848c89000812706A5A9E0397E39f,73047,0,0.0
1790848333286,BTC-20261127-70000-C,option,BTC,buy,0.25,15045.0,83806.92184924796,20951.73,3761.25,0x889a18bc957a848c89000812706A5A9E0397E39f,73047,1,9.678961722612806
1790848396194,BTC-20261225-80000-C,option,BTC,sell,0.25,9127.0,83765.26855891442,20941.32,2281.75,0x889a18bc957a848c89000812706A5A9E0397E39f,73047,0,0.0
1790848396281,BTC-20261225-80000-C,option,BTC,buy,0.25,8623.0,83765.26855891442,20941.32,2155.75,0x889a18bc957a848c89000812706A5A9E0397E39f,73047,1,112.43520971616283
1790848406338,BTC-20261127-70000-C,option,BTC,sell,0.25,15095.0,83752.72329748399,20938.18,3773.75,0x889a18bc957a848c89000812706A5A9E0397E39f,73047,0,0.0
1790848406423,BTC-20261127-70000-C,option,BTC,buy,0.25,14994.0,83752.72329748399,20938.18,3748.5,0x889a18bc957a848c89000812706A5A9E0397E39f,73047,1,11.687091505377401
1790848415086,BTC-20261127-70000-C,option,BTC,sell,0.25,15098.0,83750.47861185865,20937.62,3774.5,0x889a18bc957a848c89000812706A5A9E0397E39f,73047,0,0.0
1790848415172,BTC-20261127-70000-C,option,BTC,buy,0.25,14991.0,83750.47861185865,20937.62,3747.75,0x889a18bc957a848c89000812706A5A9E0397E39f,73047,1,13.187428208221203
1790848419341,BTC-20261127-70000-C,option,BTC,sell,0.25,15088.0,83750.47861185865,20937.62,3772.0,0x889a18bc957a848c89000812706A5A9E0397E39f,73047,0,0.0
1790848419426,BTC-20261127-70000-C,option,BTC,buy,0.25,14974.0,83750.47861185865,20937.62,3743.5,0x889a18bc957a848c89000812706A5A9E0397E39f,73047,1,14.937428208221203
1790848421904,BTC-20261127-70000-C,option,BTC,sell,0.25,15086.0,83741.80224998484,20935.45,3771.5,0x889a18bc957a848c89000812706A5A9E0397E39f,73047,0,0.0
1790848421985,BTC-20261127-70000-C,option,BTC,buy,0.25,14976.0,83741.80224998484,20935.45,3744.0,0x889a18bc957a848c89000812706A5A9E0397E39f,73047,1,13.938729662502274
1790848424907,BTC-20261127-70000-C,option,BTC,sell,0.25,15086.0,83741.80224998484,20935.45,3771.5,0x889a18bc957a848c89000812706A5A9E0397E39f,73047,0,0.0
1790848424993,BTC-20261127-70000-C,option,BTC,buy,0.25,14976.0,83741.80224998484,20935.45,3744.0,0x889a18bc957a848c89000812706A5A9E0397E39f,73047,1,13.938729662502274
1790848427235,BTC-20261127-70000-C,option,BTC,sell,0.25,15087.0,83738.09346786464,20934.52,3771.75,0x889a18bc957a848c89000812706A5A9E0397E39f,73047,0,0.0
1790848427321,BTC-20261127-70000-C,option,BTC,buy,0.25,14994.0,83738.09346786464,20934.52,3748.5,0x889a18bc957a848c89000812706A5A9E0397E39f,73047,1,9.689285979820303
1790848428510,BTC-PERP,perp,BTC,sell,0.5851,83763.4,83738.09346786464,49009.97,0.0,0x3aAa2bB57a0eFeA8F6f89423A923f7107c33471B,58676,0,-67.62469307885448
1790848428510,BTC-PERP,perp,BTC,sell,0.6088,83763.4,83738.09346786464,50995.16,0.0,0x3aAa2bB57a0eFeA8F6f89423A923f7107c33471B,58676,0,-70.3638918926792
1790848431913,BTC-20261127-70000-C,option,BTC,sell,0.25,15104.0,83742.72664690451,20935.68,3776.0,0x889a18bc957a848c89000812706A5A9E0397E39f,73047,0,0.0
1790848431994,BTC-20261127-70000-C,option,BTC,buy,0.25,14996.0,83742.72664690451,20935.68,3749.0,0x889a18bc957a848c89000812706A5A9E0397E39f,73047,1,13.438591002964323
1790848434660,BTC-20261127-70000-C,option,BTC,sell,0.25,15106.0,83742.72664690451,20935.68,3776.5,0x889a18bc957a848c89000812706A5A9E0397E39f,73047,0,0.0
1790848434753,BTC-20261127-70000-C,option,BTC,buy,0.25,14995.0,83742.72664690451,20935.68,3748.75,0x889a18bc957a848c89000812706A5A9E0397E39f,73047,1,14.188591002964323
1790848437344,BTC-20261127-70000-C,option,BTC,sell,0.25,15106.0,83758.13969064885,20939.53,3776.5,0x889a18bc957a848c89000812706A5A9E0397E39f,73047,0,0.0
1790848437433,BTC-20261127-70000-C,option,BTC,buy,0.25,15019.0,83758.13969064885,20939.53,3754.75,0x889a18bc957a848c89000812706A5A9E0397E39f,73047,1,8.186279046402673
1790848474706,ETH-20261127-2850-P,option,ETH,sell,8.0,328.5,2690.523740632538,21524.19,2628.0,0x889a18bc957a848c89000812706A5A9E0397E39f,73047,0,0.0
1790848474797,ETH-20261127-2850-P,option,ETH,buy,8.0,324.577709766626,2690.507603064958,21524.06,2596.62,0x889a18bc957a848c89000812706A5A9E0397E39f,73047,1,17.46384664211801
1790848513231,BTC-20261225-90000-P,option,BTC,buy,0.25,8472.0,83765.00622456521,20941.25,2118.0,0x889a18bc957a848c89000812706A5A9E0397E39f,73047,0,0.0
1790848513320,BTC-20261225-90000-P,option,BTC,sell,0.25,8665.0,83764.4856752744,20941.12,2166.25,0x889a18bc957a848c89000812706A5A9E0397E39f,73047,1,34.68528810751203
1790848586806,BTC-20261225-80000-C,option,BTC,sell,0.25,9124.0,83712.34502945503,20928.09,2281.0,0x889a18bc957a848c89000812706A5A9E0397E39f,73047,0,0.0
1790848586901,BTC-20261225-80000-C,option,BTC,buy,0.25,8612.0,83713.31787726794,20928.33,2153.0,0x889a18bc957a848c89000812706A5A9E0397E39f,73047,1,114.44307528199577
1790848598215,BTC-20261016-92000-P,option,BTC,buy,0.25,8174.0,83709.56577043963,20927.39,2043.5,0x889a18bc957a848c89000812706A5A9E0397E39f,73047,0,0.0
1790848598302,BTC-20261016-92000-P,option,BTC,sell,0.25,8259.0,83709.56577043963,20927.39,2064.75,0x889a18bc957a848c89000812706A5A9E0397E39f,73047,1,7.693565134434055
1790848800540,BTC-PERP,perp,BTC,buy,0.3673,83751.3,83738.60973219102,30761.85,0.0,0x15efc06FEa57Bda3ceA94A53D5426E78ed4651F3,58000,0,-16.797531553525726
1790848800685,BTC-PERP,perp,BTC,buy,0.3673,83751.3,83738.60973219102,30761.85,0.0,0x15efc06FEa57Bda3ceA94A53D5426E78ed4651F3,58000,0,-16.797531553525726
1790848800834,BTC-PERP,perp,BTC,buy,0.3673,83756.7,83738.60973219102,30763.84,0.0,0x15efc06FEa57Bda3ceA94A53D5426E78ed4651F3,58000,0,-18.780951553525725
1790848848154,BTC-20261009-86000-P,option,BTC,buy,4.99995,2026.0,83691.14343670731,418451.53,10129.9,0x33DBB588727CB87559daad7189E73d4B13ED88Bf,32832,0,0.0
1790848850952,BTC-20261127-92000-P,option,BTC,buy,0.25,9676.0,83674.93522660332,20918.73,2419.0,0x889a18bc957a848c89000812706A5A9E0397E39f,73047,0,0.0
1790848851051,BTC-20261127-92000-P,option,BTC,sell,0.25,9818.0,83675.62287459736,20918.91,2454.5,0x889a18bc957a848c89000812706A5A9E0397E39f,73047,1,21.94870814240995
1790848883061,BTC-20261030-95000-P,option,BTC,buy,0.25,11224.0,83659.93026124148,20914.98,2806.0,0x889a18bc957a848c89000812706A5A9E0397E39f,73047,0,0.0
1790848883169,BTC-20261030-95000-P,option,BTC,sell,0.25,11325.071706369938,83659.87701368483,20914.97,2831.27,0x889a18bc957a848c89000812706A5A9E0397E39f,73047,1,11.718941046865027
1790848915927,BTC-PERP,perp,BTC,sell,0.3486,83628.6,83637.15551706373,29152.93,0.0,0x15efc06FEa57Bda3ceA94A53D5426E78ed4651F3,58000,0,0.0
1790849030912,BTC-20261009-94000-P,option,BTC,sell,0.59858,10300.0,83531.1733971543,50000.09,6165.37,0x33DBB588727CB87559daad7189E73d4B13ED88Bf,32832,0,0.0
1790849060963,BTC-20261009-86000-P,option,BTC,buy,1.51582,2063.0,83512.4823891915,126589.89,3127.14,0x42974A167De3F098cEf1Ffbf5f250D33a9200520,66063,0,0.0
1790849104324,BTC-20261009-86000-P,option,BTC,sell,1.51582,2999.0,83435.06133579457,126472.53,4545.94,0x42974A167De3F098cEf1Ffbf5f250D33a9200520,66063,0,1380.8481561406188
1790849104401,BTC-PERP,perp,BTC,sell,0.5992,83439.0,83435.06133579457,49996.65,0.0,0x15efc06FEa57Bda3ceA94A53D5426E78ed4651F3,58000,0,0.0
1790849161475,ETH-20261030-2300-P,option,ETH,sell,122.0,29.7,2678.3929830969814,326763.94,3623.4,0xEAc2374016613765cF31afDB4AEB6f5d13a63726,53989,0,-42.90043973686614
1790849164240,ETH-20261030-2300-P,option,ETH,sell,40.85,29.7,2677.878742532981,109391.35,1213.25,0xEAc2374016613765cF31afDB4AEB6f5d13a63726,53989,0,0.0
1790849164736,BTC-20261225-80000-C,option,BTC,sell,1.55,8576.0,83408.51645917118,129283.2,13292.8,0xEAc2374016613765cF31afDB4AEB6f5d13a63726,53987,0,0.0
1790849165142,BTC-20261225-80000-C,option,BTC,sell,1.6,8560.0,83408.51645917118,133453.63,13696.0,0xEAc2374016613765cF31afDB4AEB6f5d13a63726,53987,0,0.0
1790849165948,ETH-20261009-2675-C,option,ETH,sell,31.0,77.8,2677.878742532981,83014.24,2411.8,0xEAc2374016613765cF31afDB4AEB6f5d13a63726,53989,0,0.0
1790849165958,ETH-20261009-2625-P,option,ETH,sell,82.0,48.2,2677.878742532981,219586.06,3952.4,0xEAc2374016613765cF31afDB4AEB6f5d13a63726,53989,0,0.0
1790849165958,ETH-20261009-2750-P,option,ETH,buy,32.0,100.1,2677.878742532981,85692.12,3203.2,0xEAc2374016613765cF31afDB4AEB6f5d13a63726,53989,0,1.94971003273307
1790849166372,ETH-20261009-2750-P,option,ETH,buy,31.0,100.2,2677.878742532981,83014.24,3106.2,0xEAc2374016613765cF31afDB4AEB6f5d13a63726,53989,0,0.0
1790849166423,ETH-20261009-2750-P,option,ETH,buy,32.0,100.2,2677.878742532981,85692.12,3206.4,0xEAc2374016613765cF31afDB4AEB6f5d13a63726,53989,0,0.0
1790849166438,ETH-20261009-2250-P,option,ETH,sell,181.0,5.7,2677.878742532981,484696.05,1031.7,0xEAc2374016613765cF31afDB4AEB6f5d13a63726,53989,0,0.0
1790849166479,ETH-20261009-2550-C,option,ETH,sell,31.0,160.1,2677.878742532981,83014.24,4963.1,0xEAc2374016613765cF31afDB4AEB6f5d13a63726,53989,0,0.0
1790849166566,ETH-20261009-2250-P,option,ETH,sell,68.93,5.4,2677.878742532981,184586.18,372.22,0xEAc2374016613765cF31afDB4AEB6f5d13a63726,53989,0,0.0
1790849166566,ETH-20261009-2250-P,option,ETH,sell,43.14,5.7,2677.878742532981,115523.69,245.9,0xEAc2374016613765cF31afDB4AEB6f5d13a63726,53989,0,0.0
1790849166574,ETH-20261009-2900-C,option,ETH,buy,112.07,8.7,2677.878742532981,300109.87,975.01,0xEAc2374016613765cF31afDB4AEB6f5d13a63726,53989,0,561.2814760476746
1790849166733,ETH-20261009-2550-C,option,ETH,sell,32.0,160.1,2677.878742532981,85692.12,5123.2,0xEAc2374016613765cF31afDB4AEB6f5d13a63726,53989,0,0.0
1790849166764,ETH-20261009-2750-P,option,ETH,buy,32.0,100.2,2677.878742532981,85692.12,3206.4,0xEAc2374016613765cF31afDB4AEB6f5d13a63726,53989,0,0.0
1790849169507,ETH-20261009-2550-P,option,ETH,sell,100.0,25.6,2676.923822903641,267692.38,2560.0,0xEAc2374016613765cF31afDB4AEB6f5d13a63726,53989,0,0.0
1790849192537,BTC-20261225-70000-C,option,BTC,sell,1.6,15685.0,83410.22961546796,133456.37,25096.0,0xEAc2374016613765cF31afDB4AEB6f5d13a63726,53987,0,0.0
1790849194352,BTC-20261225-70000-C,option,BTC,sell,1.6,15684.0,83410.22961546796,133456.37,25094.4,0xEAc2374016613765cF31afDB4AEB6f5d13a63726,53987,0,0.0
1790849195931,BTC-20261225-70000-C,option,BTC,sell,1.6,15685.0,83410.22961546796,133456.37,25096.0,0xEAc2374016613765cF31afDB4AEB6f5d13a63726,53987,0,0.0
1790849245029,ETH-20261009-2900-C,option,ETH,buy,111.9,9.7,2680.4771177266475,299945.39,1085.43,0xEAc2374016613765cF31afDB4AEB6f5d13a63726,53989,0,0.0
1790849245066,ETH-20261009-2800-C,option,ETH,buy,74.28,22.1,2680.4771177266475,199105.84,1641.59,0xEAc2374016613765cF31afDB4AEB6f5d13a63726,53989,0,0.0
1790849245447,ETH-20261009-2450-P,option,ETH,sell,57.0,12.7,2680.4771177266475,152787.2,723.9,0xEAc2374016613765cF31afDB4AEB6f5d13a63726,53989,0,0.0
1790849245447,ETH-20261009-2450-P,option,ETH,sell,61.81,12.7,2680.4771177266475,165680.29,784.99,0xEAc2374016613765cF31afDB4AEB6f5d13a63726,53989,0,0.0
1790849245496,ETH-20261009-2775-C,option,ETH,buy,111.9,27.3,2680.4771177266475,299945.39,3054.87,0xEAc2374016613765cF31afDB4AEB6f5d13a63726,53989,0,0.0
1790849245510,ETH-20261009-2625-P,option,ETH,sell,121.0,48.6,2680.4771177266475,324337.73,5880.6,0xEAc2374016613765cF31afDB4AEB6f5d13a63726,53989,0,0.0
1790849245511,ETH-20261009-2600-C,option,ETH,sell,31.0,123.6,2680.4771177266475,83094.79,3831.6,0xEAc2374016613765cF31afDB4AEB6f5d13a63726,53989,0,0.0
1790849245515,ETH-20261009-2600-P,option,ETH,sell,84.0,39.8,2680.4771177266475,225160.08,3343.2,0xEAc2374016613765cF31afDB4AEB6f5d13a63726,53989,0,0.0
1790849245524,ETH-20261009-2500-P,option,ETH,sell,121.0,17.9,2680.4771177266475,324337.73,2165.9,0xEAc2374016613765cF31afDB4AEB6f5d13a63726,53989,0,0.0
1790849245533,ETH-20261009-2500-C,option,ETH,sell,31.0,204.5,2680.4771177266475,83094.79,6339.5,0xEAc2374016613765cF31afDB4AEB6f5d13a63726,53989,0,0.0
1790849245533,ETH-20261009-2550-C,option,ETH,sell,31.0,163.0,2680.4771177266475,83094.79,5053.0,0xEAc2374016613765cF31afDB4AEB6f5d13a63726,53989,0,0.0
1790849330774,BTC-PERP,perp,BTC,buy,0.3679,83613.8,83599.38630692125,30761.52,0.0,0x15efc06FEa57Bda3ceA94A53D5426E78ed4651F3,58000,0,2.4317731128129925
1790849932019,BTC-PERP,perp,BTC,buy,0.3675,83702.5,83686.97627636234,30760.67,0.0,0x15efc06FEa57Bda3ceA94A53D5426E78ed4651F3,58000,0,-30.172949234361514
1790850622014,BTC-PERP,perp,BTC,buy,0.3677,83649.8,83656.4991890295,30758.03,0.0,0x15efc06FEa57Bda3ceA94A53D5426E78ed4651F3,58000,0,-10.80989892325422
1790850622168,BTC-PERP,perp,BTC,buy,0.3677,83649.8,83656.4991890295,30758.03,0.0,0x15efc06FEa57Bda3ceA94A53D5426E78ed4651F3,58000,0,-10.80989892325422
1790851085458,ETH-20261127-2600-P,option,ETH,sell,74.44,160.0,2691.747953467653,200373.72,11910.4,0x33DBB588727CB87559daad7189E73d4B13ED88Bf,32832,0,-1004.2677156408402
1790851358610,BTC-PERP,perp,BTC,buy,0.3672,83756.1,83762.68848306079,30755.24,0.0,0x15efc06FEa57Bda3ceA94A53D5426E78ed4651F3,58000,0,-49.83440848373964
1790851358801,BTC-PERP,perp,BTC,buy,0.3672,83761.5,83762.68848306079,30757.22,0.0,0x15efc06FEa57Bda3ceA94A53D5426E78ed4651F3,58000,0,-51.81728848373964
1790851719225,ETH-PERP,perp,ETH,buy,18.091,2697.98,2698.7036260967952,48809.16,0.0,0x3aAa2bB57a0eFeA8F6f89423A923f7107c33471B,58111,0,0.0
1790852207684,BTC-PERP,perp,BTC,buy,0.6076,83957.1,83946.4849094478,51012.33,0.0,0x3aAa2bB57a0eFeA8F6f89423A923f7107c33471B,58676,0,0.0
1790852209876,BTC-PERP,perp,BTC,sell,0.439,83949.5,83946.4849094478,36853.83,0.0,0x3aAa2bB57a0eFeA8F6f89423A923f7107c33471B,58676,0,28.455666453828144
1790852209876,BTC-PERP,perp,BTC,sell,0.6075,83949.5,83946.4849094478,50999.32,0.0,0x3aAa2bB57a0eFeA8F6f89423A923f7107c33471B,58676,0,39.377716106379495
1790852938640,BTC-20261225-80000-C,option,BTC,buy,0.3,8805.0,83855.99029874564,25156.8,2641.5,0x6fEa45F6698b3447F7e58bFA15Ae93A5E2BD77ea,74262,0,0.0
1790853049003,BTC-20261225-80000-C,option,BTC,buy,0.30613,8795.0,83842.36211007298,25666.66,2692.41,0x6fEa45F6698b3447F7e58bFA15Ae93A5E2BD77ea,74262,0,0.0
1790854690106,ETH-PERP,perp,ETH,buy,10.109,2698.65,2698.984929973201,27280.65,0.0,0x3aAa2bB57a0eFeA8F6f89423A923f7107c33471B,58111,0,0.0
1790854757627,ETH-20261003-2800-C,option,ETH,buy,50.0,6.7,2699.7077007617845,134985.39,335.0,0x558077d8D5c007C37a86FA4e2634807E55b6E37f,65721,1,0.0
1790854757627,ETH-20261002-2750-C,option,ETH,sell,50.0,6.0,2699.7077007617845,134985.39,300.0,0x558077d8D5c007C37a86FA4e2634807E55b6E37f,65721,1,-4341.7377740972015
1790854762656,HYPE-20261225-110-C,option,HYPE,buy,1000.0,4.964869731678,90.02446340300975,90024.46,4964.87,0x5323F6E9Df2F3501Ef25eeAC6352140bDC19FB78,74232,1,0.0
1790854763532,BTC-PERP,perp,BTC,sell,0.6078,83897.7,83899.10216848867,50993.02,0.0,0x3aAa2bB57a0eFeA8F6f89423A923f7107c33471B,58676,0,8.134750271596266
1790855311040,BTC-PERP,perp,BTC,buy,0.6076,83956.7,83981.4348290642,51012.09,0.0,0x3aAa2bB57a0eFeA8F6f89423A923f7107c33471B,58676,0,0.0
1790855313340,BTC-PERP,perp,BTC,sell,0.5439,83942.7,83981.4348290642,45656.43,0.0,0x3aAa2bB57a0eFeA8F6f89423A923f7107c33471B,58676,0,30.169907830209524
1790855435338,ETH-PERP,perp,ETH,buy,14.308,2704.37,2705.008720266286,38694.13,0.0,0x3aAa2bB57a0eFeA8F6f89423A923f7107c33471B,58111,0,0.0
1790855588778,BTC-PERP,perp,BTC,sell,0.553,83915.5,83925.04412986,46405.27,0.0,0x3aAa2bB57a0eFeA8F6f89423A923f7107c33471B,58676,0,15.058178978564486
1790855781354,BTC-PERP,perp,BTC,buy,0.3665,83910.2,83916.59900726115,30753.09,0.0,0x15efc06FEa57Bda3ceA94A53D5426E78ed4651F3,58000,0,-65.25482832497296
1790856000699,BTC-PERP,perp,BTC,buy,0.3072,83870.5,83883.87218972872,25765.02,0.0,0x15efc06FEa57Bda3ceA94A53D5426E78ed4651F3,58000,0,-33.253683772592666
1790856708067,BTC-PERP,perp,BTC,sell,0.3136,83954.5,83970.89369031742,26328.13,0.0,0x3aAa2bB57a0eFeA8F6f89423A923f7107c33471B,58676,0,20.544511845591224
1790856710480,BTC-PERP,perp,BTC,buy,0.5035,83979.1,83970.89369031742,42283.48,0.0,0x3aAa2bB57a0eFeA8F6f89423A923f7107c33471B,58676,0,0.0
1790857393257,BTC-PERP,perp,BTC,buy,0.4188,83905.0,83913.15782409188,35139.41,0.0,0x3aAa2bB57a0eFeA8F6f89423A923f7107c33471B,58676,0,0.0
1790857739570,ETH-20261002-2650-P,option,ETH,sell,1050.0,1.3,2707.216619825612,2842577.45,1365.0,0x9e04AE45913AE8E9F2aC1793a8BE28fA06821172,71317,1,-13818.075631675696
1790857786647,ETH-20261030-3300-C,option,ETH,sell,1000.0,16.2,2705.227771999044,2705227.77,16200.0,0x9e04AE45913AE8E9F2aC1793a8BE28fA06821172,71317,1,0.0
1790857786647,ETH-20261030-3000-C,option,ETH,buy,1000.0,54.2,2705.227771999044,2705227.77,54200.0,0x9e04AE45913AE8E9F2aC1793a8BE28fA06821172,71317,1,0.0
1790858058879,SOL-PERP,perp,SOL,buy,237.092,117.622,117.65202950335353,27887.24,0.0,0x978e3eb7997a9575cdE1799176829073d2876Fb9,7812,0,214.69103483348164
1790858133299,ETH-20261009-3200-C,option,ETH,sell,2000.0,2.1282,2704.9351538698925,5409870.31,4256.4,0x9e04AE45913AE8E9F2aC1793a8BE28fA06821172,71317,1,0.0
1790858133299,ETH-20261009-3000-C,option,ETH,buy,2000.0,9.4602,2704.9351538698925,5409870.31,18920.4,0x9e04AE45913AE8E9F2aC1793a8BE28fA06821172,71317,1,0.0
1790858177982,ETH-20261016-3200-C,option,ETH,sell,1000.0,6.9,2704.5979227215757,2704597.92,6900.0,0x9e04AE45913AE8E9F2aC1793a8BE28fA06821172,71317,1,0.0
1790858177982,ETH-20261016-3000-C,option,ETH,buy,1000.0,21.2,2704.5979227215757,2704597.92,21200.0,0x9e04AE45913AE8E9F2aC1793a8BE28fA06821172,71317,1,0.0
1790858452994,BTC-PERP,perp,BTC,sell,0.4533,83972.1,83981.01720530557,38064.55,0.0,0x3aAa2bB57a0eFeA8F6f89423A923f7107c33471B,58676,0,35.97860987395159
1790858455315,BTC-PERP,perp,BTC,buy,0.5761,83966.9,83981.01720530557,48373.33,0.0,0x3aAa2bB57a0eFeA8F6f89423A923f7107c33471B,58676,0,0.0
1790858900603,SOL-PERP,perp,SOL,sell,237.431,117.475,117.51568802566287,27892.21,0.0,0x978e3eb7997a9575cdE1799176829073d2876Fb9,7812,0,0.0
1790859235287,BTC-PERP,perp,BTC,sell,0.3677,83703.3,83706.12258095134,30777.7,0.0,0x15efc06FEa57Bda3ceA94A53D5426E78ed4651F3,58000,0,-66.26276460397102
1790859727423,SOL-PERP,perp,SOL,buy,237.928,117.21,117.24437160755669,27887.54,0.0,0x978e3eb7997a9575cdE1799176829073d2876Fb9,7812,0,130.9859274526729
1790860272923,ETH-20261002-2900-C,option,ETH,buy,130.0,0.7,2687.450576682968,349368.57,91.0,0xafbAFB6e4cb5268dF843542012FEe9d3B9345A34,71372,1,572.0
1790860272923,ETH-20261002-2750-C,option,ETH,sell,130.0,4.0,2687.450576682968,349368.57,520.0,0xafbAFB6e4cb5268dF843542012FEe9d3B9345A34,71372,1,-2757.8550779791844
1790861610351,SOL-PERP,perp,SOL,sell,245.974,117.462,117.46125790415654,28892.6,0.0,0x978e3eb7997a9575cdE1799176829073d2876Fb9,7812,0,0.0
1790861619095,BTC-PERP,perp,BTC,buy,0.4429,83634.9,83647.40062221675,37041.9,0.0,0x15efc06FEa57Bda3ceA94A53D5426E78ed4651F3,58000,0,-4.449849246599849
1790861935213,BTC-PERP,perp,BTC,buy,0.6082,83865.6,83887.48206183396,51007.06,0.0,0x3aAa2bB57a0eFeA8F6f89423A923f7107c33471B,58676,0,0.0
1790862039098,BTC-PERP,perp,BTC,sell,0.3577,83823.4,83836.19895888721,29983.63,0.0,0x3aAa2bB57a0eFeA8F6f89423A923f7107c33471B,58676,0,-23.689128106389237
1790862039098,BTC-PERP,perp,BTC,sell,0.6084,83824.3,83836.19895888721,50998.7,0.0,0x3aAa2bB57a0eFeA8F6f89423A923f7107c33471B,58676,0,-39.7444879170456
1790862253895,BTC-PERP,perp,BTC,buy,0.5576,83853.0,83847.13556311085,46756.43,0.0,0x15efc06FEa57Bda3ceA94A53D5426E78ed4651F3,58000,0,0.0
1790862503290,BTC-PERP,perp,BTC,sell,0.6082,83854.7,83870.81091729223,51000.43,0.0,0x3aAa2bB57a0eFeA8F6f89423A923f7107c33471B,58676,0,-21.104078582134115
1790862832333,BTC-PERP,perp,BTC,sell,0.3983,83813.7,83821.39790313378,33383.0,0.0,0x3aAa2bB57a0eFeA8F6f89423A923f7107c33471B,58676,0,-29.775335509451097
1790862894244,BTC-PERP,perp,BTC,buy,0.6079,83879.8,83872.83154774575,50990.53,0.0,0x15efc06FEa57Bda3ceA94A53D5426E78ed4651F3,58000,0,0.0
1790862894244,BTC-PERP,perp,BTC,buy,0.6079,83879.8,83872.83154774575,50990.53,0.0,0x15efc06FEa57Bda3ceA94A53D5426E78ed4651F3,58000,0,0.0
1790862933080,BTC-PERP,perp,BTC,buy,0.4406,83931.3,83930.38571263815,36980.13,0.0,0x3aAa2bB57a0eFeA8F6f89423A923f7107c33471B,58676,0,0.0
1790862959849,SOL-PERP,perp,SOL,buy,236.762,117.788,117.80291570408755,27887.72,0.0,0x978e3eb7997a9575cdE1799176829073d2876Fb9,7812,0,-63.73613652469781
1790863025910,BTC-PERP,perp,BTC,buy,0.6083,83833.9,83819.60339906636,50996.16,0.0,0x3aAa2bB57a0eFeA8F6f89423A923f7107c33471B,58676,0,0.0
1790863118376,BTC-PERP,perp,BTC,sell,0.4294,83864.5,83843.61172600833,36011.42,0.0,0x3aAa2bB57a0eFeA8F6f89423A923f7107c33471B,58676,0,-10.183694103946115
1790863118376,BTC-PERP,perp,BTC,sell,0.6081,83865.3,83843.61172600833,50998.49,0.0,0x3aAa2bB57a0eFeA8F6f89423A923f7107c33471B,58676,0,-13.935281491871525
1790863280897,BTC-PERP,perp,BTC,sell,0.6095,83685.8,83674.60684258208,51006.5,0.0,0x3aAa2bB57a0eFeA8F6f89423A923f7107c33471B,58676,0,-123.35716276289502
1790863721107,BTC-20261004-83000-C,option,BTC,buy,5.0,1366.0,83823.05648258555,419115.28,6830.0,0xE1DC5576b36c78C75e6Abf2E1B121Db20A6069b7,51032,0,0.0
1790863942739,BTC-PERP,perp,BTC,sell,0.5333,83834.9,83819.49220524874,44709.15,0.0,0x3aAa2bB57a0eFeA8F6f89423A923f7107c33471B,58676,0,-25.364443528063717
1790864043488,ETH-20261030-3200-C,option,ETH,sell,50.0,23.0,2687.1447595096547,134357.24,1150.0,0x309B408fEd3948EEf95b7e8809B530eD2a63f565,63197,1,-624.914145986622
1790864043488,ETH-20261030-3000-C,option,ETH,buy,50.0,49.0,2687.1447595096547,134357.24,2450.0,0x309B408fEd3948EEf95b7e8809B530eD2a63f565,63197,1,0.0
1790864320592,BTC-PERP,perp,BTC,sell,0.4883,83953.4,83950.81670499423,40994.45,0.0,0x3aAa2bB57a0eFeA8F6f89423A923f7107c33471B,58676,0,34.751758006065444
1790864320592,BTC-PERP,perp,BTC,sell,0.6074,83953.6,83950.81670499423,50993.42,0.0,0x3aAa2bB57a0eFeA8F6f89423A923f7107c33471B,58676,0,43.34945012673387
1790864322799,BTC-PERP,perp,BTC,buy,0.4287,83965.8,83950.81670499423,35996.14,0.0,0x3aAa2bB57a0eFeA8F6f89423A923f7107c33471B,58676,0,0.0
1790864322799,BTC-PERP,perp,BTC,buy,0.6074,83965.8,83950.81670499423,51000.83,0.0,0x3aAa2bB57a0eFeA8F6f89423A923f7107c33471B,58676,0,0.0
1790864424243,ETH-PERP,perp,ETH,sell,9.657,2692.48,2692.9603472713266,26001.28,0.0,0xEA2Eec3dc92E860ca7c00DDa51f1AfbCD1fC2E73,62858,0,88.01117261533443
1790864553492,ETH-20261030-3200-C,option,ETH,sell,50.0,23.8,2690.089355079968,134504.47,1190.0,0x309B408fEd3948EEf95b7e8809B530eD2a63f565,63197,1,0.0
1790864553492,ETH-20261030-3000-C,option,ETH,buy,50.0,50.3,2690.089355079968,134504.47,2515.0,0x309B408fEd3948EEf95b7e8809B530eD2a63f565,63197,1,0.0
1790864595699,BTC-PERP,perp,BTC,sell,0.6088,83791.2,83807.8157834978,51012.08,0.0,0x3aAa2bB57a0eFeA8F6f89423A923f7107c33471B,58676,0,-58.02151036094037
1790864691341,BTC-PERP,perp,BTC,buy,0.5833,83990.5,83965.70155736411,48991.66,0.0,0x3aAa2bB57a0eFeA8F6f89423A923f7107c33471B,58676,0,0.0
1790864691341,BTC-PERP,perp,BTC,buy,0.6073,83989.6,83965.70155736411,51006.88,0.0,0x3aAa2bB57a0eFeA8F6f89423A923f7107c33471B,58676,0,0.0
1790864885503,ETH-PERP,perp,ETH,sell,10.334,2698.34,2699.0570317685533,27884.65,0.0,0x978e3eb7997a9575cdE1799176829073d2876Fb9,7812,0,0.0
1790865221628,BTC-20261009-86000-P,option,BTC,sell,1.6256,2505.0,84158.60957604815,136808.24,4072.13,0xd95754330a4bf9A3C8e199ed140817AE07422ee9,70735,0,636.0564009429704
1790865222752,BTC-20261009-87000-P,option,BTC,buy,1.6256,3394.0,84158.60957604815,136808.24,5517.29,0xd95754330a4bf9A3C8e199ed140817AE07422ee9,70735,0,474.7845609429705
1790865480168,BTC-20261016-88000-C,option,BTC,buy,2.0,994.0,84221.96212220413,168443.92,1988.0,0xDe099Eb5aD575591eC3F34A79B0bb441ccfC5BB7,71778,1,0.0
1790865498465,BTC-20261016-88000-C,option,BTC,sell,3.3263,980.0,84163.26105084736,279952.26,3259.77,0xE1DC5576b36c78C75e6Abf2E1B121Db20A6069b7,51032,0,23.66272558921797
1790865764062,HYPE-20261225-70-P,option,HYPE,sell,20000.0,2.5388,88.44411265076512,1768882.25,50776.0,0x5323F6E9Df2F3501Ef25eeAC6352140bDC19FB78,74233,1,0.0
1790865764062,HYPE-20261225-60-P,option,HYPE,buy,20000.0,1.1193,88.44411265076512,1768882.25,22386.0,0x5323F6E9Df2F3501Ef25eeAC6352140bDC19FB78,74233,1,0.0
1790865867113,BTC-20261016-88000-C,option,BTC,sell,6.89367,950.0,83977.61850777763,578913.99,6548.99,0xE1DC5576b36c78C75e6Abf2E1B121Db20A6069b7,51032,0,0.0
1790866143280,BTC-PERP,perp,BTC,sell,0.4296,83798.8,83818.0310244966,35999.96,0.0,0x3aAa2bB57a0eFeA8F6f89423A923f7107c33471B,58676,0,-40.619130494903686
1790866143280,BTC-PERP,perp,BTC,sell,0.6087,83798.8,83818.0310244966,51008.33,0.0,0x3aAa2bB57a0eFeA8F6f89423A923f7107c33471B,58676,0,-57.55322330597736
1790866171958,ETH-20261127-2800-C,option,ETH,buy,20.0,173.668886320038,2683.8947888792995,53677.9,3473.38,0xafbAFB6e4cb5268dF843542012FEe9d3B9345A34,71372,1,0.0
1790866304761,HYPE-20261225-96-P,option,HYPE,sell,300.0,14.36,88.49789108390377,26549.37,4308.0,0xE1DC5576b36c78C75e6Abf2E1B121Db20A6069b7,67406,0,0.0
1790866304761,HYPE-20261225-92-P,option,HYPE,sell,300.0,11.85,88.49789108390377,26549.37,3555.0,0xE1DC5576b36c78C75e6Abf2E1B121Db20A6069b7,67406,0,0.0
1790866304761,HYPE-20261225-95-P,option,HYPE,sell,300.0,13.72,88.49789108390377,26549.37,4116.0,0xE1DC5576b36c78C75e6Abf2E1B121Db20A6069b7,67406,0,0.0
1790866661679,ETH-PERP,perp,ETH,sell,10.801,2685.11,2685.512414967172,29001.87,0.0,0xEA2Eec3dc92E860ca7c00DDa51f1AfbCD1fC2E73,62858,0,18.845962524820617
1790866746200,BTC-PERP,perp,BTC,buy,0.4464,83924.2,83929.44735510834,37463.76,0.0,0x15efc06FEa57Bda3ceA94A53D5426E78ed4651F3,58000,0,0.0
1790867048765,BTC-20261004-85000-P,option,BTC,sell,5.0,1296.0,84101.75397728631,420508.77,6480.0,0xE1DC5576b36c78C75e6Abf2E1B121Db20A6069b7,51032,0,541.6184815411215
1790867048765,BTC-20261004-83000-C,option,BTC,buy,5.0,1549.0,84101.75397728631,420508.77,7745.0,0xE1DC5576b36c78C75e6Abf2E1B121Db20A6069b7,51032,0,0.0
1790867061222,BTC-PERP,perp,BTC,buy,0.3428,84206.1,84146.76239417637,28865.85,0.0,0x978e3eb7997a9575cdE1799176829073d2876Fb9,7812,0,-190.7154002836506
1790867061310,BTC-PERP,perp,BTC,buy,0.3425,84206.1,84146.76239417637,28840.59,0.0,0x978e3eb7997a9575cdE1799176829073d2876Fb9,7812,0,-190.54849649110363
1790867100820,BTC-PERP,perp,BTC,buy,0.3427,84162.6,84140.2636323398,28842.52,0.0,0x978e3eb7997a9575cdE1799176829073d2876Fb9,7812,0,-175.75198161728275
1790867100823,BTC-20261004-84000-C,option,BTC,buy,5.0,897.0,84140.2636323398,420701.32,4485.0,0xE1DC5576b36c78C75e6Abf2E1B121Db20A6069b7,51032,0,0.0
1790867100823,BTC-20261030-102000-P,option,BTC,sell,0.7,17525.0,84140.2636323398,58898.18,12267.5,0xE1DC5576b36c78C75e6Abf2E1B121Db20A6069b7,51032,0,0.0
1790867100868,BTC-PERP,perp,BTC,buy,0.2998,84209.6,84140.2636323398,25246.04,0.0,0x978e3eb7997a9575cdE1799176829073d2876Fb9,7812,0,-33.66347987057838
1790867100970,BTC-PERP,perp,BTC,buy,0.3428,84159.6,84140.2636323398,28849.91,0.0,0x978e3eb7997a9575cdE1799176829073d2876Fb9,7812,0,0.0
1790867115221,ETH-PERP,perp,ETH,sell,18.941,2692.35,2693.8092466637318,50995.8,0.0,0x15efc06FEa57Bda3ceA94A53D5426E78ed4651F3,58000,0,159.1390974689778
1790867115237,BTC-PERP,perp,BTC,sell,0.3431,84216.5,84206.40692684894,28894.68,0.0,0x978e3eb7997a9575cdE1799176829073d2876Fb9,7812,0,-2.8250292591063424
1790867115277,BTC-PERP,perp,BTC,buy,0.3426,84240.0,84206.40692684894,28860.62,0.0,0x978e3eb7997a9575cdE1799176829073d2876Fb9,7812,0,0.0
1790867125701,BTC-PERP,perp,BTC,buy,0.3424,84291.4,84246.67037395926,28861.38,0.0,0x978e3eb7997a9575cdE1799176829073d2876Fb9,7812,0,0.0
1790867316261,ZEC-20261016-2400-C,option,ZEC,buy,200.0,15.6631,1373.1958749974015,274639.17,3132.62,0x7DC5808dD4459E9De54CaE87f51A63c46362Fc11,69468,1,0.0
1790867392207,BTC-PERP,perp,BTC,sell,0.3441,83946.8,83956.12464120264,28886.09,0.0,0x978e3eb7997a9575cdE1799176829073d2876Fb9,7812,0,-103.04775502349698
1790867392344,BTC-PERP,perp,BTC,sell,0.3442,83930.2,83956.12464120264,28888.77,0.0,0x978e3eb7997a9575cdE1799176829073d2876Fb9,7812,0,-108.79142206070229
1790867555015,ETH-20261009-3000-C,option,ETH,sell,1240.0,4.8638,2683.7040237464203,3327792.99,6031.11,0x9aa2A1b73a4FD71a60C888fEe9E73b11c4c90e36,66627,1,-14189.279809248806
1790867784139,SOL-PERP,perp,SOL,sell,237.64,117.354,117.4163924404466,27888.0,0.0,0x978e3eb7997a9575cdE1799176829073d2876Fb9,7812,0,0.0
1790867975901,SOL-PERP,perp,SOL,sell,236.9,117.721,117.75674373505014,27888.1,0.0,0x978e3eb7997a9575cdE1799176829073d2876Fb9,7812,0,0.0
1790868068413,ETH-PERP,perp,ETH,sell,11.138,2693.49,2693.786421287959,30000.09,0.0,0xEA2Eec3dc92E860ca7c00DDa51f1AfbCD1fC2E73,62858,0,112.75658852778263
1790868650136,HYPE-20261225-125-C,option,HYPE,sell,967.0,2.351,88.13073193447848,85222.42,2273.42,0x8bECA95d65E94A20E54df095e78238425075F66e,71404,1,-1999.7198756968216
1790868660740,BTC-PERP,perp,BTC,sell,0.3665,83968.5,83960.07512908445,30774.46,0.0,0x15efc06FEa57Bda3ceA94A53D5426E78ed4651F3,58000,0,37.29810984443711
1790868666205,HYPE-20261225-100-C,option,HYPE,sell,500.0,6.32,88.0709932656003,44035.5,3160.0,0x8bECA95d65E94A20E54df095e78238425075F66e,71404,0,-1006.3161971085017
1790868693317,ETH-PERP,perp,ETH,sell,9.346,2675.96,2677.1230429628586,25009.52,0.0,0xEA2Eec3dc92E860ca7c00DDa51f1AfbCD1fC2E73,62858,0,-69.19691129778235
1790868752632,BTC-PERP,perp,BTC,sell,0.4891,83859.0,83850.12951851959,41015.44,0.0,0x3aAa2bB57a0eFeA8F6f89423A923f7107c33471B,58676,0,-18.21800111827046
1790868752632,BTC-PERP,perp,BTC,sell,0.6081,83859.0,83850.12951851959,50994.66,0.0,0x3aAa2bB57a0eFeA8F6f89423A923f7107c33471B,58676,0,-22.650514168923056
1790868770255,HYPE-20261030-100-C,option,HYPE,sell,1000.0,2.677520541664,88.25805840455513,88258.06,2677.52,0x8bECA95d65E94A20E54df095e78238425075F66e,71405,1,-2971.4329828401583
1790868929335,HYPE-20261030-100-C,option,HYPE,sell,1000.0,2.2946,87.96884454433167,87968.84,2294.6,0x8bECA95d65E94A20E54df095e78238425075F66e,71405,1,-3354.3535245041585
1790869141038,BTC-PERP,perp,BTC,sell,0.3678,83910.7,83924.39380656401,30862.36,0.0,0x3aAa2bB57a0eFeA8F6f89423A923f7107c33471B,58676,0,5.339161365581312
1790869197219,HYPE-20261030-100-C,option,HYPE,sell,1000.0,2.494150953414,88.0415086418734,88041.51,2494.15,0x8bECA95d65E94A20E54df095e78238425075F66e,71405,1,-3154.8025710901584
1790869301306,HYPE-20261030-100-C,option,HYPE,sell,1000.0,2.470482757502,88.06438333270873,88064.38,2470.48,0x8bECA95d65E94A20E54df095e78238425075F66e,71405,1,-3178.4707670021585
1790869415730,HYPE-20261030-100-C,option,HYPE,sell,1000.0,2.3081,88.02552906169791,88025.53,2308.1,0x8bECA95d65E94A20E54df095e78238425075F66e,71405,1,-3340.8535245041585
1790869783815,SOL-PERP,perp,SOL,sell,237.439,117.473,117.49983253945156,27892.67,0.0,0x978e3eb7997a9575cdE1799176829073d2876Fb9,7812,0,0.0
1790870667553,HYPE-20261225-70-P,option,HYPE,sell,5000.0,2.6575,87.72177171879868,438608.86,13287.5,0x5323F6E9Df2F3501Ef25eeAC6352140bDC19FB78,74233,1,0.0
1790870667553,HYPE-20261225-60-P,option,HYPE,buy,5000.0,1.1668,87.72177171879868,438608.86,5834.0,0x5323F6E9Df2F3501Ef25eeAC6352140bDC19FB78,74233,1,0.0
1790871304449,BTC-20261005-87000-P,option,BTC,sell,2.01907,2786.0,84276.37760706969,170159.91,5625.13,0xE1DC5576b36c78C75e6Abf2E1B121Db20A6069b7,51032,0,0.0
1790871469645,SOL-PERP,perp,SOL,buy,237.442,117.451,117.47394028507034,27887.8,0.0,0x978e3eb7997a9575cdE1799176829073d2876Fb9,7812,0,6.638426072491367
1790872951262,HYPE-20261225-70-P,option,HYPE,sell,5000.0,2.7786,86.8559030844485,434279.52,13893.0,0x5323F6E9Df2F3501Ef25eeAC6352140bDC19FB78,74233,1,0.0
1790872951262,HYPE-20261225-60-P,option,HYPE,buy,5000.0,1.2157,86.8559030844485,434279.52,6078.5,0x5323F6E9Df2F3501Ef25eeAC6352140bDC19FB78,74233,1,0.0
1790873700163,ETH-PERP,perp,ETH,sell,19.033,2679.35,2679.507157239415,50996.07,0.0,0x1432bc666deabbcaeD28511dF2E9299e6427c81D,64858,0,84.78480212903067
1790874205893,ETH-20270924-1400-C,option,ETH,buy,3.0,1423.7,2687.9128594571903,8063.74,4271.1,0xeed6802aD23972bA1E88cC052edfBAd3Ac2804BF,74302,1,0.0
1790874332507,ETH-20270924-1400-C,option,ETH,buy,5.0,1424.7,2688.3761101918844,13441.88,7123.5,0xeed6802aD23972bA1E88cC052edfBAd3Ac2804BF,74302,1,0.0
1790874411825,ETH-20270924-1400-C,option,ETH,buy,5.0,1431.1,2691.248227990152,13456.24,7155.5,0xeed6802aD23972bA1E88cC052edfBAd3Ac2804BF,74302,1,0.0
1790874460007,ETH-PERP,perp,ETH,sell,17.769,2688.33,2689.4718875855656,47768.94,0.0,0x1432bc666deabbcaeD28511dF2E9299e6427c81D,64858,0,238.66666215473504
1790874506518,ETH-20270625-1400-C,option,ETH,buy,5.0,1389.9,2688.614981429881,13443.07,6949.5,0xeed6802aD23972bA1E88cC052edfBAd3Ac2804BF,74302,1,0.0
1790874572583,ETH-20270625-1400-C,option,ETH,buy,5.0,1393.6,2686.560007637514,13432.8,6968.0,0xeed6802aD23972bA1E88cC052edfBAd3Ac2804BF,74302,1,0.0
1790874669748,ETH-20270924-1400-C,option,ETH,buy,5.0,1421.6,2686.3946500241996,13431.97,7108.0,0xeed6802aD23972bA1E88cC052edfBAd3Ac2804BF,74302,1,0.0
1790874724679,BTC-20261005-85000-P,option,BTC,buy,5.0,1223.0,84423.34843558278,422116.74,6115.0,0xE1DC5576b36c78C75e6Abf2E1B121Db20A6069b7,51032,0,0.0
1790874724679,BTC-20261004-84000-P,option,BTC,buy,5.0,583.0,84423.34843558278,422116.74,2915.0,0xE1DC5576b36c78C75e6Abf2E1B121Db20A6069b7,51032,0,0.0
1790874724679,BTC-20261004-88000-P,option,BTC,buy,3.5535,3687.0,84423.34843558278,299998.37,13101.75,0xE1DC5576b36c78C75e6Abf2E1B121Db20A6069b7,51032,0,0.0
1790874724679,BTC-20261009-86000-P,option,BTC,buy,5.0,2390.0,84423.34843558278,422116.74,11950.0,0xE1DC5576b36c78C75e6Abf2E1B121Db20A6069b7,51032,0,0.0
1790874724680,BTC-20261002-84500-C,option,BTC,sell,7.10711,250.0,84423.34843558278,600006.02,1776.78,0xE1DC5576b36c78C75e6Abf2E1B121Db20A6069b7,51032,0,8.453649773466259
1790874724680,BTC-20261004-85000-P,option,BTC,buy,5.0,1129.0,84423.34843558278,422116.74,5645.0,0xE1DC5576b36c78C75e6Abf2E1B121Db20A6069b7,51032,0,0.0
1790874724680,BTC-20261005-84000-P,option,BTC,buy,5.0,711.0,84423.34843558278,422116.74,3555.0,0xE1DC5576b36c78C75e6Abf2E1B121Db20A6069b7,51032,0,0.0
1790874816228,BTC-PERP,perp,BTC,sell,0.452,84406.8,84400.41894761419,38151.87,0.0,0x3aAa2bB57a0eFeA8F6f89423A923f7107c33471B,58676,0,221.95299871232194
1790874816228,BTC-PERP,perp,BTC,sell,0.6041,84406.8,84400.41894761419,50990.15,0.0,0x3aAa2bB57a0eFeA8F6f89423A923f7107c33471B,58676,0,296.6411648719329
1790875041523,BTC-PERP,perp,BTC,buy,0.3635,84594.7,84566.27993483319,30750.17,0.0,0x15efc06FEa57Bda3ceA94A53D5426E78ed4651F3,58000,0,0.0
1790875042039,BTC-PERP,perp,BTC,buy,1.9473,84594.7,84582.21016747989,164731.26,0.0,0x15efc06FEa57Bda3ceA94A53D5426E78ed4651F3,58000,0,0.0
1790875132464,BTC-20270924-50000-C,option,BTC,buy,0.3,38830.0,84629.84260456201,25388.95,11649.0,0x624B3a54EbCac879cAeddba4e2ac32B6F2DB6321,63914,1,0.0
1790875149297,HYPE-20261225-110-C,option,HYPE,buy,1000.0,4.337380915224,87.8226418985114,87822.64,4337.38,0x5323F6E9Df2F3501Ef25eeAC6352140bDC19FB78,74232,1,0.0
1790875158138,BTC-PERP,perp,BTC,sell,0.3,84631.3,84626.16991618239,25389.39,0.0,0x624B3a54EbCac879cAeddba4e2ac32B6F2DB6321,63914,0,0.0
1790875219781,BTC-20270924-50000-C,option,BTC,buy,0.3,38891.0,84701.07795744798,25410.32,11667.3,0x624B3a54EbCac879cAeddba4e2ac32B6F2DB6321,63914,1,0.0
1790875545340,SOL-PERP,perp,SOL,buy,235.553,118.387,118.38595189011262,27886.41,0.0,0x978e3eb7997a9575cdE1799176829073d2876Fb9,7812,0,-213.9242188300365
1790875555036,BTC-20261005-90000-C,option,BTC,sell,10.0,40.0,84751.82151072874,847518.22,400.0,0xa0B94c0A022179a4c1898A9A6e0CF5499F266a9c,70306,1,0.0
1790875555036,BTC-20261005-88000-C,option,BTC,buy,10.0,124.0,84751.82151072874,847518.22,1240.0,0xa0B94c0A022179a4c1898A9A6e0CF5499F266a9c,70306,1,0.0
1790875707929,ETH-20261005-2800-C,option,ETH,buy,100.0,10.8,2704.822841725394,270482.28,1080.0,0xa0B94c0A022179a4c1898A9A6e0CF5499F266a9c,70306,1,0.0
1790876145094,ETH-PERP,perp,ETH,sell,18.52,2701.32,2701.677641566822,50028.45,0.0,0x1432bc666deabbcaeD28511dF2E9299e6427c81D,64858,0,489.26080232796454
1790876146693,BTC-20261030-102000-C,option,BTC,buy,5.0,213.0,84800.35499740334,424001.77,1065.0,0xE1DC5576b36c78C75e6Abf2E1B121Db20A6069b7,51032,0,0.0
1790876156842,BTC-PERP,perp,BTC,sell,0.3537,84796.6,84782.70556975428,29992.56,0.0,0x15efc06FEa57Bda3ceA94A53D5426E78ed4651F3,58000,0,153.27740820120624
1790876156886,BTC-PERP,perp,BTC,sell,0.363,84791.1,84782.70556975428,30779.17,0.0,0x15efc06FEa57Bda3ceA94A53D5426E78ed4651F3,58000,0,155.31110298851533
1790876173612,ZEC-20261030-1600-P,option,ZEC,sell,100.0,344.435321166983,1360.9372876618866,136093.73,34443.53,0xd31e98a1B58453960b4376D54547E5Be507b450B,67686,1,12547.532498517163
1790876173612,ZEC-20261030-1200-P,option,ZEC,buy,100.0,116.965744817727,1360.9372876618866,136093.73,11696.57,0xd31e98a1B58453960b4376D54547E5Be507b450B,67686,1,-6399.412248377775
1790876424238,ETH-PERP,perp,ETH,sell,11.369,2705.0,2704.6280054893764,30753.15,0.0,0x3aAa2bB57a0eFeA8F6f89423A923f7107c33471B,58111,0,97.86094453840104
1790876545433,BTC-PERP,perp,BTC,sell,0.3562,84997.7,84990.3485475766,30276.18,0.0,0x15efc06FEa57Bda3ceA94A53D5426E78ed4651F3,58000,0,225.98151953241438
1790876545484,BTC-PERP,perp,BTC,sell,0.3621,84997.7,84990.3485475766,30777.67,0.0,0x15efc06FEa57Bda3ceA94A53D5426E78ed4651F3,58000,0,229.72461600979014
1790876545515,BTC-PERP,perp,BTC,sell,3.7897,84997.7,84990.3485475766,322115.78,0.0,0x15efc06FEa57Bda3ceA94A53D5426E78ed4651F3,58000,0,1903.4153125961136
1790876764254,BTC-PERP,perp,BTC,sell,0.3528,85007.1,84996.78855381356,29990.5,0.0,0x15efc06FEa57Bda3ceA94A53D5426E78ed4651F3,58000,0,0.0
1790876764298,BTC-PERP,perp,BTC,sell,0.3221,85003.4,84996.78855381356,27379.6,0.0,0x15efc06FEa57Bda3ceA94A53D5426E78ed4651F3,58000,0,0.0
1790876949653,ETH-PERP,perp,ETH,sell,16.984,2705.39,2705.6534300790454,45948.34,0.0,0x1432bc666deabbcaeD28511dF2E9299e6427c81D,64858,0,517.7874231421862
1790876986255,ETH-20270924-5000-C,option,ETH,sell,40.0,152.4,2704.3070495338516,108172.28,6096.0,0x558077d8D5c007C37a86FA4e2634807E55b6E37f,65721,1,0.0
1790876986255,ETH-20270625-2000-P,option,ETH,buy,20.0,167.5,2704.3070495338516,54086.14,3350.0,0x558077d8D5c007C37a86FA4e2634807E55b6E37f,65721,1,0.0
1790877604864,ZEC-PERP,perp,ZEC,sell,21.29,1356.638,1356.3611839752134,28882.82,0.0,0x978e3eb7997a9575cdE1799176829073d2876Fb9,7812,0,-1110.6376666694462
1790877719739,BTC-PERP,perp,BTC,buy,0.3628,84767.4,84764.03690898464,30753.61,0.0,0x15efc06FEa57Bda3ceA94A53D5426E78ed4651F3,58000,0,71.86714817786846
1790877719918,BTC-PERP,perp,BTC,buy,0.3628,84767.4,84764.03690898464,30753.61,0.0,0x15efc06FEa57Bda3ceA94A53D5426E78ed4651F3,58000,0,71.86714817786846
1790877783011,ZEC-PERP,perp,ZEC,sell,21.02,1351.565,1350.9814775329587,28409.9,0.0,0x978e3eb7997a9575cdE1799176829073d2876Fb9,7812,0,-1203.1700460895688
1790879108014,BTC-20261030-74000-P,option,BTC,buy,3.0,501.0,84841.4617621408,254524.39,1503.0,0xd646D9fF68953690388141a1a6C69F282F965574,74304,0,0.0
1790879278936,BTC-PERP,perp,BTC,sell,0.3405,84820.7,84823.65414521065,28881.45,0.0,0x978e3eb7997a9575cdE1799176829073d2876Fb9,7812,0,192.60097432337923
1790879506400,ETH-20270924-5000-C,option,ETH,sell,40.0,152.0,2699.8097513986067,107992.39,6080.0,0x558077d8D5c007C37a86FA4e2634807E55b6E37f,65721,1,0.0
1790879506400,ETH-20270625-2000-P,option,ETH,buy,20.0,168.2,2699.8097513986067,53996.2,3364.0,0x558077d8D5c007C37a86FA4e2634807E55b6E37f,65721,1,0.0
1790879712344,BTC-PERP,perp,BTC,sell,0.3623,84998.8,84913.92935917356,30795.07,0.0,0x15efc06FEa57Bda3ceA94A53D5426E78ed4651F3,58000,0,0.0
1790879772217,ETH-PERP,perp,ETH,buy,18.847,2706.36,2707.5371649352483,51006.77,0.0,0x3aAa2bB57a0eFeA8F6f89423A923f7107c33471B,58111,0,0.0
1790879848346,ETH-PERP,perp,ETH,sell,17.782,2704.55,2705.2984346148924,48092.31,0.0,0x1432bc666deabbcaeD28511dF2E9299e6427c81D,64858,0,527.1808850679384
1790879908408,ETH-20261016-3300-C,option,ETH,sell,5000.0,3.774754027514,2707.0736388333426,13535368.19,18873.77,0x96B97d96AC85373307294E05DFd9D548E3BBa701,61291,1,0.0
1790879908408,ETH-20261016-3000-C,option,ETH,buy,5000.0,20.896682181527,2707.0736388333426,13535368.19,104483.41,0x96B97d96AC85373307294E05DFd9D548E3BBa701,61291,1,0.0
1790879911230,ETH-PERP,perp,ETH,buy,16.313,2708.49,2708.4125721387963,44183.6,0.0,0x3aAa2bB57a0eFeA8F6f89423A923f7107c33471B,58111,0,0.0
1790879911230,ETH-PERP,perp,ETH,buy,18.833,2707.9,2708.4125721387963,50997.88,0.0,0x3aAa2bB57a0eFeA8F6f89423A923f7107c33471B,58111,0,0.0
1790879914089,ETH-PERP,perp,ETH,buy,36.918,2708.46,2708.4125721387963,99990.93,0.0,0x3aAa2bB57a0eFeA8F6f89423A923f7107c33471B,58111,0,0.0
1790879917458,ETH-PERP,perp,ETH,buy,15.718,2709.39,2708.64532267823,42586.19,0.0,0x3aAa2bB57a0eFeA8F6f89423A923f7107c33471B,58111,0,0.0
1790879917458,ETH-PERP,perp,ETH,buy,18.824,2708.97,2708.64532267823,50993.65,0.0,0x3aAa2bB57a0eFeA8F6f89423A923f7107c33471B,58111,0,0.0
1790879920288,ETH-PERP,perp,ETH,buy,16.976,2709.45,2708.64532267823,45995.62,0.0,0x3aAa2bB57a0eFeA8F6f89423A923f7107c33471B,58111,0,0.0
1790879920288,ETH-PERP,perp,ETH,buy,18.824,2709.14,2708.64532267823,50996.85,0.0,0x3aAa2bB57a0eFeA8F6f89423A923f7107c33471B,58111,0,0.0
1790879923393,ETH-PERP,perp,ETH,buy,16.039,2709.48,2709.36247356584,43457.35,0.0,0x3aAa2bB57a0eFeA8F6f89423A923f7107c33471B,58111,0,0.0
1790879923393,ETH-PERP,perp,ETH,buy,20.5,2709.35,2709.36247356584,55541.67,0.0,0x3aAa2bB57a0eFeA8F6f89423A923f7107c33471B,58111,0,0.0
1790879926056,ETH-PERP,perp,ETH,buy,18.82,2710.09,2709.394133002216,51003.89,0.0,0x3aAa2bB57a0eFeA8F6f89423A923f7107c33471B,58111,0,0.0
1790879929180,ETH-PERP,perp,ETH,buy,10.102,2711.55,2709.394133002216,27392.08,0.0,0x3aAa2bB57a0eFeA8F6f89423A923f7107c33471B,58111,0,0.0
1790879929180,ETH-PERP,perp,ETH,buy,18.81,2711.17,2709.394133002216,50997.11,0.0,0x3aAa2bB57a0eFeA8F6f89423A923f7107c33471B,58111,0,0.0
1790879931348,ETH-PERP,perp,ETH,buy,18.811,2711.24,2710.8205720199353,51001.14,0.0,0x3aAa2bB57a0eFeA8F6f89423A923f7107c33471B,58111,0,0.0
1790879934639,BTC-PERP,perp,BTC,buy,0.5985,85221.7,85180.33001646776,51005.19,0.0,0x15efc06FEa57Bda3ceA94A53D5426E78ed4651F3,58000,0,-170.33471936003437
1790879934639,BTC-PERP,perp,BTC,buy,0.5985,85220.9,85180.33001646776,51004.71,0.0,0x15efc06FEa57Bda3ceA94A53D5426E78ed4651F3,58000,0,-169.85591936003436
1790879935259,ETH-PERP,perp,ETH,buy,18.795,2713.66,2710.8205720199353,51003.24,0.0,0x3aAa2bB57a0eFeA8F6f89423A923f7107c33471B,58111,0,0.0
1790879939128,ETH-PERP,perp,ETH,buy,16.556,2713.9,2711.419764414243,44931.33,0.0,0x3aAa2bB57a0eFeA8F6f89423A923f7107c33471B,58111,0,0.0
1790879939128,ETH-PERP,perp,ETH,buy,20.3,2713.7,2711.419764414243,55088.11,0.0,0x3aAa2bB57a0eFeA8F6f89423A923f7107c33471B,58111,0,0.0
1790879943291,ETH-PERP,perp,ETH,buy,18.798,2713.27,2713.085373152361,51004.05,0.0,0x3aAa2bB57a0eFeA8F6f89423A923f7107c33471B,58111,0,0.0
1790879945969,ETH-PERP,perp,ETH,buy,18.792,2713.32,2713.085373152361,50988.71,0.0,0x3aAa2bB57a0eFeA8F6f89423A923f7107c33471B,58111,0,0.0
1790879948556,ETH-PERP,perp,ETH,buy,11.447,2714.05,2712.405319363611,31067.73,0.0,0x3aAa2bB57a0eFeA8F6f89423A923f7107c33471B,58111,0,0.0
1790879948556,ETH-PERP,perp,ETH,buy,20.3,2713.88,2712.405319363611,55091.76,0.0,0x3aAa2bB57a0eFeA8F6f89423A923f7107c33471B,58111,0,0.0
1790879951986,ETH-PERP,perp,ETH,buy,20.3,2712.81,2712.960670768991,55070.04,0.0,0x3aAa2bB57a0eFeA8F6f89423A923f7107c33471B,58111,0,0.0
1790880381796,ETH-PERP,perp,ETH,sell,19.737,2705.29,2705.2839587198414,53394.31,0.0,0x1432bc666deabbcaeD28511dF2E9299e6427c81D,64858,0,599.7460083173106
1790880406611,ETH-PERP,perp,ETH,sell,17.782,2704.96,2704.564147177268,48099.6,0.0,0x1432bc666deabbcaeD28511dF2E9299e6427c81D,64858,0,534.4754221977032
1790880524488,BTC-20261030-74000-P,option,BTC,buy,3.5,507.0,84786.03034437828,296751.11,1774.5,0xd646D9fF68953690388141a1a6C69F282F965574,74304,0,0.0
1790880540129,BTC-PERP,perp,BTC,sell,0.3215,84728.6,84736.0920984975,27240.24,0.0,0x15efc06FEa57Bda3ceA94A53D5426E78ed4651F3,58000,0,0.0
1790880568016,ETH-PERP,perp,ETH,sell,16.519,2700.1,2699.7950478101316,44602.95,0.0,0x1432bc666deabbcaeD28511dF2E9299e6427c81D,64858,0,416.2545941517184
1790880582681,ETH-PERP,perp,ETH,sell,18.519,2699.25,2699.5808266659606,49987.41,0.0,0x1432bc666deabbcaeD28511dF2E9299e6427c81D,64858,0,450.91170363262114
1790880753916,ETH-PERP,perp,ETH,sell,17.406,2697.1,2697.186292925958,46945.72,0.0,0x1432bc666deabbcaeD28511dF2E9299e6427c81D,64858,0,386.4013167969328
1790880921204,HYPE-20261009-97_5-C,option,HYPE,sell,50000.0,0.626380280172035,87.81038905963851,4390519.45,31319.01,0x96B97d96AC85373307294E05DFd9D548E3BBa701,61290,1,0.0
1790880921204,HYPE-20261009-92_5-C,option,HYPE,buy,50000.0,1.8563802801720348,87.81038905963851,4390519.45,92819.01,0x96B97d96AC85373307294E05DFd9D548E3BBa701,61290,1,0.0
1790880955240,BTC-20261009-90000-C,option,BTC,buy,2.0,264.0,84736.67391966406,169473.35,528.0,0xB80efabF261F1FA31b0afD96f55246A7e0825b93,73816,0,0.0
1790881215152,HYPE-PERP,perp,HYPE,sell,1242.26,87.93,87.85055342087925,109231.92,0.0,0x15efc06FEa57Bda3ceA94A53D5426E78ed4651F3,58000,0,0.0
1790881461477,BTC-20261009-90000-C,option,BTC,sell,250.0,240.13866110669576,84766.02032075712,21191505.08,60034.67,0x96B97d96AC85373307294E05DFd9D548E3BBa701,61266,1,0.0
1790881461477,BTC-20261009-87000-C,option,BTC,buy,250.0,820.1386611066957,84766.02032075712,21191505.08,205034.67,0x96B97d96AC85373307294E05DFd9D548E3BBa701,61266,1,0.0
1790881962312,HYPE-PERP,perp,HYPE,sell,1178.71,87.88,87.80181639665142,103585.03,0.0,0x15efc06FEa57Bda3ceA94A53D5426E78ed4651F3,58000,0,0.0
1790882283834,ZEC-PERP,perp,ZEC,sell,21.86,1321.794,1322.1418096089778,28894.42,0.0,0x978e3eb7997a9575cdE1799176829073d2876Fb9,7812,0,-1901.9505512235478
1790882722928,BTC-PERP,perp,BTC,buy,0.3636,84582.2,84595.33159437573,30754.09,0.0,0x15efc06FEa57Bda3ceA94A53D5426E78ed4651F3,58000,0,71.76063268288014
1790882723351,BTC-PERP,perp,BTC,buy,0.3636,84582.2,84595.33159437573,30754.09,0.0,0x15efc06FEa57Bda3ceA94A53D5426E78ed4651F3,58000,0,29.519355969137468
1790884710131,ETH-PERP,perp,ETH,buy,9.629,2696.78,2697.400445400099,25967.29,0.0,0xD1277d5fc6f804b796CDCf5926E35117e454bF38,62911,0,0.0
1790885078800,ETH-20261002-2675-P,option,ETH,sell,52.8,3.0,2704.171097924414,142780.23,158.4,0xE1DC5576b36c78C75e6Abf2E1B121Db20A6069b7,51031,0,-890.8013402762978
1790885905255,ETH-20261030-3300-C,option,ETH,buy,40.65,19.2,2701.482564495742,109815.27,780.48,0xA58fCa06dA34c9B3b30Ad3BF2E33152142a39F98,67937,0,0.0
1790887371903,ETH-20261030-3500-C,option,ETH,sell,70.0,7.487359141594,2696.039263842843,188722.75,524.12,0x0cb3c66fe9E0b37e619B6b620B4583Db5038DDd3,71343,1,0.0
1790887371903,ETH-20261030-2800-C,option,ETH,buy,70.0,103.708381905133,2696.039263842843,188722.75,7259.59,0x0cb3c66fe9E0b37e619B6b620B4583Db5038DDd3,71343,1,0.0
1790888947942,BTC-20261016-95000-C,option,BTC,sell,4.0,174.2754,84613.22059793632,338452.88,697.1,0x11a945E87EF48FDeF594fA4d70f7F16265fC39Cf,71613,1,0.0
1790888947942,BTC-20261016-88000-C,option,BTC,buy,4.0,1050.2696,84613.22059793632,338452.88,4201.08,0x11a945E87EF48FDeF594fA4d70f7F16265fC39Cf,71613,1,0.0
1790889021508,BTC-20261009-92000-C,option,BTC,sell,3.0,108.0,84601.39320613707,253804.18,324.0,0x11a945E87EF48FDeF594fA4d70f7F16265fC39Cf,71613,1,0.0
1790889021508,BTC-20261009-88000-C,option,BTC,buy,3.0,468.0,84601.39320613707,253804.18,1404.0,0x11a945E87EF48FDeF594fA4d70f7F16265fC39Cf,71613,1,0.0
1790890130849,BTC-20261030-75000-P,option,BTC,buy,2.0,605.7697,84568.09445147318,169136.19,1211.54,0x9106961Fe8b3502E1d17D0635ca064AeA9d59f9F,74336,1,0.0
1790890130849,BTC-20261030-70000-P,option,BTC,sell,2.0,293.4048,84568.09445147318,169136.19,586.81,0x9106961Fe8b3502E1d17D0635ca064AeA9d59f9F,74336,1,0.0
1790890359629,BTC-PERP,perp,BTC,buy,0.3638,84538.4,84541.97671037691,30755.07,0.0,0x15efc06FEa57Bda3ceA94A53D5426E78ed4651F3,58000,0,0.0
1790890833511,SOL-PERP,perp,SOL,buy,237.494,117.427,117.466909934336,27888.21,0.0,0x978e3eb7997a9575cdE1799176829073d2876Fb9,7812,0,12.339986343366373
1790891062879,ETH-20261030-3500-C,option,ETH,sell,80.0,8.533528026646,2689.5309870247115,215162.48,682.68,0x0cb3c66fe9E0b37e619B6b620B4583Db5038DDd3,71343,1,0.0
1790891062879,ETH-20261030-2850-C,option,ETH,buy,80.0,85.332159920543,2689.5309870247115,215162.48,6826.57,0x0cb3c66fe9E0b37e619B6b620B4583Db5038DDd3,71343,1,0.0
1790891387794,BTC-20261003-86000-C,option,BTC,sell,3.0,176.0,84529.8481530517,253589.54,528.0,0xafbAFB6e4cb5268dF843542012FEe9d3B9345A34,71372,1,0.0
1790891387794,BTC-20261003-85000-C,option,BTC,buy,3.0,454.0,84529.8481530517,253589.54,1362.0,0xafbAFB6e4cb5268dF843542012FEe9d3B9345A34,71372,1,0.0
1790891510491,HYPE-20261009-82_5-P,option,HYPE,buy,5000.0,1.2,86.60617233823326,433030.86,6000.0,0xfE6e3099dc514A63bd2Fe79BD3d9e8a653bBAF06,65015,0,0.0
1790893481602,HYPE-20261009-85-P,option,HYPE,buy,1300.0,2.386894289987341,87.1584244943041,113305.95,3102.96,0x0CB07cE2381904f31C983538F8379d6CBDeC37a1,67211,1,0.0
1790893481602,HYPE-20261009-75-P,option,HYPE,sell,1300.0,0.3468942899873422,87.1584244943041,113305.95,450.96,0x0CB07cE2381904f31C983538F8379d6CBDeC37a1,67211,1,0.0
1790894720511,ZEC-20261016-1400-C,option,ZEC,buy,150.0,107.2661,1329.2188907642872,199382.83,16089.91,0x0CB07cE2381904f31C983538F8379d6CBDeC37a1,67211,1,0.0
1790894720511,ZEC-20261016-1250-C,option,ZEC,sell,150.0,167.8,1329.2188907642872,199382.83,25170.0,0x0CB07cE2381904f31C983538F8379d6CBDeC37a1,67211,1,0.0
1790895008948,ETH-20261225-2800-P,option,ETH,sell,10.0,308.14799737113,2698.344595649638,26983.45,3081.48,0xB6a9d9bA2bE983F1ef5beD7C04ee78E0515dd693,69183,1,0.0
1790895008948,ETH-20261225-2800-C,option,ETH,buy,10.0,236.212582528308,2698.344595649638,26983.45,2362.13,0xB6a9d9bA2bE983F1ef5beD7C04ee78E0515dd693,69183,1,0.0
1790895126985,ETH-20261225-2800-P,option,ETH,sell,10.0,308.778159103146,2697.2032380657593,26972.03,3087.78,0xB6a9d9bA2bE983F1ef5beD7C04ee78E0515dd693,69183,1,0.0
1790895126985,ETH-20261225-2800-C,option,ETH,buy,10.0,235.470473266569,2697.2032380657593,26972.03,2354.7,0xB6a9d9bA2bE983F1ef5beD7C04ee78E0515dd693,69183,1,0.0
1790895205601,ETH-20261225-2800-P,option,ETH,sell,10.0,306.769467164671,2700.7985902063947,27007.99,3067.69,0xB6a9d9bA2bE983F1ef5beD7C04ee78E0515dd693,69183,1,0.0
1790895205601,ETH-20261225-2800-C,option,ETH,buy,10.0,236.990942829559,2700.7985902063947,27007.99,2369.91,0xB6a9d9bA2bE983F1ef5beD7C04ee78E0515dd693,69183,1,0.0
1790895218101,ETH-PERP,perp,ETH,sell,10.0,2698.94,2700.9716271959105,26989.4,0.0,0xB6a9d9bA2bE983F1ef5beD7C04ee78E0515dd693,69183,0,0.0
1790896151011,BTC-20261016-95000-C,option,BTC,sell,25.0,165.9583,84659.33288679576,2116483.32,4148.96,0x5F8e406Ff621e5409E2228BFfa18D1d4529CF31E,72003,1,0.0
1790896151011,BTC-20261016-92000-C,option,BTC,buy,25.0,365.1038,84659.33288679576,2116483.32,9127.59,0x5F8e406Ff621e5409E2228BFfa18D1d4529CF31E,72003,1,0.0
1790896819328,HYPE-20261225-70-P,option,HYPE,sell,5000.0,2.7024,87.38904227170077,436945.21,13512.0,0x5323F6E9Df2F3501Ef25eeAC6352140bDC19FB78,74233,1,0.0
1790896819328,HYPE-20261225-60-P,option,HYPE,buy,5000.0,1.1824,87.38904227170077,436945.21,5912.0,0x5323F6E9Df2F3501Ef25eeAC6352140bDC19FB78,74233,1,0.0
1790896839413,BTC-PERP,perp,BTC,sell,0.3632,84724.8,84723.65163597869,30772.05,0.0,0x15efc06FEa57Bda3ceA94A53D5426E78ed4651F3,58000,0,24.272653781555306
1790898076807,HYPE-20261225-110-C,option,HYPE,buy,1000.0,4.254808474883,87.58918118276515,87589.18,4254.81,0x5323F6E9Df2F3501Ef25eeAC6352140bDC19FB78,74232,1,0.0
1790898170363,HYPE-20261225-110-C,option,HYPE,buy,500.0,4.268635797667,87.57988403226452,43789.94,2134.32,0x5323F6E9Df2F3501Ef25eeAC6352140bDC19FB78,74232,1,0.0
1790898209189,HYPE-20261225-110-C,option,HYPE,buy,500.0,4.277805381648,87.58910502061653,43794.55,2138.9,0x5323F6E9Df2F3501Ef25eeAC6352140bDC19FB78,74232,1,0.0
1790898399210,BTC-20270326-60000-P,option,BTC,buy,2.19494,1239.0,84768.28857909761,186061.31,2719.53,0x16Dad23BF54633dEc313716B21d1D0AFECbc82B1,74345,0,0.0
1790899095162,HYPE-20261030-110-C,option,HYPE,sell,1500.0,0.9921,87.64214634377194,131463.22,1488.15,0x5323F6E9Df2F3501Ef25eeAC6352140bDC19FB78,74233,1,0.0
